tema,indicador,anio,sexo,disc,entidad,rango_edad,num,den,casos,ee,fuente,universo,encuesta
trabajo,Población ocupada,2020,Hombres,Con discapacidad,Aguascalientes,18-29,2065.0,3461.0,208.0,,"Censo de Población y Vivienda, cuestionario ampliado (INEGI)",Personas de 18 años o más,censo
trabajo,Población ocupada,2020,Hombres,Con discapacidad,Aguascalientes,30-44,3323.0,5243.0,322.0,,"Censo de Población y Vivienda, cuestionario ampliado (INEGI)",Personas de 18 años o más,censo
trabajo,Población ocupada,2020,Hombres,Con discapacidad,Aguascalientes,45-59,4189.0,6333.0,459.0,,"Censo de Población y Vivienda, cuestionario ampliado (INEGI)",Personas de 18 años o más,censo
trabajo,Población ocupada,2020,Hombres,Con discapacidad,Aguascalientes,60+,3150.0,13270.0,995.0,,"Censo de Población y Vivienda, cuestionario ampliado (INEGI)",Personas de 18 años o más,censo
trabajo,Población ocupada,2020,Hombres,Con discapacidad,Baja California,18-29,3777.0,8010.0,170.0,,"Censo de Población y Vivienda, cuestionario ampliado (INEGI)",Personas de 18 años o más,censo
trabajo,Población ocupada,2020,Hombres,Con discapacidad,Baja California,30-44,6064.0,9875.0,205.0,,"Censo de Población y Vivienda, cuestionario ampliado (INEGI)",Personas de 18 años o más,censo
trabajo,Población ocupada,2020,Hombres,Con discapacidad,Baja California,45-59,9547.0,15222.0,352.0,,"Censo de Población y Vivienda, cuestionario ampliado (INEGI)",Personas de 18 años o más,censo
trabajo,Población ocupada,2020,Hombres,Con discapacidad,Baja California,60+,6468.0,29937.0,653.0,,"Censo de Población y Vivienda, cuestionario ampliado (INEGI)",Personas de 18 años o más,censo
trabajo,Población ocupada,2020,Hombres,Con discapacidad,Baja California Sur,18-29,639.0,1233.0,71.0,,"Censo de Población y Vivienda, cuestionario ampliado (INEGI)",Personas de 18 años o más,censo
trabajo,Población ocupada,2020,Hombres,Con discapacidad,Baja California Sur,30-44,1307.0,1996.0,121.0,,"Censo de Población y Vivienda, cuestionario ampliado (INEGI)",Personas de 18 años o más,censo
trabajo,Población ocupada,2020,Hombres,Con discapacidad,Baja California Sur,45-59,2086.0,3105.0,190.0,,"Censo de Población y Vivienda, cuestionario ampliado (INEGI)",Personas de 18 años o más,censo
trabajo,Población ocupada,2020,Hombres,Con discapacidad,Baja California Sur,60+,1606.0,6334.0,415.0,,"Censo de Población y Vivienda, cuestionario ampliado (INEGI)",Personas de 18 años o más,censo
trabajo,Población ocupada,2020,Hombres,Con discapacidad,Campeche,18-29,926.0,2019.0,169.0,,"Censo de Población y Vivienda, cuestionario ampliado (INEGI)",Personas de 18 años o más,censo
trabajo,Población ocupada,2020,Hombres,Con discapacidad,Campeche,30-44,1432.0,2332.0,231.0,,"Censo de Población y Vivienda, cuestionario ampliado (INEGI)",Personas de 18 años o más,censo
trabajo,Población ocupada,2020,Hombres,Con discapacidad,Campeche,45-59,2915.0,4824.0,419.0,,"Censo de Población y Vivienda, cuestionario ampliado (INEGI)",Personas de 18 años o más,censo
trabajo,Población ocupada,2020,Hombres,Con discapacidad,Campeche,60+,3646.0,11431.0,1095.0,,"Censo de Población y Vivienda, cuestionario ampliado (INEGI)",Personas de 18 años o más,censo
trabajo,Población ocupada,2020,Hombres,Con discapacidad,Chiapas,18-29,3107.0,8941.0,1932.0,,"Censo de Población y Vivienda, cuestionario ampliado (INEGI)",Personas de 18 años o más,censo
trabajo,Población ocupada,2020,Hombres,Con discapacidad,Chiapas,30-44,6161.0,11129.0,2363.0,,"Censo de Población y Vivienda, cuestionario ampliado (INEGI)",Personas de 18 años o más,censo
trabajo,Población ocupada,2020,Hombres,Con discapacidad,Chiapas,45-59,10511.0,17635.0,3449.0,,"Censo de Población y Vivienda, cuestionario ampliado (INEGI)",Personas de 18 años o más,censo
trabajo,Población ocupada,2020,Hombres,Con discapacidad,Chiapas,60+,15054.0,49681.0,10325.0,,"Censo de Población y Vivienda, cuestionario ampliado (INEGI)",Personas de 18 años o más,censo
trabajo,Población ocupada,2020,Hombres,Con discapacidad,Chihuahua,18-29,2312.0,6278.0,476.0,,"Censo de Población y Vivienda, cuestionario ampliado (INEGI)",Personas de 18 años o más,censo
trabajo,Población ocupada,2020,Hombres,Con discapacidad,Chihuahua,30-44,4128.0,7379.0,701.0,,"Censo de Población y Vivienda, cuestionario ampliado (INEGI)",Personas de 18 años o más,censo
trabajo,Población ocupada,2020,Hombres,Con discapacidad,Chihuahua,45-59,8960.0,15419.0,1353.0,,"Censo de Población y Vivienda, cuestionario ampliado (INEGI)",Personas de 18 años o más,censo
trabajo,Población ocupada,2020,Hombres,Con discapacidad,Chihuahua,60+,6688.0,32345.0,4275.0,,"Censo de Población y Vivienda, cuestionario ampliado (INEGI)",Personas de 18 años o más,censo
trabajo,Población ocupada,2020,Hombres,Con discapacidad,Ciudad de México,18-29,8075.0,18269.0,546.0,,"Censo de Población y Vivienda, cuestionario ampliado (INEGI)",Personas de 18 años o más,censo
trabajo,Población ocupada,2020,Hombres,Con discapacidad,Ciudad de México,30-44,14408.0,22825.0,718.0,,"Censo de Población y Vivienda, cuestionario ampliado (INEGI)",Personas de 18 años o más,censo
trabajo,Población ocupada,2020,Hombres,Con discapacidad,Ciudad de México,45-59,27164.0,41893.0,1277.0,,"Censo de Población y Vivienda, cuestionario ampliado (INEGI)",Personas de 18 años o más,censo
trabajo,Población ocupada,2020,Hombres,Con discapacidad,Ciudad de México,60+,26243.0,103507.0,2978.0,,"Censo de Población y Vivienda, cuestionario ampliado (INEGI)",Personas de 18 años o más,censo
trabajo,Población ocupada,2020,Hombres,Con discapacidad,Coahuila,18-29,1751.0,4932.0,370.0,,"Censo de Población y Vivienda, cuestionario ampliado (INEGI)",Personas de 18 años o más,censo
trabajo,Población ocupada,2020,Hombres,Con discapacidad,Coahuila,30-44,4618.0,7443.0,585.0,,"Censo de Población y Vivienda, cuestionario ampliado (INEGI)",Personas de 18 años o más,censo
trabajo,Población ocupada,2020,Hombres,Con discapacidad,Coahuila,45-59,6514.0,12133.0,1061.0,,"Censo de Población y Vivienda, cuestionario ampliado (INEGI)",Personas de 18 años o más,censo
trabajo,Población ocupada,2020,Hombres,Con discapacidad,Coahuila,60+,4470.0,27202.0,2561.0,,"Censo de Población y Vivienda, cuestionario ampliado (INEGI)",Personas de 18 años o más,censo
trabajo,Población ocupada,2020,Hombres,Con discapacidad,Colima,18-29,432.0,1195.0,120.0,,"Censo de Población y Vivienda, cuestionario ampliado (INEGI)",Personas de 18 años o más,censo
trabajo,Población ocupada,2020,Hombres,Con discapacidad,Colima,30-44,1197.0,2026.0,193.0,,"Censo de Población y Vivienda, cuestionario ampliado (INEGI)",Personas de 18 años o más,censo
trabajo,Población ocupada,2020,Hombres,Con discapacidad,Colima,45-59,1856.0,3275.0,311.0,,"Censo de Población y Vivienda, cuestionario ampliado (INEGI)",Personas de 18 años o más,censo
trabajo,Población ocupada,2020,Hombres,Con discapacidad,Colima,60+,1863.0,8441.0,868.0,,"Censo de Población y Vivienda, cuestionario ampliado (INEGI)",Personas de 18 años o más,censo
trabajo,Población ocupada,2020,Hombres,Con discapacidad,Durango,18-29,1760.0,4147.0,524.0,,"Censo de Población y Vivienda, cuestionario ampliado (INEGI)",Personas de 18 años o más,censo
trabajo,Población ocupada,2020,Hombres,Con discapacidad,Durango,30-44,3034.0,5311.0,742.0,,"Censo de Población y Vivienda, cuestionario ampliado (INEGI)",Personas de 18 años o más,censo
trabajo,Población ocupada,2020,Hombres,Con discapacidad,Durango,45-59,4342.0,7987.0,1176.0,,"Censo de Población y Vivienda, cuestionario ampliado (INEGI)",Personas de 18 años o más,censo
trabajo,Población ocupada,2020,Hombres,Con discapacidad,Durango,60+,4023.0,21066.0,3661.0,,"Censo de Población y Vivienda, cuestionario ampliado (INEGI)",Personas de 18 años o más,censo
trabajo,Población ocupada,2020,Hombres,Con discapacidad,Guanajuato,18-29,6193.0,12356.0,826.0,,"Censo de Población y Vivienda, cuestionario ampliado (INEGI)",Personas de 18 años o más,censo
trabajo,Población ocupada,2020,Hombres,Con discapacidad,Guanajuato,30-44,10087.0,16482.0,1015.0,,"Censo de Población y Vivienda, cuestionario ampliado (INEGI)",Personas de 18 años o más,censo
trabajo,Población ocupada,2020,Hombres,Con discapacidad,Guanajuato,45-59,14233.0,23789.0,1548.0,,"Censo de Población y Vivienda, cuestionario ampliado (INEGI)",Personas de 18 años o más,censo
trabajo,Población ocupada,2020,Hombres,Con discapacidad,Guanajuato,60+,13630.0,58791.0,4565.0,,"Censo de Población y Vivienda, cuestionario ampliado (INEGI)",Personas de 18 años o más,censo
trabajo,Población ocupada,2020,Hombres,Con discapacidad,Guerrero,18-29,2541.0,7064.0,1659.0,,"Censo de Población y Vivienda, cuestionario ampliado (INEGI)",Personas de 18 años o más,censo
trabajo,Población ocupada,2020,Hombres,Con discapacidad,Guerrero,30-44,5939.0,10808.0,2135.0,,"Censo de Población y Vivienda, cuestionario ampliado (INEGI)",Personas de 18 años o más,censo
trabajo,Población ocupada,2020,Hombres,Con discapacidad,Guerrero,45-59,9921.0,17388.0,3329.0,,"Censo de Población y Vivienda, cuestionario ampliado (INEGI)",Personas de 18 años o más,censo
trabajo,Población ocupada,2020,Hombres,Con discapacidad,Guerrero,60+,12538.0,50415.0,10636.0,,"Censo de Población y Vivienda, cuestionario ampliado (INEGI)",Personas de 18 años o más,censo
trabajo,Población ocupada,2020,Hombres,Con discapacidad,Hidalgo,18-29,2791.0,6424.0,997.0,,"Censo de Población y Vivienda, cuestionario ampliado (INEGI)",Personas de 18 años o más,censo
trabajo,Población ocupada,2020,Hombres,Con discapacidad,Hidalgo,30-44,4614.0,7747.0,1367.0,,"Censo de Población y Vivienda, cuestionario ampliado (INEGI)",Personas de 18 años o más,censo
trabajo,Población ocupada,2020,Hombres,Con discapacidad,Hidalgo,45-59,8362.0,13990.0,2301.0,,"Censo de Población y Vivienda, cuestionario ampliado (INEGI)",Personas de 18 años o más,censo
trabajo,Población ocupada,2020,Hombres,Con discapacidad,Hidalgo,60+,9338.0,36669.0,7062.0,,"Censo de Población y Vivienda, cuestionario ampliado (INEGI)",Personas de 18 años o más,censo
trabajo,Población ocupada,2020,Hombres,Con discapacidad,Jalisco,18-29,6221.0,13492.0,1445.0,,"Censo de Población y Vivienda, cuestionario ampliado (INEGI)",Personas de 18 años o más,censo
trabajo,Población ocupada,2020,Hombres,Con discapacidad,Jalisco,30-44,12682.0,20557.0,2042.0,,"Censo de Población y Vivienda, cuestionario ampliado (INEGI)",Personas de 18 años o más,censo
trabajo,Población ocupada,2020,Hombres,Con discapacidad,Jalisco,45-59,19316.0,32987.0,3364.0,,"Censo de Población y Vivienda, cuestionario ampliado (INEGI)",Personas de 18 años o más,censo
trabajo,Población ocupada,2020,Hombres,Con discapacidad,Jalisco,60+,18397.0,82156.0,10143.0,,"Censo de Población y Vivienda, cuestionario ampliado (INEGI)",Personas de 18 años o más,censo
trabajo,Población ocupada,2020,Hombres,Con discapacidad,Michoacán,18-29,3858.0,8489.0,1346.0,,"Censo de Población y Vivienda, cuestionario ampliado (INEGI)",Personas de 18 años o más,censo
trabajo,Población ocupada,2020,Hombres,Con discapacidad,Michoacán,30-44,7208.0,12658.0,1981.0,,"Censo de Población y Vivienda, cuestionario ampliado (INEGI)",Personas de 18 años o más,censo
trabajo,Población ocupada,2020,Hombres,Con discapacidad,Michoacán,45-59,12019.0,20204.0,3252.0,,"Censo de Población y Vivienda, cuestionario ampliado (INEGI)",Personas de 18 años o más,censo
trabajo,Población ocupada,2020,Hombres,Con discapacidad,Michoacán,60+,15384.0,59609.0,10368.0,,"Censo de Población y Vivienda, cuestionario ampliado (INEGI)",Personas de 18 años o más,censo
trabajo,Población ocupada,2020,Hombres,Con discapacidad,Morelos,18-29,1766.0,3472.0,451.0,,"Censo de Población y Vivienda, cuestionario ampliado (INEGI)",Personas de 18 años o más,censo
trabajo,Población ocupada,2020,Hombres,Con discapacidad,Morelos,30-44,3650.0,5472.0,634.0,,"Censo de Población y Vivienda, cuestionario ampliado (INEGI)",Personas de 18 años o más,censo
trabajo,Población ocupada,2020,Hombres,Con discapacidad,Morelos,45-59,5689.0,9318.0,1109.0,,"Censo de Población y Vivienda, cuestionario ampliado (INEGI)",Personas de 18 años o más,censo
trabajo,Población ocupada,2020,Hombres,Con discapacidad,Morelos,60+,6351.0,25720.0,3142.0,,"Censo de Población y Vivienda, cuestionario ampliado (INEGI)",Personas de 18 años o más,censo
trabajo,Población ocupada,2020,Hombres,Con discapacidad,México,18-29,14238.0,32393.0,2361.0,,"Censo de Población y Vivienda, cuestionario ampliado (INEGI)",Personas de 18 años o más,censo
trabajo,Población ocupada,2020,Hombres,Con discapacidad,México,30-44,27412.0,42252.0,2931.0,,"Censo de Población y Vivienda, cuestionario ampliado (INEGI)",Personas de 18 años o más,censo
trabajo,Población ocupada,2020,Hombres,Con discapacidad,México,45-59,42275.0,69055.0,4622.0,,"Censo de Población y Vivienda, cuestionario ampliado (INEGI)",Personas de 18 años o más,censo
trabajo,Población ocupada,2020,Hombres,Con discapacidad,México,60+,33486.0,140627.0,10310.0,,"Censo de Población y Vivienda, cuestionario ampliado (INEGI)",Personas de 18 años o más,censo
trabajo,Población ocupada,2020,Hombres,Con discapacidad,Nayarit,18-29,1373.0,2943.0,345.0,,"Censo de Población y Vivienda, cuestionario ampliado (INEGI)",Personas de 18 años o más,censo
trabajo,Población ocupada,2020,Hombres,Con discapacidad,Nayarit,30-44,1563.0,2981.0,456.0,,"Censo de Población y Vivienda, cuestionario ampliado (INEGI)",Personas de 18 años o más,censo
trabajo,Población ocupada,2020,Hombres,Con discapacidad,Nayarit,45-59,3162.0,5234.0,749.0,,"Censo de Población y Vivienda, cuestionario ampliado (INEGI)",Personas de 18 años o más,censo
trabajo,Población ocupada,2020,Hombres,Con discapacidad,Nayarit,60+,3727.0,14887.0,2230.0,,"Censo de Población y Vivienda, cuestionario ampliado (INEGI)",Personas de 18 años o más,censo
trabajo,Población ocupada,2020,Hombres,Con discapacidad,Nuevo León,18-29,4269.0,9098.0,531.0,,"Censo de Población y Vivienda, cuestionario ampliado (INEGI)",Personas de 18 años o más,censo
trabajo,Población ocupada,2020,Hombres,Con discapacidad,Nuevo León,30-44,5819.0,10400.0,673.0,,"Censo de Población y Vivienda, cuestionario ampliado (INEGI)",Personas de 18 años o más,censo
trabajo,Población ocupada,2020,Hombres,Con discapacidad,Nuevo León,45-59,10930.0,19101.0,1314.0,,"Censo de Población y Vivienda, cuestionario ampliado (INEGI)",Personas de 18 años o más,censo
trabajo,Población ocupada,2020,Hombres,Con discapacidad,Nuevo León,60+,7439.0,42986.0,3266.0,,"Censo de Población y Vivienda, cuestionario ampliado (INEGI)",Personas de 18 años o más,censo
trabajo,Población ocupada,2020,Hombres,Con discapacidad,Oaxaca,18-29,3680.0,9352.0,4698.0,,"Censo de Población y Vivienda, cuestionario ampliado (INEGI)",Personas de 18 años o más,censo
trabajo,Población ocupada,2020,Hombres,Con discapacidad,Oaxaca,30-44,7399.0,13352.0,6570.0,,"Censo de Población y Vivienda, cuestionario ampliado (INEGI)",Personas de 18 años o más,censo
trabajo,Población ocupada,2020,Hombres,Con discapacidad,Oaxaca,45-59,12344.0,20984.0,10595.0,,"Censo de Población y Vivienda, cuestionario ampliado (INEGI)",Personas de 18 años o más,censo
trabajo,Población ocupada,2020,Hombres,Con discapacidad,Oaxaca,60+,18353.0,65114.0,35151.0,,"Censo de Población y Vivienda, cuestionario ampliado (INEGI)",Personas de 18 años o más,censo
trabajo,Población ocupada,2020,Hombres,Con discapacidad,Puebla,18-29,6482.0,13887.0,2752.0,,"Censo de Población y Vivienda, cuestionario ampliado (INEGI)",Personas de 18 años o más,censo
trabajo,Población ocupada,2020,Hombres,Con discapacidad,Puebla,30-44,9052.0,15408.0,3569.0,,"Censo de Población y Vivienda, cuestionario ampliado (INEGI)",Personas de 18 años o más,censo
trabajo,Población ocupada,2020,Hombres,Con discapacidad,Puebla,45-59,13887.0,24320.0,5306.0,,"Censo de Población y Vivienda, cuestionario ampliado (INEGI)",Personas de 18 años o más,censo
trabajo,Población ocupada,2020,Hombres,Con discapacidad,Puebla,60+,16106.0,65207.0,16498.0,,"Censo de Población y Vivienda, cuestionario ampliado (INEGI)",Personas de 18 años o más,censo
trabajo,Población ocupada,2020,Hombres,Con discapacidad,Querétaro,18-29,1717.0,3711.0,302.0,,"Censo de Población y Vivienda, cuestionario ampliado (INEGI)",Personas de 18 años o más,censo
trabajo,Población ocupada,2020,Hombres,Con discapacidad,Querétaro,30-44,3235.0,5237.0,365.0,,"Censo de Población y Vivienda, cuestionario ampliado (INEGI)",Personas de 18 años o más,censo
trabajo,Población ocupada,2020,Hombres,Con discapacidad,Querétaro,45-59,5111.0,8548.0,572.0,,"Censo de Población y Vivienda, cuestionario ampliado (INEGI)",Personas de 18 años o más,censo
trabajo,Población ocupada,2020,Hombres,Con discapacidad,Querétaro,60+,3608.0,20519.0,1580.0,,"Censo de Población y Vivienda, cuestionario ampliado (INEGI)",Personas de 18 años o más,censo
trabajo,Población ocupada,2020,Hombres,Con discapacidad,Quintana Roo,18-29,1953.0,3141.0,129.0,,"Censo de Población y Vivienda, cuestionario ampliado (INEGI)",Personas de 18 años o más,censo
trabajo,Población ocupada,2020,Hombres,Con discapacidad,Quintana Roo,30-44,3205.0,4420.0,203.0,,"Censo de Población y Vivienda, cuestionario ampliado (INEGI)",Personas de 18 años o más,censo
trabajo,Población ocupada,2020,Hombres,Con discapacidad,Quintana Roo,45-59,3735.0,5573.0,278.0,,"Censo de Población y Vivienda, cuestionario ampliado (INEGI)",Personas de 18 años o más,censo
trabajo,Población ocupada,2020,Hombres,Con discapacidad,Quintana Roo,60+,3250.0,10885.0,627.0,,"Censo de Población y Vivienda, cuestionario ampliado (INEGI)",Personas de 18 años o más,censo
trabajo,Población ocupada,2020,Hombres,Con discapacidad,San Luis Potosí,18-29,1743.0,4768.0,720.0,,"Censo de Población y Vivienda, cuestionario ampliado (INEGI)",Personas de 18 años o más,censo
trabajo,Población ocupada,2020,Hombres,Con discapacidad,San Luis Potosí,30-44,3718.0,6817.0,1008.0,,"Censo de Población y Vivienda, cuestionario ampliado (INEGI)",Personas de 18 años o más,censo
trabajo,Población ocupada,2020,Hombres,Con discapacidad,San Luis Potosí,45-59,6316.0,11288.0,1758.0,,"Censo de Población y Vivienda, cuestionario ampliado (INEGI)",Personas de 18 años o más,censo
trabajo,Población ocupada,2020,Hombres,Con discapacidad,San Luis Potosí,60+,7949.0,34937.0,5832.0,,"Censo de Población y Vivienda, cuestionario ampliado (INEGI)",Personas de 18 años o más,censo
trabajo,Población ocupada,2020,Hombres,Con discapacidad,Sinaloa,18-29,1950.0,5405.0,299.0,,"Censo de Población y Vivienda, cuestionario ampliado (INEGI)",Personas de 18 años o más,censo
trabajo,Población ocupada,2020,Hombres,Con discapacidad,Sinaloa,30-44,4357.0,7793.0,499.0,,"Censo de Población y Vivienda, cuestionario ampliado (INEGI)",Personas de 18 años o más,censo
trabajo,Población ocupada,2020,Hombres,Con discapacidad,Sinaloa,45-59,7048.0,13197.0,790.0,,"Censo de Población y Vivienda, cuestionario ampliado (INEGI)",Personas de 18 años o más,censo
trabajo,Población ocupada,2020,Hombres,Con discapacidad,Sinaloa,60+,6350.0,35292.0,2265.0,,"Censo de Población y Vivienda, cuestionario ampliado (INEGI)",Personas de 18 años o más,censo
trabajo,Población ocupada,2020,Hombres,Con discapacidad,Sonora,18-29,2255.0,6166.0,513.0,,"Censo de Población y Vivienda, cuestionario ampliado (INEGI)",Personas de 18 años o más,censo
trabajo,Población ocupada,2020,Hombres,Con discapacidad,Sonora,30-44,3983.0,7368.0,677.0,,"Censo de Población y Vivienda, cuestionario ampliado (INEGI)",Personas de 18 años o más,censo
trabajo,Población ocupada,2020,Hombres,Con discapacidad,Sonora,45-59,6713.0,12111.0,1304.0,,"Censo de Población y Vivienda, cuestionario ampliado (INEGI)",Personas de 18 años o más,censo
trabajo,Población ocupada,2020,Hombres,Con discapacidad,Sonora,60+,6542.0,31569.0,3782.0,,"Censo de Población y Vivienda, cuestionario ampliado (INEGI)",Personas de 18 años o más,censo
trabajo,Población ocupada,2020,Hombres,Con discapacidad,Tabasco,18-29,2079.0,6530.0,362.0,,"Censo de Población y Vivienda, cuestionario ampliado (INEGI)",Personas de 18 años o más,censo
trabajo,Población ocupada,2020,Hombres,Con discapacidad,Tabasco,30-44,4390.0,7619.0,530.0,,"Censo de Población y Vivienda, cuestionario ampliado (INEGI)",Personas de 18 años o más,censo
trabajo,Población ocupada,2020,Hombres,Con discapacidad,Tabasco,45-59,8029.0,13996.0,920.0,,"Censo de Población y Vivienda, cuestionario ampliado (INEGI)",Personas de 18 años o más,censo
trabajo,Población ocupada,2020,Hombres,Con discapacidad,Tabasco,60+,8580.0,30592.0,2114.0,,"Censo de Población y Vivienda, cuestionario ampliado (INEGI)",Personas de 18 años o más,censo
trabajo,Población ocupada,2020,Hombres,Con discapacidad,Tamaulipas,18-29,2319.0,5668.0,386.0,,"Censo de Población y Vivienda, cuestionario ampliado (INEGI)",Personas de 18 años o más,censo
trabajo,Población ocupada,2020,Hombres,Con discapacidad,Tamaulipas,30-44,4355.0,7779.0,574.0,,"Censo de Población y Vivienda, cuestionario ampliado (INEGI)",Personas de 18 años o más,censo
trabajo,Población ocupada,2020,Hombres,Con discapacidad,Tamaulipas,45-59,8454.0,15816.0,1149.0,,"Censo de Población y Vivienda, cuestionario ampliado (INEGI)",Personas de 18 años o más,censo
trabajo,Población ocupada,2020,Hombres,Con discapacidad,Tamaulipas,60+,7532.0,37158.0,3555.0,,"Censo de Población y Vivienda, cuestionario ampliado (INEGI)",Personas de 18 años o más,censo
trabajo,Población ocupada,2020,Hombres,Con discapacidad,Tlaxcala,18-29,1073.0,2584.0,638.0,,"Censo de Población y Vivienda, cuestionario ampliado (INEGI)",Personas de 18 años o más,censo
trabajo,Población ocupada,2020,Hombres,Con discapacidad,Tlaxcala,30-44,1730.0,2996.0,733.0,,"Censo de Población y Vivienda, cuestionario ampliado (INEGI)",Personas de 18 años o más,censo
trabajo,Población ocupada,2020,Hombres,Con discapacidad,Tlaxcala,45-59,2474.0,4199.0,1082.0,,"Censo de Población y Vivienda, cuestionario ampliado (INEGI)",Personas de 18 años o más,censo
trabajo,Población ocupada,2020,Hombres,Con discapacidad,Tlaxcala,60+,3090.0,11957.0,3117.0,,"Censo de Población y Vivienda, cuestionario ampliado (INEGI)",Personas de 18 años o más,censo
trabajo,Población ocupada,2020,Hombres,Con discapacidad,Veracruz,18-29,5921.0,14981.0,2776.0,,"Censo de Población y Vivienda, cuestionario ampliado (INEGI)",Personas de 18 años o más,censo
trabajo,Población ocupada,2020,Hombres,Con discapacidad,Veracruz,30-44,11590.0,20977.0,3930.0,,"Censo de Población y Vivienda, cuestionario ampliado (INEGI)",Personas de 18 años o más,censo
trabajo,Población ocupada,2020,Hombres,Con discapacidad,Veracruz,45-59,22232.0,39133.0,6822.0,,"Censo de Población y Vivienda, cuestionario ampliado (INEGI)",Personas de 18 años o más,censo
trabajo,Población ocupada,2020,Hombres,Con discapacidad,Veracruz,60+,28242.0,108663.0,18978.0,,"Censo de Población y Vivienda, cuestionario ampliado (INEGI)",Personas de 18 años o más,censo
trabajo,Población ocupada,2020,Hombres,Con discapacidad,Yucatán,18-29,2071.0,4723.0,1031.0,,"Censo de Población y Vivienda, cuestionario ampliado (INEGI)",Personas de 18 años o más,censo
trabajo,Población ocupada,2020,Hombres,Con discapacidad,Yucatán,30-44,3815.0,6207.0,1464.0,,"Censo de Población y Vivienda, cuestionario ampliado (INEGI)",Personas de 18 años o más,censo
trabajo,Población ocupada,2020,Hombres,Con discapacidad,Yucatán,45-59,6896.0,10974.0,2356.0,,"Censo de Población y Vivienda, cuestionario ampliado (INEGI)",Personas de 18 años o más,censo
trabajo,Población ocupada,2020,Hombres,Con discapacidad,Yucatán,60+,7673.0,30468.0,7203.0,,"Censo de Población y Vivienda, cuestionario ampliado (INEGI)",Personas de 18 años o más,censo
trabajo,Población ocupada,2020,Hombres,Con discapacidad,Zacatecas,18-29,1514.0,3341.0,583.0,,"Censo de Población y Vivienda, cuestionario ampliado (INEGI)",Personas de 18 años o más,censo
trabajo,Población ocupada,2020,Hombres,Con discapacidad,Zacatecas,30-44,2578.0,4546.0,850.0,,"Censo de Población y Vivienda, cuestionario ampliado (INEGI)",Personas de 18 años o más,censo
trabajo,Población ocupada,2020,Hombres,Con discapacidad,Zacatecas,45-59,4189.0,7061.0,1404.0,,"Censo de Población y Vivienda, cuestionario ampliado (INEGI)",Personas de 18 años o más,censo
trabajo,Población ocupada,2020,Hombres,Con discapacidad,Zacatecas,60+,4330.0,21794.0,4760.0,,"Censo de Población y Vivienda, cuestionario ampliado (INEGI)",Personas de 18 años o más,censo
trabajo,Población ocupada,2020,Hombres,Sin discapacidad,Aguascalientes,18-29,104591.0,139937.0,9540.0,,"Censo de Población y Vivienda, cuestionario ampliado (INEGI)",Personas de 18 años o más,censo
trabajo,Población ocupada,2020,Hombres,Sin discapacidad,Aguascalientes,30-44,128324.0,137690.0,8825.0,,"Censo de Población y Vivienda, cuestionario ampliado (INEGI)",Personas de 18 años o más,censo
trabajo,Población ocupada,2020,Hombres,Sin discapacidad,Aguascalientes,45-59,84594.0,94692.0,5935.0,,"Censo de Población y Vivienda, cuestionario ampliado (INEGI)",Personas de 18 años o más,censo
trabajo,Población ocupada,2020,Hombres,Sin discapacidad,Aguascalientes,60+,25343.0,51255.0,3282.0,,"Censo de Población y Vivienda, cuestionario ampliado (INEGI)",Personas de 18 años o más,censo
trabajo,Población ocupada,2020,Hombres,Sin discapacidad,Baja California,18-29,295760.0,398969.0,8296.0,,"Censo de Población y Vivienda, cuestionario ampliado (INEGI)",Personas de 18 años o más,censo
trabajo,Población ocupada,2020,Hombres,Sin discapacidad,Baja California,30-44,385692.0,417923.0,8442.0,,"Censo de Población y Vivienda, cuestionario ampliado (INEGI)",Personas de 18 años o más,censo
trabajo,Población ocupada,2020,Hombres,Sin discapacidad,Baja California,45-59,274255.0,310891.0,6494.0,,"Censo de Población y Vivienda, cuestionario ampliado (INEGI)",Personas de 18 años o más,censo
trabajo,Población ocupada,2020,Hombres,Sin discapacidad,Baja California,60+,66258.0,139293.0,3146.0,,"Censo de Población y Vivienda, cuestionario ampliado (INEGI)",Personas de 18 años o más,censo
trabajo,Población ocupada,2020,Hombres,Sin discapacidad,Baja California Sur,18-29,58659.0,77437.0,4380.0,,"Censo de Población y Vivienda, cuestionario ampliado (INEGI)",Personas de 18 años o más,censo
trabajo,Población ocupada,2020,Hombres,Sin discapacidad,Baja California Sur,30-44,88996.0,96215.0,5343.0,,"Censo de Población y Vivienda, cuestionario ampliado (INEGI)",Personas de 18 años o más,censo
trabajo,Población ocupada,2020,Hombres,Sin discapacidad,Baja California Sur,45-59,52562.0,60380.0,3690.0,,"Censo de Población y Vivienda, cuestionario ampliado (INEGI)",Personas de 18 años o más,censo
trabajo,Población ocupada,2020,Hombres,Sin discapacidad,Baja California Sur,60+,14234.0,29311.0,1887.0,,"Censo de Población y Vivienda, cuestionario ampliado (INEGI)",Personas de 18 años o más,censo
trabajo,Población ocupada,2020,Hombres,Sin discapacidad,Campeche,18-29,59303.0,84156.0,7707.0,,"Censo de Población y Vivienda, cuestionario ampliado (INEGI)",Personas de 18 años o más,censo
trabajo,Población ocupada,2020,Hombres,Sin discapacidad,Campeche,30-44,86094.0,94201.0,8394.0,,"Censo de Población y Vivienda, cuestionario ampliado (INEGI)",Personas de 18 años o más,censo
trabajo,Población ocupada,2020,Hombres,Sin discapacidad,Campeche,45-59,58834.0,67907.0,5819.0,,"Censo de Población y Vivienda, cuestionario ampliado (INEGI)",Personas de 18 años o más,censo
trabajo,Población ocupada,2020,Hombres,Sin discapacidad,Campeche,60+,20370.0,36017.0,3396.0,,"Censo de Población y Vivienda, cuestionario ampliado (INEGI)",Personas de 18 años o más,censo
trabajo,Población ocupada,2020,Hombres,Sin discapacidad,Chiapas,18-29,369084.0,512501.0,117144.0,,"Censo de Población y Vivienda, cuestionario ampliado (INEGI)",Personas de 18 años o más,censo
trabajo,Población ocupada,2020,Hombres,Sin discapacidad,Chiapas,30-44,442639.0,495673.0,106985.0,,"Censo de Población y Vivienda, cuestionario ampliado (INEGI)",Personas de 18 años o más,censo
trabajo,Población ocupada,2020,Hombres,Sin discapacidad,Chiapas,45-59,281438.0,323895.0,65659.0,,"Censo de Población y Vivienda, cuestionario ampliado (INEGI)",Personas de 18 años o más,censo
trabajo,Población ocupada,2020,Hombres,Sin discapacidad,Chiapas,60+,121420.0,192434.0,39278.0,,"Censo de Población y Vivienda, cuestionario ampliado (INEGI)",Personas de 18 años o más,censo
trabajo,Población ocupada,2020,Hombres,Sin discapacidad,Chihuahua,18-29,262163.0,363702.0,26501.0,,"Censo de Población y Vivienda, cuestionario ampliado (INEGI)",Personas de 18 años o más,censo
trabajo,Población ocupada,2020,Hombres,Sin discapacidad,Chihuahua,30-44,344500.0,374505.0,28279.0,,"Censo de Población y Vivienda, cuestionario ampliado (INEGI)",Personas de 18 años o más,censo
trabajo,Población ocupada,2020,Hombres,Sin discapacidad,Chihuahua,45-59,257344.0,293488.0,23898.0,,"Censo de Población y Vivienda, cuestionario ampliado (INEGI)",Personas de 18 años o más,censo
trabajo,Población ocupada,2020,Hombres,Sin discapacidad,Chihuahua,60+,71354.0,159362.0,17370.0,,"Censo de Población y Vivienda, cuestionario ampliado (INEGI)",Personas de 18 años o más,censo
trabajo,Población ocupada,2020,Hombres,Sin discapacidad,Ciudad de México,18-29,520896.0,835137.0,25263.0,,"Censo de Población y Vivienda, cuestionario ampliado (INEGI)",Personas de 18 años o más,censo
trabajo,Población ocupada,2020,Hombres,Sin discapacidad,Ciudad de México,30-44,887247.0,978803.0,29422.0,,"Censo de Población y Vivienda, cuestionario ampliado (INEGI)",Personas de 18 años o más,censo
trabajo,Población ocupada,2020,Hombres,Sin discapacidad,Ciudad de México,45-59,684176.0,777981.0,23344.0,,"Censo de Población y Vivienda, cuestionario ampliado (INEGI)",Personas de 18 años o más,censo
trabajo,Población ocupada,2020,Hombres,Sin discapacidad,Ciudad de México,60+,263640.0,548724.0,16086.0,,"Censo de Población y Vivienda, cuestionario ampliado (INEGI)",Personas de 18 años o más,censo
trabajo,Población ocupada,2020,Hombres,Sin discapacidad,Coahuila,18-29,216187.0,304577.0,20395.0,,"Censo de Población y Vivienda, cuestionario ampliado (INEGI)",Personas de 18 años o más,censo
trabajo,Población ocupada,2020,Hombres,Sin discapacidad,Coahuila,30-44,287582.0,316648.0,21228.0,,"Censo de Población y Vivienda, cuestionario ampliado (INEGI)",Personas de 18 años o más,censo
trabajo,Población ocupada,2020,Hombres,Sin discapacidad,Coahuila,45-59,209536.0,241869.0,17464.0,,"Censo de Población y Vivienda, cuestionario ampliado (INEGI)",Personas de 18 años o más,censo
trabajo,Población ocupada,2020,Hombres,Sin discapacidad,Coahuila,60+,56381.0,145612.0,10873.0,,"Censo de Población y Vivienda, cuestionario ampliado (INEGI)",Personas de 18 años o más,censo
trabajo,Población ocupada,2020,Hombres,Sin discapacidad,Colima,18-29,51050.0,68776.0,5703.0,,"Censo de Población y Vivienda, cuestionario ampliado (INEGI)",Personas de 18 años o más,censo
trabajo,Población ocupada,2020,Hombres,Sin discapacidad,Colima,30-44,71260.0,77197.0,6228.0,,"Censo de Población y Vivienda, cuestionario ampliado (INEGI)",Personas de 18 años o más,censo
trabajo,Población ocupada,2020,Hombres,Sin discapacidad,Colima,45-59,49560.0,56365.0,4776.0,,"Censo de Población y Vivienda, cuestionario ampliado (INEGI)",Personas de 18 años o más,censo
trabajo,Población ocupada,2020,Hombres,Sin discapacidad,Colima,60+,16458.0,33767.0,3090.0,,"Censo de Población y Vivienda, cuestionario ampliado (INEGI)",Personas de 18 años o más,censo
trabajo,Población ocupada,2020,Hombres,Sin discapacidad,Durango,18-29,119464.0,173496.0,22483.0,,"Censo de Población y Vivienda, cuestionario ampliado (INEGI)",Personas de 18 años o más,censo
trabajo,Población ocupada,2020,Hombres,Sin discapacidad,Durango,30-44,145502.0,165413.0,21978.0,,"Censo de Población y Vivienda, cuestionario ampliado (INEGI)",Personas de 18 años o más,censo
trabajo,Población ocupada,2020,Hombres,Sin discapacidad,Durango,45-59,106738.0,126695.0,16707.0,,"Censo de Población y Vivienda, cuestionario ampliado (INEGI)",Personas de 18 años o más,censo
trabajo,Población ocupada,2020,Hombres,Sin discapacidad,Durango,60+,34087.0,74514.0,11359.0,,"Censo de Población y Vivienda, cuestionario ampliado (INEGI)",Personas de 18 años o más,censo
trabajo,Población ocupada,2020,Hombres,Sin discapacidad,Guanajuato,18-29,449221.0,605491.0,40236.0,,"Censo de Población y Vivienda, cuestionario ampliado (INEGI)",Personas de 18 años o más,censo
trabajo,Población ocupada,2020,Hombres,Sin discapacidad,Guanajuato,30-44,539375.0,589684.0,39295.0,,"Censo de Población y Vivienda, cuestionario ampliado (INEGI)",Personas de 18 años o más,censo
trabajo,Población ocupada,2020,Hombres,Sin discapacidad,Guanajuato,45-59,359848.0,409185.0,27652.0,,"Censo de Población y Vivienda, cuestionario ampliado (INEGI)",Personas de 18 años o más,censo
trabajo,Población ocupada,2020,Hombres,Sin discapacidad,Guanajuato,60+,123052.0,244061.0,17592.0,,"Censo de Población y Vivienda, cuestionario ampliado (INEGI)",Personas de 18 años o más,censo
trabajo,Población ocupada,2020,Hombres,Sin discapacidad,Guerrero,18-29,206246.0,303048.0,61244.0,,"Censo de Población y Vivienda, cuestionario ampliado (INEGI)",Personas de 18 años o más,censo
trabajo,Población ocupada,2020,Hombres,Sin discapacidad,Guerrero,30-44,255271.0,295387.0,56137.0,,"Censo de Población y Vivienda, cuestionario ampliado (INEGI)",Personas de 18 años o más,censo
trabajo,Población ocupada,2020,Hombres,Sin discapacidad,Guerrero,45-59,183343.0,221716.0,40408.0,,"Censo de Población y Vivienda, cuestionario ampliado (INEGI)",Personas de 18 años o más,censo
trabajo,Población ocupada,2020,Hombres,Sin discapacidad,Guerrero,60+,81753.0,152377.0,29754.0,,"Censo de Población y Vivienda, cuestionario ampliado (INEGI)",Personas de 18 años o más,censo
trabajo,Población ocupada,2020,Hombres,Sin discapacidad,Hidalgo,18-29,188279.0,270935.0,42785.0,,"Censo de Población y Vivienda, cuestionario ampliado (INEGI)",Personas de 18 años o más,censo
trabajo,Población ocupada,2020,Hombres,Sin discapacidad,Hidalgo,30-44,262906.0,288239.0,45045.0,,"Censo de Población y Vivienda, cuestionario ampliado (INEGI)",Personas de 18 años o más,censo
trabajo,Población ocupada,2020,Hombres,Sin discapacidad,Hidalgo,45-59,192073.0,220881.0,35692.0,,"Censo de Población y Vivienda, cuestionario ampliado (INEGI)",Personas de 18 años o más,censo
trabajo,Población ocupada,2020,Hombres,Sin discapacidad,Hidalgo,60+,75548.0,141123.0,24885.0,,"Censo de Población y Vivienda, cuestionario ampliado (INEGI)",Personas de 18 años o más,censo
trabajo,Población ocupada,2020,Hombres,Sin discapacidad,Jalisco,18-29,601253.0,799461.0,69918.0,,"Censo de Población y Vivienda, cuestionario ampliado (INEGI)",Personas de 18 años o más,censo
trabajo,Población ocupada,2020,Hombres,Sin discapacidad,Jalisco,30-44,775573.0,837785.0,73557.0,,"Censo de Población y Vivienda, cuestionario ampliado (INEGI)",Personas de 18 años o más,censo
trabajo,Población ocupada,2020,Hombres,Sin discapacidad,Jalisco,45-59,530897.0,594895.0,53534.0,,"Censo de Población y Vivienda, cuestionario ampliado (INEGI)",Personas de 18 años o más,censo
trabajo,Población ocupada,2020,Hombres,Sin discapacidad,Jalisco,60+,182100.0,367973.0,37743.0,,"Censo de Población y Vivienda, cuestionario ampliado (INEGI)",Personas de 18 años o más,censo
trabajo,Población ocupada,2020,Hombres,Sin discapacidad,Michoacán,18-29,323282.0,437643.0,63064.0,,"Censo de Población y Vivienda, cuestionario ampliado (INEGI)",Personas de 18 años o más,censo
trabajo,Población ocupada,2020,Hombres,Sin discapacidad,Michoacán,30-44,391820.0,430510.0,62995.0,,"Censo de Población y Vivienda, cuestionario ampliado (INEGI)",Personas de 18 años o más,censo
trabajo,Población ocupada,2020,Hombres,Sin discapacidad,Michoacán,45-59,278892.0,316619.0,46056.0,,"Censo de Población y Vivienda, cuestionario ampliado (INEGI)",Personas de 18 años o más,censo
trabajo,Población ocupada,2020,Hombres,Sin discapacidad,Michoacán,60+,121872.0,221597.0,34439.0,,"Censo de Población y Vivienda, cuestionario ampliado (INEGI)",Personas de 18 años o más,censo
trabajo,Población ocupada,2020,Hombres,Sin discapacidad,Morelos,18-29,134827.0,185653.0,22603.0,,"Censo de Población y Vivienda, cuestionario ampliado (INEGI)",Personas de 18 años o más,censo
trabajo,Población ocupada,2020,Hombres,Sin discapacidad,Morelos,30-44,167168.0,183538.0,22357.0,,"Censo de Población y Vivienda, cuestionario ampliado (INEGI)",Personas de 18 años o más,censo
trabajo,Población ocupada,2020,Hombres,Sin discapacidad,Morelos,45-59,128715.0,146845.0,17377.0,,"Censo de Población y Vivienda, cuestionario ampliado (INEGI)",Personas de 18 años o más,censo
trabajo,Población ocupada,2020,Hombres,Sin discapacidad,Morelos,60+,50632.0,98216.0,11692.0,,"Censo de Población y Vivienda, cuestionario ampliado (INEGI)",Personas de 18 años o más,censo
trabajo,Población ocupada,2020,Hombres,Sin discapacidad,México,18-29,1077643.0,1620806.0,117454.0,,"Censo de Población y Vivienda, cuestionario ampliado (INEGI)",Personas de 18 años o más,censo
trabajo,Población ocupada,2020,Hombres,Sin discapacidad,México,30-44,1539357.0,1699641.0,121319.0,,"Censo de Población y Vivienda, cuestionario ampliado (INEGI)",Personas de 18 años o más,censo
trabajo,Población ocupada,2020,Hombres,Sin discapacidad,México,45-59,1151894.0,1312786.0,89342.0,,"Censo de Población y Vivienda, cuestionario ampliado (INEGI)",Personas de 18 años o más,censo
trabajo,Población ocupada,2020,Hombres,Sin discapacidad,México,60+,353071.0,734238.0,49351.0,,"Censo de Población y Vivienda, cuestionario ampliado (INEGI)",Personas de 18 años o más,censo
trabajo,Población ocupada,2020,Hombres,Sin discapacidad,Nayarit,18-29,79768.0,109624.0,16008.0,,"Censo de Población y Vivienda, cuestionario ampliado (INEGI)",Personas de 18 años o más,censo
trabajo,Población ocupada,2020,Hombres,Sin discapacidad,Nayarit,30-44,108159.0,117919.0,16119.0,,"Censo de Población y Vivienda, cuestionario ampliado (INEGI)",Personas de 18 años o más,censo
trabajo,Población ocupada,2020,Hombres,Sin discapacidad,Nayarit,45-59,75661.0,87643.0,11886.0,,"Censo de Población y Vivienda, cuestionario ampliado (INEGI)",Personas de 18 años o más,censo
trabajo,Población ocupada,2020,Hombres,Sin discapacidad,Nayarit,60+,31603.0,59952.0,8313.0,,"Censo de Población y Vivienda, cuestionario ampliado (INEGI)",Personas de 18 años o más,censo
trabajo,Población ocupada,2020,Hombres,Sin discapacidad,Nuevo León,18-29,432896.0,592273.0,32641.0,,"Censo de Población y Vivienda, cuestionario ampliado (INEGI)",Personas de 18 años o más,censo
trabajo,Población ocupada,2020,Hombres,Sin discapacidad,Nuevo León,30-44,581259.0,626720.0,35756.0,,"Censo de Población y Vivienda, cuestionario ampliado (INEGI)",Personas de 18 años o más,censo
trabajo,Población ocupada,2020,Hombres,Sin discapacidad,Nuevo León,45-59,417393.0,468572.0,26291.0,,"Censo de Población y Vivienda, cuestionario ampliado (INEGI)",Personas de 18 años o más,censo
trabajo,Población ocupada,2020,Hombres,Sin discapacidad,Nuevo León,60+,97887.0,265153.0,16045.0,,"Censo de Población y Vivienda, cuestionario ampliado (INEGI)",Personas de 18 años o más,censo
trabajo,Población ocupada,2020,Hombres,Sin discapacidad,Oaxaca,18-29,243050.0,343563.0,155635.0,,"Censo de Población y Vivienda, cuestionario ampliado (INEGI)",Personas de 18 años o más,censo
trabajo,Población ocupada,2020,Hombres,Sin discapacidad,Oaxaca,30-44,320096.0,365658.0,162251.0,,"Censo de Población y Vivienda, cuestionario ampliado (INEGI)",Personas de 18 años o más,censo
trabajo,Población ocupada,2020,Hombres,Sin discapacidad,Oaxaca,45-59,222395.0,264159.0,119030.0,,"Censo de Población y Vivienda, cuestionario ampliado (INEGI)",Personas de 18 años o más,censo
trabajo,Población ocupada,2020,Hombres,Sin discapacidad,Oaxaca,60+,110166.0,188027.0,91175.0,,"Censo de Población y Vivienda, cuestionario ampliado (INEGI)",Personas de 18 años o más,censo
trabajo,Población ocupada,2020,Hombres,Sin discapacidad,Puebla,18-29,458463.0,630299.0,115476.0,,"Censo de Población y Vivienda, cuestionario ampliado (INEGI)",Personas de 18 años o más,censo
trabajo,Población ocupada,2020,Hombres,Sin discapacidad,Puebla,30-44,562644.0,610241.0,110962.0,,"Censo de Población y Vivienda, cuestionario ampliado (INEGI)",Personas de 18 años o más,censo
trabajo,Población ocupada,2020,Hombres,Sin discapacidad,Puebla,45-59,382444.0,427677.0,77411.0,,"Censo de Población y Vivienda, cuestionario ampliado (INEGI)",Personas de 18 años o más,censo
trabajo,Población ocupada,2020,Hombres,Sin discapacidad,Puebla,60+,151145.0,262956.0,53867.0,,"Censo de Población y Vivienda, cuestionario ampliado (INEGI)",Personas de 18 años o más,censo
trabajo,Población ocupada,2020,Hombres,Sin discapacidad,Querétaro,18-29,172662.0,242118.0,14322.0,,"Censo de Población y Vivienda, cuestionario ampliado (INEGI)",Personas de 18 años o más,censo
trabajo,Población ocupada,2020,Hombres,Sin discapacidad,Querétaro,30-44,230893.0,254220.0,14543.0,,"Censo de Población y Vivienda, cuestionario ampliado (INEGI)",Personas de 18 años o más,censo
trabajo,Población ocupada,2020,Hombres,Sin discapacidad,Querétaro,45-59,145195.0,166260.0,9609.0,,"Censo de Población y Vivienda, cuestionario ampliado (INEGI)",Personas de 18 años o más,censo
trabajo,Población ocupada,2020,Hombres,Sin discapacidad,Querétaro,60+,42373.0,94126.0,5706.0,,"Censo de Población y Vivienda, cuestionario ampliado (INEGI)",Personas de 18 años o más,censo
trabajo,Población ocupada,2020,Hombres,Sin discapacidad,Quintana Roo,18-29,156077.0,202423.0,8210.0,,"Censo de Población y Vivienda, cuestionario ampliado (INEGI)",Personas de 18 años o más,censo
trabajo,Población ocupada,2020,Hombres,Sin discapacidad,Quintana Roo,30-44,208509.0,228820.0,9021.0,,"Censo de Población y Vivienda, cuestionario ampliado (INEGI)",Personas de 18 años o más,censo
trabajo,Población ocupada,2020,Hombres,Sin discapacidad,Quintana Roo,45-59,119309.0,134537.0,5463.0,,"Censo de Población y Vivienda, cuestionario ampliado (INEGI)",Personas de 18 años o más,censo
trabajo,Población ocupada,2020,Hombres,Sin discapacidad,Quintana Roo,60+,30029.0,55239.0,2661.0,,"Censo de Población y Vivienda, cuestionario ampliado (INEGI)",Personas de 18 años o más,censo
trabajo,Población ocupada,2020,Hombres,Sin discapacidad,San Luis Potosí,18-29,188003.0,263404.0,30982.0,,"Censo de Población y Vivienda, cuestionario ampliado (INEGI)",Personas de 18 años o más,censo
trabajo,Población ocupada,2020,Hombres,Sin discapacidad,San Luis Potosí,30-44,242091.0,266497.0,31087.0,,"Censo de Población y Vivienda, cuestionario ampliado (INEGI)",Personas de 18 años o más,censo
trabajo,Población ocupada,2020,Hombres,Sin discapacidad,San Luis Potosí,45-59,171688.0,195103.0,24419.0,,"Censo de Población y Vivienda, cuestionario ampliado (INEGI)",Personas de 18 años o más,censo
trabajo,Población ocupada,2020,Hombres,Sin discapacidad,San Luis Potosí,60+,72108.0,137261.0,19535.0,,"Censo de Población y Vivienda, cuestionario ampliado (INEGI)",Personas de 18 años o más,censo
trabajo,Población ocupada,2020,Hombres,Sin discapacidad,Sinaloa,18-29,191908.0,283158.0,15007.0,,"Censo de Población y Vivienda, cuestionario ampliado (INEGI)",Personas de 18 años o más,censo
trabajo,Población ocupada,2020,Hombres,Sin discapacidad,Sinaloa,30-44,258543.0,284321.0,15353.0,,"Censo de Población y Vivienda, cuestionario ampliado (INEGI)",Personas de 18 años o más,censo
trabajo,Población ocupada,2020,Hombres,Sin discapacidad,Sinaloa,45-59,197158.0,228562.0,12677.0,,"Censo de Población y Vivienda, cuestionario ampliado (INEGI)",Personas de 18 años o más,censo
trabajo,Población ocupada,2020,Hombres,Sin discapacidad,Sinaloa,60+,67116.0,149652.0,8942.0,,"Censo de Población y Vivienda, cuestionario ampliado (INEGI)",Personas de 18 años o más,censo
trabajo,Población ocupada,2020,Hombres,Sin discapacidad,Sonora,18-29,186567.0,274804.0,22796.0,,"Censo de Población y Vivienda, cuestionario ampliado (INEGI)",Personas de 18 años o más,censo
trabajo,Población ocupada,2020,Hombres,Sin discapacidad,Sonora,30-44,270391.0,301757.0,25393.0,,"Censo de Población y Vivienda, cuestionario ampliado (INEGI)",Personas de 18 años o más,censo
trabajo,Población ocupada,2020,Hombres,Sin discapacidad,Sonora,45-59,200566.0,231326.0,21579.0,,"Censo de Población y Vivienda, cuestionario ampliado (INEGI)",Personas de 18 años o más,censo
trabajo,Población ocupada,2020,Hombres,Sin discapacidad,Sonora,60+,63485.0,138211.0,15323.0,,"Censo de Población y Vivienda, cuestionario ampliado (INEGI)",Personas de 18 años o más,censo
trabajo,Población ocupada,2020,Hombres,Sin discapacidad,Tabasco,18-29,137838.0,210220.0,13655.0,,"Censo de Población y Vivienda, cuestionario ampliado (INEGI)",Personas de 18 años o más,censo
trabajo,Población ocupada,2020,Hombres,Sin discapacidad,Tabasco,30-44,209869.0,239420.0,15344.0,,"Censo de Población y Vivienda, cuestionario ampliado (INEGI)",Personas de 18 años o más,censo
trabajo,Población ocupada,2020,Hombres,Sin discapacidad,Tabasco,45-59,141713.0,168448.0,11259.0,,"Censo de Población y Vivienda, cuestionario ampliado (INEGI)",Personas de 18 años o más,censo
trabajo,Población ocupada,2020,Hombres,Sin discapacidad,Tabasco,60+,55384.0,94507.0,6339.0,,"Censo de Población y Vivienda, cuestionario ampliado (INEGI)",Personas de 18 años o más,censo
trabajo,Población ocupada,2020,Hombres,Sin discapacidad,Tamaulipas,18-29,233291.0,334000.0,21099.0,,"Censo de Población y Vivienda, cuestionario ampliado (INEGI)",Personas de 18 años o más,censo
trabajo,Población ocupada,2020,Hombres,Sin discapacidad,Tamaulipas,30-44,324828.0,356718.0,24062.0,,"Censo de Población y Vivienda, cuestionario ampliado (INEGI)",Personas de 18 años o más,censo
trabajo,Población ocupada,2020,Hombres,Sin discapacidad,Tamaulipas,45-59,241654.0,278895.0,20392.0,,"Censo de Población y Vivienda, cuestionario ampliado (INEGI)",Personas de 18 años o más,censo
trabajo,Población ocupada,2020,Hombres,Sin discapacidad,Tamaulipas,60+,74480.0,161234.0,14743.0,,"Censo de Población y Vivienda, cuestionario ampliado (INEGI)",Personas de 18 años o más,censo
trabajo,Población ocupada,2020,Hombres,Sin discapacidad,Tlaxcala,18-29,88480.0,127787.0,33629.0,,"Censo de Población y Vivienda, cuestionario ampliado (INEGI)",Personas de 18 años o más,censo
trabajo,Población ocupada,2020,Hombres,Sin discapacidad,Tlaxcala,30-44,116404.0,128487.0,32976.0,,"Censo de Población y Vivienda, cuestionario ampliado (INEGI)",Personas de 18 años o más,censo
trabajo,Población ocupada,2020,Hombres,Sin discapacidad,Tlaxcala,45-59,79989.0,91626.0,23960.0,,"Censo de Población y Vivienda, cuestionario ampliado (INEGI)",Personas de 18 años o más,censo
trabajo,Población ocupada,2020,Hombres,Sin discapacidad,Tlaxcala,60+,29616.0,55032.0,14736.0,,"Censo de Población y Vivienda, cuestionario ampliado (INEGI)",Personas de 18 años o más,censo
trabajo,Población ocupada,2020,Hombres,Sin discapacidad,Veracruz,18-29,471531.0,672596.0,119251.0,,"Censo de Población y Vivienda, cuestionario ampliado (INEGI)",Personas de 18 años o más,censo
trabajo,Población ocupada,2020,Hombres,Sin discapacidad,Veracruz,30-44,660858.0,735410.0,125409.0,,"Censo de Población y Vivienda, cuestionario ampliado (INEGI)",Personas de 18 años o más,censo
trabajo,Población ocupada,2020,Hombres,Sin discapacidad,Veracruz,45-59,531759.0,617067.0,99352.0,,"Censo de Población y Vivienda, cuestionario ampliado (INEGI)",Personas de 18 años o más,censo
trabajo,Población ocupada,2020,Hombres,Sin discapacidad,Veracruz,60+,230450.0,426530.0,69011.0,,"Censo de Población y Vivienda, cuestionario ampliado (INEGI)",Personas de 18 años o más,censo
trabajo,Población ocupada,2020,Hombres,Sin discapacidad,Yucatán,18-29,170244.0,228261.0,46529.0,,"Censo de Población y Vivienda, cuestionario ampliado (INEGI)",Personas de 18 años o más,censo
trabajo,Población ocupada,2020,Hombres,Sin discapacidad,Yucatán,30-44,229664.0,244871.0,48383.0,,"Censo de Población y Vivienda, cuestionario ampliado (INEGI)",Personas de 18 años o más,censo
trabajo,Población ocupada,2020,Hombres,Sin discapacidad,Yucatán,45-59,148778.0,165009.0,31589.0,,"Censo de Población y Vivienda, cuestionario ampliado (INEGI)",Personas de 18 años o más,censo
trabajo,Población ocupada,2020,Hombres,Sin discapacidad,Yucatán,60+,53753.0,107154.0,22771.0,,"Censo de Población y Vivienda, cuestionario ampliado (INEGI)",Personas de 18 años o más,censo
trabajo,Población ocupada,2020,Hombres,Sin discapacidad,Zacatecas,18-29,96543.0,140618.0,24470.0,,"Censo de Población y Vivienda, cuestionario ampliado (INEGI)",Personas de 18 años o más,censo
trabajo,Población ocupada,2020,Hombres,Sin discapacidad,Zacatecas,30-44,131025.0,149539.0,26085.0,,"Censo de Población y Vivienda, cuestionario ampliado (INEGI)",Personas de 18 años o más,censo
trabajo,Población ocupada,2020,Hombres,Sin discapacidad,Zacatecas,45-59,92335.0,110558.0,20280.0,,"Censo de Población y Vivienda, cuestionario ampliado (INEGI)",Personas de 18 años o más,censo
trabajo,Población ocupada,2020,Hombres,Sin discapacidad,Zacatecas,60+,35209.0,70844.0,14733.0,,"Censo de Población y Vivienda, cuestionario ampliado (INEGI)",Personas de 18 años o más,censo
trabajo,Población ocupada,2020,Mujeres,Con discapacidad,Aguascalientes,18-29,1819.0,3506.0,217.0,,"Censo de Población y Vivienda, cuestionario ampliado (INEGI)",Personas de 18 años o más,censo
trabajo,Población ocupada,2020,Mujeres,Con discapacidad,Aguascalientes,30-44,2320.0,4696.0,267.0,,"Censo de Población y Vivienda, cuestionario ampliado (INEGI)",Personas de 18 años o más,censo
trabajo,Población ocupada,2020,Mujeres,Con discapacidad,Aguascalientes,45-59,3659.0,8947.0,531.0,,"Censo de Población y Vivienda, cuestionario ampliado (INEGI)",Personas de 18 años o más,censo
trabajo,Población ocupada,2020,Mujeres,Con discapacidad,Aguascalientes,60+,1793.0,18099.0,1219.0,,"Censo de Población y Vivienda, cuestionario ampliado (INEGI)",Personas de 18 años o más,censo
trabajo,Población ocupada,2020,Mujeres,Con discapacidad,Baja California,18-29,3191.0,8244.0,165.0,,"Censo de Población y Vivienda, cuestionario ampliado (INEGI)",Personas de 18 años o más,censo
trabajo,Población ocupada,2020,Mujeres,Con discapacidad,Baja California,30-44,4963.0,9732.0,201.0,,"Censo de Población y Vivienda, cuestionario ampliado (INEGI)",Personas de 18 años o más,censo
trabajo,Población ocupada,2020,Mujeres,Con discapacidad,Baja California,45-59,7667.0,20331.0,431.0,,"Censo de Población y Vivienda, cuestionario ampliado (INEGI)",Personas de 18 años o más,censo
trabajo,Población ocupada,2020,Mujeres,Con discapacidad,Baja California,60+,4767.0,41033.0,903.0,,"Censo de Población y Vivienda, cuestionario ampliado (INEGI)",Personas de 18 años o más,censo
trabajo,Población ocupada,2020,Mujeres,Con discapacidad,Baja California Sur,18-29,406.0,1222.0,72.0,,"Censo de Población y Vivienda, cuestionario ampliado (INEGI)",Personas de 18 años o más,censo
trabajo,Población ocupada,2020,Mujeres,Con discapacidad,Baja California Sur,30-44,986.0,2030.0,121.0,,"Censo de Población y Vivienda, cuestionario ampliado (INEGI)",Personas de 18 años o más,censo
trabajo,Población ocupada,2020,Mujeres,Con discapacidad,Baja California Sur,45-59,1451.0,3560.0,224.0,,"Censo de Población y Vivienda, cuestionario ampliado (INEGI)",Personas de 18 años o más,censo
trabajo,Población ocupada,2020,Mujeres,Con discapacidad,Baja California Sur,60+,490.0,7964.0,532.0,,"Censo de Población y Vivienda, cuestionario ampliado (INEGI)",Personas de 18 años o más,censo
trabajo,Población ocupada,2020,Mujeres,Con discapacidad,Campeche,18-29,501.0,1843.0,159.0,,"Censo de Población y Vivienda, cuestionario ampliado (INEGI)",Personas de 18 años o más,censo
trabajo,Población ocupada,2020,Mujeres,Con discapacidad,Campeche,30-44,1395.0,3226.0,253.0,,"Censo de Población y Vivienda, cuestionario ampliado (INEGI)",Personas de 18 años o más,censo
trabajo,Población ocupada,2020,Mujeres,Con discapacidad,Campeche,45-59,2321.0,6312.0,499.0,,"Censo de Población y Vivienda, cuestionario ampliado (INEGI)",Personas de 18 años o más,censo
trabajo,Población ocupada,2020,Mujeres,Con discapacidad,Campeche,60+,1685.0,13958.0,1200.0,,"Censo de Población y Vivienda, cuestionario ampliado (INEGI)",Personas de 18 años o más,censo
trabajo,Población ocupada,2020,Mujeres,Con discapacidad,Chiapas,18-29,1226.0,7276.0,1542.0,,"Censo de Población y Vivienda, cuestionario ampliado (INEGI)",Personas de 18 años o más,censo
trabajo,Población ocupada,2020,Mujeres,Con discapacidad,Chiapas,30-44,2844.0,10596.0,2212.0,,"Censo de Población y Vivienda, cuestionario ampliado (INEGI)",Personas de 18 años o más,censo
trabajo,Población ocupada,2020,Mujeres,Con discapacidad,Chiapas,45-59,5714.0,22210.0,4219.0,,"Censo de Población y Vivienda, cuestionario ampliado (INEGI)",Personas de 18 años o más,censo
trabajo,Población ocupada,2020,Mujeres,Con discapacidad,Chiapas,60+,4644.0,54872.0,11187.0,,"Censo de Población y Vivienda, cuestionario ampliado (INEGI)",Personas de 18 años o más,censo
trabajo,Población ocupada,2020,Mujeres,Con discapacidad,Chihuahua,18-29,1516.0,5126.0,445.0,,"Censo de Población y Vivienda, cuestionario ampliado (INEGI)",Personas de 18 años o más,censo
trabajo,Población ocupada,2020,Mujeres,Con discapacidad,Chihuahua,30-44,3380.0,7681.0,613.0,,"Censo de Población y Vivienda, cuestionario ampliado (INEGI)",Personas de 18 años o más,censo
trabajo,Población ocupada,2020,Mujeres,Con discapacidad,Chihuahua,45-59,5391.0,16252.0,1366.0,,"Censo de Población y Vivienda, cuestionario ampliado (INEGI)",Personas de 18 años o más,censo
trabajo,Población ocupada,2020,Mujeres,Con discapacidad,Chihuahua,60+,3559.0,49111.0,4786.0,,"Censo de Población y Vivienda, cuestionario ampliado (INEGI)",Personas de 18 años o más,censo
trabajo,Población ocupada,2020,Mujeres,Con discapacidad,Ciudad de México,18-29,6787.0,17464.0,550.0,,"Censo de Población y Vivienda, cuestionario ampliado (INEGI)",Personas de 18 años o más,censo
trabajo,Población ocupada,2020,Mujeres,Con discapacidad,Ciudad de México,30-44,12845.0,22651.0,728.0,,"Censo de Población y Vivienda, cuestionario ampliado (INEGI)",Personas de 18 años o más,censo
trabajo,Población ocupada,2020,Mujeres,Con discapacidad,Ciudad de México,45-59,25029.0,53090.0,1623.0,,"Censo de Población y Vivienda, cuestionario ampliado (INEGI)",Personas de 18 años o más,censo
trabajo,Población ocupada,2020,Mujeres,Con discapacidad,Ciudad de México,60+,20577.0,165688.0,4811.0,,"Censo de Población y Vivienda, cuestionario ampliado (INEGI)",Personas de 18 años o más,censo
trabajo,Población ocupada,2020,Mujeres,Con discapacidad,Coahuila,18-29,1570.0,4815.0,385.0,,"Censo de Población y Vivienda, cuestionario ampliado (INEGI)",Personas de 18 años o más,censo
trabajo,Población ocupada,2020,Mujeres,Con discapacidad,Coahuila,30-44,2087.0,5170.0,456.0,,"Censo de Población y Vivienda, cuestionario ampliado (INEGI)",Personas de 18 años o más,censo
trabajo,Población ocupada,2020,Mujeres,Con discapacidad,Coahuila,45-59,3529.0,12672.0,1134.0,,"Censo de Población y Vivienda, cuestionario ampliado (INEGI)",Personas de 18 años o más,censo
trabajo,Población ocupada,2020,Mujeres,Con discapacidad,Coahuila,60+,1875.0,32709.0,2815.0,,"Censo de Población y Vivienda, cuestionario ampliado (INEGI)",Personas de 18 años o más,censo
trabajo,Población ocupada,2020,Mujeres,Con discapacidad,Colima,18-29,396.0,1257.0,106.0,,"Censo de Población y Vivienda, cuestionario ampliado (INEGI)",Personas de 18 años o más,censo
trabajo,Población ocupada,2020,Mujeres,Con discapacidad,Colima,30-44,1101.0,1889.0,155.0,,"Censo de Población y Vivienda, cuestionario ampliado (INEGI)",Personas de 18 años o más,censo
trabajo,Población ocupada,2020,Mujeres,Con discapacidad,Colima,45-59,2218.0,4341.0,364.0,,"Censo de Población y Vivienda, cuestionario ampliado (INEGI)",Personas de 18 años o más,censo
trabajo,Población ocupada,2020,Mujeres,Con discapacidad,Colima,60+,1126.0,10561.0,1007.0,,"Censo de Población y Vivienda, cuestionario ampliado (INEGI)",Personas de 18 años o más,censo
trabajo,Población ocupada,2020,Mujeres,Con discapacidad,Durango,18-29,975.0,3463.0,458.0,,"Censo de Población y Vivienda, cuestionario ampliado (INEGI)",Personas de 18 años o más,censo
trabajo,Población ocupada,2020,Mujeres,Con discapacidad,Durango,30-44,1583.0,4402.0,638.0,,"Censo de Población y Vivienda, cuestionario ampliado (INEGI)",Personas de 18 años o más,censo
trabajo,Población ocupada,2020,Mujeres,Con discapacidad,Durango,45-59,3120.0,9358.0,1328.0,,"Censo de Población y Vivienda, cuestionario ampliado (INEGI)",Personas de 18 años o más,censo
trabajo,Población ocupada,2020,Mujeres,Con discapacidad,Durango,60+,2040.0,25741.0,4075.0,,"Censo de Población y Vivienda, cuestionario ampliado (INEGI)",Personas de 18 años o más,censo
trabajo,Población ocupada,2020,Mujeres,Con discapacidad,Guanajuato,18-29,3840.0,11513.0,730.0,,"Censo de Población y Vivienda, cuestionario ampliado (INEGI)",Personas de 18 años o más,censo
trabajo,Población ocupada,2020,Mujeres,Con discapacidad,Guanajuato,30-44,7344.0,15505.0,999.0,,"Censo de Población y Vivienda, cuestionario ampliado (INEGI)",Personas de 18 años o más,censo
trabajo,Población ocupada,2020,Mujeres,Con discapacidad,Guanajuato,45-59,10313.0,29941.0,1936.0,,"Censo de Población y Vivienda, cuestionario ampliado (INEGI)",Personas de 18 años o más,censo
trabajo,Población ocupada,2020,Mujeres,Con discapacidad,Guanajuato,60+,6700.0,78634.0,5980.0,,"Censo de Población y Vivienda, cuestionario ampliado (INEGI)",Personas de 18 años o más,censo
trabajo,Población ocupada,2020,Mujeres,Con discapacidad,Guerrero,18-29,1644.0,6754.0,1454.0,,"Censo de Población y Vivienda, cuestionario ampliado (INEGI)",Personas de 18 años o más,censo
trabajo,Población ocupada,2020,Mujeres,Con discapacidad,Guerrero,30-44,3818.0,9585.0,2079.0,,"Censo de Población y Vivienda, cuestionario ampliado (INEGI)",Personas de 18 años o más,censo
trabajo,Población ocupada,2020,Mujeres,Con discapacidad,Guerrero,45-59,7704.0,20441.0,4163.0,,"Censo de Población y Vivienda, cuestionario ampliado (INEGI)",Personas de 18 años o más,censo
trabajo,Población ocupada,2020,Mujeres,Con discapacidad,Guerrero,60+,7675.0,63558.0,12862.0,,"Censo de Población y Vivienda, cuestionario ampliado (INEGI)",Personas de 18 años o más,censo
trabajo,Población ocupada,2020,Mujeres,Con discapacidad,Hidalgo,18-29,2110.0,6022.0,946.0,,"Censo de Población y Vivienda, cuestionario ampliado (INEGI)",Personas de 18 años o más,censo
trabajo,Población ocupada,2020,Mujeres,Con discapacidad,Hidalgo,30-44,3679.0,9341.0,1480.0,,"Censo de Población y Vivienda, cuestionario ampliado (INEGI)",Personas de 18 años o más,censo
trabajo,Población ocupada,2020,Mujeres,Con discapacidad,Hidalgo,45-59,6273.0,16415.0,2692.0,,"Censo de Población y Vivienda, cuestionario ampliado (INEGI)",Personas de 18 años o más,censo
trabajo,Población ocupada,2020,Mujeres,Con discapacidad,Hidalgo,60+,4815.0,46187.0,8308.0,,"Censo de Población y Vivienda, cuestionario ampliado (INEGI)",Personas de 18 años o más,censo
trabajo,Población ocupada,2020,Mujeres,Con discapacidad,Jalisco,18-29,3849.0,12293.0,1268.0,,"Censo de Población y Vivienda, cuestionario ampliado (INEGI)",Personas de 18 años o más,censo
trabajo,Población ocupada,2020,Mujeres,Con discapacidad,Jalisco,30-44,7205.0,17416.0,1854.0,,"Censo de Población y Vivienda, cuestionario ampliado (INEGI)",Personas de 18 años o más,censo
trabajo,Población ocupada,2020,Mujeres,Con discapacidad,Jalisco,45-59,15565.0,39236.0,3937.0,,"Censo de Población y Vivienda, cuestionario ampliado (INEGI)",Personas de 18 años o más,censo
trabajo,Población ocupada,2020,Mujeres,Con discapacidad,Jalisco,60+,11543.0,114951.0,12375.0,,"Censo de Población y Vivienda, cuestionario ampliado (INEGI)",Personas de 18 años o más,censo
trabajo,Población ocupada,2020,Mujeres,Con discapacidad,Michoacán,18-29,2951.0,8783.0,1202.0,,"Censo de Población y Vivienda, cuestionario ampliado (INEGI)",Personas de 18 años o más,censo
trabajo,Población ocupada,2020,Mujeres,Con discapacidad,Michoacán,30-44,5273.0,12461.0,1835.0,,"Censo de Población y Vivienda, cuestionario ampliado (INEGI)",Personas de 18 años o más,censo
trabajo,Población ocupada,2020,Mujeres,Con discapacidad,Michoacán,45-59,8400.0,24334.0,3855.0,,"Censo de Población y Vivienda, cuestionario ampliado (INEGI)",Personas de 18 años o más,censo
trabajo,Población ocupada,2020,Mujeres,Con discapacidad,Michoacán,60+,7293.0,76665.0,12844.0,,"Censo de Población y Vivienda, cuestionario ampliado (INEGI)",Personas de 18 años o más,censo
trabajo,Población ocupada,2020,Mujeres,Con discapacidad,Morelos,18-29,1264.0,3675.0,425.0,,"Censo de Población y Vivienda, cuestionario ampliado (INEGI)",Personas de 18 años o más,censo
trabajo,Población ocupada,2020,Mujeres,Con discapacidad,Morelos,30-44,2837.0,5276.0,602.0,,"Censo de Población y Vivienda, cuestionario ampliado (INEGI)",Personas de 18 años o más,censo
trabajo,Población ocupada,2020,Mujeres,Con discapacidad,Morelos,45-59,5239.0,11197.0,1326.0,,"Censo de Población y Vivienda, cuestionario ampliado (INEGI)",Personas de 18 años o más,censo
trabajo,Población ocupada,2020,Mujeres,Con discapacidad,Morelos,60+,4475.0,31332.0,3699.0,,"Censo de Población y Vivienda, cuestionario ampliado (INEGI)",Personas de 18 años o más,censo
trabajo,Población ocupada,2020,Mujeres,Con discapacidad,México,18-29,8730.0,29615.0,2084.0,,"Censo de Población y Vivienda, cuestionario ampliado (INEGI)",Personas de 18 años o más,censo
trabajo,Población ocupada,2020,Mujeres,Con discapacidad,México,30-44,17706.0,39885.0,2803.0,,"Censo de Población y Vivienda, cuestionario ampliado (INEGI)",Personas de 18 años o más,censo
trabajo,Población ocupada,2020,Mujeres,Con discapacidad,México,45-59,30616.0,80627.0,5496.0,,"Censo de Población y Vivienda, cuestionario ampliado (INEGI)",Personas de 18 años o más,censo
trabajo,Población ocupada,2020,Mujeres,Con discapacidad,México,60+,20631.0,193523.0,13461.0,,"Censo de Población y Vivienda, cuestionario ampliado (INEGI)",Personas de 18 años o más,censo
trabajo,Población ocupada,2020,Mujeres,Con discapacidad,Nayarit,18-29,851.0,2480.0,315.0,,"Censo de Población y Vivienda, cuestionario ampliado (INEGI)",Personas de 18 años o más,censo
trabajo,Población ocupada,2020,Mujeres,Con discapacidad,Nayarit,30-44,1366.0,3190.0,432.0,,"Censo de Población y Vivienda, cuestionario ampliado (INEGI)",Personas de 18 años o más,censo
trabajo,Población ocupada,2020,Mujeres,Con discapacidad,Nayarit,45-59,2136.0,6106.0,872.0,,"Censo de Población y Vivienda, cuestionario ampliado (INEGI)",Personas de 18 años o más,censo
trabajo,Población ocupada,2020,Mujeres,Con discapacidad,Nayarit,60+,2014.0,19115.0,2671.0,,"Censo de Población y Vivienda, cuestionario ampliado (INEGI)",Personas de 18 años o más,censo
trabajo,Población ocupada,2020,Mujeres,Con discapacidad,Nuevo León,18-29,3230.0,8856.0,561.0,,"Censo de Población y Vivienda, cuestionario ampliado (INEGI)",Personas de 18 años o más,censo
trabajo,Población ocupada,2020,Mujeres,Con discapacidad,Nuevo León,30-44,3141.0,9389.0,656.0,,"Censo de Población y Vivienda, cuestionario ampliado (INEGI)",Personas de 18 años o más,censo
trabajo,Población ocupada,2020,Mujeres,Con discapacidad,Nuevo León,45-59,6816.0,20549.0,1375.0,,"Censo de Población y Vivienda, cuestionario ampliado (INEGI)",Personas de 18 años o más,censo
trabajo,Población ocupada,2020,Mujeres,Con discapacidad,Nuevo León,60+,4531.0,58664.0,3868.0,,"Censo de Población y Vivienda, cuestionario ampliado (INEGI)",Personas de 18 años o más,censo
trabajo,Población ocupada,2020,Mujeres,Con discapacidad,Oaxaca,18-29,2139.0,8385.0,4213.0,,"Censo de Población y Vivienda, cuestionario ampliado (INEGI)",Personas de 18 años o más,censo
trabajo,Población ocupada,2020,Mujeres,Con discapacidad,Oaxaca,30-44,4707.0,13258.0,6388.0,,"Censo de Población y Vivienda, cuestionario ampliado (INEGI)",Personas de 18 años o más,censo
trabajo,Población ocupada,2020,Mujeres,Con discapacidad,Oaxaca,45-59,8836.0,26323.0,12851.0,,"Censo de Población y Vivienda, cuestionario ampliado (INEGI)",Personas de 18 años o más,censo
trabajo,Población ocupada,2020,Mujeres,Con discapacidad,Oaxaca,60+,8536.0,79014.0,41758.0,,"Censo de Población y Vivienda, cuestionario ampliado (INEGI)",Personas de 18 años o más,censo
trabajo,Población ocupada,2020,Mujeres,Con discapacidad,Puebla,18-29,3200.0,11486.0,2420.0,,"Censo de Población y Vivienda, cuestionario ampliado (INEGI)",Personas de 18 años o más,censo
trabajo,Población ocupada,2020,Mujeres,Con discapacidad,Puebla,30-44,6231.0,15863.0,3374.0,,"Censo de Población y Vivienda, cuestionario ampliado (INEGI)",Personas de 18 años o más,censo
trabajo,Población ocupada,2020,Mujeres,Con discapacidad,Puebla,45-59,9814.0,27458.0,6111.0,,"Censo de Población y Vivienda, cuestionario ampliado (INEGI)",Personas de 18 años o más,censo
trabajo,Población ocupada,2020,Mujeres,Con discapacidad,Puebla,60+,8167.0,85372.0,20395.0,,"Censo de Población y Vivienda, cuestionario ampliado (INEGI)",Personas de 18 años o más,censo
trabajo,Población ocupada,2020,Mujeres,Con discapacidad,Querétaro,18-29,1364.0,3752.0,266.0,,"Censo de Población y Vivienda, cuestionario ampliado (INEGI)",Personas de 18 años o más,censo
trabajo,Población ocupada,2020,Mujeres,Con discapacidad,Querétaro,30-44,1920.0,4522.0,336.0,,"Censo de Población y Vivienda, cuestionario ampliado (INEGI)",Personas de 18 años o más,censo
trabajo,Población ocupada,2020,Mujeres,Con discapacidad,Querétaro,45-59,3415.0,9722.0,655.0,,"Censo de Población y Vivienda, cuestionario ampliado (INEGI)",Personas de 18 años o más,censo
trabajo,Población ocupada,2020,Mujeres,Con discapacidad,Querétaro,60+,2524.0,25281.0,1947.0,,"Censo de Población y Vivienda, cuestionario ampliado (INEGI)",Personas de 18 años o más,censo
trabajo,Población ocupada,2020,Mujeres,Con discapacidad,Quintana Roo,18-29,1388.0,4273.0,162.0,,"Censo de Población y Vivienda, cuestionario ampliado (INEGI)",Personas de 18 años o más,censo
trabajo,Población ocupada,2020,Mujeres,Con discapacidad,Quintana Roo,30-44,1990.0,3877.0,186.0,,"Censo de Población y Vivienda, cuestionario ampliado (INEGI)",Personas de 18 años o más,censo
trabajo,Población ocupada,2020,Mujeres,Con discapacidad,Quintana Roo,45-59,3215.0,7906.0,327.0,,"Censo de Población y Vivienda, cuestionario ampliado (INEGI)",Personas de 18 años o más,censo
trabajo,Población ocupada,2020,Mujeres,Con discapacidad,Quintana Roo,60+,1075.0,10406.0,579.0,,"Censo de Población y Vivienda, cuestionario ampliado (INEGI)",Personas de 18 años o más,censo
trabajo,Población ocupada,2020,Mujeres,Con discapacidad,San Luis Potosí,18-29,1238.0,4834.0,649.0,,"Censo de Población y Vivienda, cuestionario ampliado (INEGI)",Personas de 18 años o más,censo
trabajo,Población ocupada,2020,Mujeres,Con discapacidad,San Luis Potosí,30-44,2390.0,6746.0,869.0,,"Censo de Población y Vivienda, cuestionario ampliado (INEGI)",Personas de 18 años o más,censo
trabajo,Población ocupada,2020,Mujeres,Con discapacidad,San Luis Potosí,45-59,3900.0,12854.0,1876.0,,"Censo de Población y Vivienda, cuestionario ampliado (INEGI)",Personas de 18 años o más,censo
trabajo,Población ocupada,2020,Mujeres,Con discapacidad,San Luis Potosí,60+,3069.0,41201.0,6317.0,,"Censo de Población y Vivienda, cuestionario ampliado (INEGI)",Personas de 18 años o más,censo
trabajo,Población ocupada,2020,Mujeres,Con discapacidad,Sinaloa,18-29,1092.0,4942.0,285.0,,"Censo de Población y Vivienda, cuestionario ampliado (INEGI)",Personas de 18 años o más,censo
trabajo,Población ocupada,2020,Mujeres,Con discapacidad,Sinaloa,30-44,3004.0,6985.0,413.0,,"Censo de Población y Vivienda, cuestionario ampliado (INEGI)",Personas de 18 años o más,censo
trabajo,Población ocupada,2020,Mujeres,Con discapacidad,Sinaloa,45-59,5117.0,15730.0,915.0,,"Censo de Población y Vivienda, cuestionario ampliado (INEGI)",Personas de 18 años o más,censo
trabajo,Población ocupada,2020,Mujeres,Con discapacidad,Sinaloa,60+,3317.0,46790.0,2762.0,,"Censo de Población y Vivienda, cuestionario ampliado (INEGI)",Personas de 18 años o más,censo
trabajo,Población ocupada,2020,Mujeres,Con discapacidad,Sonora,18-29,1889.0,5553.0,510.0,,"Censo de Población y Vivienda, cuestionario ampliado (INEGI)",Personas de 18 años o más,censo
trabajo,Población ocupada,2020,Mujeres,Con discapacidad,Sonora,30-44,3247.0,7180.0,630.0,,"Censo de Población y Vivienda, cuestionario ampliado (INEGI)",Personas de 18 años o más,censo
trabajo,Población ocupada,2020,Mujeres,Con discapacidad,Sonora,45-59,5931.0,16085.0,1612.0,,"Censo de Población y Vivienda, cuestionario ampliado (INEGI)",Personas de 18 años o más,censo
trabajo,Población ocupada,2020,Mujeres,Con discapacidad,Sonora,60+,3422.0,40252.0,4506.0,,"Censo de Población y Vivienda, cuestionario ampliado (INEGI)",Personas de 18 años o más,censo
trabajo,Población ocupada,2020,Mujeres,Con discapacidad,Tabasco,18-29,1802.0,5731.0,338.0,,"Censo de Población y Vivienda, cuestionario ampliado (INEGI)",Personas de 18 años o más,censo
trabajo,Población ocupada,2020,Mujeres,Con discapacidad,Tabasco,30-44,3009.0,7812.0,471.0,,"Censo de Población y Vivienda, cuestionario ampliado (INEGI)",Personas de 18 años o más,censo
trabajo,Población ocupada,2020,Mujeres,Con discapacidad,Tabasco,45-59,4778.0,17157.0,1085.0,,"Censo de Población y Vivienda, cuestionario ampliado (INEGI)",Personas de 18 años o más,censo
trabajo,Población ocupada,2020,Mujeres,Con discapacidad,Tabasco,60+,3101.0,38455.0,2646.0,,"Censo de Población y Vivienda, cuestionario ampliado (INEGI)",Personas de 18 años o más,censo
trabajo,Población ocupada,2020,Mujeres,Con discapacidad,Tamaulipas,18-29,1618.0,4736.0,302.0,,"Censo de Población y Vivienda, cuestionario ampliado (INEGI)",Personas de 18 años o más,censo
trabajo,Población ocupada,2020,Mujeres,Con discapacidad,Tamaulipas,30-44,2838.0,7450.0,507.0,,"Censo de Población y Vivienda, cuestionario ampliado (INEGI)",Personas de 18 años o más,censo
trabajo,Población ocupada,2020,Mujeres,Con discapacidad,Tamaulipas,45-59,6963.0,19450.0,1347.0,,"Censo de Población y Vivienda, cuestionario ampliado (INEGI)",Personas de 18 años o más,censo
trabajo,Población ocupada,2020,Mujeres,Con discapacidad,Tamaulipas,60+,4009.0,48774.0,3974.0,,"Censo de Población y Vivienda, cuestionario ampliado (INEGI)",Personas de 18 años o más,censo
trabajo,Población ocupada,2020,Mujeres,Con discapacidad,Tlaxcala,18-29,643.0,2216.0,549.0,,"Censo de Población y Vivienda, cuestionario ampliado (INEGI)",Personas de 18 años o más,censo
trabajo,Población ocupada,2020,Mujeres,Con discapacidad,Tlaxcala,30-44,1301.0,3092.0,733.0,,"Censo de Población y Vivienda, cuestionario ampliado (INEGI)",Personas de 18 años o más,censo
trabajo,Población ocupada,2020,Mujeres,Con discapacidad,Tlaxcala,45-59,2143.0,5511.0,1372.0,,"Censo de Población y Vivienda, cuestionario ampliado (INEGI)",Personas de 18 años o más,censo
trabajo,Población ocupada,2020,Mujeres,Con discapacidad,Tlaxcala,60+,1589.0,15298.0,3793.0,,"Censo de Población y Vivienda, cuestionario ampliado (INEGI)",Personas de 18 años o más,censo
trabajo,Población ocupada,2020,Mujeres,Con discapacidad,Veracruz,18-29,3381.0,13567.0,2429.0,,"Censo de Población y Vivienda, cuestionario ampliado (INEGI)",Personas de 18 años o más,censo
trabajo,Población ocupada,2020,Mujeres,Con discapacidad,Veracruz,30-44,6791.0,20784.0,3753.0,,"Censo de Población y Vivienda, cuestionario ampliado (INEGI)",Personas de 18 años o más,censo
trabajo,Población ocupada,2020,Mujeres,Con discapacidad,Veracruz,45-59,14621.0,47807.0,8255.0,,"Censo de Población y Vivienda, cuestionario ampliado (INEGI)",Personas de 18 años o más,censo
trabajo,Población ocupada,2020,Mujeres,Con discapacidad,Veracruz,60+,11619.0,137828.0,22413.0,,"Censo de Población y Vivienda, cuestionario ampliado (INEGI)",Personas de 18 años o más,censo
trabajo,Población ocupada,2020,Mujeres,Con discapacidad,Yucatán,18-29,1340.0,4797.0,823.0,,"Censo de Población y Vivienda, cuestionario ampliado (INEGI)",Personas de 18 años o más,censo
trabajo,Población ocupada,2020,Mujeres,Con discapacidad,Yucatán,30-44,3059.0,6343.0,1272.0,,"Censo de Población y Vivienda, cuestionario ampliado (INEGI)",Personas de 18 años o más,censo
trabajo,Población ocupada,2020,Mujeres,Con discapacidad,Yucatán,45-59,5002.0,13921.0,2733.0,,"Censo de Población y Vivienda, cuestionario ampliado (INEGI)",Personas de 18 años o más,censo
trabajo,Población ocupada,2020,Mujeres,Con discapacidad,Yucatán,60+,3547.0,37588.0,7493.0,,"Censo de Población y Vivienda, cuestionario ampliado (INEGI)",Personas de 18 años o más,censo
trabajo,Población ocupada,2020,Mujeres,Con discapacidad,Zacatecas,18-29,985.0,3326.0,621.0,,"Censo de Población y Vivienda, cuestionario ampliado (INEGI)",Personas de 18 años o más,censo
trabajo,Población ocupada,2020,Mujeres,Con discapacidad,Zacatecas,30-44,1495.0,4141.0,813.0,,"Censo de Población y Vivienda, cuestionario ampliado (INEGI)",Personas de 18 años o más,censo
trabajo,Población ocupada,2020,Mujeres,Con discapacidad,Zacatecas,45-59,2726.0,9235.0,1705.0,,"Censo de Población y Vivienda, cuestionario ampliado (INEGI)",Personas de 18 años o más,censo
trabajo,Población ocupada,2020,Mujeres,Con discapacidad,Zacatecas,60+,1974.0,26281.0,5519.0,,"Censo de Población y Vivienda, cuestionario ampliado (INEGI)",Personas de 18 años o más,censo
trabajo,Población ocupada,2020,Mujeres,Sin discapacidad,Aguascalientes,18-29,75609.0,148365.0,10007.0,,"Censo de Población y Vivienda, cuestionario ampliado (INEGI)",Personas de 18 años o más,censo
trabajo,Población ocupada,2020,Mujeres,Sin discapacidad,Aguascalientes,30-44,96370.0,151381.0,9919.0,,"Censo de Población y Vivienda, cuestionario ampliado (INEGI)",Personas de 18 años o más,censo
trabajo,Población ocupada,2020,Mujeres,Sin discapacidad,Aguascalientes,45-59,56199.0,104395.0,6439.0,,"Censo de Población y Vivienda, cuestionario ampliado (INEGI)",Personas de 18 años o más,censo
trabajo,Población ocupada,2020,Mujeres,Sin discapacidad,Aguascalientes,60+,12079.0,58282.0,3561.0,,"Censo de Población y Vivienda, cuestionario ampliado (INEGI)",Personas de 18 años o más,censo
trabajo,Población ocupada,2020,Mujeres,Sin discapacidad,Baja California,18-29,195188.0,378815.0,7935.0,,"Censo de Población y Vivienda, cuestionario ampliado (INEGI)",Personas de 18 años o más,censo
trabajo,Población ocupada,2020,Mujeres,Sin discapacidad,Baja California,30-44,265774.0,421063.0,8660.0,,"Censo de Población y Vivienda, cuestionario ampliado (INEGI)",Personas de 18 años o más,censo
trabajo,Población ocupada,2020,Mujeres,Sin discapacidad,Baja California,45-59,157706.0,287973.0,6139.0,,"Censo de Población y Vivienda, cuestionario ampliado (INEGI)",Personas de 18 años o más,censo
trabajo,Población ocupada,2020,Mujeres,Sin discapacidad,Baja California,60+,29199.0,152807.0,3402.0,,"Censo de Población y Vivienda, cuestionario ampliado (INEGI)",Personas de 18 años o más,censo
trabajo,Población ocupada,2020,Mujeres,Sin discapacidad,Baja California Sur,18-29,39243.0,77149.0,4297.0,,"Censo de Población y Vivienda, cuestionario ampliado (INEGI)",Personas de 18 años o más,censo
trabajo,Población ocupada,2020,Mujeres,Sin discapacidad,Baja California Sur,30-44,58926.0,92812.0,5312.0,,"Censo de Población y Vivienda, cuestionario ampliado (INEGI)",Personas de 18 años o más,censo
trabajo,Población ocupada,2020,Mujeres,Sin discapacidad,Baja California Sur,45-59,32886.0,60151.0,3618.0,,"Censo de Población y Vivienda, cuestionario ampliado (INEGI)",Personas de 18 años o más,censo
trabajo,Población ocupada,2020,Mujeres,Sin discapacidad,Baja California Sur,60+,6312.0,30542.0,1948.0,,"Censo de Población y Vivienda, cuestionario ampliado (INEGI)",Personas de 18 años o más,censo
trabajo,Población ocupada,2020,Mujeres,Sin discapacidad,Campeche,18-29,32695.0,86710.0,7886.0,,"Censo de Población y Vivienda, cuestionario ampliado (INEGI)",Personas de 18 años o más,censo
trabajo,Población ocupada,2020,Mujeres,Sin discapacidad,Campeche,30-44,55122.0,102997.0,9181.0,,"Censo de Población y Vivienda, cuestionario ampliado (INEGI)",Personas de 18 años o más,censo
trabajo,Población ocupada,2020,Mujeres,Sin discapacidad,Campeche,45-59,33323.0,70631.0,6005.0,,"Censo de Población y Vivienda, cuestionario ampliado (INEGI)",Personas de 18 años o más,censo
trabajo,Población ocupada,2020,Mujeres,Sin discapacidad,Campeche,60+,7633.0,36641.0,3265.0,,"Censo de Población y Vivienda, cuestionario ampliado (INEGI)",Personas de 18 años o más,censo
trabajo,Población ocupada,2020,Mujeres,Sin discapacidad,Chiapas,18-29,143312.0,564131.0,130477.0,,"Censo de Población y Vivienda, cuestionario ampliado (INEGI)",Personas de 18 años o más,censo
trabajo,Población ocupada,2020,Mujeres,Sin discapacidad,Chiapas,30-44,204393.0,563339.0,121615.0,,"Censo de Población y Vivienda, cuestionario ampliado (INEGI)",Personas de 18 años o más,censo
trabajo,Población ocupada,2020,Mujeres,Sin discapacidad,Chiapas,45-59,120246.0,355931.0,70993.0,,"Censo de Población y Vivienda, cuestionario ampliado (INEGI)",Personas de 18 años o más,censo
trabajo,Población ocupada,2020,Mujeres,Sin discapacidad,Chiapas,60+,32513.0,197910.0,39994.0,,"Censo de Población y Vivienda, cuestionario ampliado (INEGI)",Personas de 18 años o más,censo
trabajo,Población ocupada,2020,Mujeres,Sin discapacidad,Chihuahua,18-29,173656.0,365271.0,27386.0,,"Censo de Población y Vivienda, cuestionario ampliado (INEGI)",Personas de 18 años o más,censo
trabajo,Población ocupada,2020,Mujeres,Sin discapacidad,Chihuahua,30-44,229721.0,390229.0,29765.0,,"Censo de Población y Vivienda, cuestionario ampliado (INEGI)",Personas de 18 años o más,censo
trabajo,Población ocupada,2020,Mujeres,Sin discapacidad,Chihuahua,45-59,153412.0,303173.0,23773.0,,"Censo de Población y Vivienda, cuestionario ampliado (INEGI)",Personas de 18 años o más,censo
trabajo,Población ocupada,2020,Mujeres,Sin discapacidad,Chihuahua,60+,30060.0,172701.0,16769.0,,"Censo de Población y Vivienda, cuestionario ampliado (INEGI)",Personas de 18 años o más,censo
trabajo,Población ocupada,2020,Mujeres,Sin discapacidad,Ciudad de México,18-29,396898.0,845493.0,25719.0,,"Censo de Población y Vivienda, cuestionario ampliado (INEGI)",Personas de 18 años o más,censo
trabajo,Población ocupada,2020,Mujeres,Sin discapacidad,Ciudad de México,30-44,715996.0,1058041.0,31842.0,,"Censo de Población y Vivienda, cuestionario ampliado (INEGI)",Personas de 18 años o más,censo
trabajo,Población ocupada,2020,Mujeres,Sin discapacidad,Ciudad de México,45-59,548293.0,916111.0,27421.0,,"Censo de Población y Vivienda, cuestionario ampliado (INEGI)",Personas de 18 años o más,censo
trabajo,Población ocupada,2020,Mujeres,Sin discapacidad,Ciudad de México,60+,172264.0,694285.0,20292.0,,"Censo de Población y Vivienda, cuestionario ampliado (INEGI)",Personas de 18 años o más,censo
trabajo,Población ocupada,2020,Mujeres,Sin discapacidad,Coahuila,18-29,121501.0,301685.0,20458.0,,"Censo de Población y Vivienda, cuestionario ampliado (INEGI)",Personas de 18 años o más,censo
trabajo,Población ocupada,2020,Mujeres,Sin discapacidad,Coahuila,30-44,170520.0,321887.0,21756.0,,"Censo de Población y Vivienda, cuestionario ampliado (INEGI)",Personas de 18 años o más,censo
trabajo,Población ocupada,2020,Mujeres,Sin discapacidad,Coahuila,45-59,112532.0,257182.0,17747.0,,"Censo de Población y Vivienda, cuestionario ampliado (INEGI)",Personas de 18 años o más,censo
trabajo,Población ocupada,2020,Mujeres,Sin discapacidad,Coahuila,60+,21454.0,154894.0,10722.0,,"Censo de Población y Vivienda, cuestionario ampliado (INEGI)",Personas de 18 años o más,censo
trabajo,Población ocupada,2020,Mujeres,Sin discapacidad,Colima,18-29,35881.0,69910.0,5674.0,,"Censo de Población y Vivienda, cuestionario ampliado (INEGI)",Personas de 18 años o más,censo
trabajo,Población ocupada,2020,Mujeres,Sin discapacidad,Colima,30-44,55558.0,82517.0,6509.0,,"Censo de Población y Vivienda, cuestionario ampliado (INEGI)",Personas de 18 años o más,censo
trabajo,Población ocupada,2020,Mujeres,Sin discapacidad,Colima,45-59,31531.0,58333.0,4761.0,,"Censo de Población y Vivienda, cuestionario ampliado (INEGI)",Personas de 18 años o más,censo
trabajo,Población ocupada,2020,Mujeres,Sin discapacidad,Colima,60+,8559.0,36311.0,3085.0,,"Censo de Población y Vivienda, cuestionario ampliado (INEGI)",Personas de 18 años o más,censo
trabajo,Población ocupada,2020,Mujeres,Sin discapacidad,Durango,18-29,69890.0,178448.0,23437.0,,"Censo de Población y Vivienda, cuestionario ampliado (INEGI)",Personas de 18 años o más,censo
trabajo,Población ocupada,2020,Mujeres,Sin discapacidad,Durango,30-44,92934.0,179926.0,23397.0,,"Censo de Población y Vivienda, cuestionario ampliado (INEGI)",Personas de 18 años o más,censo
trabajo,Población ocupada,2020,Mujeres,Sin discapacidad,Durango,45-59,62233.0,139932.0,17051.0,,"Censo de Población y Vivienda, cuestionario ampliado (INEGI)",Personas de 18 años o más,censo
trabajo,Población ocupada,2020,Mujeres,Sin discapacidad,Durango,60+,12283.0,78313.0,10909.0,,"Censo de Población y Vivienda, cuestionario ampliado (INEGI)",Personas de 18 años o más,censo
trabajo,Población ocupada,2020,Mujeres,Sin discapacidad,Guanajuato,18-29,278047.0,633678.0,42694.0,,"Censo de Población y Vivienda, cuestionario ampliado (INEGI)",Personas de 18 años o más,censo
trabajo,Población ocupada,2020,Mujeres,Sin discapacidad,Guanajuato,30-44,349857.0,663544.0,45360.0,,"Censo de Población y Vivienda, cuestionario ampliado (INEGI)",Personas de 18 años o más,censo
trabajo,Población ocupada,2020,Mujeres,Sin discapacidad,Guanajuato,45-59,208892.0,464364.0,31781.0,,"Censo de Población y Vivienda, cuestionario ampliado (INEGI)",Personas de 18 años o más,censo
trabajo,Población ocupada,2020,Mujeres,Sin discapacidad,Guanajuato,60+,49273.0,271895.0,19886.0,,"Censo de Población y Vivienda, cuestionario ampliado (INEGI)",Personas de 18 años o más,censo
trabajo,Población ocupada,2020,Mujeres,Sin discapacidad,Guerrero,18-29,118776.0,343102.0,71592.0,,"Censo de Población y Vivienda, cuestionario ampliado (INEGI)",Personas de 18 años o más,censo
trabajo,Población ocupada,2020,Mujeres,Sin discapacidad,Guerrero,30-44,180364.0,349172.0,66171.0,,"Censo de Población y Vivienda, cuestionario ampliado (INEGI)",Personas de 18 años o más,censo
trabajo,Población ocupada,2020,Mujeres,Sin discapacidad,Guerrero,45-59,120943.0,252769.0,46153.0,,"Censo de Población y Vivienda, cuestionario ampliado (INEGI)",Personas de 18 años o más,censo
trabajo,Población ocupada,2020,Mujeres,Sin discapacidad,Guerrero,60+,41299.0,170601.0,33138.0,,"Censo de Población y Vivienda, cuestionario ampliado (INEGI)",Personas de 18 años o más,censo
trabajo,Población ocupada,2020,Mujeres,Sin discapacidad,Hidalgo,18-29,113881.0,289032.0,46280.0,,"Censo de Población y Vivienda, cuestionario ampliado (INEGI)",Personas de 18 años o más,censo
trabajo,Población ocupada,2020,Mujeres,Sin discapacidad,Hidalgo,30-44,184823.0,341434.0,53792.0,,"Censo de Población y Vivienda, cuestionario ampliado (INEGI)",Personas de 18 años o más,censo
trabajo,Población ocupada,2020,Mujeres,Sin discapacidad,Hidalgo,45-59,119671.0,253636.0,40324.0,,"Censo de Población y Vivienda, cuestionario ampliado (INEGI)",Personas de 18 años o más,censo
trabajo,Población ocupada,2020,Mujeres,Sin discapacidad,Hidalgo,60+,33044.0,159690.0,27372.0,,"Censo de Población y Vivienda, cuestionario ampliado (INEGI)",Personas de 18 años o más,censo
trabajo,Población ocupada,2020,Mujeres,Sin discapacidad,Jalisco,18-29,418147.0,827508.0,72858.0,,"Censo de Población y Vivienda, cuestionario ampliado (INEGI)",Personas de 18 años o más,censo
trabajo,Población ocupada,2020,Mujeres,Sin discapacidad,Jalisco,30-44,529124.0,893028.0,80209.0,,"Censo de Población y Vivienda, cuestionario ampliado (INEGI)",Personas de 18 años o más,censo
trabajo,Población ocupada,2020,Mujeres,Sin discapacidad,Jalisco,45-59,326124.0,646869.0,57078.0,,"Censo de Población y Vivienda, cuestionario ampliado (INEGI)",Personas de 18 años o más,censo
trabajo,Población ocupada,2020,Mujeres,Sin discapacidad,Jalisco,60+,85565.0,426406.0,40563.0,,"Censo de Población y Vivienda, cuestionario ampliado (INEGI)",Personas de 18 años o más,censo
trabajo,Población ocupada,2020,Mujeres,Sin discapacidad,Michoacán,18-29,180137.0,461524.0,67214.0,,"Censo de Población y Vivienda, cuestionario ampliado (INEGI)",Personas de 18 años o más,censo
trabajo,Población ocupada,2020,Mujeres,Sin discapacidad,Michoacán,30-44,244394.0,481854.0,70285.0,,"Censo de Población y Vivienda, cuestionario ampliado (INEGI)",Personas de 18 años o más,censo
trabajo,Población ocupada,2020,Mujeres,Sin discapacidad,Michoacán,45-59,168868.0,361381.0,51014.0,,"Censo de Población y Vivienda, cuestionario ampliado (INEGI)",Personas de 18 años o más,censo
trabajo,Población ocupada,2020,Mujeres,Sin discapacidad,Michoacán,60+,51276.0,247158.0,37605.0,,"Censo de Población y Vivienda, cuestionario ampliado (INEGI)",Personas de 18 años o más,censo
trabajo,Población ocupada,2020,Mujeres,Sin discapacidad,Morelos,18-29,87351.0,189712.0,23464.0,,"Censo de Población y Vivienda, cuestionario ampliado (INEGI)",Personas de 18 años o más,censo
trabajo,Población ocupada,2020,Mujeres,Sin discapacidad,Morelos,30-44,129178.0,209954.0,25414.0,,"Censo de Población y Vivienda, cuestionario ampliado (INEGI)",Personas de 18 años o más,censo
trabajo,Población ocupada,2020,Mujeres,Sin discapacidad,Morelos,45-59,94367.0,170519.0,19605.0,,"Censo de Población y Vivienda, cuestionario ampliado (INEGI)",Personas de 18 años o más,censo
trabajo,Población ocupada,2020,Mujeres,Sin discapacidad,Morelos,60+,28019.0,109443.0,12597.0,,"Censo de Población y Vivienda, cuestionario ampliado (INEGI)",Personas de 18 años o más,censo
trabajo,Población ocupada,2020,Mujeres,Sin discapacidad,México,18-29,646230.0,1670513.0,122214.0,,"Censo de Población y Vivienda, cuestionario ampliado (INEGI)",Personas de 18 años o más,censo
trabajo,Población ocupada,2020,Mujeres,Sin discapacidad,México,30-44,1012448.0,1888278.0,135859.0,,"Censo de Población y Vivienda, cuestionario ampliado (INEGI)",Personas de 18 años o más,censo
trabajo,Población ocupada,2020,Mujeres,Sin discapacidad,México,45-59,700118.0,1480720.0,99355.0,,"Censo de Población y Vivienda, cuestionario ampliado (INEGI)",Personas de 18 años o más,censo
trabajo,Población ocupada,2020,Mujeres,Sin discapacidad,México,60+,170439.0,856507.0,56109.0,,"Censo de Población y Vivienda, cuestionario ampliado (INEGI)",Personas de 18 años o más,censo
trabajo,Población ocupada,2020,Mujeres,Sin discapacidad,Nayarit,18-29,49054.0,113006.0,16726.0,,"Censo de Población y Vivienda, cuestionario ampliado (INEGI)",Personas de 18 años o más,censo
trabajo,Población ocupada,2020,Mujeres,Sin discapacidad,Nayarit,30-44,75010.0,126800.0,17054.0,,"Censo de Población y Vivienda, cuestionario ampliado (INEGI)",Personas de 18 años o más,censo
trabajo,Población ocupada,2020,Mujeres,Sin discapacidad,Nayarit,45-59,46966.0,93871.0,12204.0,,"Censo de Población y Vivienda, cuestionario ampliado (INEGI)",Personas de 18 años o más,censo
trabajo,Población ocupada,2020,Mujeres,Sin discapacidad,Nayarit,60+,12093.0,60737.0,8256.0,,"Censo de Población y Vivienda, cuestionario ampliado (INEGI)",Personas de 18 años o más,censo
trabajo,Población ocupada,2020,Mujeres,Sin discapacidad,Nuevo León,18-29,255896.0,567233.0,31980.0,,"Censo de Población y Vivienda, cuestionario ampliado (INEGI)",Personas de 18 años o más,censo
trabajo,Población ocupada,2020,Mujeres,Sin discapacidad,Nuevo León,30-44,332695.0,618239.0,35232.0,,"Censo de Población y Vivienda, cuestionario ampliado (INEGI)",Personas de 18 años o más,censo
trabajo,Población ocupada,2020,Mujeres,Sin discapacidad,Nuevo León,45-59,221601.0,478264.0,26128.0,,"Censo de Población y Vivienda, cuestionario ampliado (INEGI)",Personas de 18 años o más,censo
trabajo,Población ocupada,2020,Mujeres,Sin discapacidad,Nuevo León,60+,44807.0,304598.0,17005.0,,"Censo de Población y Vivienda, cuestionario ampliado (INEGI)",Personas de 18 años o más,censo
trabajo,Población ocupada,2020,Mujeres,Sin discapacidad,Oaxaca,18-29,135012.0,382809.0,177112.0,,"Censo de Población y Vivienda, cuestionario ampliado (INEGI)",Personas de 18 años o más,censo
trabajo,Población ocupada,2020,Mujeres,Sin discapacidad,Oaxaca,30-44,209905.0,430316.0,189979.0,,"Censo de Población y Vivienda, cuestionario ampliado (INEGI)",Personas de 18 años o más,censo
trabajo,Población ocupada,2020,Mujeres,Sin discapacidad,Oaxaca,45-59,137445.0,309481.0,136660.0,,"Censo de Población y Vivienda, cuestionario ampliado (INEGI)",Personas de 18 años o más,censo
trabajo,Población ocupada,2020,Mujeres,Sin discapacidad,Oaxaca,60+,48892.0,217569.0,105128.0,,"Censo de Población y Vivienda, cuestionario ampliado (INEGI)",Personas de 18 años o más,censo
trabajo,Población ocupada,2020,Mujeres,Sin discapacidad,Puebla,18-29,248093.0,664394.0,125786.0,,"Censo de Población y Vivienda, cuestionario ampliado (INEGI)",Personas de 18 años o más,censo
trabajo,Población ocupada,2020,Mujeres,Sin discapacidad,Puebla,30-44,366665.0,713092.0,129381.0,,"Censo de Población y Vivienda, cuestionario ampliado (INEGI)",Personas de 18 años o más,censo
trabajo,Población ocupada,2020,Mujeres,Sin discapacidad,Puebla,45-59,230465.0,495705.0,89093.0,,"Censo de Población y Vivienda, cuestionario ampliado (INEGI)",Personas de 18 años o más,censo
trabajo,Población ocupada,2020,Mujeres,Sin discapacidad,Puebla,60+,66082.0,320930.0,63147.0,,"Censo de Población y Vivienda, cuestionario ampliado (INEGI)",Personas de 18 años o más,censo
trabajo,Población ocupada,2020,Mujeres,Sin discapacidad,Querétaro,18-29,118186.0,244319.0,15173.0,,"Censo de Población y Vivienda, cuestionario ampliado (INEGI)",Personas de 18 años o más,censo
trabajo,Población ocupada,2020,Mujeres,Sin discapacidad,Querétaro,30-44,162474.0,276254.0,16381.0,,"Censo de Población y Vivienda, cuestionario ampliado (INEGI)",Personas de 18 años o más,censo
trabajo,Población ocupada,2020,Mujeres,Sin discapacidad,Querétaro,45-59,95115.0,187100.0,10785.0,,"Censo de Población y Vivienda, cuestionario ampliado (INEGI)",Personas de 18 años o más,censo
trabajo,Población ocupada,2020,Mujeres,Sin discapacidad,Querétaro,60+,19424.0,109707.0,6500.0,,"Censo de Población y Vivienda, cuestionario ampliado (INEGI)",Personas de 18 años o más,censo
trabajo,Población ocupada,2020,Mujeres,Sin discapacidad,Quintana Roo,18-29,92489.0,195516.0,8024.0,,"Censo de Población y Vivienda, cuestionario ampliado (INEGI)",Personas de 18 años o más,censo
trabajo,Población ocupada,2020,Mujeres,Sin discapacidad,Quintana Roo,30-44,131988.0,233644.0,9148.0,,"Censo de Población y Vivienda, cuestionario ampliado (INEGI)",Personas de 18 años o más,censo
trabajo,Población ocupada,2020,Mujeres,Sin discapacidad,Quintana Roo,45-59,64502.0,128581.0,5222.0,,"Censo de Población y Vivienda, cuestionario ampliado (INEGI)",Personas de 18 años o más,censo
trabajo,Población ocupada,2020,Mujeres,Sin discapacidad,Quintana Roo,60+,11712.0,58987.0,2630.0,,"Censo de Población y Vivienda, cuestionario ampliado (INEGI)",Personas de 18 años o más,censo
trabajo,Población ocupada,2020,Mujeres,Sin discapacidad,San Luis Potosí,18-29,114388.0,274424.0,33550.0,,"Censo de Población y Vivienda, cuestionario ampliado (INEGI)",Personas de 18 años o más,censo
trabajo,Población ocupada,2020,Mujeres,Sin discapacidad,San Luis Potosí,30-44,155774.0,298434.0,35430.0,,"Censo de Población y Vivienda, cuestionario ampliado (INEGI)",Personas de 18 años o más,censo
trabajo,Población ocupada,2020,Mujeres,Sin discapacidad,San Luis Potosí,45-59,97212.0,217904.0,25986.0,,"Censo de Población y Vivienda, cuestionario ampliado (INEGI)",Personas de 18 años o más,censo
trabajo,Población ocupada,2020,Mujeres,Sin discapacidad,San Luis Potosí,60+,26088.0,151105.0,19767.0,,"Censo de Población y Vivienda, cuestionario ampliado (INEGI)",Personas de 18 años o más,censo
trabajo,Población ocupada,2020,Mujeres,Sin discapacidad,Sinaloa,18-29,121344.0,294332.0,15379.0,,"Censo de Población y Vivienda, cuestionario ampliado (INEGI)",Personas de 18 años o más,censo
trabajo,Población ocupada,2020,Mujeres,Sin discapacidad,Sinaloa,30-44,179416.0,304903.0,16173.0,,"Censo de Población y Vivienda, cuestionario ampliado (INEGI)",Personas de 18 años o más,censo
trabajo,Población ocupada,2020,Mujeres,Sin discapacidad,Sinaloa,45-59,118637.0,245858.0,13169.0,,"Censo de Población y Vivienda, cuestionario ampliado (INEGI)",Personas de 18 años o más,censo
trabajo,Población ocupada,2020,Mujeres,Sin discapacidad,Sinaloa,60+,25667.0,161101.0,9148.0,,"Censo de Población y Vivienda, cuestionario ampliado (INEGI)",Personas de 18 años o más,censo
trabajo,Población ocupada,2020,Mujeres,Sin discapacidad,Sonora,18-29,122595.0,278303.0,22485.0,,"Censo de Población y Vivienda, cuestionario ampliado (INEGI)",Personas de 18 años o más,censo
trabajo,Población ocupada,2020,Mujeres,Sin discapacidad,Sonora,30-44,176231.0,304186.0,25359.0,,"Censo de Población y Vivienda, cuestionario ampliado (INEGI)",Personas de 18 años o más,censo
trabajo,Población ocupada,2020,Mujeres,Sin discapacidad,Sonora,45-59,114732.0,236046.0,20906.0,,"Censo de Población y Vivienda, cuestionario ampliado (INEGI)",Personas de 18 años o más,censo
trabajo,Población ocupada,2020,Mujeres,Sin discapacidad,Sonora,60+,27023.0,151631.0,14455.0,,"Censo de Población y Vivienda, cuestionario ampliado (INEGI)",Personas de 18 años o más,censo
trabajo,Población ocupada,2020,Mujeres,Sin discapacidad,Tabasco,18-29,71183.0,226349.0,14601.0,,"Censo de Población y Vivienda, cuestionario ampliado (INEGI)",Personas de 18 años o más,censo
trabajo,Población ocupada,2020,Mujeres,Sin discapacidad,Tabasco,30-44,125457.0,272548.0,17649.0,,"Censo de Población y Vivienda, cuestionario ampliado (INEGI)",Personas de 18 años o más,censo
trabajo,Población ocupada,2020,Mujeres,Sin discapacidad,Tabasco,45-59,74847.0,183843.0,12418.0,,"Censo de Población y Vivienda, cuestionario ampliado (INEGI)",Personas de 18 años o más,censo
trabajo,Población ocupada,2020,Mujeres,Sin discapacidad,Tabasco,60+,18026.0,96324.0,6697.0,,"Censo de Población y Vivienda, cuestionario ampliado (INEGI)",Personas de 18 años o más,censo
trabajo,Población ocupada,2020,Mujeres,Sin discapacidad,Tamaulipas,18-29,144647.0,333325.0,21422.0,,"Censo de Población y Vivienda, cuestionario ampliado (INEGI)",Personas de 18 años o más,censo
trabajo,Población ocupada,2020,Mujeres,Sin discapacidad,Tamaulipas,30-44,209226.0,377859.0,25338.0,,"Censo de Población y Vivienda, cuestionario ampliado (INEGI)",Personas de 18 años o más,censo
trabajo,Población ocupada,2020,Mujeres,Sin discapacidad,Tamaulipas,45-59,141630.0,299971.0,20871.0,,"Censo de Población y Vivienda, cuestionario ampliado (INEGI)",Personas de 18 años o más,censo
trabajo,Población ocupada,2020,Mujeres,Sin discapacidad,Tamaulipas,60+,32296.0,179281.0,14611.0,,"Censo de Población y Vivienda, cuestionario ampliado (INEGI)",Personas de 18 años o más,censo
trabajo,Población ocupada,2020,Mujeres,Sin discapacidad,Tlaxcala,18-29,49413.0,132489.0,34859.0,,"Censo de Población y Vivienda, cuestionario ampliado (INEGI)",Personas de 18 años o más,censo
trabajo,Población ocupada,2020,Mujeres,Sin discapacidad,Tlaxcala,30-44,78549.0,146931.0,37786.0,,"Censo de Población y Vivienda, cuestionario ampliado (INEGI)",Personas de 18 años o más,censo
trabajo,Población ocupada,2020,Mujeres,Sin discapacidad,Tlaxcala,45-59,50244.0,106952.0,27432.0,,"Censo de Población y Vivienda, cuestionario ampliado (INEGI)",Personas de 18 años o más,censo
trabajo,Población ocupada,2020,Mujeres,Sin discapacidad,Tlaxcala,60+,13391.0,63248.0,16657.0,,"Censo de Población y Vivienda, cuestionario ampliado (INEGI)",Personas de 18 años o más,censo
trabajo,Población ocupada,2020,Mujeres,Sin discapacidad,Veracruz,18-29,249572.0,734249.0,130345.0,,"Censo de Población y Vivienda, cuestionario ampliado (INEGI)",Personas de 18 años o más,censo
trabajo,Población ocupada,2020,Mujeres,Sin discapacidad,Veracruz,30-44,401277.0,866665.0,145831.0,,"Censo de Población y Vivienda, cuestionario ampliado (INEGI)",Personas de 18 años o más,censo
trabajo,Población ocupada,2020,Mujeres,Sin discapacidad,Veracruz,45-59,288091.0,702176.0,110351.0,,"Censo de Población y Vivienda, cuestionario ampliado (INEGI)",Personas de 18 años o más,censo
trabajo,Población ocupada,2020,Mujeres,Sin discapacidad,Veracruz,60+,84957.0,478881.0,74337.0,,"Censo de Población y Vivienda, cuestionario ampliado (INEGI)",Personas de 18 años o más,censo
trabajo,Población ocupada,2020,Mujeres,Sin discapacidad,Yucatán,18-29,99571.0,227844.0,45929.0,,"Censo de Población y Vivienda, cuestionario ampliado (INEGI)",Personas de 18 años o más,censo
trabajo,Población ocupada,2020,Mujeres,Sin discapacidad,Yucatán,30-44,146289.0,255228.0,50553.0,,"Censo de Población y Vivienda, cuestionario ampliado (INEGI)",Personas de 18 años o más,censo
trabajo,Población ocupada,2020,Mujeres,Sin discapacidad,Yucatán,45-59,88749.0,182570.0,32824.0,,"Censo de Población y Vivienda, cuestionario ampliado (INEGI)",Personas de 18 años o más,censo
trabajo,Población ocupada,2020,Mujeres,Sin discapacidad,Yucatán,60+,20520.0,114770.0,21089.0,,"Censo de Población y Vivienda, cuestionario ampliado (INEGI)",Personas de 18 años o más,censo
trabajo,Población ocupada,2020,Mujeres,Sin discapacidad,Zacatecas,18-29,53545.0,152764.0,26364.0,,"Censo de Población y Vivienda, cuestionario ampliado (INEGI)",Personas de 18 años o más,censo
trabajo,Población ocupada,2020,Mujeres,Sin discapacidad,Zacatecas,30-44,76377.0,168730.0,29181.0,,"Censo de Población y Vivienda, cuestionario ampliado (INEGI)",Personas de 18 años o más,censo
trabajo,Población ocupada,2020,Mujeres,Sin discapacidad,Zacatecas,45-59,48348.0,120623.0,21506.0,,"Censo de Población y Vivienda, cuestionario ampliado (INEGI)",Personas de 18 años o más,censo
trabajo,Población ocupada,2020,Mujeres,Sin discapacidad,Zacatecas,60+,10163.0,73591.0,15131.0,,"Censo de Población y Vivienda, cuestionario ampliado (INEGI)",Personas de 18 años o más,censo
trabajo,Se dedica a los quehaceres del hogar,2020,Hombres,Con discapacidad,Aguascalientes,18-29,38.0,3461.0,208.0,,"Censo de Población y Vivienda, cuestionario ampliado (INEGI)",Personas de 18 años o más,censo
trabajo,Se dedica a los quehaceres del hogar,2020,Hombres,Con discapacidad,Aguascalientes,30-44,131.0,5243.0,322.0,,"Censo de Población y Vivienda, cuestionario ampliado (INEGI)",Personas de 18 años o más,censo
trabajo,Se dedica a los quehaceres del hogar,2020,Hombres,Con discapacidad,Aguascalientes,45-59,178.0,6333.0,459.0,,"Censo de Población y Vivienda, cuestionario ampliado (INEGI)",Personas de 18 años o más,censo
trabajo,Se dedica a los quehaceres del hogar,2020,Hombres,Con discapacidad,Aguascalientes,60+,601.0,13270.0,995.0,,"Censo de Población y Vivienda, cuestionario ampliado (INEGI)",Personas de 18 años o más,censo
trabajo,Se dedica a los quehaceres del hogar,2020,Hombres,Con discapacidad,Baja California,18-29,267.0,8010.0,170.0,,"Censo de Población y Vivienda, cuestionario ampliado (INEGI)",Personas de 18 años o más,censo
trabajo,Se dedica a los quehaceres del hogar,2020,Hombres,Con discapacidad,Baja California,30-44,0.0,9875.0,205.0,,"Censo de Población y Vivienda, cuestionario ampliado (INEGI)",Personas de 18 años o más,censo
trabajo,Se dedica a los quehaceres del hogar,2020,Hombres,Con discapacidad,Baja California,45-59,104.0,15222.0,352.0,,"Censo de Población y Vivienda, cuestionario ampliado (INEGI)",Personas de 18 años o más,censo
trabajo,Se dedica a los quehaceres del hogar,2020,Hombres,Con discapacidad,Baja California,60+,822.0,29937.0,653.0,,"Censo de Población y Vivienda, cuestionario ampliado (INEGI)",Personas de 18 años o más,censo
trabajo,Se dedica a los quehaceres del hogar,2020,Hombres,Con discapacidad,Baja California Sur,18-29,44.0,1233.0,71.0,,"Censo de Población y Vivienda, cuestionario ampliado (INEGI)",Personas de 18 años o más,censo
trabajo,Se dedica a los quehaceres del hogar,2020,Hombres,Con discapacidad,Baja California Sur,30-44,9.0,1996.0,121.0,,"Censo de Población y Vivienda, cuestionario ampliado (INEGI)",Personas de 18 años o más,censo
trabajo,Se dedica a los quehaceres del hogar,2020,Hombres,Con discapacidad,Baja California Sur,45-59,79.0,3105.0,190.0,,"Censo de Población y Vivienda, cuestionario ampliado (INEGI)",Personas de 18 años o más,censo
trabajo,Se dedica a los quehaceres del hogar,2020,Hombres,Con discapacidad,Baja California Sur,60+,229.0,6334.0,415.0,,"Censo de Población y Vivienda, cuestionario ampliado (INEGI)",Personas de 18 años o más,censo
trabajo,Se dedica a los quehaceres del hogar,2020,Hombres,Con discapacidad,Campeche,18-29,0.0,2019.0,169.0,,"Censo de Población y Vivienda, cuestionario ampliado (INEGI)",Personas de 18 años o más,censo
trabajo,Se dedica a los quehaceres del hogar,2020,Hombres,Con discapacidad,Campeche,30-44,9.0,2332.0,231.0,,"Censo de Población y Vivienda, cuestionario ampliado (INEGI)",Personas de 18 años o más,censo
trabajo,Se dedica a los quehaceres del hogar,2020,Hombres,Con discapacidad,Campeche,45-59,119.0,4824.0,419.0,,"Censo de Población y Vivienda, cuestionario ampliado (INEGI)",Personas de 18 años o más,censo
trabajo,Se dedica a los quehaceres del hogar,2020,Hombres,Con discapacidad,Campeche,60+,192.0,11431.0,1095.0,,"Censo de Población y Vivienda, cuestionario ampliado (INEGI)",Personas de 18 años o más,censo
trabajo,Se dedica a los quehaceres del hogar,2020,Hombres,Con discapacidad,Chiapas,18-29,147.0,8941.0,1932.0,,"Censo de Población y Vivienda, cuestionario ampliado (INEGI)",Personas de 18 años o más,censo
trabajo,Se dedica a los quehaceres del hogar,2020,Hombres,Con discapacidad,Chiapas,30-44,225.0,11129.0,2363.0,,"Censo de Población y Vivienda, cuestionario ampliado (INEGI)",Personas de 18 años o más,censo
trabajo,Se dedica a los quehaceres del hogar,2020,Hombres,Con discapacidad,Chiapas,45-59,445.0,17635.0,3449.0,,"Censo de Población y Vivienda, cuestionario ampliado (INEGI)",Personas de 18 años o más,censo
trabajo,Se dedica a los quehaceres del hogar,2020,Hombres,Con discapacidad,Chiapas,60+,1672.0,49681.0,10325.0,,"Censo de Población y Vivienda, cuestionario ampliado (INEGI)",Personas de 18 años o más,censo
trabajo,Se dedica a los quehaceres del hogar,2020,Hombres,Con discapacidad,Chihuahua,18-29,51.0,6278.0,476.0,,"Censo de Población y Vivienda, cuestionario ampliado (INEGI)",Personas de 18 años o más,censo
trabajo,Se dedica a los quehaceres del hogar,2020,Hombres,Con discapacidad,Chihuahua,30-44,14.0,7379.0,701.0,,"Censo de Población y Vivienda, cuestionario ampliado (INEGI)",Personas de 18 años o más,censo
trabajo,Se dedica a los quehaceres del hogar,2020,Hombres,Con discapacidad,Chihuahua,45-59,319.0,15419.0,1353.0,,"Censo de Población y Vivienda, cuestionario ampliado (INEGI)",Personas de 18 años o más,censo
trabajo,Se dedica a los quehaceres del hogar,2020,Hombres,Con discapacidad,Chihuahua,60+,1398.0,32345.0,4275.0,,"Censo de Población y Vivienda, cuestionario ampliado (INEGI)",Personas de 18 años o más,censo
trabajo,Se dedica a los quehaceres del hogar,2020,Hombres,Con discapacidad,Ciudad de México,18-29,241.0,18269.0,546.0,,"Censo de Población y Vivienda, cuestionario ampliado (INEGI)",Personas de 18 años o más,censo
trabajo,Se dedica a los quehaceres del hogar,2020,Hombres,Con discapacidad,Ciudad de México,30-44,468.0,22825.0,718.0,,"Censo de Población y Vivienda, cuestionario ampliado (INEGI)",Personas de 18 años o más,censo
trabajo,Se dedica a los quehaceres del hogar,2020,Hombres,Con discapacidad,Ciudad de México,45-59,646.0,41893.0,1277.0,,"Censo de Población y Vivienda, cuestionario ampliado (INEGI)",Personas de 18 años o más,censo
trabajo,Se dedica a los quehaceres del hogar,2020,Hombres,Con discapacidad,Ciudad de México,60+,3847.0,103507.0,2978.0,,"Censo de Población y Vivienda, cuestionario ampliado (INEGI)",Personas de 18 años o más,censo
trabajo,Se dedica a los quehaceres del hogar,2020,Hombres,Con discapacidad,Coahuila,18-29,52.0,4932.0,370.0,,"Censo de Población y Vivienda, cuestionario ampliado (INEGI)",Personas de 18 años o más,censo
trabajo,Se dedica a los quehaceres del hogar,2020,Hombres,Con discapacidad,Coahuila,30-44,24.0,7443.0,585.0,,"Censo de Población y Vivienda, cuestionario ampliado (INEGI)",Personas de 18 años o más,censo
trabajo,Se dedica a los quehaceres del hogar,2020,Hombres,Con discapacidad,Coahuila,45-59,129.0,12133.0,1061.0,,"Censo de Población y Vivienda, cuestionario ampliado (INEGI)",Personas de 18 años o más,censo
trabajo,Se dedica a los quehaceres del hogar,2020,Hombres,Con discapacidad,Coahuila,60+,400.0,27202.0,2561.0,,"Censo de Población y Vivienda, cuestionario ampliado (INEGI)",Personas de 18 años o más,censo
trabajo,Se dedica a los quehaceres del hogar,2020,Hombres,Con discapacidad,Colima,18-29,0.0,1195.0,120.0,,"Censo de Población y Vivienda, cuestionario ampliado (INEGI)",Personas de 18 años o más,censo
trabajo,Se dedica a los quehaceres del hogar,2020,Hombres,Con discapacidad,Colima,30-44,37.0,2026.0,193.0,,"Censo de Población y Vivienda, cuestionario ampliado (INEGI)",Personas de 18 años o más,censo
trabajo,Se dedica a los quehaceres del hogar,2020,Hombres,Con discapacidad,Colima,45-59,138.0,3275.0,311.0,,"Censo de Población y Vivienda, cuestionario ampliado (INEGI)",Personas de 18 años o más,censo
trabajo,Se dedica a los quehaceres del hogar,2020,Hombres,Con discapacidad,Colima,60+,206.0,8441.0,868.0,,"Censo de Población y Vivienda, cuestionario ampliado (INEGI)",Personas de 18 años o más,censo
trabajo,Se dedica a los quehaceres del hogar,2020,Hombres,Con discapacidad,Durango,18-29,41.0,4147.0,524.0,,"Censo de Población y Vivienda, cuestionario ampliado (INEGI)",Personas de 18 años o más,censo
trabajo,Se dedica a los quehaceres del hogar,2020,Hombres,Con discapacidad,Durango,30-44,115.0,5311.0,742.0,,"Censo de Población y Vivienda, cuestionario ampliado (INEGI)",Personas de 18 años o más,censo
trabajo,Se dedica a los quehaceres del hogar,2020,Hombres,Con discapacidad,Durango,45-59,257.0,7987.0,1176.0,,"Censo de Población y Vivienda, cuestionario ampliado (INEGI)",Personas de 18 años o más,censo
trabajo,Se dedica a los quehaceres del hogar,2020,Hombres,Con discapacidad,Durango,60+,786.0,21066.0,3661.0,,"Censo de Población y Vivienda, cuestionario ampliado (INEGI)",Personas de 18 años o más,censo
trabajo,Se dedica a los quehaceres del hogar,2020,Hombres,Con discapacidad,Guanajuato,18-29,315.0,12356.0,826.0,,"Censo de Población y Vivienda, cuestionario ampliado (INEGI)",Personas de 18 años o más,censo
trabajo,Se dedica a los quehaceres del hogar,2020,Hombres,Con discapacidad,Guanajuato,30-44,410.0,16482.0,1015.0,,"Censo de Población y Vivienda, cuestionario ampliado (INEGI)",Personas de 18 años o más,censo
trabajo,Se dedica a los quehaceres del hogar,2020,Hombres,Con discapacidad,Guanajuato,45-59,528.0,23789.0,1548.0,,"Censo de Población y Vivienda, cuestionario ampliado (INEGI)",Personas de 18 años o más,censo
trabajo,Se dedica a los quehaceres del hogar,2020,Hombres,Con discapacidad,Guanajuato,60+,2470.0,58791.0,4565.0,,"Censo de Población y Vivienda, cuestionario ampliado (INEGI)",Personas de 18 años o más,censo
trabajo,Se dedica a los quehaceres del hogar,2020,Hombres,Con discapacidad,Guerrero,18-29,304.0,7064.0,1659.0,,"Censo de Población y Vivienda, cuestionario ampliado (INEGI)",Personas de 18 años o más,censo
trabajo,Se dedica a los quehaceres del hogar,2020,Hombres,Con discapacidad,Guerrero,30-44,232.0,10808.0,2135.0,,"Censo de Población y Vivienda, cuestionario ampliado (INEGI)",Personas de 18 años o más,censo
trabajo,Se dedica a los quehaceres del hogar,2020,Hombres,Con discapacidad,Guerrero,45-59,701.0,17388.0,3329.0,,"Censo de Población y Vivienda, cuestionario ampliado (INEGI)",Personas de 18 años o más,censo
trabajo,Se dedica a los quehaceres del hogar,2020,Hombres,Con discapacidad,Guerrero,60+,3406.0,50415.0,10636.0,,"Censo de Población y Vivienda, cuestionario ampliado (INEGI)",Personas de 18 años o más,censo
trabajo,Se dedica a los quehaceres del hogar,2020,Hombres,Con discapacidad,Hidalgo,18-29,115.0,6424.0,997.0,,"Censo de Población y Vivienda, cuestionario ampliado (INEGI)",Personas de 18 años o más,censo
trabajo,Se dedica a los quehaceres del hogar,2020,Hombres,Con discapacidad,Hidalgo,30-44,58.0,7747.0,1367.0,,"Censo de Población y Vivienda, cuestionario ampliado (INEGI)",Personas de 18 años o más,censo
trabajo,Se dedica a los quehaceres del hogar,2020,Hombres,Con discapacidad,Hidalgo,45-59,338.0,13990.0,2301.0,,"Censo de Población y Vivienda, cuestionario ampliado (INEGI)",Personas de 18 años o más,censo
trabajo,Se dedica a los quehaceres del hogar,2020,Hombres,Con discapacidad,Hidalgo,60+,1828.0,36669.0,7062.0,,"Censo de Población y Vivienda, cuestionario ampliado (INEGI)",Personas de 18 años o más,censo
trabajo,Se dedica a los quehaceres del hogar,2020,Hombres,Con discapacidad,Jalisco,18-29,259.0,13492.0,1445.0,,"Censo de Población y Vivienda, cuestionario ampliado (INEGI)",Personas de 18 años o más,censo
trabajo,Se dedica a los quehaceres del hogar,2020,Hombres,Con discapacidad,Jalisco,30-44,133.0,20557.0,2042.0,,"Censo de Población y Vivienda, cuestionario ampliado (INEGI)",Personas de 18 años o más,censo
trabajo,Se dedica a los quehaceres del hogar,2020,Hombres,Con discapacidad,Jalisco,45-59,499.0,32987.0,3364.0,,"Censo de Población y Vivienda, cuestionario ampliado (INEGI)",Personas de 18 años o más,censo
trabajo,Se dedica a los quehaceres del hogar,2020,Hombres,Con discapacidad,Jalisco,60+,2097.0,82156.0,10143.0,,"Censo de Población y Vivienda, cuestionario ampliado (INEGI)",Personas de 18 años o más,censo
trabajo,Se dedica a los quehaceres del hogar,2020,Hombres,Con discapacidad,Michoacán,18-29,148.0,8489.0,1346.0,,"Censo de Población y Vivienda, cuestionario ampliado (INEGI)",Personas de 18 años o más,censo
trabajo,Se dedica a los quehaceres del hogar,2020,Hombres,Con discapacidad,Michoacán,30-44,89.0,12658.0,1981.0,,"Censo de Población y Vivienda, cuestionario ampliado (INEGI)",Personas de 18 años o más,censo
trabajo,Se dedica a los quehaceres del hogar,2020,Hombres,Con discapacidad,Michoacán,45-59,438.0,20204.0,3252.0,,"Censo de Población y Vivienda, cuestionario ampliado (INEGI)",Personas de 18 años o más,censo
trabajo,Se dedica a los quehaceres del hogar,2020,Hombres,Con discapacidad,Michoacán,60+,1678.0,59609.0,10368.0,,"Censo de Población y Vivienda, cuestionario ampliado (INEGI)",Personas de 18 años o más,censo
trabajo,Se dedica a los quehaceres del hogar,2020,Hombres,Con discapacidad,Morelos,18-29,107.0,3472.0,451.0,,"Censo de Población y Vivienda, cuestionario ampliado (INEGI)",Personas de 18 años o más,censo
trabajo,Se dedica a los quehaceres del hogar,2020,Hombres,Con discapacidad,Morelos,30-44,94.0,5472.0,634.0,,"Censo de Población y Vivienda, cuestionario ampliado (INEGI)",Personas de 18 años o más,censo
trabajo,Se dedica a los quehaceres del hogar,2020,Hombres,Con discapacidad,Morelos,45-59,203.0,9318.0,1109.0,,"Censo de Población y Vivienda, cuestionario ampliado (INEGI)",Personas de 18 años o más,censo
trabajo,Se dedica a los quehaceres del hogar,2020,Hombres,Con discapacidad,Morelos,60+,1108.0,25720.0,3142.0,,"Censo de Población y Vivienda, cuestionario ampliado (INEGI)",Personas de 18 años o más,censo
trabajo,Se dedica a los quehaceres del hogar,2020,Hombres,Con discapacidad,México,18-29,796.0,32393.0,2361.0,,"Censo de Población y Vivienda, cuestionario ampliado (INEGI)",Personas de 18 años o más,censo
trabajo,Se dedica a los quehaceres del hogar,2020,Hombres,Con discapacidad,México,30-44,533.0,42252.0,2931.0,,"Censo de Población y Vivienda, cuestionario ampliado (INEGI)",Personas de 18 años o más,censo
trabajo,Se dedica a los quehaceres del hogar,2020,Hombres,Con discapacidad,México,45-59,1908.0,69055.0,4622.0,,"Censo de Población y Vivienda, cuestionario ampliado (INEGI)",Personas de 18 años o más,censo
trabajo,Se dedica a los quehaceres del hogar,2020,Hombres,Con discapacidad,México,60+,6272.0,140627.0,10310.0,,"Censo de Población y Vivienda, cuestionario ampliado (INEGI)",Personas de 18 años o más,censo
trabajo,Se dedica a los quehaceres del hogar,2020,Hombres,Con discapacidad,Nayarit,18-29,33.0,2943.0,345.0,,"Censo de Población y Vivienda, cuestionario ampliado (INEGI)",Personas de 18 años o más,censo
trabajo,Se dedica a los quehaceres del hogar,2020,Hombres,Con discapacidad,Nayarit,30-44,42.0,2981.0,456.0,,"Censo de Población y Vivienda, cuestionario ampliado (INEGI)",Personas de 18 años o más,censo
trabajo,Se dedica a los quehaceres del hogar,2020,Hombres,Con discapacidad,Nayarit,45-59,168.0,5234.0,749.0,,"Censo de Población y Vivienda, cuestionario ampliado (INEGI)",Personas de 18 años o más,censo
trabajo,Se dedica a los quehaceres del hogar,2020,Hombres,Con discapacidad,Nayarit,60+,568.0,14887.0,2230.0,,"Censo de Población y Vivienda, cuestionario ampliado (INEGI)",Personas de 18 años o más,censo
trabajo,Se dedica a los quehaceres del hogar,2020,Hombres,Con discapacidad,Nuevo León,18-29,287.0,9098.0,531.0,,"Censo de Población y Vivienda, cuestionario ampliado (INEGI)",Personas de 18 años o más,censo
trabajo,Se dedica a los quehaceres del hogar,2020,Hombres,Con discapacidad,Nuevo León,30-44,160.0,10400.0,673.0,,"Censo de Población y Vivienda, cuestionario ampliado (INEGI)",Personas de 18 años o más,censo
trabajo,Se dedica a los quehaceres del hogar,2020,Hombres,Con discapacidad,Nuevo León,45-59,134.0,19101.0,1314.0,,"Censo de Población y Vivienda, cuestionario ampliado (INEGI)",Personas de 18 años o más,censo
trabajo,Se dedica a los quehaceres del hogar,2020,Hombres,Con discapacidad,Nuevo León,60+,936.0,42986.0,3266.0,,"Censo de Población y Vivienda, cuestionario ampliado (INEGI)",Personas de 18 años o más,censo
trabajo,Se dedica a los quehaceres del hogar,2020,Hombres,Con discapacidad,Oaxaca,18-29,193.0,9352.0,4698.0,,"Censo de Población y Vivienda, cuestionario ampliado (INEGI)",Personas de 18 años o más,censo
trabajo,Se dedica a los quehaceres del hogar,2020,Hombres,Con discapacidad,Oaxaca,30-44,345.0,13352.0,6570.0,,"Censo de Población y Vivienda, cuestionario ampliado (INEGI)",Personas de 18 años o más,censo
trabajo,Se dedica a los quehaceres del hogar,2020,Hombres,Con discapacidad,Oaxaca,45-59,665.0,20984.0,10595.0,,"Censo de Población y Vivienda, cuestionario ampliado (INEGI)",Personas de 18 años o más,censo
trabajo,Se dedica a los quehaceres del hogar,2020,Hombres,Con discapacidad,Oaxaca,60+,3609.0,65114.0,35151.0,,"Censo de Población y Vivienda, cuestionario ampliado (INEGI)",Personas de 18 años o más,censo
trabajo,Se dedica a los quehaceres del hogar,2020,Hombres,Con discapacidad,Puebla,18-29,355.0,13887.0,2752.0,,"Censo de Población y Vivienda, cuestionario ampliado (INEGI)",Personas de 18 años o más,censo
trabajo,Se dedica a los quehaceres del hogar,2020,Hombres,Con discapacidad,Puebla,30-44,235.0,15408.0,3569.0,,"Censo de Población y Vivienda, cuestionario ampliado (INEGI)",Personas de 18 años o más,censo
trabajo,Se dedica a los quehaceres del hogar,2020,Hombres,Con discapacidad,Puebla,45-59,322.0,24320.0,5306.0,,"Censo de Población y Vivienda, cuestionario ampliado (INEGI)",Personas de 18 años o más,censo
trabajo,Se dedica a los quehaceres del hogar,2020,Hombres,Con discapacidad,Puebla,60+,2306.0,65207.0,16498.0,,"Censo de Población y Vivienda, cuestionario ampliado (INEGI)",Personas de 18 años o más,censo
trabajo,Se dedica a los quehaceres del hogar,2020,Hombres,Con discapacidad,Querétaro,18-29,72.0,3711.0,302.0,,"Censo de Población y Vivienda, cuestionario ampliado (INEGI)",Personas de 18 años o más,censo
trabajo,Se dedica a los quehaceres del hogar,2020,Hombres,Con discapacidad,Querétaro,30-44,18.0,5237.0,365.0,,"Censo de Población y Vivienda, cuestionario ampliado (INEGI)",Personas de 18 años o más,censo
trabajo,Se dedica a los quehaceres del hogar,2020,Hombres,Con discapacidad,Querétaro,45-59,89.0,8548.0,572.0,,"Censo de Población y Vivienda, cuestionario ampliado (INEGI)",Personas de 18 años o más,censo
trabajo,Se dedica a los quehaceres del hogar,2020,Hombres,Con discapacidad,Querétaro,60+,977.0,20519.0,1580.0,,"Censo de Población y Vivienda, cuestionario ampliado (INEGI)",Personas de 18 años o más,censo
trabajo,Se dedica a los quehaceres del hogar,2020,Hombres,Con discapacidad,Quintana Roo,18-29,24.0,3141.0,129.0,,"Censo de Población y Vivienda, cuestionario ampliado (INEGI)",Personas de 18 años o más,censo
trabajo,Se dedica a los quehaceres del hogar,2020,Hombres,Con discapacidad,Quintana Roo,30-44,0.0,4420.0,203.0,,"Censo de Población y Vivienda, cuestionario ampliado (INEGI)",Personas de 18 años o más,censo
trabajo,Se dedica a los quehaceres del hogar,2020,Hombres,Con discapacidad,Quintana Roo,45-59,20.0,5573.0,278.0,,"Censo de Población y Vivienda, cuestionario ampliado (INEGI)",Personas de 18 años o más,censo
trabajo,Se dedica a los quehaceres del hogar,2020,Hombres,Con discapacidad,Quintana Roo,60+,261.0,10885.0,627.0,,"Censo de Población y Vivienda, cuestionario ampliado (INEGI)",Personas de 18 años o más,censo
trabajo,Se dedica a los quehaceres del hogar,2020,Hombres,Con discapacidad,San Luis Potosí,18-29,383.0,4768.0,720.0,,"Censo de Población y Vivienda, cuestionario ampliado (INEGI)",Personas de 18 años o más,censo
trabajo,Se dedica a los quehaceres del hogar,2020,Hombres,Con discapacidad,San Luis Potosí,30-44,114.0,6817.0,1008.0,,"Censo de Población y Vivienda, cuestionario ampliado (INEGI)",Personas de 18 años o más,censo
trabajo,Se dedica a los quehaceres del hogar,2020,Hombres,Con discapacidad,San Luis Potosí,45-59,269.0,11288.0,1758.0,,"Censo de Población y Vivienda, cuestionario ampliado (INEGI)",Personas de 18 años o más,censo
trabajo,Se dedica a los quehaceres del hogar,2020,Hombres,Con discapacidad,San Luis Potosí,60+,1400.0,34937.0,5832.0,,"Censo de Población y Vivienda, cuestionario ampliado (INEGI)",Personas de 18 años o más,censo
trabajo,Se dedica a los quehaceres del hogar,2020,Hombres,Con discapacidad,Sinaloa,18-29,123.0,5405.0,299.0,,"Censo de Población y Vivienda, cuestionario ampliado (INEGI)",Personas de 18 años o más,censo
trabajo,Se dedica a los quehaceres del hogar,2020,Hombres,Con discapacidad,Sinaloa,30-44,86.0,7793.0,499.0,,"Censo de Población y Vivienda, cuestionario ampliado (INEGI)",Personas de 18 años o más,censo
trabajo,Se dedica a los quehaceres del hogar,2020,Hombres,Con discapacidad,Sinaloa,45-59,350.0,13197.0,790.0,,"Censo de Población y Vivienda, cuestionario ampliado (INEGI)",Personas de 18 años o más,censo
trabajo,Se dedica a los quehaceres del hogar,2020,Hombres,Con discapacidad,Sinaloa,60+,1596.0,35292.0,2265.0,,"Censo de Población y Vivienda, cuestionario ampliado (INEGI)",Personas de 18 años o más,censo
trabajo,Se dedica a los quehaceres del hogar,2020,Hombres,Con discapacidad,Sonora,18-29,72.0,6166.0,513.0,,"Censo de Población y Vivienda, cuestionario ampliado (INEGI)",Personas de 18 años o más,censo
trabajo,Se dedica a los quehaceres del hogar,2020,Hombres,Con discapacidad,Sonora,30-44,69.0,7368.0,677.0,,"Censo de Población y Vivienda, cuestionario ampliado (INEGI)",Personas de 18 años o más,censo
trabajo,Se dedica a los quehaceres del hogar,2020,Hombres,Con discapacidad,Sonora,45-59,200.0,12111.0,1304.0,,"Censo de Población y Vivienda, cuestionario ampliado (INEGI)",Personas de 18 años o más,censo
trabajo,Se dedica a los quehaceres del hogar,2020,Hombres,Con discapacidad,Sonora,60+,735.0,31569.0,3782.0,,"Censo de Población y Vivienda, cuestionario ampliado (INEGI)",Personas de 18 años o más,censo
trabajo,Se dedica a los quehaceres del hogar,2020,Hombres,Con discapacidad,Tabasco,18-29,121.0,6530.0,362.0,,"Censo de Población y Vivienda, cuestionario ampliado (INEGI)",Personas de 18 años o más,censo
trabajo,Se dedica a los quehaceres del hogar,2020,Hombres,Con discapacidad,Tabasco,30-44,216.0,7619.0,530.0,,"Censo de Población y Vivienda, cuestionario ampliado (INEGI)",Personas de 18 años o más,censo
trabajo,Se dedica a los quehaceres del hogar,2020,Hombres,Con discapacidad,Tabasco,45-59,279.0,13996.0,920.0,,"Censo de Población y Vivienda, cuestionario ampliado (INEGI)",Personas de 18 años o más,censo
trabajo,Se dedica a los quehaceres del hogar,2020,Hombres,Con discapacidad,Tabasco,60+,1204.0,30592.0,2114.0,,"Censo de Población y Vivienda, cuestionario ampliado (INEGI)",Personas de 18 años o más,censo
trabajo,Se dedica a los quehaceres del hogar,2020,Hombres,Con discapacidad,Tamaulipas,18-29,51.0,5668.0,386.0,,"Censo de Población y Vivienda, cuestionario ampliado (INEGI)",Personas de 18 años o más,censo
trabajo,Se dedica a los quehaceres del hogar,2020,Hombres,Con discapacidad,Tamaulipas,30-44,41.0,7779.0,574.0,,"Censo de Población y Vivienda, cuestionario ampliado (INEGI)",Personas de 18 años o más,censo
trabajo,Se dedica a los quehaceres del hogar,2020,Hombres,Con discapacidad,Tamaulipas,45-59,339.0,15816.0,1149.0,,"Censo de Población y Vivienda, cuestionario ampliado (INEGI)",Personas de 18 años o más,censo
trabajo,Se dedica a los quehaceres del hogar,2020,Hombres,Con discapacidad,Tamaulipas,60+,1128.0,37158.0,3555.0,,"Censo de Población y Vivienda, cuestionario ampliado (INEGI)",Personas de 18 años o más,censo
trabajo,Se dedica a los quehaceres del hogar,2020,Hombres,Con discapacidad,Tlaxcala,18-29,70.0,2584.0,638.0,,"Censo de Población y Vivienda, cuestionario ampliado (INEGI)",Personas de 18 años o más,censo
trabajo,Se dedica a los quehaceres del hogar,2020,Hombres,Con discapacidad,Tlaxcala,30-44,19.0,2996.0,733.0,,"Censo de Población y Vivienda, cuestionario ampliado (INEGI)",Personas de 18 años o más,censo
trabajo,Se dedica a los quehaceres del hogar,2020,Hombres,Con discapacidad,Tlaxcala,45-59,98.0,4199.0,1082.0,,"Censo de Población y Vivienda, cuestionario ampliado (INEGI)",Personas de 18 años o más,censo
trabajo,Se dedica a los quehaceres del hogar,2020,Hombres,Con discapacidad,Tlaxcala,60+,612.0,11957.0,3117.0,,"Censo de Población y Vivienda, cuestionario ampliado (INEGI)",Personas de 18 años o más,censo
trabajo,Se dedica a los quehaceres del hogar,2020,Hombres,Con discapacidad,Veracruz,18-29,125.0,14981.0,2776.0,,"Censo de Población y Vivienda, cuestionario ampliado (INEGI)",Personas de 18 años o más,censo
trabajo,Se dedica a los quehaceres del hogar,2020,Hombres,Con discapacidad,Veracruz,30-44,211.0,20977.0,3930.0,,"Censo de Población y Vivienda, cuestionario ampliado (INEGI)",Personas de 18 años o más,censo
trabajo,Se dedica a los quehaceres del hogar,2020,Hombres,Con discapacidad,Veracruz,45-59,784.0,39133.0,6822.0,,"Censo de Población y Vivienda, cuestionario ampliado (INEGI)",Personas de 18 años o más,censo
trabajo,Se dedica a los quehaceres del hogar,2020,Hombres,Con discapacidad,Veracruz,60+,2843.0,108663.0,18978.0,,"Censo de Población y Vivienda, cuestionario ampliado (INEGI)",Personas de 18 años o más,censo
trabajo,Se dedica a los quehaceres del hogar,2020,Hombres,Con discapacidad,Yucatán,18-29,38.0,4723.0,1031.0,,"Censo de Población y Vivienda, cuestionario ampliado (INEGI)",Personas de 18 años o más,censo
trabajo,Se dedica a los quehaceres del hogar,2020,Hombres,Con discapacidad,Yucatán,30-44,41.0,6207.0,1464.0,,"Censo de Población y Vivienda, cuestionario ampliado (INEGI)",Personas de 18 años o más,censo
trabajo,Se dedica a los quehaceres del hogar,2020,Hombres,Con discapacidad,Yucatán,45-59,194.0,10974.0,2356.0,,"Censo de Población y Vivienda, cuestionario ampliado (INEGI)",Personas de 18 años o más,censo
trabajo,Se dedica a los quehaceres del hogar,2020,Hombres,Con discapacidad,Yucatán,60+,560.0,30468.0,7203.0,,"Censo de Población y Vivienda, cuestionario ampliado (INEGI)",Personas de 18 años o más,censo
trabajo,Se dedica a los quehaceres del hogar,2020,Hombres,Con discapacidad,Zacatecas,18-29,93.0,3341.0,583.0,,"Censo de Población y Vivienda, cuestionario ampliado (INEGI)",Personas de 18 años o más,censo
trabajo,Se dedica a los quehaceres del hogar,2020,Hombres,Con discapacidad,Zacatecas,30-44,44.0,4546.0,850.0,,"Censo de Población y Vivienda, cuestionario ampliado (INEGI)",Personas de 18 años o más,censo
trabajo,Se dedica a los quehaceres del hogar,2020,Hombres,Con discapacidad,Zacatecas,45-59,167.0,7061.0,1404.0,,"Censo de Población y Vivienda, cuestionario ampliado (INEGI)",Personas de 18 años o más,censo
trabajo,Se dedica a los quehaceres del hogar,2020,Hombres,Con discapacidad,Zacatecas,60+,939.0,21794.0,4760.0,,"Censo de Población y Vivienda, cuestionario ampliado (INEGI)",Personas de 18 años o más,censo
trabajo,Se dedica a los quehaceres del hogar,2020,Hombres,Sin discapacidad,Aguascalientes,18-29,1469.0,139937.0,9540.0,,"Censo de Población y Vivienda, cuestionario ampliado (INEGI)",Personas de 18 años o más,censo
trabajo,Se dedica a los quehaceres del hogar,2020,Hombres,Sin discapacidad,Aguascalientes,30-44,579.0,137690.0,8825.0,,"Censo de Población y Vivienda, cuestionario ampliado (INEGI)",Personas de 18 años o más,censo
trabajo,Se dedica a los quehaceres del hogar,2020,Hombres,Sin discapacidad,Aguascalientes,45-59,1161.0,94692.0,5935.0,,"Censo de Población y Vivienda, cuestionario ampliado (INEGI)",Personas de 18 años o más,censo
trabajo,Se dedica a los quehaceres del hogar,2020,Hombres,Sin discapacidad,Aguascalientes,60+,1227.0,51255.0,3282.0,,"Censo de Población y Vivienda, cuestionario ampliado (INEGI)",Personas de 18 años o más,censo
trabajo,Se dedica a los quehaceres del hogar,2020,Hombres,Sin discapacidad,Baja California,18-29,5640.0,398969.0,8296.0,,"Censo de Población y Vivienda, cuestionario ampliado (INEGI)",Personas de 18 años o más,censo
trabajo,Se dedica a los quehaceres del hogar,2020,Hombres,Sin discapacidad,Baja California,30-44,2396.0,417923.0,8442.0,,"Censo de Población y Vivienda, cuestionario ampliado (INEGI)",Personas de 18 años o más,censo
trabajo,Se dedica a los quehaceres del hogar,2020,Hombres,Sin discapacidad,Baja California,45-59,3000.0,310891.0,6494.0,,"Censo de Población y Vivienda, cuestionario ampliado (INEGI)",Personas de 18 años o más,censo
trabajo,Se dedica a los quehaceres del hogar,2020,Hombres,Sin discapacidad,Baja California,60+,3091.0,139293.0,3146.0,,"Censo de Población y Vivienda, cuestionario ampliado (INEGI)",Personas de 18 años o más,censo
trabajo,Se dedica a los quehaceres del hogar,2020,Hombres,Sin discapacidad,Baja California Sur,18-29,1077.0,77437.0,4380.0,,"Censo de Población y Vivienda, cuestionario ampliado (INEGI)",Personas de 18 años o más,censo
trabajo,Se dedica a los quehaceres del hogar,2020,Hombres,Sin discapacidad,Baja California Sur,30-44,833.0,96215.0,5343.0,,"Censo de Población y Vivienda, cuestionario ampliado (INEGI)",Personas de 18 años o más,censo
trabajo,Se dedica a los quehaceres del hogar,2020,Hombres,Sin discapacidad,Baja California Sur,45-59,602.0,60380.0,3690.0,,"Censo de Población y Vivienda, cuestionario ampliado (INEGI)",Personas de 18 años o más,censo
trabajo,Se dedica a los quehaceres del hogar,2020,Hombres,Sin discapacidad,Baja California Sur,60+,1007.0,29311.0,1887.0,,"Censo de Población y Vivienda, cuestionario ampliado (INEGI)",Personas de 18 años o más,censo
trabajo,Se dedica a los quehaceres del hogar,2020,Hombres,Sin discapacidad,Campeche,18-29,969.0,84156.0,7707.0,,"Censo de Población y Vivienda, cuestionario ampliado (INEGI)",Personas de 18 años o más,censo
trabajo,Se dedica a los quehaceres del hogar,2020,Hombres,Sin discapacidad,Campeche,30-44,1023.0,94201.0,8394.0,,"Censo de Población y Vivienda, cuestionario ampliado (INEGI)",Personas de 18 años o más,censo
trabajo,Se dedica a los quehaceres del hogar,2020,Hombres,Sin discapacidad,Campeche,45-59,901.0,67907.0,5819.0,,"Censo de Población y Vivienda, cuestionario ampliado (INEGI)",Personas de 18 años o más,censo
trabajo,Se dedica a los quehaceres del hogar,2020,Hombres,Sin discapacidad,Campeche,60+,982.0,36017.0,3396.0,,"Censo de Población y Vivienda, cuestionario ampliado (INEGI)",Personas de 18 años o más,censo
trabajo,Se dedica a los quehaceres del hogar,2020,Hombres,Sin discapacidad,Chiapas,18-29,10767.0,512501.0,117144.0,,"Censo de Población y Vivienda, cuestionario ampliado (INEGI)",Personas de 18 años o más,censo
trabajo,Se dedica a los quehaceres del hogar,2020,Hombres,Sin discapacidad,Chiapas,30-44,8187.0,495673.0,106985.0,,"Censo de Población y Vivienda, cuestionario ampliado (INEGI)",Personas de 18 años o más,censo
trabajo,Se dedica a los quehaceres del hogar,2020,Hombres,Sin discapacidad,Chiapas,45-59,5032.0,323895.0,65659.0,,"Censo de Población y Vivienda, cuestionario ampliado (INEGI)",Personas de 18 años o más,censo
trabajo,Se dedica a los quehaceres del hogar,2020,Hombres,Sin discapacidad,Chiapas,60+,8067.0,192434.0,39278.0,,"Censo de Población y Vivienda, cuestionario ampliado (INEGI)",Personas de 18 años o más,censo
trabajo,Se dedica a los quehaceres del hogar,2020,Hombres,Sin discapacidad,Chihuahua,18-29,3892.0,363702.0,26501.0,,"Censo de Población y Vivienda, cuestionario ampliado (INEGI)",Personas de 18 años o más,censo
trabajo,Se dedica a los quehaceres del hogar,2020,Hombres,Sin discapacidad,Chihuahua,30-44,3417.0,374505.0,28279.0,,"Censo de Población y Vivienda, cuestionario ampliado (INEGI)",Personas de 18 años o más,censo
trabajo,Se dedica a los quehaceres del hogar,2020,Hombres,Sin discapacidad,Chihuahua,45-59,3059.0,293488.0,23898.0,,"Censo de Población y Vivienda, cuestionario ampliado (INEGI)",Personas de 18 años o más,censo
trabajo,Se dedica a los quehaceres del hogar,2020,Hombres,Sin discapacidad,Chihuahua,60+,4752.0,159362.0,17370.0,,"Censo de Población y Vivienda, cuestionario ampliado (INEGI)",Personas de 18 años o más,censo
trabajo,Se dedica a los quehaceres del hogar,2020,Hombres,Sin discapacidad,Ciudad de México,18-29,10125.0,835137.0,25263.0,,"Censo de Población y Vivienda, cuestionario ampliado (INEGI)",Personas de 18 años o más,censo
trabajo,Se dedica a los quehaceres del hogar,2020,Hombres,Sin discapacidad,Ciudad de México,30-44,8621.0,978803.0,29422.0,,"Censo de Población y Vivienda, cuestionario ampliado (INEGI)",Personas de 18 años o más,censo
trabajo,Se dedica a los quehaceres del hogar,2020,Hombres,Sin discapacidad,Ciudad de México,45-59,9340.0,777981.0,23344.0,,"Censo de Población y Vivienda, cuestionario ampliado (INEGI)",Personas de 18 años o más,censo
trabajo,Se dedica a los quehaceres del hogar,2020,Hombres,Sin discapacidad,Ciudad de México,60+,16753.0,548724.0,16086.0,,"Censo de Población y Vivienda, cuestionario ampliado (INEGI)",Personas de 18 años o más,censo
trabajo,Se dedica a los quehaceres del hogar,2020,Hombres,Sin discapacidad,Coahuila,18-29,2361.0,304577.0,20395.0,,"Censo de Población y Vivienda, cuestionario ampliado (INEGI)",Personas de 18 años o más,censo
trabajo,Se dedica a los quehaceres del hogar,2020,Hombres,Sin discapacidad,Coahuila,30-44,2209.0,316648.0,21228.0,,"Censo de Población y Vivienda, cuestionario ampliado (INEGI)",Personas de 18 años o más,censo
trabajo,Se dedica a los quehaceres del hogar,2020,Hombres,Sin discapacidad,Coahuila,45-59,1320.0,241869.0,17464.0,,"Censo de Población y Vivienda, cuestionario ampliado (INEGI)",Personas de 18 años o más,censo
trabajo,Se dedica a los quehaceres del hogar,2020,Hombres,Sin discapacidad,Coahuila,60+,2738.0,145612.0,10873.0,,"Censo de Población y Vivienda, cuestionario ampliado (INEGI)",Personas de 18 años o más,censo
trabajo,Se dedica a los quehaceres del hogar,2020,Hombres,Sin discapacidad,Colima,18-29,695.0,68776.0,5703.0,,"Censo de Población y Vivienda, cuestionario ampliado (INEGI)",Personas de 18 años o más,censo
trabajo,Se dedica a los quehaceres del hogar,2020,Hombres,Sin discapacidad,Colima,30-44,524.0,77197.0,6228.0,,"Censo de Población y Vivienda, cuestionario ampliado (INEGI)",Personas de 18 años o más,censo
trabajo,Se dedica a los quehaceres del hogar,2020,Hombres,Sin discapacidad,Colima,45-59,423.0,56365.0,4776.0,,"Censo de Población y Vivienda, cuestionario ampliado (INEGI)",Personas de 18 años o más,censo
trabajo,Se dedica a los quehaceres del hogar,2020,Hombres,Sin discapacidad,Colima,60+,911.0,33767.0,3090.0,,"Censo de Población y Vivienda, cuestionario ampliado (INEGI)",Personas de 18 años o más,censo
trabajo,Se dedica a los quehaceres del hogar,2020,Hombres,Sin discapacidad,Durango,18-29,3037.0,173496.0,22483.0,,"Censo de Población y Vivienda, cuestionario ampliado (INEGI)",Personas de 18 años o más,censo
trabajo,Se dedica a los quehaceres del hogar,2020,Hombres,Sin discapacidad,Durango,30-44,2643.0,165413.0,21978.0,,"Censo de Población y Vivienda, cuestionario ampliado (INEGI)",Personas de 18 años o más,censo
trabajo,Se dedica a los quehaceres del hogar,2020,Hombres,Sin discapacidad,Durango,45-59,2266.0,126695.0,16707.0,,"Censo de Población y Vivienda, cuestionario ampliado (INEGI)",Personas de 18 años o más,censo
trabajo,Se dedica a los quehaceres del hogar,2020,Hombres,Sin discapacidad,Durango,60+,2766.0,74514.0,11359.0,,"Censo de Población y Vivienda, cuestionario ampliado (INEGI)",Personas de 18 años o más,censo
trabajo,Se dedica a los quehaceres del hogar,2020,Hombres,Sin discapacidad,Guanajuato,18-29,10341.0,605491.0,40236.0,,"Censo de Población y Vivienda, cuestionario ampliado (INEGI)",Personas de 18 años o más,censo
trabajo,Se dedica a los quehaceres del hogar,2020,Hombres,Sin discapacidad,Guanajuato,30-44,7114.0,589684.0,39295.0,,"Censo de Población y Vivienda, cuestionario ampliado (INEGI)",Personas de 18 años o más,censo
trabajo,Se dedica a los quehaceres del hogar,2020,Hombres,Sin discapacidad,Guanajuato,45-59,6584.0,409185.0,27652.0,,"Censo de Población y Vivienda, cuestionario ampliado (INEGI)",Personas de 18 años o más,censo
trabajo,Se dedica a los quehaceres del hogar,2020,Hombres,Sin discapacidad,Guanajuato,60+,11306.0,244061.0,17592.0,,"Censo de Población y Vivienda, cuestionario ampliado (INEGI)",Personas de 18 años o más,censo
trabajo,Se dedica a los quehaceres del hogar,2020,Hombres,Sin discapacidad,Guerrero,18-29,10807.0,303048.0,61244.0,,"Censo de Población y Vivienda, cuestionario ampliado (INEGI)",Personas de 18 años o más,censo
trabajo,Se dedica a los quehaceres del hogar,2020,Hombres,Sin discapacidad,Guerrero,30-44,7678.0,295387.0,56137.0,,"Censo de Población y Vivienda, cuestionario ampliado (INEGI)",Personas de 18 años o más,censo
trabajo,Se dedica a los quehaceres del hogar,2020,Hombres,Sin discapacidad,Guerrero,45-59,7129.0,221716.0,40408.0,,"Censo de Población y Vivienda, cuestionario ampliado (INEGI)",Personas de 18 años o más,censo
trabajo,Se dedica a los quehaceres del hogar,2020,Hombres,Sin discapacidad,Guerrero,60+,11306.0,152377.0,29754.0,,"Censo de Población y Vivienda, cuestionario ampliado (INEGI)",Personas de 18 años o más,censo
trabajo,Se dedica a los quehaceres del hogar,2020,Hombres,Sin discapacidad,Hidalgo,18-29,3405.0,270935.0,42785.0,,"Censo de Población y Vivienda, cuestionario ampliado (INEGI)",Personas de 18 años o más,censo
trabajo,Se dedica a los quehaceres del hogar,2020,Hombres,Sin discapacidad,Hidalgo,30-44,2669.0,288239.0,45045.0,,"Censo de Población y Vivienda, cuestionario ampliado (INEGI)",Personas de 18 años o más,censo
trabajo,Se dedica a los quehaceres del hogar,2020,Hombres,Sin discapacidad,Hidalgo,45-59,3619.0,220881.0,35692.0,,"Censo de Población y Vivienda, cuestionario ampliado (INEGI)",Personas de 18 años o más,censo
trabajo,Se dedica a los quehaceres del hogar,2020,Hombres,Sin discapacidad,Hidalgo,60+,6812.0,141123.0,24885.0,,"Censo de Población y Vivienda, cuestionario ampliado (INEGI)",Personas de 18 años o más,censo
trabajo,Se dedica a los quehaceres del hogar,2020,Hombres,Sin discapacidad,Jalisco,18-29,7707.0,799461.0,69918.0,,"Censo de Población y Vivienda, cuestionario ampliado (INEGI)",Personas de 18 años o más,censo
trabajo,Se dedica a los quehaceres del hogar,2020,Hombres,Sin discapacidad,Jalisco,30-44,7032.0,837785.0,73557.0,,"Censo de Población y Vivienda, cuestionario ampliado (INEGI)",Personas de 18 años o más,censo
trabajo,Se dedica a los quehaceres del hogar,2020,Hombres,Sin discapacidad,Jalisco,45-59,6731.0,594895.0,53534.0,,"Censo de Población y Vivienda, cuestionario ampliado (INEGI)",Personas de 18 años o más,censo
trabajo,Se dedica a los quehaceres del hogar,2020,Hombres,Sin discapacidad,Jalisco,60+,11577.0,367973.0,37743.0,,"Censo de Población y Vivienda, cuestionario ampliado (INEGI)",Personas de 18 años o más,censo
trabajo,Se dedica a los quehaceres del hogar,2020,Hombres,Sin discapacidad,Michoacán,18-29,5055.0,437643.0,63064.0,,"Censo de Población y Vivienda, cuestionario ampliado (INEGI)",Personas de 18 años o más,censo
trabajo,Se dedica a los quehaceres del hogar,2020,Hombres,Sin discapacidad,Michoacán,30-44,4167.0,430510.0,62995.0,,"Censo de Población y Vivienda, cuestionario ampliado (INEGI)",Personas de 18 años o más,censo
trabajo,Se dedica a los quehaceres del hogar,2020,Hombres,Sin discapacidad,Michoacán,45-59,4073.0,316619.0,46056.0,,"Censo de Población y Vivienda, cuestionario ampliado (INEGI)",Personas de 18 años o más,censo
trabajo,Se dedica a los quehaceres del hogar,2020,Hombres,Sin discapacidad,Michoacán,60+,7053.0,221597.0,34439.0,,"Censo de Población y Vivienda, cuestionario ampliado (INEGI)",Personas de 18 años o más,censo
trabajo,Se dedica a los quehaceres del hogar,2020,Hombres,Sin discapacidad,Morelos,18-29,2403.0,185653.0,22603.0,,"Censo de Población y Vivienda, cuestionario ampliado (INEGI)",Personas de 18 años o más,censo
trabajo,Se dedica a los quehaceres del hogar,2020,Hombres,Sin discapacidad,Morelos,30-44,1877.0,183538.0,22357.0,,"Censo de Población y Vivienda, cuestionario ampliado (INEGI)",Personas de 18 años o más,censo
trabajo,Se dedica a los quehaceres del hogar,2020,Hombres,Sin discapacidad,Morelos,45-59,2182.0,146845.0,17377.0,,"Censo de Población y Vivienda, cuestionario ampliado (INEGI)",Personas de 18 años o más,censo
trabajo,Se dedica a los quehaceres del hogar,2020,Hombres,Sin discapacidad,Morelos,60+,4173.0,98216.0,11692.0,,"Censo de Población y Vivienda, cuestionario ampliado (INEGI)",Personas de 18 años o más,censo
trabajo,Se dedica a los quehaceres del hogar,2020,Hombres,Sin discapacidad,México,18-29,27258.0,1620806.0,117454.0,,"Censo de Población y Vivienda, cuestionario ampliado (INEGI)",Personas de 18 años o más,censo
trabajo,Se dedica a los quehaceres del hogar,2020,Hombres,Sin discapacidad,México,30-44,19054.0,1699641.0,121319.0,,"Censo de Población y Vivienda, cuestionario ampliado (INEGI)",Personas de 18 años o más,censo
trabajo,Se dedica a los quehaceres del hogar,2020,Hombres,Sin discapacidad,México,45-59,19939.0,1312786.0,89342.0,,"Censo de Población y Vivienda, cuestionario ampliado (INEGI)",Personas de 18 años o más,censo
trabajo,Se dedica a los quehaceres del hogar,2020,Hombres,Sin discapacidad,México,60+,30602.0,734238.0,49351.0,,"Censo de Población y Vivienda, cuestionario ampliado (INEGI)",Personas de 18 años o más,censo
trabajo,Se dedica a los quehaceres del hogar,2020,Hombres,Sin discapacidad,Nayarit,18-29,1714.0,109624.0,16008.0,,"Censo de Población y Vivienda, cuestionario ampliado (INEGI)",Personas de 18 años o más,censo
trabajo,Se dedica a los quehaceres del hogar,2020,Hombres,Sin discapacidad,Nayarit,30-44,1163.0,117919.0,16119.0,,"Censo de Población y Vivienda, cuestionario ampliado (INEGI)",Personas de 18 años o más,censo
trabajo,Se dedica a los quehaceres del hogar,2020,Hombres,Sin discapacidad,Nayarit,45-59,1314.0,87643.0,11886.0,,"Censo de Población y Vivienda, cuestionario ampliado (INEGI)",Personas de 18 años o más,censo
trabajo,Se dedica a los quehaceres del hogar,2020,Hombres,Sin discapacidad,Nayarit,60+,1688.0,59952.0,8313.0,,"Censo de Población y Vivienda, cuestionario ampliado (INEGI)",Personas de 18 años o más,censo
trabajo,Se dedica a los quehaceres del hogar,2020,Hombres,Sin discapacidad,Nuevo León,18-29,5483.0,592273.0,32641.0,,"Censo de Población y Vivienda, cuestionario ampliado (INEGI)",Personas de 18 años o más,censo
trabajo,Se dedica a los quehaceres del hogar,2020,Hombres,Sin discapacidad,Nuevo León,30-44,5104.0,626720.0,35756.0,,"Censo de Población y Vivienda, cuestionario ampliado (INEGI)",Personas de 18 años o más,censo
trabajo,Se dedica a los quehaceres del hogar,2020,Hombres,Sin discapacidad,Nuevo León,45-59,4353.0,468572.0,26291.0,,"Censo de Población y Vivienda, cuestionario ampliado (INEGI)",Personas de 18 años o más,censo
trabajo,Se dedica a los quehaceres del hogar,2020,Hombres,Sin discapacidad,Nuevo León,60+,4430.0,265153.0,16045.0,,"Censo de Población y Vivienda, cuestionario ampliado (INEGI)",Personas de 18 años o más,censo
trabajo,Se dedica a los quehaceres del hogar,2020,Hombres,Sin discapacidad,Oaxaca,18-29,7788.0,343563.0,155635.0,,"Censo de Población y Vivienda, cuestionario ampliado (INEGI)",Personas de 18 años o más,censo
trabajo,Se dedica a los quehaceres del hogar,2020,Hombres,Sin discapacidad,Oaxaca,30-44,6676.0,365658.0,162251.0,,"Censo de Población y Vivienda, cuestionario ampliado (INEGI)",Personas de 18 años o más,censo
trabajo,Se dedica a los quehaceres del hogar,2020,Hombres,Sin discapacidad,Oaxaca,45-59,6287.0,264159.0,119030.0,,"Censo de Población y Vivienda, cuestionario ampliado (INEGI)",Personas de 18 años o más,censo
trabajo,Se dedica a los quehaceres del hogar,2020,Hombres,Sin discapacidad,Oaxaca,60+,10032.0,188027.0,91175.0,,"Censo de Población y Vivienda, cuestionario ampliado (INEGI)",Personas de 18 años o más,censo
trabajo,Se dedica a los quehaceres del hogar,2020,Hombres,Sin discapacidad,Puebla,18-29,8301.0,630299.0,115476.0,,"Censo de Población y Vivienda, cuestionario ampliado (INEGI)",Personas de 18 años o más,censo
trabajo,Se dedica a los quehaceres del hogar,2020,Hombres,Sin discapacidad,Puebla,30-44,5618.0,610241.0,110962.0,,"Censo de Población y Vivienda, cuestionario ampliado (INEGI)",Personas de 18 años o más,censo
trabajo,Se dedica a los quehaceres del hogar,2020,Hombres,Sin discapacidad,Puebla,45-59,4860.0,427677.0,77411.0,,"Censo de Población y Vivienda, cuestionario ampliado (INEGI)",Personas de 18 años o más,censo
trabajo,Se dedica a los quehaceres del hogar,2020,Hombres,Sin discapacidad,Puebla,60+,9524.0,262956.0,53867.0,,"Censo de Población y Vivienda, cuestionario ampliado (INEGI)",Personas de 18 años o más,censo
trabajo,Se dedica a los quehaceres del hogar,2020,Hombres,Sin discapacidad,Querétaro,18-29,2835.0,242118.0,14322.0,,"Censo de Población y Vivienda, cuestionario ampliado (INEGI)",Personas de 18 años o más,censo
trabajo,Se dedica a los quehaceres del hogar,2020,Hombres,Sin discapacidad,Querétaro,30-44,1978.0,254220.0,14543.0,,"Censo de Población y Vivienda, cuestionario ampliado (INEGI)",Personas de 18 años o más,censo
trabajo,Se dedica a los quehaceres del hogar,2020,Hombres,Sin discapacidad,Querétaro,45-59,1949.0,166260.0,9609.0,,"Censo de Población y Vivienda, cuestionario ampliado (INEGI)",Personas de 18 años o más,censo
trabajo,Se dedica a los quehaceres del hogar,2020,Hombres,Sin discapacidad,Querétaro,60+,2467.0,94126.0,5706.0,,"Censo de Población y Vivienda, cuestionario ampliado (INEGI)",Personas de 18 años o más,censo
trabajo,Se dedica a los quehaceres del hogar,2020,Hombres,Sin discapacidad,Quintana Roo,18-29,2467.0,202423.0,8210.0,,"Censo de Población y Vivienda, cuestionario ampliado (INEGI)",Personas de 18 años o más,censo
trabajo,Se dedica a los quehaceres del hogar,2020,Hombres,Sin discapacidad,Quintana Roo,30-44,1934.0,228820.0,9021.0,,"Censo de Población y Vivienda, cuestionario ampliado (INEGI)",Personas de 18 años o más,censo
trabajo,Se dedica a los quehaceres del hogar,2020,Hombres,Sin discapacidad,Quintana Roo,45-59,1520.0,134537.0,5463.0,,"Censo de Población y Vivienda, cuestionario ampliado (INEGI)",Personas de 18 años o más,censo
trabajo,Se dedica a los quehaceres del hogar,2020,Hombres,Sin discapacidad,Quintana Roo,60+,1192.0,55239.0,2661.0,,"Censo de Población y Vivienda, cuestionario ampliado (INEGI)",Personas de 18 años o más,censo
trabajo,Se dedica a los quehaceres del hogar,2020,Hombres,Sin discapacidad,San Luis Potosí,18-29,3334.0,263404.0,30982.0,,"Censo de Población y Vivienda, cuestionario ampliado (INEGI)",Personas de 18 años o más,censo
trabajo,Se dedica a los quehaceres del hogar,2020,Hombres,Sin discapacidad,San Luis Potosí,30-44,2947.0,266497.0,31087.0,,"Censo de Población y Vivienda, cuestionario ampliado (INEGI)",Personas de 18 años o más,censo
trabajo,Se dedica a los quehaceres del hogar,2020,Hombres,Sin discapacidad,San Luis Potosí,45-59,2525.0,195103.0,24419.0,,"Censo de Población y Vivienda, cuestionario ampliado (INEGI)",Personas de 18 años o más,censo
trabajo,Se dedica a los quehaceres del hogar,2020,Hombres,Sin discapacidad,San Luis Potosí,60+,4636.0,137261.0,19535.0,,"Censo de Población y Vivienda, cuestionario ampliado (INEGI)",Personas de 18 años o más,censo
trabajo,Se dedica a los quehaceres del hogar,2020,Hombres,Sin discapacidad,Sinaloa,18-29,3174.0,283158.0,15007.0,,"Censo de Población y Vivienda, cuestionario ampliado (INEGI)",Personas de 18 años o más,censo
trabajo,Se dedica a los quehaceres del hogar,2020,Hombres,Sin discapacidad,Sinaloa,30-44,2198.0,284321.0,15353.0,,"Censo de Población y Vivienda, cuestionario ampliado (INEGI)",Personas de 18 años o más,censo
trabajo,Se dedica a los quehaceres del hogar,2020,Hombres,Sin discapacidad,Sinaloa,45-59,3324.0,228562.0,12677.0,,"Censo de Población y Vivienda, cuestionario ampliado (INEGI)",Personas de 18 años o más,censo
trabajo,Se dedica a los quehaceres del hogar,2020,Hombres,Sin discapacidad,Sinaloa,60+,4540.0,149652.0,8942.0,,"Censo de Población y Vivienda, cuestionario ampliado (INEGI)",Personas de 18 años o más,censo
trabajo,Se dedica a los quehaceres del hogar,2020,Hombres,Sin discapacidad,Sonora,18-29,3183.0,274804.0,22796.0,,"Censo de Población y Vivienda, cuestionario ampliado (INEGI)",Personas de 18 años o más,censo
trabajo,Se dedica a los quehaceres del hogar,2020,Hombres,Sin discapacidad,Sonora,30-44,3084.0,301757.0,25393.0,,"Censo de Población y Vivienda, cuestionario ampliado (INEGI)",Personas de 18 años o más,censo
trabajo,Se dedica a los quehaceres del hogar,2020,Hombres,Sin discapacidad,Sonora,45-59,2819.0,231326.0,21579.0,,"Censo de Población y Vivienda, cuestionario ampliado (INEGI)",Personas de 18 años o más,censo
trabajo,Se dedica a los quehaceres del hogar,2020,Hombres,Sin discapacidad,Sonora,60+,3245.0,138211.0,15323.0,,"Censo de Población y Vivienda, cuestionario ampliado (INEGI)",Personas de 18 años o más,censo
trabajo,Se dedica a los quehaceres del hogar,2020,Hombres,Sin discapacidad,Tabasco,18-29,3174.0,210220.0,13655.0,,"Censo de Población y Vivienda, cuestionario ampliado (INEGI)",Personas de 18 años o más,censo
trabajo,Se dedica a los quehaceres del hogar,2020,Hombres,Sin discapacidad,Tabasco,30-44,2677.0,239420.0,15344.0,,"Censo de Población y Vivienda, cuestionario ampliado (INEGI)",Personas de 18 años o más,censo
trabajo,Se dedica a los quehaceres del hogar,2020,Hombres,Sin discapacidad,Tabasco,45-59,2349.0,168448.0,11259.0,,"Censo de Población y Vivienda, cuestionario ampliado (INEGI)",Personas de 18 años o más,censo
trabajo,Se dedica a los quehaceres del hogar,2020,Hombres,Sin discapacidad,Tabasco,60+,3460.0,94507.0,6339.0,,"Censo de Población y Vivienda, cuestionario ampliado (INEGI)",Personas de 18 años o más,censo
trabajo,Se dedica a los quehaceres del hogar,2020,Hombres,Sin discapacidad,Tamaulipas,18-29,3311.0,334000.0,21099.0,,"Censo de Población y Vivienda, cuestionario ampliado (INEGI)",Personas de 18 años o más,censo
trabajo,Se dedica a los quehaceres del hogar,2020,Hombres,Sin discapacidad,Tamaulipas,30-44,2089.0,356718.0,24062.0,,"Censo de Población y Vivienda, cuestionario ampliado (INEGI)",Personas de 18 años o más,censo
trabajo,Se dedica a los quehaceres del hogar,2020,Hombres,Sin discapacidad,Tamaulipas,45-59,2844.0,278895.0,20392.0,,"Censo de Población y Vivienda, cuestionario ampliado (INEGI)",Personas de 18 años o más,censo
trabajo,Se dedica a los quehaceres del hogar,2020,Hombres,Sin discapacidad,Tamaulipas,60+,3876.0,161234.0,14743.0,,"Censo de Población y Vivienda, cuestionario ampliado (INEGI)",Personas de 18 años o más,censo
trabajo,Se dedica a los quehaceres del hogar,2020,Hombres,Sin discapacidad,Tlaxcala,18-29,1956.0,127787.0,33629.0,,"Censo de Población y Vivienda, cuestionario ampliado (INEGI)",Personas de 18 años o más,censo
trabajo,Se dedica a los quehaceres del hogar,2020,Hombres,Sin discapacidad,Tlaxcala,30-44,1265.0,128487.0,32976.0,,"Censo de Población y Vivienda, cuestionario ampliado (INEGI)",Personas de 18 años o más,censo
trabajo,Se dedica a los quehaceres del hogar,2020,Hombres,Sin discapacidad,Tlaxcala,45-59,1411.0,91626.0,23960.0,,"Censo de Población y Vivienda, cuestionario ampliado (INEGI)",Personas de 18 años o más,censo
trabajo,Se dedica a los quehaceres del hogar,2020,Hombres,Sin discapacidad,Tlaxcala,60+,3099.0,55032.0,14736.0,,"Censo de Población y Vivienda, cuestionario ampliado (INEGI)",Personas de 18 años o más,censo
trabajo,Se dedica a los quehaceres del hogar,2020,Hombres,Sin discapacidad,Veracruz,18-29,7548.0,672596.0,119251.0,,"Censo de Población y Vivienda, cuestionario ampliado (INEGI)",Personas de 18 años o más,censo
trabajo,Se dedica a los quehaceres del hogar,2020,Hombres,Sin discapacidad,Veracruz,30-44,7101.0,735410.0,125409.0,,"Censo de Población y Vivienda, cuestionario ampliado (INEGI)",Personas de 18 años o más,censo
trabajo,Se dedica a los quehaceres del hogar,2020,Hombres,Sin discapacidad,Veracruz,45-59,6882.0,617067.0,99352.0,,"Censo de Población y Vivienda, cuestionario ampliado (INEGI)",Personas de 18 años o más,censo
trabajo,Se dedica a los quehaceres del hogar,2020,Hombres,Sin discapacidad,Veracruz,60+,10490.0,426530.0,69011.0,,"Censo de Población y Vivienda, cuestionario ampliado (INEGI)",Personas de 18 años o más,censo
trabajo,Se dedica a los quehaceres del hogar,2020,Hombres,Sin discapacidad,Yucatán,18-29,2815.0,228261.0,46529.0,,"Censo de Población y Vivienda, cuestionario ampliado (INEGI)",Personas de 18 años o más,censo
trabajo,Se dedica a los quehaceres del hogar,2020,Hombres,Sin discapacidad,Yucatán,30-44,1530.0,244871.0,48383.0,,"Censo de Población y Vivienda, cuestionario ampliado (INEGI)",Personas de 18 años o más,censo
trabajo,Se dedica a los quehaceres del hogar,2020,Hombres,Sin discapacidad,Yucatán,45-59,1696.0,165009.0,31589.0,,"Censo de Población y Vivienda, cuestionario ampliado (INEGI)",Personas de 18 años o más,censo
trabajo,Se dedica a los quehaceres del hogar,2020,Hombres,Sin discapacidad,Yucatán,60+,2395.0,107154.0,22771.0,,"Censo de Población y Vivienda, cuestionario ampliado (INEGI)",Personas de 18 años o más,censo
trabajo,Se dedica a los quehaceres del hogar,2020,Hombres,Sin discapacidad,Zacatecas,18-29,2013.0,140618.0,24470.0,,"Censo de Población y Vivienda, cuestionario ampliado (INEGI)",Personas de 18 años o más,censo
trabajo,Se dedica a los quehaceres del hogar,2020,Hombres,Sin discapacidad,Zacatecas,30-44,1866.0,149539.0,26085.0,,"Censo de Población y Vivienda, cuestionario ampliado (INEGI)",Personas de 18 años o más,censo
trabajo,Se dedica a los quehaceres del hogar,2020,Hombres,Sin discapacidad,Zacatecas,45-59,1623.0,110558.0,20280.0,,"Censo de Población y Vivienda, cuestionario ampliado (INEGI)",Personas de 18 años o más,censo
trabajo,Se dedica a los quehaceres del hogar,2020,Hombres,Sin discapacidad,Zacatecas,60+,3596.0,70844.0,14733.0,,"Censo de Población y Vivienda, cuestionario ampliado (INEGI)",Personas de 18 años o más,censo
trabajo,Se dedica a los quehaceres del hogar,2020,Mujeres,Con discapacidad,Aguascalientes,18-29,755.0,3506.0,217.0,,"Censo de Población y Vivienda, cuestionario ampliado (INEGI)",Personas de 18 años o más,censo
trabajo,Se dedica a los quehaceres del hogar,2020,Mujeres,Con discapacidad,Aguascalientes,30-44,1381.0,4696.0,267.0,,"Censo de Población y Vivienda, cuestionario ampliado (INEGI)",Personas de 18 años o más,censo
trabajo,Se dedica a los quehaceres del hogar,2020,Mujeres,Con discapacidad,Aguascalientes,45-59,3732.0,8947.0,531.0,,"Censo de Población y Vivienda, cuestionario ampliado (INEGI)",Personas de 18 años o más,censo
trabajo,Se dedica a los quehaceres del hogar,2020,Mujeres,Con discapacidad,Aguascalientes,60+,8556.0,18099.0,1219.0,,"Censo de Población y Vivienda, cuestionario ampliado (INEGI)",Personas de 18 años o más,censo
trabajo,Se dedica a los quehaceres del hogar,2020,Mujeres,Con discapacidad,Baja California,18-29,1983.0,8244.0,165.0,,"Censo de Población y Vivienda, cuestionario ampliado (INEGI)",Personas de 18 años o más,censo
trabajo,Se dedica a los quehaceres del hogar,2020,Mujeres,Con discapacidad,Baja California,30-44,2197.0,9732.0,201.0,,"Censo de Población y Vivienda, cuestionario ampliado (INEGI)",Personas de 18 años o más,censo
trabajo,Se dedica a los quehaceres del hogar,2020,Mujeres,Con discapacidad,Baja California,45-59,7935.0,20331.0,431.0,,"Censo de Población y Vivienda, cuestionario ampliado (INEGI)",Personas de 18 años o más,censo
trabajo,Se dedica a los quehaceres del hogar,2020,Mujeres,Con discapacidad,Baja California,60+,13867.0,41033.0,903.0,,"Censo de Población y Vivienda, cuestionario ampliado (INEGI)",Personas de 18 años o más,censo
trabajo,Se dedica a los quehaceres del hogar,2020,Mujeres,Con discapacidad,Baja California Sur,18-29,330.0,1222.0,72.0,,"Censo de Población y Vivienda, cuestionario ampliado (INEGI)",Personas de 18 años o más,censo
trabajo,Se dedica a los quehaceres del hogar,2020,Mujeres,Con discapacidad,Baja California Sur,30-44,712.0,2030.0,121.0,,"Censo de Población y Vivienda, cuestionario ampliado (INEGI)",Personas de 18 años o más,censo
trabajo,Se dedica a los quehaceres del hogar,2020,Mujeres,Con discapacidad,Baja California Sur,45-59,1417.0,3560.0,224.0,,"Censo de Población y Vivienda, cuestionario ampliado (INEGI)",Personas de 18 años o más,censo
trabajo,Se dedica a los quehaceres del hogar,2020,Mujeres,Con discapacidad,Baja California Sur,60+,3206.0,7964.0,532.0,,"Censo de Población y Vivienda, cuestionario ampliado (INEGI)",Personas de 18 años o más,censo
trabajo,Se dedica a los quehaceres del hogar,2020,Mujeres,Con discapacidad,Campeche,18-29,553.0,1843.0,159.0,,"Censo de Población y Vivienda, cuestionario ampliado (INEGI)",Personas de 18 años o más,censo
trabajo,Se dedica a los quehaceres del hogar,2020,Mujeres,Con discapacidad,Campeche,30-44,1241.0,3226.0,253.0,,"Censo de Población y Vivienda, cuestionario ampliado (INEGI)",Personas de 18 años o más,censo
trabajo,Se dedica a los quehaceres del hogar,2020,Mujeres,Con discapacidad,Campeche,45-59,2857.0,6312.0,499.0,,"Censo de Población y Vivienda, cuestionario ampliado (INEGI)",Personas de 18 años o más,censo
trabajo,Se dedica a los quehaceres del hogar,2020,Mujeres,Con discapacidad,Campeche,60+,5678.0,13958.0,1200.0,,"Censo de Población y Vivienda, cuestionario ampliado (INEGI)",Personas de 18 años o más,censo
trabajo,Se dedica a los quehaceres del hogar,2020,Mujeres,Con discapacidad,Chiapas,18-29,2536.0,7276.0,1542.0,,"Censo de Población y Vivienda, cuestionario ampliado (INEGI)",Personas de 18 años o más,censo
trabajo,Se dedica a los quehaceres del hogar,2020,Mujeres,Con discapacidad,Chiapas,30-44,4796.0,10596.0,2212.0,,"Censo de Población y Vivienda, cuestionario ampliado (INEGI)",Personas de 18 años o más,censo
trabajo,Se dedica a los quehaceres del hogar,2020,Mujeres,Con discapacidad,Chiapas,45-59,11663.0,22210.0,4219.0,,"Censo de Población y Vivienda, cuestionario ampliado (INEGI)",Personas de 18 años o más,censo
trabajo,Se dedica a los quehaceres del hogar,2020,Mujeres,Con discapacidad,Chiapas,60+,24372.0,54872.0,11187.0,,"Censo de Población y Vivienda, cuestionario ampliado (INEGI)",Personas de 18 años o más,censo
trabajo,Se dedica a los quehaceres del hogar,2020,Mujeres,Con discapacidad,Chihuahua,18-29,1645.0,5126.0,445.0,,"Censo de Población y Vivienda, cuestionario ampliado (INEGI)",Personas de 18 años o más,censo
trabajo,Se dedica a los quehaceres del hogar,2020,Mujeres,Con discapacidad,Chihuahua,30-44,2255.0,7681.0,613.0,,"Censo de Población y Vivienda, cuestionario ampliado (INEGI)",Personas de 18 años o más,censo
trabajo,Se dedica a los quehaceres del hogar,2020,Mujeres,Con discapacidad,Chihuahua,45-59,6960.0,16252.0,1366.0,,"Censo de Población y Vivienda, cuestionario ampliado (INEGI)",Personas de 18 años o más,censo
trabajo,Se dedica a los quehaceres del hogar,2020,Mujeres,Con discapacidad,Chihuahua,60+,19984.0,49111.0,4786.0,,"Censo de Población y Vivienda, cuestionario ampliado (INEGI)",Personas de 18 años o más,censo
trabajo,Se dedica a los quehaceres del hogar,2020,Mujeres,Con discapacidad,Ciudad de México,18-29,3055.0,17464.0,550.0,,"Censo de Población y Vivienda, cuestionario ampliado (INEGI)",Personas de 18 años o más,censo
trabajo,Se dedica a los quehaceres del hogar,2020,Mujeres,Con discapacidad,Ciudad de México,30-44,5024.0,22651.0,728.0,,"Censo de Población y Vivienda, cuestionario ampliado (INEGI)",Personas de 18 años o más,censo
trabajo,Se dedica a los quehaceres del hogar,2020,Mujeres,Con discapacidad,Ciudad de México,45-59,17433.0,53090.0,1623.0,,"Censo de Población y Vivienda, cuestionario ampliado (INEGI)",Personas de 18 años o más,censo
trabajo,Se dedica a los quehaceres del hogar,2020,Mujeres,Con discapacidad,Ciudad de México,60+,64073.0,165688.0,4811.0,,"Censo de Población y Vivienda, cuestionario ampliado (INEGI)",Personas de 18 años o más,censo
trabajo,Se dedica a los quehaceres del hogar,2020,Mujeres,Con discapacidad,Coahuila,18-29,1310.0,4815.0,385.0,,"Censo de Población y Vivienda, cuestionario ampliado (INEGI)",Personas de 18 años o más,censo
trabajo,Se dedica a los quehaceres del hogar,2020,Mujeres,Con discapacidad,Coahuila,30-44,1817.0,5170.0,456.0,,"Censo de Población y Vivienda, cuestionario ampliado (INEGI)",Personas de 18 años o más,censo
trabajo,Se dedica a los quehaceres del hogar,2020,Mujeres,Con discapacidad,Coahuila,45-59,6038.0,12672.0,1134.0,,"Censo de Población y Vivienda, cuestionario ampliado (INEGI)",Personas de 18 años o más,censo
trabajo,Se dedica a los quehaceres del hogar,2020,Mujeres,Con discapacidad,Coahuila,60+,14462.0,32709.0,2815.0,,"Censo de Población y Vivienda, cuestionario ampliado (INEGI)",Personas de 18 años o más,censo
trabajo,Se dedica a los quehaceres del hogar,2020,Mujeres,Con discapacidad,Colima,18-29,215.0,1257.0,106.0,,"Censo de Población y Vivienda, cuestionario ampliado (INEGI)",Personas de 18 años o más,censo
trabajo,Se dedica a los quehaceres del hogar,2020,Mujeres,Con discapacidad,Colima,30-44,370.0,1889.0,155.0,,"Censo de Población y Vivienda, cuestionario ampliado (INEGI)",Personas de 18 años o más,censo
trabajo,Se dedica a los quehaceres del hogar,2020,Mujeres,Con discapacidad,Colima,45-59,1319.0,4341.0,364.0,,"Censo de Población y Vivienda, cuestionario ampliado (INEGI)",Personas de 18 años o más,censo
trabajo,Se dedica a los quehaceres del hogar,2020,Mujeres,Con discapacidad,Colima,60+,4448.0,10561.0,1007.0,,"Censo de Población y Vivienda, cuestionario ampliado (INEGI)",Personas de 18 años o más,censo
trabajo,Se dedica a los quehaceres del hogar,2020,Mujeres,Con discapacidad,Durango,18-29,861.0,3463.0,458.0,,"Censo de Población y Vivienda, cuestionario ampliado (INEGI)",Personas de 18 años o más,censo
trabajo,Se dedica a los quehaceres del hogar,2020,Mujeres,Con discapacidad,Durango,30-44,1781.0,4402.0,638.0,,"Censo de Población y Vivienda, cuestionario ampliado (INEGI)",Personas de 18 años o más,censo
trabajo,Se dedica a los quehaceres del hogar,2020,Mujeres,Con discapacidad,Durango,45-59,4365.0,9358.0,1328.0,,"Censo de Población y Vivienda, cuestionario ampliado (INEGI)",Personas de 18 años o más,censo
trabajo,Se dedica a los quehaceres del hogar,2020,Mujeres,Con discapacidad,Durango,60+,11508.0,25741.0,4075.0,,"Censo de Población y Vivienda, cuestionario ampliado (INEGI)",Personas de 18 años o más,censo
trabajo,Se dedica a los quehaceres del hogar,2020,Mujeres,Con discapacidad,Guanajuato,18-29,3058.0,11513.0,730.0,,"Censo de Población y Vivienda, cuestionario ampliado (INEGI)",Personas de 18 años o más,censo
trabajo,Se dedica a los quehaceres del hogar,2020,Mujeres,Con discapacidad,Guanajuato,30-44,4595.0,15505.0,999.0,,"Censo de Población y Vivienda, cuestionario ampliado (INEGI)",Personas de 18 años o más,censo
trabajo,Se dedica a los quehaceres del hogar,2020,Mujeres,Con discapacidad,Guanajuato,45-59,14410.0,29941.0,1936.0,,"Censo de Población y Vivienda, cuestionario ampliado (INEGI)",Personas de 18 años o más,censo
trabajo,Se dedica a los quehaceres del hogar,2020,Mujeres,Con discapacidad,Guanajuato,60+,37391.0,78634.0,5980.0,,"Censo de Población y Vivienda, cuestionario ampliado (INEGI)",Personas de 18 años o más,censo
trabajo,Se dedica a los quehaceres del hogar,2020,Mujeres,Con discapacidad,Guerrero,18-29,1894.0,6754.0,1454.0,,"Censo de Población y Vivienda, cuestionario ampliado (INEGI)",Personas de 18 años o más,censo
trabajo,Se dedica a los quehaceres del hogar,2020,Mujeres,Con discapacidad,Guerrero,30-44,3159.0,9585.0,2079.0,,"Censo de Población y Vivienda, cuestionario ampliado (INEGI)",Personas de 18 años o más,censo
trabajo,Se dedica a los quehaceres del hogar,2020,Mujeres,Con discapacidad,Guerrero,45-59,8569.0,20441.0,4163.0,,"Censo de Población y Vivienda, cuestionario ampliado (INEGI)",Personas de 18 años o más,censo
trabajo,Se dedica a los quehaceres del hogar,2020,Mujeres,Con discapacidad,Guerrero,60+,25889.0,63558.0,12862.0,,"Censo de Población y Vivienda, cuestionario ampliado (INEGI)",Personas de 18 años o más,censo
trabajo,Se dedica a los quehaceres del hogar,2020,Mujeres,Con discapacidad,Hidalgo,18-29,1293.0,6022.0,946.0,,"Censo de Población y Vivienda, cuestionario ampliado (INEGI)",Personas de 18 años o más,censo
trabajo,Se dedica a los quehaceres del hogar,2020,Mujeres,Con discapacidad,Hidalgo,30-44,3531.0,9341.0,1480.0,,"Censo de Población y Vivienda, cuestionario ampliado (INEGI)",Personas de 18 años o más,censo
trabajo,Se dedica a los quehaceres del hogar,2020,Mujeres,Con discapacidad,Hidalgo,45-59,7214.0,16415.0,2692.0,,"Censo de Población y Vivienda, cuestionario ampliado (INEGI)",Personas de 18 años o más,censo
trabajo,Se dedica a los quehaceres del hogar,2020,Mujeres,Con discapacidad,Hidalgo,60+,20427.0,46187.0,8308.0,,"Censo de Población y Vivienda, cuestionario ampliado (INEGI)",Personas de 18 años o más,censo
trabajo,Se dedica a los quehaceres del hogar,2020,Mujeres,Con discapacidad,Jalisco,18-29,2610.0,12293.0,1268.0,,"Censo de Población y Vivienda, cuestionario ampliado (INEGI)",Personas de 18 años o más,censo
trabajo,Se dedica a los quehaceres del hogar,2020,Mujeres,Con discapacidad,Jalisco,30-44,5201.0,17416.0,1854.0,,"Censo de Población y Vivienda, cuestionario ampliado (INEGI)",Personas de 18 años o más,censo
trabajo,Se dedica a los quehaceres del hogar,2020,Mujeres,Con discapacidad,Jalisco,45-59,16271.0,39236.0,3937.0,,"Censo de Población y Vivienda, cuestionario ampliado (INEGI)",Personas de 18 años o más,censo
trabajo,Se dedica a los quehaceres del hogar,2020,Mujeres,Con discapacidad,Jalisco,60+,47246.0,114951.0,12375.0,,"Censo de Población y Vivienda, cuestionario ampliado (INEGI)",Personas de 18 años o más,censo
trabajo,Se dedica a los quehaceres del hogar,2020,Mujeres,Con discapacidad,Michoacán,18-29,1979.0,8783.0,1202.0,,"Censo de Población y Vivienda, cuestionario ampliado (INEGI)",Personas de 18 años o más,censo
trabajo,Se dedica a los quehaceres del hogar,2020,Mujeres,Con discapacidad,Michoacán,30-44,4519.0,12461.0,1835.0,,"Censo de Población y Vivienda, cuestionario ampliado (INEGI)",Personas de 18 años o más,censo
trabajo,Se dedica a los quehaceres del hogar,2020,Mujeres,Con discapacidad,Michoacán,45-59,11684.0,24334.0,3855.0,,"Censo de Población y Vivienda, cuestionario ampliado (INEGI)",Personas de 18 años o más,censo
trabajo,Se dedica a los quehaceres del hogar,2020,Mujeres,Con discapacidad,Michoacán,60+,34467.0,76665.0,12844.0,,"Censo de Población y Vivienda, cuestionario ampliado (INEGI)",Personas de 18 años o más,censo
trabajo,Se dedica a los quehaceres del hogar,2020,Mujeres,Con discapacidad,Morelos,18-29,862.0,3675.0,425.0,,"Censo de Población y Vivienda, cuestionario ampliado (INEGI)",Personas de 18 años o más,censo
trabajo,Se dedica a los quehaceres del hogar,2020,Mujeres,Con discapacidad,Morelos,30-44,1317.0,5276.0,602.0,,"Censo de Población y Vivienda, cuestionario ampliado (INEGI)",Personas de 18 años o más,censo
trabajo,Se dedica a los quehaceres del hogar,2020,Mujeres,Con discapacidad,Morelos,45-59,3861.0,11197.0,1326.0,,"Censo de Población y Vivienda, cuestionario ampliado (INEGI)",Personas de 18 años o más,censo
trabajo,Se dedica a los quehaceres del hogar,2020,Mujeres,Con discapacidad,Morelos,60+,12044.0,31332.0,3699.0,,"Censo de Población y Vivienda, cuestionario ampliado (INEGI)",Personas de 18 años o más,censo
trabajo,Se dedica a los quehaceres del hogar,2020,Mujeres,Con discapacidad,México,18-29,7023.0,29615.0,2084.0,,"Censo de Población y Vivienda, cuestionario ampliado (INEGI)",Personas de 18 años o más,censo
trabajo,Se dedica a los quehaceres del hogar,2020,Mujeres,Con discapacidad,México,30-44,13767.0,39885.0,2803.0,,"Censo de Población y Vivienda, cuestionario ampliado (INEGI)",Personas de 18 años o más,censo
trabajo,Se dedica a los quehaceres del hogar,2020,Mujeres,Con discapacidad,México,45-59,35717.0,80627.0,5496.0,,"Censo de Población y Vivienda, cuestionario ampliado (INEGI)",Personas de 18 años o más,censo
trabajo,Se dedica a los quehaceres del hogar,2020,Mujeres,Con discapacidad,México,60+,89231.0,193523.0,13461.0,,"Censo de Población y Vivienda, cuestionario ampliado (INEGI)",Personas de 18 años o más,censo
trabajo,Se dedica a los quehaceres del hogar,2020,Mujeres,Con discapacidad,Nayarit,18-29,485.0,2480.0,315.0,,"Censo de Población y Vivienda, cuestionario ampliado (INEGI)",Personas de 18 años o más,censo
trabajo,Se dedica a los quehaceres del hogar,2020,Mujeres,Con discapacidad,Nayarit,30-44,909.0,3190.0,432.0,,"Censo de Población y Vivienda, cuestionario ampliado (INEGI)",Personas de 18 años o más,censo
trabajo,Se dedica a los quehaceres del hogar,2020,Mujeres,Con discapacidad,Nayarit,45-59,2723.0,6106.0,872.0,,"Censo de Población y Vivienda, cuestionario ampliado (INEGI)",Personas de 18 años o más,censo
trabajo,Se dedica a los quehaceres del hogar,2020,Mujeres,Con discapacidad,Nayarit,60+,7207.0,19115.0,2671.0,,"Censo de Población y Vivienda, cuestionario ampliado (INEGI)",Personas de 18 años o más,censo
trabajo,Se dedica a los quehaceres del hogar,2020,Mujeres,Con discapacidad,Nuevo León,18-29,2338.0,8856.0,561.0,,"Censo de Población y Vivienda, cuestionario ampliado (INEGI)",Personas de 18 años o más,censo
trabajo,Se dedica a los quehaceres del hogar,2020,Mujeres,Con discapacidad,Nuevo León,30-44,3796.0,9389.0,656.0,,"Censo de Población y Vivienda, cuestionario ampliado (INEGI)",Personas de 18 años o más,censo
trabajo,Se dedica a los quehaceres del hogar,2020,Mujeres,Con discapacidad,Nuevo León,45-59,9952.0,20549.0,1375.0,,"Censo de Población y Vivienda, cuestionario ampliado (INEGI)",Personas de 18 años o más,censo
trabajo,Se dedica a los quehaceres del hogar,2020,Mujeres,Con discapacidad,Nuevo León,60+,27561.0,58664.0,3868.0,,"Censo de Población y Vivienda, cuestionario ampliado (INEGI)",Personas de 18 años o más,censo
trabajo,Se dedica a los quehaceres del hogar,2020,Mujeres,Con discapacidad,Oaxaca,18-29,2432.0,8385.0,4213.0,,"Censo de Población y Vivienda, cuestionario ampliado (INEGI)",Personas de 18 años o más,censo
trabajo,Se dedica a los quehaceres del hogar,2020,Mujeres,Con discapacidad,Oaxaca,30-44,5106.0,13258.0,6388.0,,"Censo de Población y Vivienda, cuestionario ampliado (INEGI)",Personas de 18 años o más,censo
trabajo,Se dedica a los quehaceres del hogar,2020,Mujeres,Con discapacidad,Oaxaca,45-59,12512.0,26323.0,12851.0,,"Censo de Población y Vivienda, cuestionario ampliado (INEGI)",Personas de 18 años o más,censo
trabajo,Se dedica a los quehaceres del hogar,2020,Mujeres,Con discapacidad,Oaxaca,60+,34787.0,79014.0,41758.0,,"Censo de Población y Vivienda, cuestionario ampliado (INEGI)",Personas de 18 años o más,censo
trabajo,Se dedica a los quehaceres del hogar,2020,Mujeres,Con discapacidad,Puebla,18-29,3127.0,11486.0,2420.0,,"Censo de Población y Vivienda, cuestionario ampliado (INEGI)",Personas de 18 años o más,censo
trabajo,Se dedica a los quehaceres del hogar,2020,Mujeres,Con discapacidad,Puebla,30-44,5710.0,15863.0,3374.0,,"Censo de Población y Vivienda, cuestionario ampliado (INEGI)",Personas de 18 años o más,censo
trabajo,Se dedica a los quehaceres del hogar,2020,Mujeres,Con discapacidad,Puebla,45-59,12233.0,27458.0,6111.0,,"Censo de Población y Vivienda, cuestionario ampliado (INEGI)",Personas de 18 años o más,censo
trabajo,Se dedica a los quehaceres del hogar,2020,Mujeres,Con discapacidad,Puebla,60+,37609.0,85372.0,20395.0,,"Censo de Población y Vivienda, cuestionario ampliado (INEGI)",Personas de 18 años o más,censo
trabajo,Se dedica a los quehaceres del hogar,2020,Mujeres,Con discapacidad,Querétaro,18-29,742.0,3752.0,266.0,,"Censo de Población y Vivienda, cuestionario ampliado (INEGI)",Personas de 18 años o más,censo
trabajo,Se dedica a los quehaceres del hogar,2020,Mujeres,Con discapacidad,Querétaro,30-44,1254.0,4522.0,336.0,,"Censo de Población y Vivienda, cuestionario ampliado (INEGI)",Personas de 18 años o más,censo
trabajo,Se dedica a los quehaceres del hogar,2020,Mujeres,Con discapacidad,Querétaro,45-59,4370.0,9722.0,655.0,,"Censo de Población y Vivienda, cuestionario ampliado (INEGI)",Personas de 18 años o más,censo
trabajo,Se dedica a los quehaceres del hogar,2020,Mujeres,Con discapacidad,Querétaro,60+,10687.0,25281.0,1947.0,,"Censo de Población y Vivienda, cuestionario ampliado (INEGI)",Personas de 18 años o más,censo
trabajo,Se dedica a los quehaceres del hogar,2020,Mujeres,Con discapacidad,Quintana Roo,18-29,1120.0,4273.0,162.0,,"Censo de Población y Vivienda, cuestionario ampliado (INEGI)",Personas de 18 años o más,censo
trabajo,Se dedica a los quehaceres del hogar,2020,Mujeres,Con discapacidad,Quintana Roo,30-44,1199.0,3877.0,186.0,,"Censo de Población y Vivienda, cuestionario ampliado (INEGI)",Personas de 18 años o más,censo
trabajo,Se dedica a los quehaceres del hogar,2020,Mujeres,Con discapacidad,Quintana Roo,45-59,3567.0,7906.0,327.0,,"Censo de Población y Vivienda, cuestionario ampliado (INEGI)",Personas de 18 años o más,censo
trabajo,Se dedica a los quehaceres del hogar,2020,Mujeres,Con discapacidad,Quintana Roo,60+,4656.0,10406.0,579.0,,"Censo de Población y Vivienda, cuestionario ampliado (INEGI)",Personas de 18 años o más,censo
trabajo,Se dedica a los quehaceres del hogar,2020,Mujeres,Con discapacidad,San Luis Potosí,18-29,1238.0,4834.0,649.0,,"Censo de Población y Vivienda, cuestionario ampliado (INEGI)",Personas de 18 años o más,censo
trabajo,Se dedica a los quehaceres del hogar,2020,Mujeres,Con discapacidad,San Luis Potosí,30-44,2325.0,6746.0,869.0,,"Censo de Población y Vivienda, cuestionario ampliado (INEGI)",Personas de 18 años o más,censo
trabajo,Se dedica a los quehaceres del hogar,2020,Mujeres,Con discapacidad,San Luis Potosí,45-59,5806.0,12854.0,1876.0,,"Censo de Población y Vivienda, cuestionario ampliado (INEGI)",Personas de 18 años o más,censo
trabajo,Se dedica a los quehaceres del hogar,2020,Mujeres,Con discapacidad,San Luis Potosí,60+,18197.0,41201.0,6317.0,,"Censo de Población y Vivienda, cuestionario ampliado (INEGI)",Personas de 18 años o más,censo
trabajo,Se dedica a los quehaceres del hogar,2020,Mujeres,Con discapacidad,Sinaloa,18-29,1096.0,4942.0,285.0,,"Censo de Población y Vivienda, cuestionario ampliado (INEGI)",Personas de 18 años o más,censo
trabajo,Se dedica a los quehaceres del hogar,2020,Mujeres,Con discapacidad,Sinaloa,30-44,2291.0,6985.0,413.0,,"Censo de Población y Vivienda, cuestionario ampliado (INEGI)",Personas de 18 años o más,censo
trabajo,Se dedica a los quehaceres del hogar,2020,Mujeres,Con discapacidad,Sinaloa,45-59,7301.0,15730.0,915.0,,"Censo de Población y Vivienda, cuestionario ampliado (INEGI)",Personas de 18 años o más,censo
trabajo,Se dedica a los quehaceres del hogar,2020,Mujeres,Con discapacidad,Sinaloa,60+,19732.0,46790.0,2762.0,,"Censo de Población y Vivienda, cuestionario ampliado (INEGI)",Personas de 18 años o más,censo
trabajo,Se dedica a los quehaceres del hogar,2020,Mujeres,Con discapacidad,Sonora,18-29,1031.0,5553.0,510.0,,"Censo de Población y Vivienda, cuestionario ampliado (INEGI)",Personas de 18 años o más,censo
trabajo,Se dedica a los quehaceres del hogar,2020,Mujeres,Con discapacidad,Sonora,30-44,2238.0,7180.0,630.0,,"Censo de Población y Vivienda, cuestionario ampliado (INEGI)",Personas de 18 años o más,censo
trabajo,Se dedica a los quehaceres del hogar,2020,Mujeres,Con discapacidad,Sonora,45-59,6594.0,16085.0,1612.0,,"Censo de Población y Vivienda, cuestionario ampliado (INEGI)",Personas de 18 años o más,censo
trabajo,Se dedica a los quehaceres del hogar,2020,Mujeres,Con discapacidad,Sonora,60+,16761.0,40252.0,4506.0,,"Censo de Población y Vivienda, cuestionario ampliado (INEGI)",Personas de 18 años o más,censo
trabajo,Se dedica a los quehaceres del hogar,2020,Mujeres,Con discapacidad,Tabasco,18-29,1386.0,5731.0,338.0,,"Censo de Población y Vivienda, cuestionario ampliado (INEGI)",Personas de 18 años o más,censo
trabajo,Se dedica a los quehaceres del hogar,2020,Mujeres,Con discapacidad,Tabasco,30-44,3131.0,7812.0,471.0,,"Censo de Población y Vivienda, cuestionario ampliado (INEGI)",Personas de 18 años o más,censo
trabajo,Se dedica a los quehaceres del hogar,2020,Mujeres,Con discapacidad,Tabasco,45-59,9494.0,17157.0,1085.0,,"Censo de Población y Vivienda, cuestionario ampliado (INEGI)",Personas de 18 años o más,censo
trabajo,Se dedica a los quehaceres del hogar,2020,Mujeres,Con discapacidad,Tabasco,60+,17951.0,38455.0,2646.0,,"Censo de Población y Vivienda, cuestionario ampliado (INEGI)",Personas de 18 años o más,censo
trabajo,Se dedica a los quehaceres del hogar,2020,Mujeres,Con discapacidad,Tamaulipas,18-29,1173.0,4736.0,302.0,,"Censo de Población y Vivienda, cuestionario ampliado (INEGI)",Personas de 18 años o más,censo
trabajo,Se dedica a los quehaceres del hogar,2020,Mujeres,Con discapacidad,Tamaulipas,30-44,2387.0,7450.0,507.0,,"Censo de Población y Vivienda, cuestionario ampliado (INEGI)",Personas de 18 años o más,censo
trabajo,Se dedica a los quehaceres del hogar,2020,Mujeres,Con discapacidad,Tamaulipas,45-59,7504.0,19450.0,1347.0,,"Censo de Población y Vivienda, cuestionario ampliado (INEGI)",Personas de 18 años o más,censo
trabajo,Se dedica a los quehaceres del hogar,2020,Mujeres,Con discapacidad,Tamaulipas,60+,20420.0,48774.0,3974.0,,"Censo de Población y Vivienda, cuestionario ampliado (INEGI)",Personas de 18 años o más,censo
trabajo,Se dedica a los quehaceres del hogar,2020,Mujeres,Con discapacidad,Tlaxcala,18-29,596.0,2216.0,549.0,,"Censo de Población y Vivienda, cuestionario ampliado (INEGI)",Personas de 18 años o más,censo
trabajo,Se dedica a los quehaceres del hogar,2020,Mujeres,Con discapacidad,Tlaxcala,30-44,1092.0,3092.0,733.0,,"Censo de Población y Vivienda, cuestionario ampliado (INEGI)",Personas de 18 años o más,censo
trabajo,Se dedica a los quehaceres del hogar,2020,Mujeres,Con discapacidad,Tlaxcala,45-59,2499.0,5511.0,1372.0,,"Censo de Población y Vivienda, cuestionario ampliado (INEGI)",Personas de 18 años o más,censo
trabajo,Se dedica a los quehaceres del hogar,2020,Mujeres,Con discapacidad,Tlaxcala,60+,6550.0,15298.0,3793.0,,"Censo de Población y Vivienda, cuestionario ampliado (INEGI)",Personas de 18 años o más,censo
trabajo,Se dedica a los quehaceres del hogar,2020,Mujeres,Con discapacidad,Veracruz,18-29,3653.0,13567.0,2429.0,,"Censo de Población y Vivienda, cuestionario ampliado (INEGI)",Personas de 18 años o más,censo
trabajo,Se dedica a los quehaceres del hogar,2020,Mujeres,Con discapacidad,Veracruz,30-44,8232.0,20784.0,3753.0,,"Censo de Población y Vivienda, cuestionario ampliado (INEGI)",Personas de 18 años o más,censo
trabajo,Se dedica a los quehaceres del hogar,2020,Mujeres,Con discapacidad,Veracruz,45-59,23558.0,47807.0,8255.0,,"Censo de Población y Vivienda, cuestionario ampliado (INEGI)",Personas de 18 años o más,censo
trabajo,Se dedica a los quehaceres del hogar,2020,Mujeres,Con discapacidad,Veracruz,60+,61860.0,137828.0,22413.0,,"Censo de Población y Vivienda, cuestionario ampliado (INEGI)",Personas de 18 años o más,censo
trabajo,Se dedica a los quehaceres del hogar,2020,Mujeres,Con discapacidad,Yucatán,18-29,845.0,4797.0,823.0,,"Censo de Población y Vivienda, cuestionario ampliado (INEGI)",Personas de 18 años o más,censo
trabajo,Se dedica a los quehaceres del hogar,2020,Mujeres,Con discapacidad,Yucatán,30-44,1958.0,6343.0,1272.0,,"Censo de Población y Vivienda, cuestionario ampliado (INEGI)",Personas de 18 años o más,censo
trabajo,Se dedica a los quehaceres del hogar,2020,Mujeres,Con discapacidad,Yucatán,45-59,5687.0,13921.0,2733.0,,"Censo de Población y Vivienda, cuestionario ampliado (INEGI)",Personas de 18 años o más,censo
trabajo,Se dedica a los quehaceres del hogar,2020,Mujeres,Con discapacidad,Yucatán,60+,15743.0,37588.0,7493.0,,"Censo de Población y Vivienda, cuestionario ampliado (INEGI)",Personas de 18 años o más,censo
trabajo,Se dedica a los quehaceres del hogar,2020,Mujeres,Con discapacidad,Zacatecas,18-29,951.0,3326.0,621.0,,"Censo de Población y Vivienda, cuestionario ampliado (INEGI)",Personas de 18 años o más,censo
trabajo,Se dedica a los quehaceres del hogar,2020,Mujeres,Con discapacidad,Zacatecas,30-44,1785.0,4141.0,813.0,,"Censo de Población y Vivienda, cuestionario ampliado (INEGI)",Personas de 18 años o más,censo
trabajo,Se dedica a los quehaceres del hogar,2020,Mujeres,Con discapacidad,Zacatecas,45-59,4891.0,9235.0,1705.0,,"Censo de Población y Vivienda, cuestionario ampliado (INEGI)",Personas de 18 años o más,censo
trabajo,Se dedica a los quehaceres del hogar,2020,Mujeres,Con discapacidad,Zacatecas,60+,12572.0,26281.0,5519.0,,"Censo de Población y Vivienda, cuestionario ampliado (INEGI)",Personas de 18 años o más,censo
trabajo,Se dedica a los quehaceres del hogar,2020,Mujeres,Sin discapacidad,Aguascalientes,18-29,41437.0,148365.0,10007.0,,"Censo de Población y Vivienda, cuestionario ampliado (INEGI)",Personas de 18 años o más,censo
trabajo,Se dedica a los quehaceres del hogar,2020,Mujeres,Sin discapacidad,Aguascalientes,30-44,50518.0,151381.0,9919.0,,"Censo de Población y Vivienda, cuestionario ampliado (INEGI)",Personas de 18 años o más,censo
trabajo,Se dedica a los quehaceres del hogar,2020,Mujeres,Sin discapacidad,Aguascalientes,45-59,42629.0,104395.0,6439.0,,"Censo de Población y Vivienda, cuestionario ampliado (INEGI)",Personas de 18 años o más,censo
trabajo,Se dedica a los quehaceres del hogar,2020,Mujeres,Sin discapacidad,Aguascalientes,60+,31826.0,58282.0,3561.0,,"Censo de Población y Vivienda, cuestionario ampliado (INEGI)",Personas de 18 años o más,censo
trabajo,Se dedica a los quehaceres del hogar,2020,Mujeres,Sin discapacidad,Baja California,18-29,94331.0,378815.0,7935.0,,"Censo de Población y Vivienda, cuestionario ampliado (INEGI)",Personas de 18 años o más,censo
trabajo,Se dedica a los quehaceres del hogar,2020,Mujeres,Sin discapacidad,Baja California,30-44,134544.0,421063.0,8660.0,,"Censo de Población y Vivienda, cuestionario ampliado (INEGI)",Personas de 18 años o más,censo
trabajo,Se dedica a los quehaceres del hogar,2020,Mujeres,Sin discapacidad,Baja California,45-59,105357.0,287973.0,6139.0,,"Censo de Población y Vivienda, cuestionario ampliado (INEGI)",Personas de 18 años o más,censo
trabajo,Se dedica a los quehaceres del hogar,2020,Mujeres,Sin discapacidad,Baja California,60+,70774.0,152807.0,3402.0,,"Censo de Población y Vivienda, cuestionario ampliado (INEGI)",Personas de 18 años o más,censo
trabajo,Se dedica a los quehaceres del hogar,2020,Mujeres,Sin discapacidad,Baja California Sur,18-29,20679.0,77149.0,4297.0,,"Censo de Población y Vivienda, cuestionario ampliado (INEGI)",Personas de 18 años o más,censo
trabajo,Se dedica a los quehaceres del hogar,2020,Mujeres,Sin discapacidad,Baja California Sur,30-44,29954.0,92812.0,5312.0,,"Censo de Población y Vivienda, cuestionario ampliado (INEGI)",Personas de 18 años o más,censo
trabajo,Se dedica a los quehaceres del hogar,2020,Mujeres,Sin discapacidad,Baja California Sur,45-59,23167.0,60151.0,3618.0,,"Censo de Población y Vivienda, cuestionario ampliado (INEGI)",Personas de 18 años o más,censo
trabajo,Se dedica a los quehaceres del hogar,2020,Mujeres,Sin discapacidad,Baja California Sur,60+,16806.0,30542.0,1948.0,,"Censo de Población y Vivienda, cuestionario ampliado (INEGI)",Personas de 18 años o más,censo
trabajo,Se dedica a los quehaceres del hogar,2020,Mujeres,Sin discapacidad,Campeche,18-29,33927.0,86710.0,7886.0,,"Censo de Población y Vivienda, cuestionario ampliado (INEGI)",Personas de 18 años o más,censo
trabajo,Se dedica a los quehaceres del hogar,2020,Mujeres,Sin discapacidad,Campeche,30-44,44933.0,102997.0,9181.0,,"Censo de Población y Vivienda, cuestionario ampliado (INEGI)",Personas de 18 años o más,censo
trabajo,Se dedica a los quehaceres del hogar,2020,Mujeres,Sin discapacidad,Campeche,45-59,32701.0,70631.0,6005.0,,"Censo de Población y Vivienda, cuestionario ampliado (INEGI)",Personas de 18 años o más,censo
trabajo,Se dedica a los quehaceres del hogar,2020,Mujeres,Sin discapacidad,Campeche,60+,20848.0,36641.0,3265.0,,"Censo de Población y Vivienda, cuestionario ampliado (INEGI)",Personas de 18 años o más,censo
trabajo,Se dedica a los quehaceres del hogar,2020,Mujeres,Sin discapacidad,Chiapas,18-29,329317.0,564131.0,130477.0,,"Censo de Población y Vivienda, cuestionario ampliado (INEGI)",Personas de 18 años o más,censo
trabajo,Se dedica a los quehaceres del hogar,2020,Mujeres,Sin discapacidad,Chiapas,30-44,341518.0,563339.0,121615.0,,"Censo de Población y Vivienda, cuestionario ampliado (INEGI)",Personas de 18 años o más,censo
trabajo,Se dedica a los quehaceres del hogar,2020,Mujeres,Sin discapacidad,Chiapas,45-59,219197.0,355931.0,70993.0,,"Censo de Población y Vivienda, cuestionario ampliado (INEGI)",Personas de 18 años o más,censo
trabajo,Se dedica a los quehaceres del hogar,2020,Mujeres,Sin discapacidad,Chiapas,60+,134480.0,197910.0,39994.0,,"Censo de Población y Vivienda, cuestionario ampliado (INEGI)",Personas de 18 años o más,censo
trabajo,Se dedica a los quehaceres del hogar,2020,Mujeres,Sin discapacidad,Chihuahua,18-29,104823.0,365271.0,27386.0,,"Censo de Población y Vivienda, cuestionario ampliado (INEGI)",Personas de 18 años o más,censo
trabajo,Se dedica a los quehaceres del hogar,2020,Mujeres,Sin discapacidad,Chihuahua,30-44,141098.0,390229.0,29765.0,,"Censo de Población y Vivienda, cuestionario ampliado (INEGI)",Personas de 18 años o más,censo
trabajo,Se dedica a los quehaceres del hogar,2020,Mujeres,Sin discapacidad,Chihuahua,45-59,124952.0,303173.0,23773.0,,"Censo de Población y Vivienda, cuestionario ampliado (INEGI)",Personas de 18 años o más,censo
trabajo,Se dedica a los quehaceres del hogar,2020,Mujeres,Sin discapacidad,Chihuahua,60+,89647.0,172701.0,16769.0,,"Censo de Población y Vivienda, cuestionario ampliado (INEGI)",Personas de 18 años o más,censo
trabajo,Se dedica a los quehaceres del hogar,2020,Mujeres,Sin discapacidad,Ciudad de México,18-29,166045.0,845493.0,25719.0,,"Censo de Población y Vivienda, cuestionario ampliado (INEGI)",Personas de 18 años o más,censo
trabajo,Se dedica a los quehaceres del hogar,2020,Mujeres,Sin discapacidad,Ciudad de México,30-44,278446.0,1058041.0,31842.0,,"Censo de Población y Vivienda, cuestionario ampliado (INEGI)",Personas de 18 años o más,censo
trabajo,Se dedica a los quehaceres del hogar,2020,Mujeres,Sin discapacidad,Ciudad de México,45-59,295014.0,916111.0,27421.0,,"Censo de Población y Vivienda, cuestionario ampliado (INEGI)",Personas de 18 años o más,censo
trabajo,Se dedica a los quehaceres del hogar,2020,Mujeres,Sin discapacidad,Ciudad de México,60+,305745.0,694285.0,20292.0,,"Censo de Población y Vivienda, cuestionario ampliado (INEGI)",Personas de 18 años o más,censo
trabajo,Se dedica a los quehaceres del hogar,2020,Mujeres,Sin discapacidad,Coahuila,18-29,105132.0,301685.0,20458.0,,"Censo de Población y Vivienda, cuestionario ampliado (INEGI)",Personas de 18 años o más,censo
trabajo,Se dedica a los quehaceres del hogar,2020,Mujeres,Sin discapacidad,Coahuila,30-44,135211.0,321887.0,21756.0,,"Censo de Población y Vivienda, cuestionario ampliado (INEGI)",Personas de 18 años o más,censo
trabajo,Se dedica a los quehaceres del hogar,2020,Mujeres,Sin discapacidad,Coahuila,45-59,123049.0,257182.0,17747.0,,"Censo de Población y Vivienda, cuestionario ampliado (INEGI)",Personas de 18 años o más,censo
trabajo,Se dedica a los quehaceres del hogar,2020,Mujeres,Sin discapacidad,Coahuila,60+,89111.0,154894.0,10722.0,,"Censo de Población y Vivienda, cuestionario ampliado (INEGI)",Personas de 18 años o más,censo
trabajo,Se dedica a los quehaceres del hogar,2020,Mujeres,Sin discapacidad,Colima,18-29,16987.0,69910.0,5674.0,,"Censo de Población y Vivienda, cuestionario ampliado (INEGI)",Personas de 18 años o más,censo
trabajo,Se dedica a los quehaceres del hogar,2020,Mujeres,Sin discapacidad,Colima,30-44,23056.0,82517.0,6509.0,,"Censo de Población y Vivienda, cuestionario ampliado (INEGI)",Personas de 18 años o más,censo
trabajo,Se dedica a los quehaceres del hogar,2020,Mujeres,Sin discapacidad,Colima,45-59,21002.0,58333.0,4761.0,,"Censo de Población y Vivienda, cuestionario ampliado (INEGI)",Personas de 18 años o más,censo
trabajo,Se dedica a los quehaceres del hogar,2020,Mujeres,Sin discapacidad,Colima,60+,18508.0,36311.0,3085.0,,"Censo de Población y Vivienda, cuestionario ampliado (INEGI)",Personas de 18 años o más,censo
trabajo,Se dedica a los quehaceres del hogar,2020,Mujeres,Sin discapacidad,Durango,18-29,67689.0,178448.0,23437.0,,"Censo de Población y Vivienda, cuestionario ampliado (INEGI)",Personas de 18 años o más,censo
trabajo,Se dedica a los quehaceres del hogar,2020,Mujeres,Sin discapacidad,Durango,30-44,80287.0,179926.0,23397.0,,"Censo de Población y Vivienda, cuestionario ampliado (INEGI)",Personas de 18 años o más,censo
trabajo,Se dedica a los quehaceres del hogar,2020,Mujeres,Sin discapacidad,Durango,45-59,68288.0,139932.0,17051.0,,"Censo de Población y Vivienda, cuestionario ampliado (INEGI)",Personas de 18 años o más,censo
trabajo,Se dedica a los quehaceres del hogar,2020,Mujeres,Sin discapacidad,Durango,60+,48828.0,78313.0,10909.0,,"Censo de Población y Vivienda, cuestionario ampliado (INEGI)",Personas de 18 años o más,censo
trabajo,Se dedica a los quehaceres del hogar,2020,Mujeres,Sin discapacidad,Guanajuato,18-29,234747.0,633678.0,42694.0,,"Censo de Población y Vivienda, cuestionario ampliado (INEGI)",Personas de 18 años o más,censo
trabajo,Se dedica a los quehaceres del hogar,2020,Mujeres,Sin discapacidad,Guanajuato,30-44,292049.0,663544.0,45360.0,,"Censo de Población y Vivienda, cuestionario ampliado (INEGI)",Personas de 18 años o más,censo
trabajo,Se dedica a los quehaceres del hogar,2020,Mujeres,Sin discapacidad,Guanajuato,45-59,233093.0,464364.0,31781.0,,"Censo de Población y Vivienda, cuestionario ampliado (INEGI)",Personas de 18 años o más,censo
trabajo,Se dedica a los quehaceres del hogar,2020,Mujeres,Sin discapacidad,Guanajuato,60+,173703.0,271895.0,19886.0,,"Censo de Población y Vivienda, cuestionario ampliado (INEGI)",Personas de 18 años o más,censo
trabajo,Se dedica a los quehaceres del hogar,2020,Mujeres,Sin discapacidad,Guerrero,18-29,154487.0,343102.0,71592.0,,"Censo de Población y Vivienda, cuestionario ampliado (INEGI)",Personas de 18 años o más,censo
trabajo,Se dedica a los quehaceres del hogar,2020,Mujeres,Sin discapacidad,Guerrero,30-44,155731.0,349172.0,66171.0,,"Censo de Población y Vivienda, cuestionario ampliado (INEGI)",Personas de 18 años o más,censo
trabajo,Se dedica a los quehaceres del hogar,2020,Mujeres,Sin discapacidad,Guerrero,45-59,117863.0,252769.0,46153.0,,"Censo de Población y Vivienda, cuestionario ampliado (INEGI)",Personas de 18 años o más,censo
trabajo,Se dedica a los quehaceres del hogar,2020,Mujeres,Sin discapacidad,Guerrero,60+,96676.0,170601.0,33138.0,,"Censo de Población y Vivienda, cuestionario ampliado (INEGI)",Personas de 18 años o más,censo
trabajo,Se dedica a los quehaceres del hogar,2020,Mujeres,Sin discapacidad,Hidalgo,18-29,105381.0,289032.0,46280.0,,"Censo de Población y Vivienda, cuestionario ampliado (INEGI)",Personas de 18 años o más,censo
trabajo,Se dedica a los quehaceres del hogar,2020,Mujeres,Sin discapacidad,Hidalgo,30-44,146144.0,341434.0,53792.0,,"Censo de Población y Vivienda, cuestionario ampliado (INEGI)",Personas de 18 años o más,censo
trabajo,Se dedica a los quehaceres del hogar,2020,Mujeres,Sin discapacidad,Hidalgo,45-59,120619.0,253636.0,40324.0,,"Censo de Población y Vivienda, cuestionario ampliado (INEGI)",Personas de 18 años o más,censo
trabajo,Se dedica a los quehaceres del hogar,2020,Mujeres,Sin discapacidad,Hidalgo,60+,99799.0,159690.0,27372.0,,"Censo de Población y Vivienda, cuestionario ampliado (INEGI)",Personas de 18 años o más,censo
trabajo,Se dedica a los quehaceres del hogar,2020,Mujeres,Sin discapacidad,Jalisco,18-29,227485.0,827508.0,72858.0,,"Censo de Población y Vivienda, cuestionario ampliado (INEGI)",Personas de 18 años o más,censo
trabajo,Se dedica a los quehaceres del hogar,2020,Mujeres,Sin discapacidad,Jalisco,30-44,327925.0,893028.0,80209.0,,"Censo de Población y Vivienda, cuestionario ampliado (INEGI)",Personas de 18 años o más,censo
trabajo,Se dedica a los quehaceres del hogar,2020,Mujeres,Sin discapacidad,Jalisco,45-59,278169.0,646869.0,57078.0,,"Censo de Población y Vivienda, cuestionario ampliado (INEGI)",Personas de 18 años o más,censo
trabajo,Se dedica a los quehaceres del hogar,2020,Mujeres,Sin discapacidad,Jalisco,60+,240411.0,426406.0,40563.0,,"Censo de Población y Vivienda, cuestionario ampliado (INEGI)",Personas de 18 años o más,censo
trabajo,Se dedica a los quehaceres del hogar,2020,Mujeres,Sin discapacidad,Michoacán,18-29,189387.0,461524.0,67214.0,,"Censo de Población y Vivienda, cuestionario ampliado (INEGI)",Personas de 18 años o más,censo
trabajo,Se dedica a los quehaceres del hogar,2020,Mujeres,Sin discapacidad,Michoacán,30-44,221677.0,481854.0,70285.0,,"Censo de Población y Vivienda, cuestionario ampliado (INEGI)",Personas de 18 años o más,censo
trabajo,Se dedica a los quehaceres del hogar,2020,Mujeres,Sin discapacidad,Michoacán,45-59,174467.0,361381.0,51014.0,,"Censo de Población y Vivienda, cuestionario ampliado (INEGI)",Personas de 18 años o más,censo
trabajo,Se dedica a los quehaceres del hogar,2020,Mujeres,Sin discapacidad,Michoacán,60+,152232.0,247158.0,37605.0,,"Censo de Población y Vivienda, cuestionario ampliado (INEGI)",Personas de 18 años o más,censo
trabajo,Se dedica a los quehaceres del hogar,2020,Mujeres,Sin discapacidad,Morelos,18-29,58578.0,189712.0,23464.0,,"Censo de Población y Vivienda, cuestionario ampliado (INEGI)",Personas de 18 años o más,censo
trabajo,Se dedica a los quehaceres del hogar,2020,Mujeres,Sin discapacidad,Morelos,30-44,72376.0,209954.0,25414.0,,"Censo de Población y Vivienda, cuestionario ampliado (INEGI)",Personas de 18 años o más,censo
trabajo,Se dedica a los quehaceres del hogar,2020,Mujeres,Sin discapacidad,Morelos,45-59,65338.0,170519.0,19605.0,,"Censo de Población y Vivienda, cuestionario ampliado (INEGI)",Personas de 18 años o más,censo
trabajo,Se dedica a los quehaceres del hogar,2020,Mujeres,Sin discapacidad,Morelos,60+,55991.0,109443.0,12597.0,,"Censo de Población y Vivienda, cuestionario ampliado (INEGI)",Personas de 18 años o más,censo
trabajo,Se dedica a los quehaceres del hogar,2020,Mujeres,Sin discapacidad,México,18-29,572359.0,1670513.0,122214.0,,"Censo de Población y Vivienda, cuestionario ampliado (INEGI)",Personas de 18 años o más,censo
trabajo,Se dedica a los quehaceres del hogar,2020,Mujeres,Sin discapacidad,México,30-44,795819.0,1888278.0,135859.0,,"Censo de Población y Vivienda, cuestionario ampliado (INEGI)",Personas de 18 años o más,censo
trabajo,Se dedica a los quehaceres del hogar,2020,Mujeres,Sin discapacidad,México,45-59,705453.0,1480720.0,99355.0,,"Censo de Población y Vivienda, cuestionario ampliado (INEGI)",Personas de 18 años o más,censo
trabajo,Se dedica a los quehaceres del hogar,2020,Mujeres,Sin discapacidad,México,60+,511144.0,856507.0,56109.0,,"Censo de Población y Vivienda, cuestionario ampliado (INEGI)",Personas de 18 años o más,censo
trabajo,Se dedica a los quehaceres del hogar,2020,Mujeres,Sin discapacidad,Nayarit,18-29,37029.0,113006.0,16726.0,,"Censo de Población y Vivienda, cuestionario ampliado (INEGI)",Personas de 18 años o más,censo
trabajo,Se dedica a los quehaceres del hogar,2020,Mujeres,Sin discapacidad,Nayarit,30-44,46527.0,126800.0,17054.0,,"Censo de Población y Vivienda, cuestionario ampliado (INEGI)",Personas de 18 años o más,censo
trabajo,Se dedica a los quehaceres del hogar,2020,Mujeres,Sin discapacidad,Nayarit,45-59,40250.0,93871.0,12204.0,,"Censo de Población y Vivienda, cuestionario ampliado (INEGI)",Personas de 18 años o más,censo
trabajo,Se dedica a los quehaceres del hogar,2020,Mujeres,Sin discapacidad,Nayarit,60+,34494.0,60737.0,8256.0,,"Censo de Población y Vivienda, cuestionario ampliado (INEGI)",Personas de 18 años o más,censo
trabajo,Se dedica a los quehaceres del hogar,2020,Mujeres,Sin discapacidad,Nuevo León,18-29,182053.0,567233.0,31980.0,,"Censo de Población y Vivienda, cuestionario ampliado (INEGI)",Personas de 18 años o más,censo
trabajo,Se dedica a los quehaceres del hogar,2020,Mujeres,Sin discapacidad,Nuevo León,30-44,262052.0,618239.0,35232.0,,"Censo de Población y Vivienda, cuestionario ampliado (INEGI)",Personas de 18 años o más,censo
trabajo,Se dedica a los quehaceres del hogar,2020,Mujeres,Sin discapacidad,Nuevo León,45-59,228982.0,478264.0,26128.0,,"Censo de Población y Vivienda, cuestionario ampliado (INEGI)",Personas de 18 años o más,censo
trabajo,Se dedica a los quehaceres del hogar,2020,Mujeres,Sin discapacidad,Nuevo León,60+,176221.0,304598.0,17005.0,,"Censo de Población y Vivienda, cuestionario ampliado (INEGI)",Personas de 18 años o más,censo
trabajo,Se dedica a los quehaceres del hogar,2020,Mujeres,Sin discapacidad,Oaxaca,18-29,175915.0,382809.0,177112.0,,"Censo de Población y Vivienda, cuestionario ampliado (INEGI)",Personas de 18 años o más,censo
trabajo,Se dedica a los quehaceres del hogar,2020,Mujeres,Sin discapacidad,Oaxaca,30-44,206458.0,430316.0,189979.0,,"Censo de Población y Vivienda, cuestionario ampliado (INEGI)",Personas de 18 años o más,censo
trabajo,Se dedica a los quehaceres del hogar,2020,Mujeres,Sin discapacidad,Oaxaca,45-59,156905.0,309481.0,136660.0,,"Censo de Población y Vivienda, cuestionario ampliado (INEGI)",Personas de 18 años o más,censo
trabajo,Se dedica a los quehaceres del hogar,2020,Mujeres,Sin discapacidad,Oaxaca,60+,133914.0,217569.0,105128.0,,"Censo de Población y Vivienda, cuestionario ampliado (INEGI)",Personas de 18 años o más,censo
trabajo,Se dedica a los quehaceres del hogar,2020,Mujeres,Sin discapacidad,Puebla,18-29,272053.0,664394.0,125786.0,,"Censo de Población y Vivienda, cuestionario ampliado (INEGI)",Personas de 18 años o más,censo
trabajo,Se dedica a los quehaceres del hogar,2020,Mujeres,Sin discapacidad,Puebla,30-44,326505.0,713092.0,129381.0,,"Censo de Población y Vivienda, cuestionario ampliado (INEGI)",Personas de 18 años o más,censo
trabajo,Se dedica a los quehaceres del hogar,2020,Mujeres,Sin discapacidad,Puebla,45-59,246457.0,495705.0,89093.0,,"Censo de Población y Vivienda, cuestionario ampliado (INEGI)",Personas de 18 años o más,censo
trabajo,Se dedica a los quehaceres del hogar,2020,Mujeres,Sin discapacidad,Puebla,60+,199945.0,320930.0,63147.0,,"Censo de Población y Vivienda, cuestionario ampliado (INEGI)",Personas de 18 años o más,censo
trabajo,Se dedica a los quehaceres del hogar,2020,Mujeres,Sin discapacidad,Querétaro,18-29,69917.0,244319.0,15173.0,,"Censo de Población y Vivienda, cuestionario ampliado (INEGI)",Personas de 18 años o más,censo
trabajo,Se dedica a los quehaceres del hogar,2020,Mujeres,Sin discapacidad,Querétaro,30-44,101520.0,276254.0,16381.0,,"Censo de Población y Vivienda, cuestionario ampliado (INEGI)",Personas de 18 años o más,censo
trabajo,Se dedica a los quehaceres del hogar,2020,Mujeres,Sin discapacidad,Querétaro,45-59,79501.0,187100.0,10785.0,,"Censo de Población y Vivienda, cuestionario ampliado (INEGI)",Personas de 18 años o más,censo
trabajo,Se dedica a los quehaceres del hogar,2020,Mujeres,Sin discapacidad,Querétaro,60+,60148.0,109707.0,6500.0,,"Censo de Población y Vivienda, cuestionario ampliado (INEGI)",Personas de 18 años o más,censo
trabajo,Se dedica a los quehaceres del hogar,2020,Mujeres,Sin discapacidad,Quintana Roo,18-29,62518.0,195516.0,8024.0,,"Censo de Población y Vivienda, cuestionario ampliado (INEGI)",Personas de 18 años o más,censo
trabajo,Se dedica a los quehaceres del hogar,2020,Mujeres,Sin discapacidad,Quintana Roo,30-44,86150.0,233644.0,9148.0,,"Censo de Población y Vivienda, cuestionario ampliado (INEGI)",Personas de 18 años o más,censo
trabajo,Se dedica a los quehaceres del hogar,2020,Mujeres,Sin discapacidad,Quintana Roo,45-59,53737.0,128581.0,5222.0,,"Censo de Población y Vivienda, cuestionario ampliado (INEGI)",Personas de 18 años o más,censo
trabajo,Se dedica a los quehaceres del hogar,2020,Mujeres,Sin discapacidad,Quintana Roo,60+,31499.0,58987.0,2630.0,,"Censo de Población y Vivienda, cuestionario ampliado (INEGI)",Personas de 18 años o más,censo
trabajo,Se dedica a los quehaceres del hogar,2020,Mujeres,Sin discapacidad,San Luis Potosí,18-29,99465.0,274424.0,33550.0,,"Censo de Población y Vivienda, cuestionario ampliado (INEGI)",Personas de 18 años o más,censo
trabajo,Se dedica a los quehaceres del hogar,2020,Mujeres,Sin discapacidad,San Luis Potosí,30-44,131685.0,298434.0,35430.0,,"Censo de Población y Vivienda, cuestionario ampliado (INEGI)",Personas de 18 años o más,censo
trabajo,Se dedica a los quehaceres del hogar,2020,Mujeres,Sin discapacidad,San Luis Potosí,45-59,108290.0,217904.0,25986.0,,"Censo de Población y Vivienda, cuestionario ampliado (INEGI)",Personas de 18 años o más,censo
trabajo,Se dedica a los quehaceres del hogar,2020,Mujeres,Sin discapacidad,San Luis Potosí,60+,95074.0,151105.0,19767.0,,"Censo de Población y Vivienda, cuestionario ampliado (INEGI)",Personas de 18 años o más,censo
trabajo,Se dedica a los quehaceres del hogar,2020,Mujeres,Sin discapacidad,Sinaloa,18-29,83176.0,294332.0,15379.0,,"Censo de Población y Vivienda, cuestionario ampliado (INEGI)",Personas de 18 años o más,censo
trabajo,Se dedica a los quehaceres del hogar,2020,Mujeres,Sin discapacidad,Sinaloa,30-44,114092.0,304903.0,16173.0,,"Censo de Población y Vivienda, cuestionario ampliado (INEGI)",Personas de 18 años o más,censo
trabajo,Se dedica a los quehaceres del hogar,2020,Mujeres,Sin discapacidad,Sinaloa,45-59,108566.0,245858.0,13169.0,,"Censo de Población y Vivienda, cuestionario ampliado (INEGI)",Personas de 18 años o más,censo
trabajo,Se dedica a los quehaceres del hogar,2020,Mujeres,Sin discapacidad,Sinaloa,60+,93339.0,161101.0,9148.0,,"Censo de Población y Vivienda, cuestionario ampliado (INEGI)",Personas de 18 años o más,censo
trabajo,Se dedica a los quehaceres del hogar,2020,Mujeres,Sin discapacidad,Sonora,18-29,76733.0,278303.0,22485.0,,"Censo de Población y Vivienda, cuestionario ampliado (INEGI)",Personas de 18 años o más,censo
trabajo,Se dedica a los quehaceres del hogar,2020,Mujeres,Sin discapacidad,Sonora,30-44,111583.0,304186.0,25359.0,,"Censo de Población y Vivienda, cuestionario ampliado (INEGI)",Personas de 18 años o más,censo
trabajo,Se dedica a los quehaceres del hogar,2020,Mujeres,Sin discapacidad,Sonora,45-59,102265.0,236046.0,20906.0,,"Censo de Población y Vivienda, cuestionario ampliado (INEGI)",Personas de 18 años o más,censo
trabajo,Se dedica a los quehaceres del hogar,2020,Mujeres,Sin discapacidad,Sonora,60+,80021.0,151631.0,14455.0,,"Censo de Población y Vivienda, cuestionario ampliado (INEGI)",Personas de 18 años o más,censo
trabajo,Se dedica a los quehaceres del hogar,2020,Mujeres,Sin discapacidad,Tabasco,18-29,96595.0,226349.0,14601.0,,"Censo de Población y Vivienda, cuestionario ampliado (INEGI)",Personas de 18 años o más,censo
trabajo,Se dedica a los quehaceres del hogar,2020,Mujeres,Sin discapacidad,Tabasco,30-44,136334.0,272548.0,17649.0,,"Censo de Población y Vivienda, cuestionario ampliado (INEGI)",Personas de 18 años o más,censo
trabajo,Se dedica a los quehaceres del hogar,2020,Mujeres,Sin discapacidad,Tabasco,45-59,100131.0,183843.0,12418.0,,"Censo de Población y Vivienda, cuestionario ampliado (INEGI)",Personas de 18 años o más,censo
trabajo,Se dedica a los quehaceres del hogar,2020,Mujeres,Sin discapacidad,Tabasco,60+,62937.0,96324.0,6697.0,,"Censo de Población y Vivienda, cuestionario ampliado (INEGI)",Personas de 18 años o más,censo
trabajo,Se dedica a los quehaceres del hogar,2020,Mujeres,Sin discapacidad,Tamaulipas,18-29,105164.0,333325.0,21422.0,,"Censo de Población y Vivienda, cuestionario ampliado (INEGI)",Personas de 18 años o más,censo
trabajo,Se dedica a los quehaceres del hogar,2020,Mujeres,Sin discapacidad,Tamaulipas,30-44,154268.0,377859.0,25338.0,,"Censo de Población y Vivienda, cuestionario ampliado (INEGI)",Personas de 18 años o más,censo
trabajo,Se dedica a los quehaceres del hogar,2020,Mujeres,Sin discapacidad,Tamaulipas,45-59,139563.0,299971.0,20871.0,,"Censo de Población y Vivienda, cuestionario ampliado (INEGI)",Personas de 18 años o más,censo
trabajo,Se dedica a los quehaceres del hogar,2020,Mujeres,Sin discapacidad,Tamaulipas,60+,102910.0,179281.0,14611.0,,"Censo de Población y Vivienda, cuestionario ampliado (INEGI)",Personas de 18 años o más,censo
trabajo,Se dedica a los quehaceres del hogar,2020,Mujeres,Sin discapacidad,Tlaxcala,18-29,49300.0,132489.0,34859.0,,"Censo de Población y Vivienda, cuestionario ampliado (INEGI)",Personas de 18 años o más,censo
trabajo,Se dedica a los quehaceres del hogar,2020,Mujeres,Sin discapacidad,Tlaxcala,30-44,63319.0,146931.0,37786.0,,"Censo de Población y Vivienda, cuestionario ampliado (INEGI)",Personas de 18 años o más,censo
trabajo,Se dedica a los quehaceres del hogar,2020,Mujeres,Sin discapacidad,Tlaxcala,45-59,51751.0,106952.0,27432.0,,"Censo de Población y Vivienda, cuestionario ampliado (INEGI)",Personas de 18 años o más,censo
trabajo,Se dedica a los quehaceres del hogar,2020,Mujeres,Sin discapacidad,Tlaxcala,60+,39723.0,63248.0,16657.0,,"Censo de Población y Vivienda, cuestionario ampliado (INEGI)",Personas de 18 años o más,censo
trabajo,Se dedica a los quehaceres del hogar,2020,Mujeres,Sin discapacidad,Veracruz,18-29,320957.0,734249.0,130345.0,,"Censo de Población y Vivienda, cuestionario ampliado (INEGI)",Personas de 18 años o más,censo
trabajo,Se dedica a los quehaceres del hogar,2020,Mujeres,Sin discapacidad,Veracruz,30-44,435745.0,866665.0,145831.0,,"Censo de Población y Vivienda, cuestionario ampliado (INEGI)",Personas de 18 años o más,censo
trabajo,Se dedica a los quehaceres del hogar,2020,Mujeres,Sin discapacidad,Veracruz,45-59,379616.0,702176.0,110351.0,,"Censo de Población y Vivienda, cuestionario ampliado (INEGI)",Personas de 18 años o más,censo
trabajo,Se dedica a los quehaceres del hogar,2020,Mujeres,Sin discapacidad,Veracruz,60+,304213.0,478881.0,74337.0,,"Censo de Población y Vivienda, cuestionario ampliado (INEGI)",Personas de 18 años o más,censo
trabajo,Se dedica a los quehaceres del hogar,2020,Mujeres,Sin discapacidad,Yucatán,18-29,77077.0,227844.0,45929.0,,"Censo de Población y Vivienda, cuestionario ampliado (INEGI)",Personas de 18 años o más,censo
trabajo,Se dedica a los quehaceres del hogar,2020,Mujeres,Sin discapacidad,Yucatán,30-44,102273.0,255228.0,50553.0,,"Censo de Población y Vivienda, cuestionario ampliado (INEGI)",Personas de 18 años o más,censo
trabajo,Se dedica a los quehaceres del hogar,2020,Mujeres,Sin discapacidad,Yucatán,45-59,84172.0,182570.0,32824.0,,"Censo de Población y Vivienda, cuestionario ampliado (INEGI)",Personas de 18 años o más,censo
trabajo,Se dedica a los quehaceres del hogar,2020,Mujeres,Sin discapacidad,Yucatán,60+,67020.0,114770.0,21089.0,,"Censo de Población y Vivienda, cuestionario ampliado (INEGI)",Personas de 18 años o más,censo
trabajo,Se dedica a los quehaceres del hogar,2020,Mujeres,Sin discapacidad,Zacatecas,18-29,62390.0,152764.0,26364.0,,"Censo de Población y Vivienda, cuestionario ampliado (INEGI)",Personas de 18 años o más,censo
trabajo,Se dedica a los quehaceres del hogar,2020,Mujeres,Sin discapacidad,Zacatecas,30-44,85775.0,168730.0,29181.0,,"Censo de Población y Vivienda, cuestionario ampliado (INEGI)",Personas de 18 años o más,censo
trabajo,Se dedica a los quehaceres del hogar,2020,Mujeres,Sin discapacidad,Zacatecas,45-59,65620.0,120623.0,21506.0,,"Censo de Población y Vivienda, cuestionario ampliado (INEGI)",Personas de 18 años o más,censo
trabajo,Se dedica a los quehaceres del hogar,2020,Mujeres,Sin discapacidad,Zacatecas,60+,51785.0,73591.0,15131.0,,"Censo de Población y Vivienda, cuestionario ampliado (INEGI)",Personas de 18 años o más,censo
educacion-censo,No sabe leer ni escribir (Censo),2020,Hombres,Con discapacidad,Aguascalientes,18-29,493.0,3461.0,208.0,,"Censo de Población y Vivienda, cuestionario ampliado (INEGI)",Personas de 18 años o más,censo
educacion-censo,No sabe leer ni escribir (Censo),2020,Hombres,Con discapacidad,Aguascalientes,30-44,547.0,5243.0,322.0,,"Censo de Población y Vivienda, cuestionario ampliado (INEGI)",Personas de 18 años o más,censo
educacion-censo,No sabe leer ni escribir (Censo),2020,Hombres,Con discapacidad,Aguascalientes,45-59,391.0,6333.0,459.0,,"Censo de Población y Vivienda, cuestionario ampliado (INEGI)",Personas de 18 años o más,censo
educacion-censo,No sabe leer ni escribir (Censo),2020,Hombres,Con discapacidad,Aguascalientes,60+,1536.0,13270.0,995.0,,"Censo de Población y Vivienda, cuestionario ampliado (INEGI)",Personas de 18 años o más,censo
educacion-censo,No sabe leer ni escribir (Censo),2020,Hombres,Con discapacidad,Baja California,18-29,1389.0,8010.0,170.0,,"Censo de Población y Vivienda, cuestionario ampliado (INEGI)",Personas de 18 años o más,censo
educacion-censo,No sabe leer ni escribir (Censo),2020,Hombres,Con discapacidad,Baja California,30-44,1226.0,9875.0,205.0,,"Censo de Población y Vivienda, cuestionario ampliado (INEGI)",Personas de 18 años o más,censo
educacion-censo,No sabe leer ni escribir (Censo),2020,Hombres,Con discapacidad,Baja California,45-59,1082.0,15222.0,352.0,,"Censo de Población y Vivienda, cuestionario ampliado (INEGI)",Personas de 18 años o más,censo
educacion-censo,No sabe leer ni escribir (Censo),2020,Hombres,Con discapacidad,Baja California,60+,3835.0,29937.0,653.0,,"Censo de Población y Vivienda, cuestionario ampliado (INEGI)",Personas de 18 años o más,censo
educacion-censo,No sabe leer ni escribir (Censo),2020,Hombres,Con discapacidad,Baja California Sur,18-29,115.0,1233.0,71.0,,"Censo de Población y Vivienda, cuestionario ampliado (INEGI)",Personas de 18 años o más,censo
educacion-censo,No sabe leer ni escribir (Censo),2020,Hombres,Con discapacidad,Baja California Sur,30-44,157.0,1996.0,121.0,,"Censo de Población y Vivienda, cuestionario ampliado (INEGI)",Personas de 18 años o más,censo
educacion-censo,No sabe leer ni escribir (Censo),2020,Hombres,Con discapacidad,Baja California Sur,45-59,272.0,3105.0,190.0,,"Censo de Población y Vivienda, cuestionario ampliado (INEGI)",Personas de 18 años o más,censo
educacion-censo,No sabe leer ni escribir (Censo),2020,Hombres,Con discapacidad,Baja California Sur,60+,863.0,6334.0,415.0,,"Censo de Población y Vivienda, cuestionario ampliado (INEGI)",Personas de 18 años o más,censo
educacion-censo,No sabe leer ni escribir (Censo),2020,Hombres,Con discapacidad,Campeche,18-29,298.0,2019.0,169.0,,"Censo de Población y Vivienda, cuestionario ampliado (INEGI)",Personas de 18 años o más,censo
educacion-censo,No sabe leer ni escribir (Censo),2020,Hombres,Con discapacidad,Campeche,30-44,440.0,2332.0,231.0,,"Censo de Población y Vivienda, cuestionario ampliado (INEGI)",Personas de 18 años o más,censo
educacion-censo,No sabe leer ni escribir (Censo),2020,Hombres,Con discapacidad,Campeche,45-59,725.0,4824.0,419.0,,"Censo de Población y Vivienda, cuestionario ampliado (INEGI)",Personas de 18 años o más,censo
educacion-censo,No sabe leer ni escribir (Censo),2020,Hombres,Con discapacidad,Campeche,60+,3109.0,11431.0,1095.0,,"Censo de Población y Vivienda, cuestionario ampliado (INEGI)",Personas de 18 años o más,censo
educacion-censo,No sabe leer ni escribir (Censo),2020,Hombres,Con discapacidad,Chiapas,18-29,2960.0,8935.0,1931.0,,"Censo de Población y Vivienda, cuestionario ampliado (INEGI)",Personas de 18 años o más,censo
educacion-censo,No sabe leer ni escribir (Censo),2020,Hombres,Con discapacidad,Chiapas,30-44,3074.0,11113.0,2361.0,,"Censo de Población y Vivienda, cuestionario ampliado (INEGI)",Personas de 18 años o más,censo
educacion-censo,No sabe leer ni escribir (Censo),2020,Hombres,Con discapacidad,Chiapas,45-59,3990.0,17642.0,3450.0,,"Censo de Población y Vivienda, cuestionario ampliado (INEGI)",Personas de 18 años o más,censo
educacion-censo,No sabe leer ni escribir (Censo),2020,Hombres,Con discapacidad,Chiapas,60+,19425.0,49680.0,10324.0,,"Censo de Población y Vivienda, cuestionario ampliado (INEGI)",Personas de 18 años o más,censo
educacion-censo,No sabe leer ni escribir (Censo),2020,Hombres,Con discapacidad,Chihuahua,18-29,927.0,6258.0,474.0,,"Censo de Población y Vivienda, cuestionario ampliado (INEGI)",Personas de 18 años o más,censo
educacion-censo,No sabe leer ni escribir (Censo),2020,Hombres,Con discapacidad,Chihuahua,30-44,1126.0,7378.0,700.0,,"Censo de Población y Vivienda, cuestionario ampliado (INEGI)",Personas de 18 años o más,censo
educacion-censo,No sabe leer ni escribir (Censo),2020,Hombres,Con discapacidad,Chihuahua,45-59,1232.0,15419.0,1353.0,,"Censo de Población y Vivienda, cuestionario ampliado (INEGI)",Personas de 18 años o más,censo
educacion-censo,No sabe leer ni escribir (Censo),2020,Hombres,Con discapacidad,Chihuahua,60+,4140.0,32344.0,4274.0,,"Censo de Población y Vivienda, cuestionario ampliado (INEGI)",Personas de 18 años o más,censo
educacion-censo,No sabe leer ni escribir (Censo),2020,Hombres,Con discapacidad,Ciudad de México,18-29,1846.0,18239.0,545.0,,"Censo de Población y Vivienda, cuestionario ampliado (INEGI)",Personas de 18 años o más,censo
educacion-censo,No sabe leer ni escribir (Censo),2020,Hombres,Con discapacidad,Ciudad de México,30-44,1741.0,22645.0,714.0,,"Censo de Población y Vivienda, cuestionario ampliado (INEGI)",Personas de 18 años o más,censo
educacion-censo,No sabe leer ni escribir (Censo),2020,Hombres,Con discapacidad,Ciudad de México,45-59,2718.0,41852.0,1274.0,,"Censo de Población y Vivienda, cuestionario ampliado (INEGI)",Personas de 18 años o más,censo
educacion-censo,No sabe leer ni escribir (Censo),2020,Hombres,Con discapacidad,Ciudad de México,60+,6425.0,103407.0,2974.0,,"Censo de Población y Vivienda, cuestionario ampliado (INEGI)",Personas de 18 años o más,censo
educacion-censo,No sabe leer ni escribir (Censo),2020,Hombres,Con discapacidad,Coahuila,18-29,781.0,4930.0,369.0,,"Censo de Población y Vivienda, cuestionario ampliado (INEGI)",Personas de 18 años o más,censo
educacion-censo,No sabe leer ni escribir (Censo),2020,Hombres,Con discapacidad,Coahuila,30-44,981.0,7375.0,583.0,,"Censo de Población y Vivienda, cuestionario ampliado (INEGI)",Personas de 18 años o más,censo
educacion-censo,No sabe leer ni escribir (Censo),2020,Hombres,Con discapacidad,Coahuila,45-59,920.0,12086.0,1060.0,,"Censo de Población y Vivienda, cuestionario ampliado (INEGI)",Personas de 18 años o más,censo
educacion-censo,No sabe leer ni escribir (Censo),2020,Hombres,Con discapacidad,Coahuila,60+,3002.0,27202.0,2561.0,,"Censo de Población y Vivienda, cuestionario ampliado (INEGI)",Personas de 18 años o más,censo
educacion-censo,No sabe leer ni escribir (Censo),2020,Hombres,Con discapacidad,Colima,18-29,316.0,1195.0,120.0,,"Censo de Población y Vivienda, cuestionario ampliado (INEGI)",Personas de 18 años o más,censo
educacion-censo,No sabe leer ni escribir (Censo),2020,Hombres,Con discapacidad,Colima,30-44,380.0,2026.0,193.0,,"Censo de Población y Vivienda, cuestionario ampliado (INEGI)",Personas de 18 años o más,censo
educacion-censo,No sabe leer ni escribir (Censo),2020,Hombres,Con discapacidad,Colima,45-59,362.0,3275.0,311.0,,"Censo de Población y Vivienda, cuestionario ampliado (INEGI)",Personas de 18 años o más,censo
educacion-censo,No sabe leer ni escribir (Censo),2020,Hombres,Con discapacidad,Colima,60+,1653.0,8441.0,868.0,,"Censo de Población y Vivienda, cuestionario ampliado (INEGI)",Personas de 18 años o más,censo
educacion-censo,No sabe leer ni escribir (Censo),2020,Hombres,Con discapacidad,Durango,18-29,401.0,4129.0,522.0,,"Censo de Población y Vivienda, cuestionario ampliado (INEGI)",Personas de 18 años o más,censo
educacion-censo,No sabe leer ni escribir (Censo),2020,Hombres,Con discapacidad,Durango,30-44,705.0,5311.0,742.0,,"Censo de Población y Vivienda, cuestionario ampliado (INEGI)",Personas de 18 años o más,censo
educacion-censo,No sabe leer ni escribir (Censo),2020,Hombres,Con discapacidad,Durango,45-59,823.0,7987.0,1176.0,,"Censo de Población y Vivienda, cuestionario ampliado (INEGI)",Personas de 18 años o más,censo
educacion-censo,No sabe leer ni escribir (Censo),2020,Hombres,Con discapacidad,Durango,60+,2767.0,21066.0,3661.0,,"Censo de Población y Vivienda, cuestionario ampliado (INEGI)",Personas de 18 años o más,censo
educacion-censo,No sabe leer ni escribir (Censo),2020,Hombres,Con discapacidad,Guanajuato,18-29,1986.0,12347.0,825.0,,"Censo de Población y Vivienda, cuestionario ampliado (INEGI)",Personas de 18 años o más,censo
educacion-censo,No sabe leer ni escribir (Censo),2020,Hombres,Con discapacidad,Guanajuato,30-44,2933.0,16482.0,1015.0,,"Censo de Población y Vivienda, cuestionario ampliado (INEGI)",Personas de 18 años o más,censo
educacion-censo,No sabe leer ni escribir (Censo),2020,Hombres,Con discapacidad,Guanajuato,45-59,2559.0,23789.0,1548.0,,"Censo de Población y Vivienda, cuestionario ampliado (INEGI)",Personas de 18 años o más,censo
educacion-censo,No sabe leer ni escribir (Censo),2020,Hombres,Con discapacidad,Guanajuato,60+,16437.0,58791.0,4565.0,,"Censo de Población y Vivienda, cuestionario ampliado (INEGI)",Personas de 18 años o más,censo
educacion-censo,No sabe leer ni escribir (Censo),2020,Hombres,Con discapacidad,Guerrero,18-29,1633.0,7063.0,1658.0,,"Censo de Población y Vivienda, cuestionario ampliado (INEGI)",Personas de 18 años o más,censo
educacion-censo,No sabe leer ni escribir (Censo),2020,Hombres,Con discapacidad,Guerrero,30-44,2623.0,10803.0,2134.0,,"Censo de Población y Vivienda, cuestionario ampliado (INEGI)",Personas de 18 años o más,censo
educacion-censo,No sabe leer ni escribir (Censo),2020,Hombres,Con discapacidad,Guerrero,45-59,3372.0,17388.0,3329.0,,"Censo de Población y Vivienda, cuestionario ampliado (INEGI)",Personas de 18 años o más,censo
educacion-censo,No sabe leer ni escribir (Censo),2020,Hombres,Con discapacidad,Guerrero,60+,21122.0,50415.0,10636.0,,"Censo de Población y Vivienda, cuestionario ampliado (INEGI)",Personas de 18 años o más,censo
educacion-censo,No sabe leer ni escribir (Censo),2020,Hombres,Con discapacidad,Hidalgo,18-29,1106.0,6415.0,995.0,,"Censo de Población y Vivienda, cuestionario ampliado (INEGI)",Personas de 18 años o más,censo
educacion-censo,No sabe leer ni escribir (Censo),2020,Hombres,Con discapacidad,Hidalgo,30-44,1440.0,7747.0,1367.0,,"Censo de Población y Vivienda, cuestionario ampliado (INEGI)",Personas de 18 años o más,censo
educacion-censo,No sabe leer ni escribir (Censo),2020,Hombres,Con discapacidad,Hidalgo,45-59,1623.0,13983.0,2300.0,,"Censo de Población y Vivienda, cuestionario ampliado (INEGI)",Personas de 18 años o más,censo
educacion-censo,No sabe leer ni escribir (Censo),2020,Hombres,Con discapacidad,Hidalgo,60+,10545.0,36669.0,7062.0,,"Censo de Población y Vivienda, cuestionario ampliado (INEGI)",Personas de 18 años o más,censo
educacion-censo,No sabe leer ni escribir (Censo),2020,Hombres,Con discapacidad,Jalisco,18-29,2568.0,13491.0,1444.0,,"Censo de Población y Vivienda, cuestionario ampliado (INEGI)",Personas de 18 años o más,censo
educacion-censo,No sabe leer ni escribir (Censo),2020,Hombres,Con discapacidad,Jalisco,30-44,3184.0,20557.0,2042.0,,"Censo de Población y Vivienda, cuestionario ampliado (INEGI)",Personas de 18 años o más,censo
educacion-censo,No sabe leer ni escribir (Censo),2020,Hombres,Con discapacidad,Jalisco,45-59,3362.0,32987.0,3364.0,,"Censo de Población y Vivienda, cuestionario ampliado (INEGI)",Personas de 18 años o más,censo
educacion-censo,No sabe leer ni escribir (Censo),2020,Hombres,Con discapacidad,Jalisco,60+,16519.0,82156.0,10143.0,,"Censo de Población y Vivienda, cuestionario ampliado (INEGI)",Personas de 18 años o más,censo
educacion-censo,No sabe leer ni escribir (Censo),2020,Hombres,Con discapacidad,Michoacán,18-29,1865.0,8476.0,1343.0,,"Censo de Población y Vivienda, cuestionario ampliado (INEGI)",Personas de 18 años o más,censo
educacion-censo,No sabe leer ni escribir (Censo),2020,Hombres,Con discapacidad,Michoacán,30-44,3105.0,12662.0,1982.0,,"Censo de Población y Vivienda, cuestionario ampliado (INEGI)",Personas de 18 años o más,censo
educacion-censo,No sabe leer ni escribir (Censo),2020,Hombres,Con discapacidad,Michoacán,45-59,3193.0,20204.0,3252.0,,"Censo de Población y Vivienda, cuestionario ampliado (INEGI)",Personas de 18 años o más,censo
educacion-censo,No sabe leer ni escribir (Censo),2020,Hombres,Con discapacidad,Michoacán,60+,18652.0,59605.0,10367.0,,"Censo de Población y Vivienda, cuestionario ampliado (INEGI)",Personas de 18 años o más,censo
educacion-censo,No sabe leer ni escribir (Censo),2020,Hombres,Con discapacidad,Morelos,18-29,578.0,3472.0,451.0,,"Censo de Población y Vivienda, cuestionario ampliado (INEGI)",Personas de 18 años o más,censo
educacion-censo,No sabe leer ni escribir (Censo),2020,Hombres,Con discapacidad,Morelos,30-44,737.0,5472.0,634.0,,"Censo de Población y Vivienda, cuestionario ampliado (INEGI)",Personas de 18 años o más,censo
educacion-censo,No sabe leer ni escribir (Censo),2020,Hombres,Con discapacidad,Morelos,45-59,972.0,9318.0,1109.0,,"Censo de Población y Vivienda, cuestionario ampliado (INEGI)",Personas de 18 años o más,censo
educacion-censo,No sabe leer ni escribir (Censo),2020,Hombres,Con discapacidad,Morelos,60+,5633.0,25720.0,3142.0,,"Censo de Población y Vivienda, cuestionario ampliado (INEGI)",Personas de 18 años o más,censo
educacion-censo,No sabe leer ni escribir (Censo),2020,Hombres,Con discapacidad,México,18-29,4400.0,32306.0,2357.0,,"Censo de Población y Vivienda, cuestionario ampliado (INEGI)",Personas de 18 años o más,censo
educacion-censo,No sabe leer ni escribir (Censo),2020,Hombres,Con discapacidad,México,30-44,4644.0,42187.0,2929.0,,"Censo de Población y Vivienda, cuestionario ampliado (INEGI)",Personas de 18 años o más,censo
educacion-censo,No sabe leer ni escribir (Censo),2020,Hombres,Con discapacidad,México,45-59,5002.0,68913.0,4618.0,,"Censo de Población y Vivienda, cuestionario ampliado (INEGI)",Personas de 18 años o más,censo
educacion-censo,No sabe leer ni escribir (Censo),2020,Hombres,Con discapacidad,México,60+,20804.0,140417.0,10300.0,,"Censo de Población y Vivienda, cuestionario ampliado (INEGI)",Personas de 18 años o más,censo
educacion-censo,No sabe leer ni escribir (Censo),2020,Hombres,Con discapacidad,Nayarit,18-29,464.0,2943.0,345.0,,"Censo de Población y Vivienda, cuestionario ampliado (INEGI)",Personas de 18 años o más,censo
educacion-censo,No sabe leer ni escribir (Censo),2020,Hombres,Con discapacidad,Nayarit,30-44,549.0,2981.0,456.0,,"Censo de Población y Vivienda, cuestionario ampliado (INEGI)",Personas de 18 años o más,censo
educacion-censo,No sabe leer ni escribir (Censo),2020,Hombres,Con discapacidad,Nayarit,45-59,809.0,5234.0,749.0,,"Censo de Población y Vivienda, cuestionario ampliado (INEGI)",Personas de 18 años o más,censo
educacion-censo,No sabe leer ni escribir (Censo),2020,Hombres,Con discapacidad,Nayarit,60+,3406.0,14896.0,2231.0,,"Censo de Población y Vivienda, cuestionario ampliado (INEGI)",Personas de 18 años o más,censo
educacion-censo,No sabe leer ni escribir (Censo),2020,Hombres,Con discapacidad,Nuevo León,18-29,1339.0,9032.0,529.0,,"Censo de Población y Vivienda, cuestionario ampliado (INEGI)",Personas de 18 años o más,censo
educacion-censo,No sabe leer ni escribir (Censo),2020,Hombres,Con discapacidad,Nuevo León,30-44,1483.0,10411.0,673.0,,"Censo de Población y Vivienda, cuestionario ampliado (INEGI)",Personas de 18 años o más,censo
educacion-censo,No sabe leer ni escribir (Censo),2020,Hombres,Con discapacidad,Nuevo León,45-59,1477.0,19085.0,1313.0,,"Censo de Población y Vivienda, cuestionario ampliado (INEGI)",Personas de 18 años o más,censo
educacion-censo,No sabe leer ni escribir (Censo),2020,Hombres,Con discapacidad,Nuevo León,60+,4443.0,42986.0,3266.0,,"Censo de Población y Vivienda, cuestionario ampliado (INEGI)",Personas de 18 años o más,censo
educacion-censo,No sabe leer ni escribir (Censo),2020,Hombres,Con discapacidad,Oaxaca,18-29,2223.0,9349.0,4695.0,,"Censo de Población y Vivienda, cuestionario ampliado (INEGI)",Personas de 18 años o más,censo
educacion-censo,No sabe leer ni escribir (Censo),2020,Hombres,Con discapacidad,Oaxaca,30-44,3006.0,13351.0,6569.0,,"Censo de Población y Vivienda, cuestionario ampliado (INEGI)",Personas de 18 años o más,censo
educacion-censo,No sabe leer ni escribir (Censo),2020,Hombres,Con discapacidad,Oaxaca,45-59,3816.0,20984.0,10595.0,,"Censo de Población y Vivienda, cuestionario ampliado (INEGI)",Personas de 18 años o más,censo
educacion-censo,No sabe leer ni escribir (Censo),2020,Hombres,Con discapacidad,Oaxaca,60+,23648.0,65096.0,35151.0,,"Censo de Población y Vivienda, cuestionario ampliado (INEGI)",Personas de 18 años o más,censo
educacion-censo,No sabe leer ni escribir (Censo),2020,Hombres,Con discapacidad,Puebla,18-29,2870.0,13898.0,2754.0,,"Censo de Población y Vivienda, cuestionario ampliado (INEGI)",Personas de 18 años o más,censo
educacion-censo,No sabe leer ni escribir (Censo),2020,Hombres,Con discapacidad,Puebla,30-44,3152.0,15373.0,3567.0,,"Censo de Población y Vivienda, cuestionario ampliado (INEGI)",Personas de 18 años o más,censo
educacion-censo,No sabe leer ni escribir (Censo),2020,Hombres,Con discapacidad,Puebla,45-59,3400.0,24311.0,5305.0,,"Censo de Población y Vivienda, cuestionario ampliado (INEGI)",Personas de 18 años o más,censo
educacion-censo,No sabe leer ni escribir (Censo),2020,Hombres,Con discapacidad,Puebla,60+,17847.0,65207.0,16498.0,,"Censo de Población y Vivienda, cuestionario ampliado (INEGI)",Personas de 18 años o más,censo
educacion-censo,No sabe leer ni escribir (Censo),2020,Hombres,Con discapacidad,Querétaro,18-29,390.0,3711.0,302.0,,"Censo de Población y Vivienda, cuestionario ampliado (INEGI)",Personas de 18 años o más,censo
educacion-censo,No sabe leer ni escribir (Censo),2020,Hombres,Con discapacidad,Querétaro,30-44,995.0,5237.0,365.0,,"Censo de Población y Vivienda, cuestionario ampliado (INEGI)",Personas de 18 años o más,censo
educacion-censo,No sabe leer ni escribir (Censo),2020,Hombres,Con discapacidad,Querétaro,45-59,594.0,8548.0,572.0,,"Censo de Población y Vivienda, cuestionario ampliado (INEGI)",Personas de 18 años o más,censo
educacion-censo,No sabe leer ni escribir (Censo),2020,Hombres,Con discapacidad,Querétaro,60+,4827.0,20519.0,1580.0,,"Censo de Población y Vivienda, cuestionario ampliado (INEGI)",Personas de 18 años o más,censo
educacion-censo,No sabe leer ni escribir (Censo),2020,Hombres,Con discapacidad,Quintana Roo,18-29,450.0,3128.0,128.0,,"Censo de Población y Vivienda, cuestionario ampliado (INEGI)",Personas de 18 años o más,censo
educacion-censo,No sabe leer ni escribir (Censo),2020,Hombres,Con discapacidad,Quintana Roo,30-44,359.0,4420.0,203.0,,"Censo de Población y Vivienda, cuestionario ampliado (INEGI)",Personas de 18 años o más,censo
educacion-censo,No sabe leer ni escribir (Censo),2020,Hombres,Con discapacidad,Quintana Roo,45-59,374.0,5573.0,278.0,,"Censo de Población y Vivienda, cuestionario ampliado (INEGI)",Personas de 18 años o más,censo
educacion-censo,No sabe leer ni escribir (Censo),2020,Hombres,Con discapacidad,Quintana Roo,60+,2006.0,10885.0,627.0,,"Censo de Población y Vivienda, cuestionario ampliado (INEGI)",Personas de 18 años o más,censo
educacion-censo,No sabe leer ni escribir (Censo),2020,Hombres,Con discapacidad,San Luis Potosí,18-29,891.0,4763.0,719.0,,"Censo de Población y Vivienda, cuestionario ampliado (INEGI)",Personas de 18 años o más,censo
educacion-censo,No sabe leer ni escribir (Censo),2020,Hombres,Con discapacidad,San Luis Potosí,30-44,1450.0,6813.0,1007.0,,"Censo de Población y Vivienda, cuestionario ampliado (INEGI)",Personas de 18 años o más,censo
educacion-censo,No sabe leer ni escribir (Censo),2020,Hombres,Con discapacidad,San Luis Potosí,45-59,1592.0,11288.0,1758.0,,"Censo de Población y Vivienda, cuestionario ampliado (INEGI)",Personas de 18 años o más,censo
educacion-censo,No sabe leer ni escribir (Censo),2020,Hombres,Con discapacidad,San Luis Potosí,60+,8924.0,34993.0,5833.0,,"Censo de Población y Vivienda, cuestionario ampliado (INEGI)",Personas de 18 años o más,censo
educacion-censo,No sabe leer ni escribir (Censo),2020,Hombres,Con discapacidad,Sinaloa,18-29,713.0,5405.0,299.0,,"Censo de Población y Vivienda, cuestionario ampliado (INEGI)",Personas de 18 años o más,censo
educacion-censo,No sabe leer ni escribir (Censo),2020,Hombres,Con discapacidad,Sinaloa,30-44,1526.0,7793.0,499.0,,"Censo de Población y Vivienda, cuestionario ampliado (INEGI)",Personas de 18 años o más,censo
educacion-censo,No sabe leer ni escribir (Censo),2020,Hombres,Con discapacidad,Sinaloa,45-59,1628.0,13197.0,790.0,,"Censo de Población y Vivienda, cuestionario ampliado (INEGI)",Personas de 18 años o más,censo
educacion-censo,No sabe leer ni escribir (Censo),2020,Hombres,Con discapacidad,Sinaloa,60+,8293.0,35296.0,2266.0,,"Censo de Población y Vivienda, cuestionario ampliado (INEGI)",Personas de 18 años o más,censo
educacion-censo,No sabe leer ni escribir (Censo),2020,Hombres,Con discapacidad,Sonora,18-29,1018.0,6167.0,514.0,,"Censo de Población y Vivienda, cuestionario ampliado (INEGI)",Personas de 18 años o más,censo
educacion-censo,No sabe leer ni escribir (Censo),2020,Hombres,Con discapacidad,Sonora,30-44,1209.0,7395.0,679.0,,"Censo de Población y Vivienda, cuestionario ampliado (INEGI)",Personas de 18 años o más,censo
educacion-censo,No sabe leer ni escribir (Censo),2020,Hombres,Con discapacidad,Sonora,45-59,726.0,12111.0,1304.0,,"Censo de Población y Vivienda, cuestionario ampliado (INEGI)",Personas de 18 años o más,censo
educacion-censo,No sabe leer ni escribir (Censo),2020,Hombres,Con discapacidad,Sonora,60+,3773.0,31567.0,3781.0,,"Censo de Población y Vivienda, cuestionario ampliado (INEGI)",Personas de 18 años o más,censo
educacion-censo,No sabe leer ni escribir (Censo),2020,Hombres,Con discapacidad,Tabasco,18-29,1149.0,6530.0,362.0,,"Censo de Población y Vivienda, cuestionario ampliado (INEGI)",Personas de 18 años o más,censo
educacion-censo,No sabe leer ni escribir (Censo),2020,Hombres,Con discapacidad,Tabasco,30-44,1048.0,7619.0,530.0,,"Censo de Población y Vivienda, cuestionario ampliado (INEGI)",Personas de 18 años o más,censo
educacion-censo,No sabe leer ni escribir (Censo),2020,Hombres,Con discapacidad,Tabasco,45-59,1518.0,13996.0,920.0,,"Censo de Población y Vivienda, cuestionario ampliado (INEGI)",Personas de 18 años o más,censo
educacion-censo,No sabe leer ni escribir (Censo),2020,Hombres,Con discapacidad,Tabasco,60+,5461.0,30592.0,2114.0,,"Censo de Población y Vivienda, cuestionario ampliado (INEGI)",Personas de 18 años o más,censo
educacion-censo,No sabe leer ni escribir (Censo),2020,Hombres,Con discapacidad,Tamaulipas,18-29,892.0,5639.0,385.0,,"Censo de Población y Vivienda, cuestionario ampliado (INEGI)",Personas de 18 años o más,censo
educacion-censo,No sabe leer ni escribir (Censo),2020,Hombres,Con discapacidad,Tamaulipas,30-44,1369.0,7779.0,574.0,,"Censo de Población y Vivienda, cuestionario ampliado (INEGI)",Personas de 18 años o más,censo
educacion-censo,No sabe leer ni escribir (Censo),2020,Hombres,Con discapacidad,Tamaulipas,45-59,1403.0,15816.0,1149.0,,"Censo de Población y Vivienda, cuestionario ampliado (INEGI)",Personas de 18 años o más,censo
educacion-censo,No sabe leer ni escribir (Censo),2020,Hombres,Con discapacidad,Tamaulipas,60+,5071.0,37158.0,3555.0,,"Censo de Población y Vivienda, cuestionario ampliado (INEGI)",Personas de 18 años o más,censo
educacion-censo,No sabe leer ni escribir (Censo),2020,Hombres,Con discapacidad,Tlaxcala,18-29,418.0,2580.0,637.0,,"Censo de Población y Vivienda, cuestionario ampliado (INEGI)",Personas de 18 años o más,censo
educacion-censo,No sabe leer ni escribir (Censo),2020,Hombres,Con discapacidad,Tlaxcala,30-44,460.0,2994.0,732.0,,"Censo de Población y Vivienda, cuestionario ampliado (INEGI)",Personas de 18 años o más,censo
educacion-censo,No sabe leer ni escribir (Censo),2020,Hombres,Con discapacidad,Tlaxcala,45-59,411.0,4199.0,1082.0,,"Censo de Población y Vivienda, cuestionario ampliado (INEGI)",Personas de 18 años o más,censo
educacion-censo,No sabe leer ni escribir (Censo),2020,Hombres,Con discapacidad,Tlaxcala,60+,1904.0,11957.0,3117.0,,"Censo de Población y Vivienda, cuestionario ampliado (INEGI)",Personas de 18 años o más,censo
educacion-censo,No sabe leer ni escribir (Censo),2020,Hombres,Con discapacidad,Veracruz,18-29,3893.0,14972.0,2772.0,,"Censo de Población y Vivienda, cuestionario ampliado (INEGI)",Personas de 18 años o más,censo
educacion-censo,No sabe leer ni escribir (Censo),2020,Hombres,Con discapacidad,Veracruz,30-44,5088.0,20971.0,3929.0,,"Censo de Población y Vivienda, cuestionario ampliado (INEGI)",Personas de 18 años o más,censo
educacion-censo,No sabe leer ni escribir (Censo),2020,Hombres,Con discapacidad,Veracruz,45-59,5971.0,39131.0,6821.0,,"Censo de Población y Vivienda, cuestionario ampliado (INEGI)",Personas de 18 años o más,censo
educacion-censo,No sabe leer ni escribir (Censo),2020,Hombres,Con discapacidad,Veracruz,60+,30428.0,108670.0,18980.0,,"Censo de Población y Vivienda, cuestionario ampliado (INEGI)",Personas de 18 años o más,censo
educacion-censo,No sabe leer ni escribir (Censo),2020,Hombres,Con discapacidad,Yucatán,18-29,905.0,4723.0,1031.0,,"Censo de Población y Vivienda, cuestionario ampliado (INEGI)",Personas de 18 años o más,censo
educacion-censo,No sabe leer ni escribir (Censo),2020,Hombres,Con discapacidad,Yucatán,30-44,1184.0,6207.0,1464.0,,"Censo de Población y Vivienda, cuestionario ampliado (INEGI)",Personas de 18 años o más,censo
educacion-censo,No sabe leer ni escribir (Censo),2020,Hombres,Con discapacidad,Yucatán,45-59,1603.0,10964.0,2355.0,,"Censo de Población y Vivienda, cuestionario ampliado (INEGI)",Personas de 18 años o más,censo
educacion-censo,No sabe leer ni escribir (Censo),2020,Hombres,Con discapacidad,Yucatán,60+,7503.0,30468.0,7203.0,,"Censo de Población y Vivienda, cuestionario ampliado (INEGI)",Personas de 18 años o más,censo
educacion-censo,No sabe leer ni escribir (Censo),2020,Hombres,Con discapacidad,Zacatecas,18-29,393.0,3327.0,581.0,,"Censo de Población y Vivienda, cuestionario ampliado (INEGI)",Personas de 18 años o más,censo
educacion-censo,No sabe leer ni escribir (Censo),2020,Hombres,Con discapacidad,Zacatecas,30-44,774.0,4546.0,850.0,,"Censo de Población y Vivienda, cuestionario ampliado (INEGI)",Personas de 18 años o más,censo
educacion-censo,No sabe leer ni escribir (Censo),2020,Hombres,Con discapacidad,Zacatecas,45-59,800.0,7059.0,1403.0,,"Censo de Población y Vivienda, cuestionario ampliado (INEGI)",Personas de 18 años o más,censo
educacion-censo,No sabe leer ni escribir (Censo),2020,Hombres,Con discapacidad,Zacatecas,60+,4370.0,21790.0,4759.0,,"Censo de Población y Vivienda, cuestionario ampliado (INEGI)",Personas de 18 años o más,censo
educacion-censo,No sabe leer ni escribir (Censo),2020,Hombres,Sin discapacidad,Aguascalientes,18-29,565.0,139765.0,9538.0,,"Censo de Población y Vivienda, cuestionario ampliado (INEGI)",Personas de 18 años o más,censo
educacion-censo,No sabe leer ni escribir (Censo),2020,Hombres,Sin discapacidad,Aguascalientes,30-44,1151.0,137745.0,8831.0,,"Censo de Población y Vivienda, cuestionario ampliado (INEGI)",Personas de 18 años o más,censo
educacion-censo,No sabe leer ni escribir (Censo),2020,Hombres,Sin discapacidad,Aguascalientes,45-59,1649.0,94770.0,5953.0,,"Censo de Población y Vivienda, cuestionario ampliado (INEGI)",Personas de 18 años o más,censo
educacion-censo,No sabe leer ni escribir (Censo),2020,Hombres,Sin discapacidad,Aguascalientes,60+,2317.0,51878.0,3329.0,,"Censo de Población y Vivienda, cuestionario ampliado (INEGI)",Personas de 18 años o más,censo
educacion-censo,No sabe leer ni escribir (Censo),2020,Hombres,Sin discapacidad,Baja California,18-29,1283.0,398046.0,8280.0,,"Censo de Población y Vivienda, cuestionario ampliado (INEGI)",Personas de 18 años o más,censo
educacion-censo,No sabe leer ni escribir (Censo),2020,Hombres,Sin discapacidad,Baja California,30-44,4536.0,418358.0,8459.0,,"Censo de Población y Vivienda, cuestionario ampliado (INEGI)",Personas de 18 años o más,censo
educacion-censo,No sabe leer ni escribir (Censo),2020,Hombres,Sin discapacidad,Baja California,45-59,4924.0,311449.0,6512.0,,"Censo de Población y Vivienda, cuestionario ampliado (INEGI)",Personas de 18 años o más,censo
educacion-censo,No sabe leer ni escribir (Censo),2020,Hombres,Sin discapacidad,Baja California,60+,6541.0,140010.0,3165.0,,"Censo de Población y Vivienda, cuestionario ampliado (INEGI)",Personas de 18 años o más,censo
educacion-censo,No sabe leer ni escribir (Censo),2020,Hombres,Sin discapacidad,Baja California Sur,18-29,413.0,77321.0,4372.0,,"Censo de Población y Vivienda, cuestionario ampliado (INEGI)",Personas de 18 años o más,censo
educacion-censo,No sabe leer ni escribir (Censo),2020,Hombres,Sin discapacidad,Baja California Sur,30-44,1105.0,96377.0,5351.0,,"Censo de Población y Vivienda, cuestionario ampliado (INEGI)",Personas de 18 años o más,censo
educacion-censo,No sabe leer ni escribir (Censo),2020,Hombres,Sin discapacidad,Baja California Sur,45-59,1253.0,60446.0,3696.0,,"Censo de Población y Vivienda, cuestionario ampliado (INEGI)",Personas de 18 años o más,censo
educacion-censo,No sabe leer ni escribir (Censo),2020,Hombres,Sin discapacidad,Baja California Sur,60+,1520.0,29499.0,1898.0,,"Censo de Población y Vivienda, cuestionario ampliado (INEGI)",Personas de 18 años o más,censo
educacion-censo,No sabe leer ni escribir (Censo),2020,Hombres,Sin discapacidad,Campeche,18-29,896.0,84184.0,7713.0,,"Censo de Población y Vivienda, cuestionario ampliado (INEGI)",Personas de 18 años o más,censo
educacion-censo,No sabe leer ni escribir (Censo),2020,Hombres,Sin discapacidad,Campeche,30-44,2557.0,94364.0,8414.0,,"Censo de Población y Vivienda, cuestionario ampliado (INEGI)",Personas de 18 años o más,censo
educacion-censo,No sabe leer ni escribir (Censo),2020,Hombres,Sin discapacidad,Campeche,45-59,3424.0,68270.0,5866.0,,"Censo de Población y Vivienda, cuestionario ampliado (INEGI)",Personas de 18 años o más,censo
educacion-censo,No sabe leer ni escribir (Censo),2020,Hombres,Sin discapacidad,Campeche,60+,5161.0,36507.0,3472.0,,"Censo de Población y Vivienda, cuestionario ampliado (INEGI)",Personas de 18 años o más,censo
educacion-censo,No sabe leer ni escribir (Censo),2020,Hombres,Sin discapacidad,Chiapas,18-29,18540.0,513361.0,117289.0,,"Censo de Población y Vivienda, cuestionario ampliado (INEGI)",Personas de 18 años o más,censo
educacion-censo,No sabe leer ni escribir (Censo),2020,Hombres,Sin discapacidad,Chiapas,30-44,38561.0,496782.0,107242.0,,"Censo de Población y Vivienda, cuestionario ampliado (INEGI)",Personas de 18 años o más,censo
educacion-censo,No sabe leer ni escribir (Censo),2020,Hombres,Sin discapacidad,Chiapas,45-59,44037.0,325433.0,66003.0,,"Censo de Población y Vivienda, cuestionario ampliado (INEGI)",Personas de 18 años o más,censo
educacion-censo,No sabe leer ni escribir (Censo),2020,Hombres,Sin discapacidad,Chiapas,60+,59193.0,197891.0,40357.0,,"Censo de Población y Vivienda, cuestionario ampliado (INEGI)",Personas de 18 años o más,censo
educacion-censo,No sabe leer ni escribir (Censo),2020,Hombres,Sin discapacidad,Chihuahua,18-29,4351.0,362241.0,26469.0,,"Censo de Población y Vivienda, cuestionario ampliado (INEGI)",Personas de 18 años o más,censo
educacion-censo,No sabe leer ni escribir (Censo),2020,Hombres,Sin discapacidad,Chihuahua,30-44,6378.0,374559.0,28331.0,,"Censo de Población y Vivienda, cuestionario ampliado (INEGI)",Personas de 18 años o más,censo
educacion-censo,No sabe leer ni escribir (Censo),2020,Hombres,Sin discapacidad,Chihuahua,45-59,8305.0,294576.0,23994.0,,"Censo de Población y Vivienda, cuestionario ampliado (INEGI)",Personas de 18 años o más,censo
educacion-censo,No sabe leer ni escribir (Censo),2020,Hombres,Sin discapacidad,Chihuahua,60+,9244.0,160804.0,17692.0,,"Censo de Población y Vivienda, cuestionario ampliado (INEGI)",Personas de 18 años o más,censo
educacion-censo,No sabe leer ni escribir (Censo),2020,Hombres,Sin discapacidad,Ciudad de México,18-29,1194.0,831985.0,25201.0,,"Censo de Población y Vivienda, cuestionario ampliado (INEGI)",Personas de 18 años o más,censo
educacion-censo,No sabe leer ni escribir (Censo),2020,Hombres,Sin discapacidad,Ciudad de México,30-44,4037.0,976380.0,29378.0,,"Censo de Población y Vivienda, cuestionario ampliado (INEGI)",Personas de 18 años o más,censo
educacion-censo,No sabe leer ni escribir (Censo),2020,Hombres,Sin discapacidad,Ciudad de México,45-59,6008.0,777389.0,23358.0,,"Censo de Población y Vivienda, cuestionario ampliado (INEGI)",Personas de 18 años o más,censo
educacion-censo,No sabe leer ni escribir (Censo),2020,Hombres,Sin discapacidad,Ciudad de México,60+,9804.0,549096.0,16112.0,,"Censo de Población y Vivienda, cuestionario ampliado (INEGI)",Personas de 18 años o más,censo
educacion-censo,No sabe leer ni escribir (Censo),2020,Hombres,Sin discapacidad,Coahuila,18-29,847.0,303574.0,20317.0,,"Censo de Población y Vivienda, cuestionario ampliado (INEGI)",Personas de 18 años o más,censo
educacion-censo,No sabe leer ni escribir (Censo),2020,Hombres,Sin discapacidad,Coahuila,30-44,2856.0,316699.0,21231.0,,"Censo de Población y Vivienda, cuestionario ampliado (INEGI)",Personas de 18 años o más,censo
educacion-censo,No sabe leer ni escribir (Censo),2020,Hombres,Sin discapacidad,Coahuila,45-59,4047.0,242327.0,17508.0,,"Censo de Población y Vivienda, cuestionario ampliado (INEGI)",Personas de 18 años o más,censo
educacion-censo,No sabe leer ni escribir (Censo),2020,Hombres,Sin discapacidad,Coahuila,60+,6102.0,145927.0,10924.0,,"Censo de Población y Vivienda, cuestionario ampliado (INEGI)",Personas de 18 años o más,censo
educacion-censo,No sabe leer ni escribir (Censo),2020,Hombres,Sin discapacidad,Colima,18-29,444.0,68774.0,5707.0,,"Censo de Población y Vivienda, cuestionario ampliado (INEGI)",Personas de 18 años o más,censo
educacion-censo,No sabe leer ni escribir (Censo),2020,Hombres,Sin discapacidad,Colima,30-44,1242.0,77223.0,6233.0,,"Censo de Población y Vivienda, cuestionario ampliado (INEGI)",Personas de 18 años o más,censo
educacion-censo,No sabe leer ni escribir (Censo),2020,Hombres,Sin discapacidad,Colima,45-59,1571.0,56446.0,4788.0,,"Censo de Población y Vivienda, cuestionario ampliado (INEGI)",Personas de 18 años o más,censo
educacion-censo,No sabe leer ni escribir (Censo),2020,Hombres,Sin discapacidad,Colima,60+,2692.0,34020.0,3125.0,,"Censo de Población y Vivienda, cuestionario ampliado (INEGI)",Personas de 18 años o más,censo
educacion-censo,No sabe leer ni escribir (Censo),2020,Hombres,Sin discapacidad,Durango,18-29,834.0,173375.0,22480.0,,"Censo de Población y Vivienda, cuestionario ampliado (INEGI)",Personas de 18 años o más,censo
educacion-censo,No sabe leer ni escribir (Censo),2020,Hombres,Sin discapacidad,Durango,30-44,2305.0,165600.0,22027.0,,"Censo de Población y Vivienda, cuestionario ampliado (INEGI)",Personas de 18 años o más,censo
educacion-censo,No sabe leer ni escribir (Censo),2020,Hombres,Sin discapacidad,Durango,45-59,3063.0,127261.0,16799.0,,"Censo de Población y Vivienda, cuestionario ampliado (INEGI)",Personas de 18 años o más,censo
educacion-censo,No sabe leer ni escribir (Censo),2020,Hombres,Sin discapacidad,Durango,60+,4530.0,75682.0,11582.0,,"Censo de Población y Vivienda, cuestionario ampliado (INEGI)",Personas de 18 años o más,censo
educacion-censo,No sabe leer ni escribir (Censo),2020,Hombres,Sin discapacidad,Guanajuato,18-29,4481.0,605304.0,40214.0,,"Censo de Población y Vivienda, cuestionario ampliado (INEGI)",Personas de 18 años o más,censo
educacion-censo,No sabe leer ni escribir (Censo),2020,Hombres,Sin discapacidad,Guanajuato,30-44,10738.0,590454.0,39362.0,,"Censo de Población y Vivienda, cuestionario ampliado (INEGI)",Personas de 18 años o más,censo
educacion-censo,No sabe leer ni escribir (Censo),2020,Hombres,Sin discapacidad,Guanajuato,45-59,17939.0,410934.0,27772.0,,"Censo de Población y Vivienda, cuestionario ampliado (INEGI)",Personas de 18 años o más,censo
educacion-censo,No sabe leer ni escribir (Censo),2020,Hombres,Sin discapacidad,Guanajuato,60+,38298.0,248427.0,17997.0,,"Censo de Población y Vivienda, cuestionario ampliado (INEGI)",Personas de 18 años o más,censo
educacion-censo,No sabe leer ni escribir (Censo),2020,Hombres,Sin discapacidad,Guerrero,18-29,6712.0,303595.0,61361.0,,"Censo de Población y Vivienda, cuestionario ampliado (INEGI)",Personas de 18 años o más,censo
educacion-censo,No sabe leer ni escribir (Censo),2020,Hombres,Sin discapacidad,Guerrero,30-44,17841.0,296330.0,56345.0,,"Censo de Población y Vivienda, cuestionario ampliado (INEGI)",Personas de 18 años o más,censo
educacion-censo,No sabe leer ni escribir (Censo),2020,Hombres,Sin discapacidad,Guerrero,45-59,22874.0,222909.0,40653.0,,"Censo de Población y Vivienda, cuestionario ampliado (INEGI)",Personas de 18 años o más,censo
educacion-censo,No sabe leer ni escribir (Censo),2020,Hombres,Sin discapacidad,Guerrero,60+,42239.0,155289.0,30430.0,,"Censo de Población y Vivienda, cuestionario ampliado (INEGI)",Personas de 18 años o más,censo
educacion-censo,No sabe leer ni escribir (Censo),2020,Hombres,Sin discapacidad,Hidalgo,18-29,1567.0,270847.0,42783.0,,"Censo de Población y Vivienda, cuestionario ampliado (INEGI)",Personas de 18 años o más,censo
educacion-censo,No sabe leer ni escribir (Censo),2020,Hombres,Sin discapacidad,Hidalgo,30-44,5350.0,288612.0,45128.0,,"Censo de Población y Vivienda, cuestionario ampliado (INEGI)",Personas de 18 años o más,censo
educacion-censo,No sabe leer ni escribir (Censo),2020,Hombres,Sin discapacidad,Hidalgo,45-59,10684.0,221687.0,35854.0,,"Censo de Población y Vivienda, cuestionario ampliado (INEGI)",Personas de 18 años o más,censo
educacion-censo,No sabe leer ni escribir (Censo),2020,Hombres,Sin discapacidad,Hidalgo,60+,23992.0,143202.0,25348.0,,"Censo de Población y Vivienda, cuestionario ampliado (INEGI)",Personas de 18 años o más,censo
educacion-censo,No sabe leer ni escribir (Censo),2020,Hombres,Sin discapacidad,Jalisco,18-29,5987.0,800356.0,69977.0,,"Censo de Población y Vivienda, cuestionario ampliado (INEGI)",Personas de 18 años o más,censo
educacion-censo,No sabe leer ni escribir (Censo),2020,Hombres,Sin discapacidad,Jalisco,30-44,10265.0,838862.0,73731.0,,"Censo de Población y Vivienda, cuestionario ampliado (INEGI)",Personas de 18 años o más,censo
educacion-censo,No sabe leer ni escribir (Censo),2020,Hombres,Sin discapacidad,Jalisco,45-59,12947.0,596825.0,53856.0,,"Censo de Población y Vivienda, cuestionario ampliado (INEGI)",Personas de 18 años o más,censo
educacion-censo,No sabe leer ni escribir (Censo),2020,Hombres,Sin discapacidad,Jalisco,60+,28329.0,373799.0,38790.0,,"Censo de Población y Vivienda, cuestionario ampliado (INEGI)",Personas de 18 años o más,censo
educacion-censo,No sabe leer ni escribir (Censo),2020,Hombres,Sin discapacidad,Michoacán,18-29,6766.0,437908.0,63131.0,,"Censo de Población y Vivienda, cuestionario ampliado (INEGI)",Personas de 18 años o más,censo
educacion-censo,No sabe leer ni escribir (Censo),2020,Hombres,Sin discapacidad,Michoacán,30-44,16623.0,431481.0,63175.0,,"Censo de Población y Vivienda, cuestionario ampliado (INEGI)",Personas de 18 años o más,censo
educacion-censo,No sabe leer ni escribir (Censo),2020,Hombres,Sin discapacidad,Michoacán,45-59,20801.0,318456.0,46384.0,,"Censo de Población y Vivienda, cuestionario ampliado (INEGI)",Personas de 18 años o más,censo
educacion-censo,No sabe leer ni escribir (Censo),2020,Hombres,Sin discapacidad,Michoacán,60+,38494.0,227532.0,35556.0,,"Censo de Población y Vivienda, cuestionario ampliado (INEGI)",Personas de 18 años o más,censo
educacion-censo,No sabe leer ni escribir (Censo),2020,Hombres,Sin discapacidad,Morelos,18-29,1264.0,185558.0,22594.0,,"Censo de Población y Vivienda, cuestionario ampliado (INEGI)",Personas de 18 años o más,censo
educacion-censo,No sabe leer ni escribir (Censo),2020,Hombres,Sin discapacidad,Morelos,30-44,3006.0,183845.0,22388.0,,"Censo de Población y Vivienda, cuestionario ampliado (INEGI)",Personas de 18 años o más,censo
educacion-censo,No sabe leer ni escribir (Censo),2020,Hombres,Sin discapacidad,Morelos,45-59,4694.0,147213.0,17423.0,,"Censo de Población y Vivienda, cuestionario ampliado (INEGI)",Personas de 18 años o más,censo
educacion-censo,No sabe leer ni escribir (Censo),2020,Hombres,Sin discapacidad,Morelos,60+,9692.0,99048.0,11825.0,,"Censo de Población y Vivienda, cuestionario ampliado (INEGI)",Personas de 18 años o más,censo
educacion-censo,No sabe leer ni escribir (Censo),2020,Hombres,Sin discapacidad,México,18-29,5078.0,1618075.0,117381.0,,"Censo de Población y Vivienda, cuestionario ampliado (INEGI)",Personas de 18 años o más,censo
educacion-censo,No sabe leer ni escribir (Censo),2020,Hombres,Sin discapacidad,México,30-44,14779.0,1697625.0,121347.0,,"Censo de Población y Vivienda, cuestionario ampliado (INEGI)",Personas de 18 años o más,censo
educacion-censo,No sabe leer ni escribir (Censo),2020,Hombres,Sin discapacidad,México,45-59,23452.0,1313215.0,89528.0,,"Censo de Población y Vivienda, cuestionario ampliado (INEGI)",Personas de 18 años o más,censo
educacion-censo,No sabe leer ni escribir (Censo),2020,Hombres,Sin discapacidad,México,60+,43315.0,739244.0,50006.0,,"Censo de Población y Vivienda, cuestionario ampliado (INEGI)",Personas de 18 años o más,censo
educacion-censo,No sabe leer ni escribir (Censo),2020,Hombres,Sin discapacidad,Nayarit,18-29,1189.0,109688.0,16027.0,,"Censo de Población y Vivienda, cuestionario ampliado (INEGI)",Personas de 18 años o más,censo
educacion-censo,No sabe leer ni escribir (Censo),2020,Hombres,Sin discapacidad,Nayarit,30-44,2663.0,117890.0,16139.0,,"Censo de Población y Vivienda, cuestionario ampliado (INEGI)",Personas de 18 años o más,censo
educacion-censo,No sabe leer ni escribir (Censo),2020,Hombres,Sin discapacidad,Nayarit,45-59,3739.0,88047.0,11939.0,,"Censo de Población y Vivienda, cuestionario ampliado (INEGI)",Personas de 18 años o más,censo
educacion-censo,No sabe leer ni escribir (Censo),2020,Hombres,Sin discapacidad,Nayarit,60+,7330.0,60930.0,8458.0,,"Censo de Población y Vivienda, cuestionario ampliado (INEGI)",Personas de 18 años o más,censo
educacion-censo,No sabe leer ni escribir (Censo),2020,Hombres,Sin discapacidad,Nuevo León,18-29,1222.0,591679.0,32585.0,,"Censo de Población y Vivienda, cuestionario ampliado (INEGI)",Personas de 18 años o más,censo
educacion-censo,No sabe leer ni escribir (Censo),2020,Hombres,Sin discapacidad,Nuevo León,30-44,3822.0,627037.0,35749.0,,"Censo de Población y Vivienda, cuestionario ampliado (INEGI)",Personas de 18 años o más,censo
educacion-censo,No sabe leer ni escribir (Censo),2020,Hombres,Sin discapacidad,Nuevo León,45-59,4106.0,468741.0,26347.0,,"Censo de Población y Vivienda, cuestionario ampliado (INEGI)",Personas de 18 años o más,censo
educacion-censo,No sabe leer ni escribir (Censo),2020,Hombres,Sin discapacidad,Nuevo León,60+,8720.0,265906.0,16172.0,,"Censo de Población y Vivienda, cuestionario ampliado (INEGI)",Personas de 18 años o más,censo
educacion-censo,No sabe leer ni escribir (Censo),2020,Hombres,Sin discapacidad,Oaxaca,18-29,5112.0,343822.0,155767.0,,"Censo de Población y Vivienda, cuestionario ampliado (INEGI)",Personas de 18 años o más,censo
educacion-censo,No sabe leer ni escribir (Censo),2020,Hombres,Sin discapacidad,Oaxaca,30-44,15301.0,366460.0,162658.0,,"Censo de Población y Vivienda, cuestionario ampliado (INEGI)",Personas de 18 años o más,censo
educacion-censo,No sabe leer ni escribir (Censo),2020,Hombres,Sin discapacidad,Oaxaca,45-59,23331.0,265247.0,119626.0,,"Censo de Población y Vivienda, cuestionario ampliado (INEGI)",Personas de 18 años o más,censo
educacion-censo,No sabe leer ni escribir (Censo),2020,Hombres,Sin discapacidad,Oaxaca,60+,44778.0,191256.0,92955.0,,"Censo de Población y Vivienda, cuestionario ampliado (INEGI)",Personas de 18 años o más,censo
educacion-censo,No sabe leer ni escribir (Censo),2020,Hombres,Sin discapacidad,Puebla,18-29,7018.0,630541.0,115564.0,,"Censo de Población y Vivienda, cuestionario ampliado (INEGI)",Personas de 18 años o más,censo
educacion-censo,No sabe leer ni escribir (Censo),2020,Hombres,Sin discapacidad,Puebla,30-44,20208.0,610936.0,111167.0,,"Censo de Población y Vivienda, cuestionario ampliado (INEGI)",Personas de 18 años o más,censo
educacion-censo,No sabe leer ni escribir (Censo),2020,Hombres,Sin discapacidad,Puebla,45-59,25388.0,429454.0,77784.0,,"Censo de Población y Vivienda, cuestionario ampliado (INEGI)",Personas de 18 años o más,censo
educacion-censo,No sabe leer ni escribir (Censo),2020,Hombres,Sin discapacidad,Puebla,60+,39862.0,266971.0,55099.0,,"Censo de Población y Vivienda, cuestionario ampliado (INEGI)",Personas de 18 años o más,censo
educacion-censo,No sabe leer ni escribir (Censo),2020,Hombres,Sin discapacidad,Querétaro,18-29,888.0,241897.0,14316.0,,"Censo de Población y Vivienda, cuestionario ampliado (INEGI)",Personas de 18 años o más,censo
educacion-censo,No sabe leer ni escribir (Censo),2020,Hombres,Sin discapacidad,Querétaro,30-44,3302.0,254504.0,14558.0,,"Censo de Población y Vivienda, cuestionario ampliado (INEGI)",Personas de 18 años o más,censo
educacion-censo,No sabe leer ni escribir (Censo),2020,Hombres,Sin discapacidad,Querétaro,45-59,4127.0,166930.0,9654.0,,"Censo de Población y Vivienda, cuestionario ampliado (INEGI)",Personas de 18 años o más,censo
educacion-censo,No sabe leer ni escribir (Censo),2020,Hombres,Sin discapacidad,Querétaro,60+,7635.0,95261.0,5819.0,,"Censo de Población y Vivienda, cuestionario ampliado (INEGI)",Personas de 18 años o más,censo
educacion-censo,No sabe leer ni escribir (Censo),2020,Hombres,Sin discapacidad,Quintana Roo,18-29,939.0,202235.0,8201.0,,"Censo de Población y Vivienda, cuestionario ampliado (INEGI)",Personas de 18 años o más,censo
educacion-censo,No sabe leer ni escribir (Censo),2020,Hombres,Sin discapacidad,Quintana Roo,30-44,2860.0,228880.0,9029.0,,"Censo de Población y Vivienda, cuestionario ampliado (INEGI)",Personas de 18 años o más,censo
educacion-censo,No sabe leer ni escribir (Censo),2020,Hombres,Sin discapacidad,Quintana Roo,45-59,3316.0,134616.0,5471.0,,"Censo de Población y Vivienda, cuestionario ampliado (INEGI)",Personas de 18 años o más,censo
educacion-censo,No sabe leer ni escribir (Censo),2020,Hombres,Sin discapacidad,Quintana Roo,60+,4470.0,55665.0,2685.0,,"Censo de Población y Vivienda, cuestionario ampliado (INEGI)",Personas de 18 años o más,censo
educacion-censo,No sabe leer ni escribir (Censo),2020,Hombres,Sin discapacidad,San Luis Potosí,18-29,1537.0,263155.0,30980.0,,"Censo de Población y Vivienda, cuestionario ampliado (INEGI)",Personas de 18 años o más,censo
educacion-censo,No sabe leer ni escribir (Censo),2020,Hombres,Sin discapacidad,San Luis Potosí,30-44,5167.0,266771.0,31150.0,,"Censo de Población y Vivienda, cuestionario ampliado (INEGI)",Personas de 18 años o más,censo
educacion-censo,No sabe leer ni escribir (Censo),2020,Hombres,Sin discapacidad,San Luis Potosí,45-59,7899.0,195720.0,24540.0,,"Censo de Población y Vivienda, cuestionario ampliado (INEGI)",Personas de 18 años o más,censo
educacion-censo,No sabe leer ni escribir (Censo),2020,Hombres,Sin discapacidad,San Luis Potosí,60+,20058.0,139321.0,19937.0,,"Censo de Población y Vivienda, cuestionario ampliado (INEGI)",Personas de 18 años o más,censo
educacion-censo,No sabe leer ni escribir (Censo),2020,Hombres,Sin discapacidad,Sinaloa,18-29,2416.0,283081.0,15005.0,,"Censo de Población y Vivienda, cuestionario ampliado (INEGI)",Personas de 18 años o más,censo
educacion-censo,No sabe leer ni escribir (Censo),2020,Hombres,Sin discapacidad,Sinaloa,30-44,5396.0,284800.0,15385.0,,"Censo de Población y Vivienda, cuestionario ampliado (INEGI)",Personas de 18 años o más,censo
educacion-censo,No sabe leer ni escribir (Censo),2020,Hombres,Sin discapacidad,Sinaloa,45-59,6543.0,228944.0,12715.0,,"Censo de Población y Vivienda, cuestionario ampliado (INEGI)",Personas de 18 años o más,censo
educacion-censo,No sabe leer ni escribir (Censo),2020,Hombres,Sin discapacidad,Sinaloa,60+,15752.0,150905.0,9058.0,,"Censo de Población y Vivienda, cuestionario ampliado (INEGI)",Personas de 18 años o más,censo
educacion-censo,No sabe leer ni escribir (Censo),2020,Hombres,Sin discapacidad,Sonora,18-29,1260.0,274524.0,22773.0,,"Censo de Población y Vivienda, cuestionario ampliado (INEGI)",Personas de 18 años o más,censo
educacion-censo,No sabe leer ni escribir (Censo),2020,Hombres,Sin discapacidad,Sonora,30-44,2850.0,301851.0,25431.0,,"Censo de Población y Vivienda, cuestionario ampliado (INEGI)",Personas de 18 años o más,censo
educacion-censo,No sabe leer ni escribir (Censo),2020,Hombres,Sin discapacidad,Sonora,45-59,3843.0,231911.0,21651.0,,"Censo de Población y Vivienda, cuestionario ampliado (INEGI)",Personas de 18 años o más,censo
educacion-censo,No sabe leer ni escribir (Censo),2020,Hombres,Sin discapacidad,Sonora,60+,6779.0,138701.0,15456.0,,"Censo de Población y Vivienda, cuestionario ampliado (INEGI)",Personas de 18 años o más,censo
educacion-censo,No sabe leer ni escribir (Censo),2020,Hombres,Sin discapacidad,Tabasco,18-29,2226.0,210345.0,13659.0,,"Censo de Población y Vivienda, cuestionario ampliado (INEGI)",Personas de 18 años o más,censo
educacion-censo,No sabe leer ni escribir (Censo),2020,Hombres,Sin discapacidad,Tabasco,30-44,4650.0,240156.0,15378.0,,"Censo de Población y Vivienda, cuestionario ampliado (INEGI)",Personas de 18 años o más,censo
educacion-censo,No sabe leer ni escribir (Censo),2020,Hombres,Sin discapacidad,Tabasco,45-59,6307.0,168934.0,11299.0,,"Censo de Población y Vivienda, cuestionario ampliado (INEGI)",Personas de 18 años o más,censo
educacion-censo,No sabe leer ni escribir (Censo),2020,Hombres,Sin discapacidad,Tabasco,60+,10014.0,96518.0,6458.0,,"Censo de Población y Vivienda, cuestionario ampliado (INEGI)",Personas de 18 años o más,censo
educacion-censo,No sabe leer ni escribir (Censo),2020,Hombres,Sin discapacidad,Tamaulipas,18-29,1737.0,333090.0,21042.0,,"Censo de Población y Vivienda, cuestionario ampliado (INEGI)",Personas de 18 años o más,censo
educacion-censo,No sabe leer ni escribir (Censo),2020,Hombres,Sin discapacidad,Tamaulipas,30-44,3509.0,356725.0,24077.0,,"Censo de Población y Vivienda, cuestionario ampliado (INEGI)",Personas de 18 años o más,censo
educacion-censo,No sabe leer ni escribir (Censo),2020,Hombres,Sin discapacidad,Tamaulipas,45-59,6085.0,279756.0,20470.0,,"Censo de Población y Vivienda, cuestionario ampliado (INEGI)",Personas de 18 años o más,censo
educacion-censo,No sabe leer ni escribir (Censo),2020,Hombres,Sin discapacidad,Tamaulipas,60+,9545.0,162583.0,14958.0,,"Censo de Población y Vivienda, cuestionario ampliado (INEGI)",Personas de 18 años o más,censo
educacion-censo,No sabe leer ni escribir (Censo),2020,Hombres,Sin discapacidad,Tlaxcala,18-29,531.0,127795.0,33628.0,,"Censo de Población y Vivienda, cuestionario ampliado (INEGI)",Personas de 18 años o más,censo
educacion-censo,No sabe leer ni escribir (Censo),2020,Hombres,Sin discapacidad,Tlaxcala,30-44,1452.0,128503.0,32986.0,,"Censo de Población y Vivienda, cuestionario ampliado (INEGI)",Personas de 18 años o más,censo
educacion-censo,No sabe leer ni escribir (Censo),2020,Hombres,Sin discapacidad,Tlaxcala,45-59,2267.0,91853.0,24039.0,,"Censo de Población y Vivienda, cuestionario ampliado (INEGI)",Personas de 18 años o más,censo
educacion-censo,No sabe leer ni escribir (Censo),2020,Hombres,Sin discapacidad,Tlaxcala,60+,3985.0,55697.0,14935.0,,"Censo de Población y Vivienda, cuestionario ampliado (INEGI)",Personas de 18 años o más,censo
educacion-censo,No sabe leer ni escribir (Censo),2020,Hombres,Sin discapacidad,Veracruz,18-29,11379.0,673035.0,119379.0,,"Censo de Población y Vivienda, cuestionario ampliado (INEGI)",Personas de 18 años o más,censo
educacion-censo,No sabe leer ni escribir (Censo),2020,Hombres,Sin discapacidad,Veracruz,30-44,31773.0,736812.0,125727.0,,"Censo de Población y Vivienda, cuestionario ampliado (INEGI)",Personas de 18 años o más,censo
educacion-censo,No sabe leer ni escribir (Censo),2020,Hombres,Sin discapacidad,Veracruz,45-59,45776.0,619196.0,99803.0,,"Censo de Población y Vivienda, cuestionario ampliado (INEGI)",Personas de 18 años o más,censo
educacion-censo,No sabe leer ni escribir (Censo),2020,Hombres,Sin discapacidad,Veracruz,60+,67628.0,432679.0,70331.0,,"Censo de Población y Vivienda, cuestionario ampliado (INEGI)",Personas de 18 años o más,censo
educacion-censo,No sabe leer ni escribir (Censo),2020,Hombres,Sin discapacidad,Yucatán,18-29,1930.0,228234.0,46552.0,,"Censo de Población y Vivienda, cuestionario ampliado (INEGI)",Personas de 18 años o más,censo
educacion-censo,No sabe leer ni escribir (Censo),2020,Hombres,Sin discapacidad,Yucatán,30-44,6379.0,245237.0,48495.0,,"Censo de Población y Vivienda, cuestionario ampliado (INEGI)",Personas de 18 años o más,censo
educacion-censo,No sabe leer ni escribir (Censo),2020,Hombres,Sin discapacidad,Yucatán,45-59,10073.0,165685.0,31746.0,,"Censo de Población y Vivienda, cuestionario ampliado (INEGI)",Personas de 18 años o más,censo
educacion-censo,No sabe leer ni escribir (Censo),2020,Hombres,Sin discapacidad,Yucatán,60+,15458.0,107984.0,23145.0,,"Censo de Población y Vivienda, cuestionario ampliado (INEGI)",Personas de 18 años o más,censo
educacion-censo,No sabe leer ni escribir (Censo),2020,Hombres,Sin discapacidad,Zacatecas,18-29,611.0,140483.0,24439.0,,"Censo de Población y Vivienda, cuestionario ampliado (INEGI)",Personas de 18 años o más,censo
educacion-censo,No sabe leer ni escribir (Censo),2020,Hombres,Sin discapacidad,Zacatecas,30-44,2641.0,149608.0,26117.0,,"Censo de Población y Vivienda, cuestionario ampliado (INEGI)",Personas de 18 años o más,censo
educacion-censo,No sabe leer ni escribir (Censo),2020,Hombres,Sin discapacidad,Zacatecas,45-59,3852.0,110808.0,20352.0,,"Censo de Población y Vivienda, cuestionario ampliado (INEGI)",Personas de 18 años o más,censo
educacion-censo,No sabe leer ni escribir (Censo),2020,Hombres,Sin discapacidad,Zacatecas,60+,7058.0,72414.0,15095.0,,"Censo de Población y Vivienda, cuestionario ampliado (INEGI)",Personas de 18 años o más,censo
educacion-censo,No sabe leer ni escribir (Censo),2020,Mujeres,Con discapacidad,Aguascalientes,18-29,174.0,3506.0,217.0,,"Censo de Población y Vivienda, cuestionario ampliado (INEGI)",Personas de 18 años o más,censo
educacion-censo,No sabe leer ni escribir (Censo),2020,Mujeres,Con discapacidad,Aguascalientes,30-44,413.0,4696.0,267.0,,"Censo de Población y Vivienda, cuestionario ampliado (INEGI)",Personas de 18 años o más,censo
educacion-censo,No sabe leer ni escribir (Censo),2020,Mujeres,Con discapacidad,Aguascalientes,45-59,752.0,8944.0,530.0,,"Censo de Población y Vivienda, cuestionario ampliado (INEGI)",Personas de 18 años o más,censo
educacion-censo,No sabe leer ni escribir (Censo),2020,Mujeres,Con discapacidad,Aguascalientes,60+,2596.0,18099.0,1219.0,,"Censo de Población y Vivienda, cuestionario ampliado (INEGI)",Personas de 18 años o más,censo
educacion-censo,No sabe leer ni escribir (Censo),2020,Mujeres,Con discapacidad,Baja California,18-29,432.0,8247.0,164.0,,"Censo de Población y Vivienda, cuestionario ampliado (INEGI)",Personas de 18 años o más,censo
educacion-censo,No sabe leer ni escribir (Censo),2020,Mujeres,Con discapacidad,Baja California,30-44,750.0,9732.0,201.0,,"Censo de Población y Vivienda, cuestionario ampliado (INEGI)",Personas de 18 años o más,censo
educacion-censo,No sabe leer ni escribir (Censo),2020,Mujeres,Con discapacidad,Baja California,45-59,1270.0,20331.0,431.0,,"Censo de Población y Vivienda, cuestionario ampliado (INEGI)",Personas de 18 años o más,censo
educacion-censo,No sabe leer ni escribir (Censo),2020,Mujeres,Con discapacidad,Baja California,60+,6575.0,41027.0,902.0,,"Censo de Población y Vivienda, cuestionario ampliado (INEGI)",Personas de 18 años o más,censo
educacion-censo,No sabe leer ni escribir (Censo),2020,Mujeres,Con discapacidad,Baja California Sur,18-29,245.0,1222.0,72.0,,"Censo de Población y Vivienda, cuestionario ampliado (INEGI)",Personas de 18 años o más,censo
educacion-censo,No sabe leer ni escribir (Censo),2020,Mujeres,Con discapacidad,Baja California Sur,30-44,149.0,2030.0,121.0,,"Censo de Población y Vivienda, cuestionario ampliado (INEGI)",Personas de 18 años o más,censo
educacion-censo,No sabe leer ni escribir (Censo),2020,Mujeres,Con discapacidad,Baja California Sur,45-59,270.0,3560.0,224.0,,"Censo de Población y Vivienda, cuestionario ampliado (INEGI)",Personas de 18 años o más,censo
educacion-censo,No sabe leer ni escribir (Censo),2020,Mujeres,Con discapacidad,Baja California Sur,60+,1119.0,7964.0,532.0,,"Censo de Población y Vivienda, cuestionario ampliado (INEGI)",Personas de 18 años o más,censo
educacion-censo,No sabe leer ni escribir (Censo),2020,Mujeres,Con discapacidad,Campeche,18-29,331.0,1843.0,159.0,,"Censo de Población y Vivienda, cuestionario ampliado (INEGI)",Personas de 18 años o más,censo
educacion-censo,No sabe leer ni escribir (Censo),2020,Mujeres,Con discapacidad,Campeche,30-44,464.0,3226.0,253.0,,"Censo de Población y Vivienda, cuestionario ampliado (INEGI)",Personas de 18 años o más,censo
educacion-censo,No sabe leer ni escribir (Censo),2020,Mujeres,Con discapacidad,Campeche,45-59,746.0,6312.0,499.0,,"Censo de Población y Vivienda, cuestionario ampliado (INEGI)",Personas de 18 años o más,censo
educacion-censo,No sabe leer ni escribir (Censo),2020,Mujeres,Con discapacidad,Campeche,60+,4801.0,13937.0,1199.0,,"Censo de Población y Vivienda, cuestionario ampliado (INEGI)",Personas de 18 años o más,censo
educacion-censo,No sabe leer ni escribir (Censo),2020,Mujeres,Con discapacidad,Chiapas,18-29,2243.0,7270.0,1541.0,,"Censo de Población y Vivienda, cuestionario ampliado (INEGI)",Personas de 18 años o más,censo
educacion-censo,No sabe leer ni escribir (Censo),2020,Mujeres,Con discapacidad,Chiapas,30-44,3407.0,10590.0,2211.0,,"Censo de Población y Vivienda, cuestionario ampliado (INEGI)",Personas de 18 años o más,censo
educacion-censo,No sabe leer ni escribir (Censo),2020,Mujeres,Con discapacidad,Chiapas,45-59,7297.0,22210.0,4219.0,,"Censo de Población y Vivienda, cuestionario ampliado (INEGI)",Personas de 18 años o más,censo
educacion-censo,No sabe leer ni escribir (Censo),2020,Mujeres,Con discapacidad,Chiapas,60+,30157.0,54872.0,11187.0,,"Censo de Población y Vivienda, cuestionario ampliado (INEGI)",Personas de 18 años o más,censo
educacion-censo,No sabe leer ni escribir (Censo),2020,Mujeres,Con discapacidad,Chihuahua,18-29,557.0,5123.0,443.0,,"Censo de Población y Vivienda, cuestionario ampliado (INEGI)",Personas de 18 años o más,censo
educacion-censo,No sabe leer ni escribir (Censo),2020,Mujeres,Con discapacidad,Chihuahua,30-44,805.0,7681.0,613.0,,"Censo de Población y Vivienda, cuestionario ampliado (INEGI)",Personas de 18 años o más,censo
educacion-censo,No sabe leer ni escribir (Censo),2020,Mujeres,Con discapacidad,Chihuahua,45-59,843.0,16252.0,1366.0,,"Censo de Población y Vivienda, cuestionario ampliado (INEGI)",Personas de 18 años o más,censo
educacion-censo,No sabe leer ni escribir (Censo),2020,Mujeres,Con discapacidad,Chihuahua,60+,5582.0,49109.0,4785.0,,"Censo de Población y Vivienda, cuestionario ampliado (INEGI)",Personas de 18 años o más,censo
educacion-censo,No sabe leer ni escribir (Censo),2020,Mujeres,Con discapacidad,Ciudad de México,18-29,972.0,17385.0,548.0,,"Censo de Población y Vivienda, cuestionario ampliado (INEGI)",Personas de 18 años o más,censo
educacion-censo,No sabe leer ni escribir (Censo),2020,Mujeres,Con discapacidad,Ciudad de México,30-44,1608.0,22589.0,726.0,,"Censo de Población y Vivienda, cuestionario ampliado (INEGI)",Personas de 18 años o más,censo
educacion-censo,No sabe leer ni escribir (Censo),2020,Mujeres,Con discapacidad,Ciudad de México,45-59,3159.0,53069.0,1621.0,,"Censo de Población y Vivienda, cuestionario ampliado (INEGI)",Personas de 18 años o más,censo
educacion-censo,No sabe leer ni escribir (Censo),2020,Mujeres,Con discapacidad,Ciudad de México,60+,19599.0,165559.0,4807.0,,"Censo de Población y Vivienda, cuestionario ampliado (INEGI)",Personas de 18 años o más,censo
educacion-censo,No sabe leer ni escribir (Censo),2020,Mujeres,Con discapacidad,Coahuila,18-29,627.0,4784.0,382.0,,"Censo de Población y Vivienda, cuestionario ampliado (INEGI)",Personas de 18 años o más,censo
educacion-censo,No sabe leer ni escribir (Censo),2020,Mujeres,Con discapacidad,Coahuila,30-44,560.0,5162.0,455.0,,"Censo de Población y Vivienda, cuestionario ampliado (INEGI)",Personas de 18 años o más,censo
educacion-censo,No sabe leer ni escribir (Censo),2020,Mujeres,Con discapacidad,Coahuila,45-59,1394.0,12672.0,1134.0,,"Censo de Población y Vivienda, cuestionario ampliado (INEGI)",Personas de 18 años o más,censo
educacion-censo,No sabe leer ni escribir (Censo),2020,Mujeres,Con discapacidad,Coahuila,60+,3975.0,32709.0,2815.0,,"Censo de Población y Vivienda, cuestionario ampliado (INEGI)",Personas de 18 años o más,censo
educacion-censo,No sabe leer ni escribir (Censo),2020,Mujeres,Con discapacidad,Colima,18-29,226.0,1257.0,106.0,,"Censo de Población y Vivienda, cuestionario ampliado (INEGI)",Personas de 18 años o más,censo
educacion-censo,No sabe leer ni escribir (Censo),2020,Mujeres,Con discapacidad,Colima,30-44,275.0,1889.0,155.0,,"Censo de Población y Vivienda, cuestionario ampliado (INEGI)",Personas de 18 años o más,censo
educacion-censo,No sabe leer ni escribir (Censo),2020,Mujeres,Con discapacidad,Colima,45-59,418.0,4312.0,363.0,,"Censo de Población y Vivienda, cuestionario ampliado (INEGI)",Personas de 18 años o más,censo
educacion-censo,No sabe leer ni escribir (Censo),2020,Mujeres,Con discapacidad,Colima,60+,2468.0,10575.0,1008.0,,"Censo de Población y Vivienda, cuestionario ampliado (INEGI)",Personas de 18 años o más,censo
educacion-censo,No sabe leer ni escribir (Censo),2020,Mujeres,Con discapacidad,Durango,18-29,402.0,3459.0,457.0,,"Censo de Población y Vivienda, cuestionario ampliado (INEGI)",Personas de 18 años o más,censo
educacion-censo,No sabe leer ni escribir (Censo),2020,Mujeres,Con discapacidad,Durango,30-44,469.0,4402.0,638.0,,"Censo de Población y Vivienda, cuestionario ampliado (INEGI)",Personas de 18 años o más,censo
educacion-censo,No sabe leer ni escribir (Censo),2020,Mujeres,Con discapacidad,Durango,45-59,880.0,9316.0,1327.0,,"Censo de Población y Vivienda, cuestionario ampliado (INEGI)",Personas de 18 años o más,censo
educacion-censo,No sabe leer ni escribir (Censo),2020,Mujeres,Con discapacidad,Durango,60+,3328.0,25739.0,4073.0,,"Censo de Población y Vivienda, cuestionario ampliado (INEGI)",Personas de 18 años o más,censo
educacion-censo,No sabe leer ni escribir (Censo),2020,Mujeres,Con discapacidad,Guanajuato,18-29,2170.0,11480.0,728.0,,"Censo de Población y Vivienda, cuestionario ampliado (INEGI)",Personas de 18 años o más,censo
educacion-censo,No sabe leer ni escribir (Censo),2020,Mujeres,Con discapacidad,Guanajuato,30-44,2247.0,15505.0,999.0,,"Censo de Población y Vivienda, cuestionario ampliado (INEGI)",Personas de 18 años o más,censo
educacion-censo,No sabe leer ni escribir (Censo),2020,Mujeres,Con discapacidad,Guanajuato,45-59,4020.0,29879.0,1936.0,,"Censo de Población y Vivienda, cuestionario ampliado (INEGI)",Personas de 18 años o más,censo
educacion-censo,No sabe leer ni escribir (Censo),2020,Mujeres,Con discapacidad,Guanajuato,60+,29497.0,78632.0,5979.0,,"Censo de Población y Vivienda, cuestionario ampliado (INEGI)",Personas de 18 años o más,censo
educacion-censo,No sabe leer ni escribir (Censo),2020,Mujeres,Con discapacidad,Guerrero,18-29,1566.0,6754.0,1454.0,,"Censo de Población y Vivienda, cuestionario ampliado (INEGI)",Personas de 18 años o más,censo
educacion-censo,No sabe leer ni escribir (Censo),2020,Mujeres,Con discapacidad,Guerrero,30-44,2380.0,9590.0,2080.0,,"Censo de Población y Vivienda, cuestionario ampliado (INEGI)",Personas de 18 años o más,censo
educacion-censo,No sabe leer ni escribir (Censo),2020,Mujeres,Con discapacidad,Guerrero,45-59,5431.0,20441.0,4163.0,,"Censo de Población y Vivienda, cuestionario ampliado (INEGI)",Personas de 18 años o más,censo
educacion-censo,No sabe leer ni escribir (Censo),2020,Mujeres,Con discapacidad,Guerrero,60+,32479.0,63558.0,12862.0,,"Censo de Población y Vivienda, cuestionario ampliado (INEGI)",Personas de 18 años o más,censo
educacion-censo,No sabe leer ni escribir (Censo),2020,Mujeres,Con discapacidad,Hidalgo,18-29,884.0,6012.0,943.0,,"Censo de Población y Vivienda, cuestionario ampliado (INEGI)",Personas de 18 años o más,censo
educacion-censo,No sabe leer ni escribir (Censo),2020,Mujeres,Con discapacidad,Hidalgo,30-44,1374.0,9334.0,1478.0,,"Censo de Población y Vivienda, cuestionario ampliado (INEGI)",Personas de 18 años o más,censo
educacion-censo,No sabe leer ni escribir (Censo),2020,Mujeres,Con discapacidad,Hidalgo,45-59,2569.0,16418.0,2693.0,,"Censo de Población y Vivienda, cuestionario ampliado (INEGI)",Personas de 18 años o más,censo
educacion-censo,No sabe leer ni escribir (Censo),2020,Mujeres,Con discapacidad,Hidalgo,60+,19795.0,46188.0,8308.0,,"Censo de Población y Vivienda, cuestionario ampliado (INEGI)",Personas de 18 años o más,censo
educacion-censo,No sabe leer ni escribir (Censo),2020,Mujeres,Con discapacidad,Jalisco,18-29,2031.0,12290.0,1267.0,,"Censo de Población y Vivienda, cuestionario ampliado (INEGI)",Personas de 18 años o más,censo
educacion-censo,No sabe leer ni escribir (Censo),2020,Mujeres,Con discapacidad,Jalisco,30-44,2235.0,17416.0,1854.0,,"Censo de Población y Vivienda, cuestionario ampliado (INEGI)",Personas de 18 años o más,censo
educacion-censo,No sabe leer ni escribir (Censo),2020,Mujeres,Con discapacidad,Jalisco,45-59,3671.0,39234.0,3936.0,,"Censo de Población y Vivienda, cuestionario ampliado (INEGI)",Personas de 18 años o más,censo
educacion-censo,No sabe leer ni escribir (Censo),2020,Mujeres,Con discapacidad,Jalisco,60+,22658.0,114952.0,12376.0,,"Censo de Población y Vivienda, cuestionario ampliado (INEGI)",Personas de 18 años o más,censo
educacion-censo,No sabe leer ni escribir (Censo),2020,Mujeres,Con discapacidad,Michoacán,18-29,1409.0,8761.0,1200.0,,"Censo de Población y Vivienda, cuestionario ampliado (INEGI)",Personas de 18 años o más,censo
educacion-censo,No sabe leer ni escribir (Censo),2020,Mujeres,Con discapacidad,Michoacán,30-44,2173.0,12459.0,1834.0,,"Censo de Población y Vivienda, cuestionario ampliado (INEGI)",Personas de 18 años o más,censo
educacion-censo,No sabe leer ni escribir (Censo),2020,Mujeres,Con discapacidad,Michoacán,45-59,4372.0,24331.0,3854.0,,"Censo de Población y Vivienda, cuestionario ampliado (INEGI)",Personas de 18 años o más,censo
educacion-censo,No sabe leer ni escribir (Censo),2020,Mujeres,Con discapacidad,Michoacán,60+,27466.0,76648.0,12841.0,,"Censo de Población y Vivienda, cuestionario ampliado (INEGI)",Personas de 18 años o más,censo
educacion-censo,No sabe leer ni escribir (Censo),2020,Mujeres,Con discapacidad,Morelos,18-29,498.0,3633.0,423.0,,"Censo de Población y Vivienda, cuestionario ampliado (INEGI)",Personas de 18 años o más,censo
educacion-censo,No sabe leer ni escribir (Censo),2020,Mujeres,Con discapacidad,Morelos,30-44,688.0,5276.0,602.0,,"Censo de Población y Vivienda, cuestionario ampliado (INEGI)",Personas de 18 años o más,censo
educacion-censo,No sabe leer ni escribir (Censo),2020,Mujeres,Con discapacidad,Morelos,45-59,1425.0,11197.0,1326.0,,"Censo de Población y Vivienda, cuestionario ampliado (INEGI)",Personas de 18 años o más,censo
educacion-censo,No sabe leer ni escribir (Censo),2020,Mujeres,Con discapacidad,Morelos,60+,9125.0,31304.0,3699.0,,"Censo de Población y Vivienda, cuestionario ampliado (INEGI)",Personas de 18 años o más,censo
educacion-censo,No sabe leer ni escribir (Censo),2020,Mujeres,Con discapacidad,México,18-29,3355.0,29506.0,2078.0,,"Censo de Población y Vivienda, cuestionario ampliado (INEGI)",Personas de 18 años o más,censo
educacion-censo,No sabe leer ni escribir (Censo),2020,Mujeres,Con discapacidad,México,30-44,4588.0,39990.0,2800.0,,"Censo de Población y Vivienda, cuestionario ampliado (INEGI)",Personas de 18 años o más,censo
educacion-censo,No sabe leer ni escribir (Censo),2020,Mujeres,Con discapacidad,México,45-59,6953.0,80577.0,5493.0,,"Censo de Población y Vivienda, cuestionario ampliado (INEGI)",Personas de 18 años o más,censo
educacion-censo,No sabe leer ni escribir (Censo),2020,Mujeres,Con discapacidad,México,60+,49885.0,193231.0,13445.0,,"Censo de Población y Vivienda, cuestionario ampliado (INEGI)",Personas de 18 años o más,censo
educacion-censo,No sabe leer ni escribir (Censo),2020,Mujeres,Con discapacidad,Nayarit,18-29,359.0,2480.0,315.0,,"Censo de Población y Vivienda, cuestionario ampliado (INEGI)",Personas de 18 años o más,censo
educacion-censo,No sabe leer ni escribir (Censo),2020,Mujeres,Con discapacidad,Nayarit,30-44,410.0,3190.0,432.0,,"Censo de Población y Vivienda, cuestionario ampliado (INEGI)",Personas de 18 años o más,censo
educacion-censo,No sabe leer ni escribir (Censo),2020,Mujeres,Con discapacidad,Nayarit,45-59,727.0,6106.0,872.0,,"Censo de Población y Vivienda, cuestionario ampliado (INEGI)",Personas de 18 años o más,censo
educacion-censo,No sabe leer ni escribir (Censo),2020,Mujeres,Con discapacidad,Nayarit,60+,4043.0,19116.0,2672.0,,"Censo de Población y Vivienda, cuestionario ampliado (INEGI)",Personas de 18 años o más,censo
educacion-censo,No sabe leer ni escribir (Censo),2020,Mujeres,Con discapacidad,Nuevo León,18-29,914.0,8856.0,561.0,,"Censo de Población y Vivienda, cuestionario ampliado (INEGI)",Personas de 18 años o más,censo
educacion-censo,No sabe leer ni escribir (Censo),2020,Mujeres,Con discapacidad,Nuevo León,30-44,833.0,9309.0,655.0,,"Censo de Población y Vivienda, cuestionario ampliado (INEGI)",Personas de 18 años o más,censo
educacion-censo,No sabe leer ni escribir (Censo),2020,Mujeres,Con discapacidad,Nuevo León,45-59,1228.0,20545.0,1374.0,,"Censo de Población y Vivienda, cuestionario ampliado (INEGI)",Personas de 18 años o más,censo
educacion-censo,No sabe leer ni escribir (Censo),2020,Mujeres,Con discapacidad,Nuevo León,60+,8733.0,58600.0,3867.0,,"Censo de Población y Vivienda, cuestionario ampliado (INEGI)",Personas de 18 años o más,censo
educacion-censo,No sabe leer ni escribir (Censo),2020,Mujeres,Con discapacidad,Oaxaca,18-29,1924.0,8382.0,4210.0,,"Censo de Población y Vivienda, cuestionario ampliado (INEGI)",Personas de 18 años o más,censo
educacion-censo,No sabe leer ni escribir (Censo),2020,Mujeres,Con discapacidad,Oaxaca,30-44,3367.0,13245.0,6386.0,,"Censo de Población y Vivienda, cuestionario ampliado (INEGI)",Personas de 18 años o más,censo
educacion-censo,No sabe leer ni escribir (Censo),2020,Mujeres,Con discapacidad,Oaxaca,45-59,6751.0,26303.0,12845.0,,"Censo de Población y Vivienda, cuestionario ampliado (INEGI)",Personas de 18 años o más,censo
educacion-censo,No sabe leer ni escribir (Censo),2020,Mujeres,Con discapacidad,Oaxaca,60+,44605.0,78957.0,41751.0,,"Censo de Población y Vivienda, cuestionario ampliado (INEGI)",Personas de 18 años o más,censo
educacion-censo,No sabe leer ni escribir (Censo),2020,Mujeres,Con discapacidad,Puebla,18-29,1928.0,11481.0,2419.0,,"Censo de Población y Vivienda, cuestionario ampliado (INEGI)",Personas de 18 años o más,censo
educacion-censo,No sabe leer ni escribir (Censo),2020,Mujeres,Con discapacidad,Puebla,30-44,2954.0,15848.0,3368.0,,"Censo de Población y Vivienda, cuestionario ampliado (INEGI)",Personas de 18 años o más,censo
educacion-censo,No sabe leer ni escribir (Censo),2020,Mujeres,Con discapacidad,Puebla,45-59,5764.0,27455.0,6109.0,,"Censo de Población y Vivienda, cuestionario ampliado (INEGI)",Personas de 18 años o más,censo
educacion-censo,No sabe leer ni escribir (Censo),2020,Mujeres,Con discapacidad,Puebla,60+,35499.0,85413.0,20396.0,,"Censo de Población y Vivienda, cuestionario ampliado (INEGI)",Personas de 18 años o más,censo
educacion-censo,No sabe leer ni escribir (Censo),2020,Mujeres,Con discapacidad,Querétaro,18-29,607.0,3752.0,266.0,,"Censo de Población y Vivienda, cuestionario ampliado (INEGI)",Personas de 18 años o más,censo
educacion-censo,No sabe leer ni escribir (Censo),2020,Mujeres,Con discapacidad,Querétaro,30-44,881.0,4522.0,336.0,,"Censo de Población y Vivienda, cuestionario ampliado (INEGI)",Personas de 18 años o más,censo
educacion-censo,No sabe leer ni escribir (Censo),2020,Mujeres,Con discapacidad,Querétaro,45-59,732.0,9720.0,654.0,,"Censo de Población y Vivienda, cuestionario ampliado (INEGI)",Personas de 18 años o más,censo
educacion-censo,No sabe leer ni escribir (Censo),2020,Mujeres,Con discapacidad,Querétaro,60+,8688.0,25287.0,1949.0,,"Censo de Población y Vivienda, cuestionario ampliado (INEGI)",Personas de 18 años o más,censo
educacion-censo,No sabe leer ni escribir (Censo),2020,Mujeres,Con discapacidad,Quintana Roo,18-29,516.0,4273.0,162.0,,"Censo de Población y Vivienda, cuestionario ampliado (INEGI)",Personas de 18 años o más,censo
educacion-censo,No sabe leer ni escribir (Censo),2020,Mujeres,Con discapacidad,Quintana Roo,30-44,397.0,3877.0,186.0,,"Censo de Población y Vivienda, cuestionario ampliado (INEGI)",Personas de 18 años o más,censo
educacion-censo,No sabe leer ni escribir (Censo),2020,Mujeres,Con discapacidad,Quintana Roo,45-59,934.0,7954.0,327.0,,"Censo de Población y Vivienda, cuestionario ampliado (INEGI)",Personas de 18 años o más,censo
educacion-censo,No sabe leer ni escribir (Censo),2020,Mujeres,Con discapacidad,Quintana Roo,60+,2205.0,10406.0,579.0,,"Censo de Población y Vivienda, cuestionario ampliado (INEGI)",Personas de 18 años o más,censo
educacion-censo,No sabe leer ni escribir (Censo),2020,Mujeres,Con discapacidad,San Luis Potosí,18-29,1078.0,4830.0,648.0,,"Censo de Población y Vivienda, cuestionario ampliado (INEGI)",Personas de 18 años o más,censo
educacion-censo,No sabe leer ni escribir (Censo),2020,Mujeres,Con discapacidad,San Luis Potosí,30-44,1175.0,6745.0,868.0,,"Censo de Población y Vivienda, cuestionario ampliado (INEGI)",Personas de 18 años o más,censo
educacion-censo,No sabe leer ni escribir (Censo),2020,Mujeres,Con discapacidad,San Luis Potosí,45-59,2294.0,12861.0,1877.0,,"Censo de Población y Vivienda, cuestionario ampliado (INEGI)",Personas de 18 años o más,censo
educacion-censo,No sabe leer ni escribir (Censo),2020,Mujeres,Con discapacidad,San Luis Potosí,60+,13821.0,41166.0,6312.0,,"Censo de Población y Vivienda, cuestionario ampliado (INEGI)",Personas de 18 años o más,censo
educacion-censo,No sabe leer ni escribir (Censo),2020,Mujeres,Con discapacidad,Sinaloa,18-29,730.0,4942.0,285.0,,"Censo de Población y Vivienda, cuestionario ampliado (INEGI)",Personas de 18 años o más,censo
educacion-censo,No sabe leer ni escribir (Censo),2020,Mujeres,Con discapacidad,Sinaloa,30-44,946.0,6985.0,413.0,,"Censo de Población y Vivienda, cuestionario ampliado (INEGI)",Personas de 18 años o más,censo
educacion-censo,No sabe leer ni escribir (Censo),2020,Mujeres,Con discapacidad,Sinaloa,45-59,1596.0,15730.0,915.0,,"Censo de Población y Vivienda, cuestionario ampliado (INEGI)",Personas de 18 años o más,censo
educacion-censo,No sabe leer ni escribir (Censo),2020,Mujeres,Con discapacidad,Sinaloa,60+,8512.0,46790.0,2762.0,,"Censo de Población y Vivienda, cuestionario ampliado (INEGI)",Personas de 18 años o más,censo
educacion-censo,No sabe leer ni escribir (Censo),2020,Mujeres,Con discapacidad,Sonora,18-29,494.0,5535.0,509.0,,"Censo de Población y Vivienda, cuestionario ampliado (INEGI)",Personas de 18 años o más,censo
educacion-censo,No sabe leer ni escribir (Censo),2020,Mujeres,Con discapacidad,Sonora,30-44,812.0,7179.0,629.0,,"Censo de Población y Vivienda, cuestionario ampliado (INEGI)",Personas de 18 años o más,censo
educacion-censo,No sabe leer ni escribir (Censo),2020,Mujeres,Con discapacidad,Sonora,45-59,1390.0,16076.0,1610.0,,"Censo de Población y Vivienda, cuestionario ampliado (INEGI)",Personas de 18 años o más,censo
educacion-censo,No sabe leer ni escribir (Censo),2020,Mujeres,Con discapacidad,Sonora,60+,4632.0,40250.0,4505.0,,"Censo de Población y Vivienda, cuestionario ampliado (INEGI)",Personas de 18 años o más,censo
educacion-censo,No sabe leer ni escribir (Censo),2020,Mujeres,Con discapacidad,Tabasco,18-29,922.0,5731.0,338.0,,"Censo de Población y Vivienda, cuestionario ampliado (INEGI)",Personas de 18 años o más,censo
educacion-censo,No sabe leer ni escribir (Censo),2020,Mujeres,Con discapacidad,Tabasco,30-44,1479.0,7806.0,470.0,,"Censo de Población y Vivienda, cuestionario ampliado (INEGI)",Personas de 18 años o más,censo
educacion-censo,No sabe leer ni escribir (Censo),2020,Mujeres,Con discapacidad,Tabasco,45-59,3045.0,17157.0,1085.0,,"Censo de Población y Vivienda, cuestionario ampliado (INEGI)",Personas de 18 años o más,censo
educacion-censo,No sabe leer ni escribir (Censo),2020,Mujeres,Con discapacidad,Tabasco,60+,11587.0,38455.0,2646.0,,"Censo de Población y Vivienda, cuestionario ampliado (INEGI)",Personas de 18 años o más,censo
educacion-censo,No sabe leer ni escribir (Censo),2020,Mujeres,Con discapacidad,Tamaulipas,18-29,682.0,4703.0,301.0,,"Censo de Población y Vivienda, cuestionario ampliado (INEGI)",Personas de 18 años o más,censo
educacion-censo,No sabe leer ni escribir (Censo),2020,Mujeres,Con discapacidad,Tamaulipas,30-44,1271.0,7450.0,507.0,,"Censo de Población y Vivienda, cuestionario ampliado (INEGI)",Personas de 18 años o más,censo
educacion-censo,No sabe leer ni escribir (Censo),2020,Mujeres,Con discapacidad,Tamaulipas,45-59,1772.0,19450.0,1347.0,,"Censo de Población y Vivienda, cuestionario ampliado (INEGI)",Personas de 18 años o más,censo
educacion-censo,No sabe leer ni escribir (Censo),2020,Mujeres,Con discapacidad,Tamaulipas,60+,8899.0,48786.0,3974.0,,"Censo de Población y Vivienda, cuestionario ampliado (INEGI)",Personas de 18 años o más,censo
educacion-censo,No sabe leer ni escribir (Censo),2020,Mujeres,Con discapacidad,Tlaxcala,18-29,258.0,2216.0,549.0,,"Censo de Población y Vivienda, cuestionario ampliado (INEGI)",Personas de 18 años o más,censo
educacion-censo,No sabe leer ni escribir (Censo),2020,Mujeres,Con discapacidad,Tlaxcala,30-44,362.0,3094.0,734.0,,"Censo de Población y Vivienda, cuestionario ampliado (INEGI)",Personas de 18 años o más,censo
educacion-censo,No sabe leer ni escribir (Censo),2020,Mujeres,Con discapacidad,Tlaxcala,45-59,431.0,5507.0,1371.0,,"Censo de Población y Vivienda, cuestionario ampliado (INEGI)",Personas de 18 años o más,censo
educacion-censo,No sabe leer ni escribir (Censo),2020,Mujeres,Con discapacidad,Tlaxcala,60+,4505.0,15298.0,3793.0,,"Censo de Población y Vivienda, cuestionario ampliado (INEGI)",Personas de 18 años o más,censo
educacion-censo,No sabe leer ni escribir (Censo),2020,Mujeres,Con discapacidad,Veracruz,18-29,2928.0,13567.0,2429.0,,"Censo de Población y Vivienda, cuestionario ampliado (INEGI)",Personas de 18 años o más,censo
educacion-censo,No sabe leer ni escribir (Censo),2020,Mujeres,Con discapacidad,Veracruz,30-44,5189.0,20783.0,3753.0,,"Censo de Población y Vivienda, cuestionario ampliado (INEGI)",Personas de 18 años o más,censo
educacion-censo,No sabe leer ni escribir (Censo),2020,Mujeres,Con discapacidad,Veracruz,45-59,9277.0,47807.0,8255.0,,"Censo de Población y Vivienda, cuestionario ampliado (INEGI)",Personas de 18 años o más,censo
educacion-censo,No sabe leer ni escribir (Censo),2020,Mujeres,Con discapacidad,Veracruz,60+,52683.0,137828.0,22413.0,,"Censo de Población y Vivienda, cuestionario ampliado (INEGI)",Personas de 18 años o más,censo
educacion-censo,No sabe leer ni escribir (Censo),2020,Mujeres,Con discapacidad,Yucatán,18-29,631.0,4791.0,821.0,,"Censo de Población y Vivienda, cuestionario ampliado (INEGI)",Personas de 18 años o más,censo
educacion-censo,No sabe leer ni escribir (Censo),2020,Mujeres,Con discapacidad,Yucatán,30-44,966.0,6343.0,1272.0,,"Censo de Población y Vivienda, cuestionario ampliado (INEGI)",Personas de 18 años o más,censo
educacion-censo,No sabe leer ni escribir (Censo),2020,Mujeres,Con discapacidad,Yucatán,45-59,2469.0,13921.0,2733.0,,"Censo de Población y Vivienda, cuestionario ampliado (INEGI)",Personas de 18 años o más,censo
educacion-censo,No sabe leer ni escribir (Censo),2020,Mujeres,Con discapacidad,Yucatán,60+,10943.0,37588.0,7493.0,,"Censo de Población y Vivienda, cuestionario ampliado (INEGI)",Personas de 18 años o más,censo
educacion-censo,No sabe leer ni escribir (Censo),2020,Mujeres,Con discapacidad,Zacatecas,18-29,475.0,3315.0,617.0,,"Censo de Población y Vivienda, cuestionario ampliado (INEGI)",Personas de 18 años o más,censo
educacion-censo,No sabe leer ni escribir (Censo),2020,Mujeres,Con discapacidad,Zacatecas,30-44,533.0,4136.0,812.0,,"Censo de Población y Vivienda, cuestionario ampliado (INEGI)",Personas de 18 años o más,censo
educacion-censo,No sabe leer ni escribir (Censo),2020,Mujeres,Con discapacidad,Zacatecas,45-59,934.0,9235.0,1705.0,,"Censo de Población y Vivienda, cuestionario ampliado (INEGI)",Personas de 18 años o más,censo
educacion-censo,No sabe leer ni escribir (Censo),2020,Mujeres,Con discapacidad,Zacatecas,60+,5713.0,26281.0,5519.0,,"Censo de Población y Vivienda, cuestionario ampliado (INEGI)",Personas de 18 años o más,censo
educacion-censo,No sabe leer ni escribir (Censo),2020,Mujeres,Sin discapacidad,Aguascalientes,18-29,249.0,148377.0,10000.0,,"Censo de Población y Vivienda, cuestionario ampliado (INEGI)",Personas de 18 años o más,censo
educacion-censo,No sabe leer ni escribir (Censo),2020,Mujeres,Sin discapacidad,Aguascalientes,30-44,750.0,151424.0,9923.0,,"Censo de Población y Vivienda, cuestionario ampliado (INEGI)",Personas de 18 años o más,censo
educacion-censo,No sabe leer ni escribir (Censo),2020,Mujeres,Sin discapacidad,Aguascalientes,45-59,1941.0,104641.0,6444.0,,"Censo de Población y Vivienda, cuestionario ampliado (INEGI)",Personas de 18 años o más,censo
educacion-censo,No sabe leer ni escribir (Censo),2020,Mujeres,Sin discapacidad,Aguascalientes,60+,3418.0,58539.0,3575.0,,"Censo de Población y Vivienda, cuestionario ampliado (INEGI)",Personas de 18 años o más,censo
educacion-censo,No sabe leer ni escribir (Censo),2020,Mujeres,Sin discapacidad,Baja California,18-29,1074.0,378064.0,7918.0,,"Censo de Población y Vivienda, cuestionario ampliado (INEGI)",Personas de 18 años o más,censo
educacion-censo,No sabe leer ni escribir (Censo),2020,Mujeres,Sin discapacidad,Baja California,30-44,2247.0,420434.0,8650.0,,"Censo de Población y Vivienda, cuestionario ampliado (INEGI)",Personas de 18 años o más,censo
educacion-censo,No sabe leer ni escribir (Censo),2020,Mujeres,Sin discapacidad,Baja California,45-59,5956.0,288596.0,6152.0,,"Censo de Población y Vivienda, cuestionario ampliado (INEGI)",Personas de 18 años o más,censo
educacion-censo,No sabe leer ni escribir (Censo),2020,Mujeres,Sin discapacidad,Baja California,60+,9433.0,153509.0,3417.0,,"Censo de Población y Vivienda, cuestionario ampliado (INEGI)",Personas de 18 años o más,censo
educacion-censo,No sabe leer ni escribir (Censo),2020,Mujeres,Sin discapacidad,Baja California Sur,18-29,172.0,77202.0,4299.0,,"Censo de Población y Vivienda, cuestionario ampliado (INEGI)",Personas de 18 años o más,censo
educacion-censo,No sabe leer ni escribir (Censo),2020,Mujeres,Sin discapacidad,Baja California Sur,30-44,739.0,92943.0,5318.0,,"Censo de Población y Vivienda, cuestionario ampliado (INEGI)",Personas de 18 años o más,censo
educacion-censo,No sabe leer ni escribir (Censo),2020,Mujeres,Sin discapacidad,Baja California Sur,45-59,1422.0,60279.0,3625.0,,"Censo de Población y Vivienda, cuestionario ampliado (INEGI)",Personas de 18 años o más,censo
educacion-censo,No sabe leer ni escribir (Censo),2020,Mujeres,Sin discapacidad,Baja California Sur,60+,2058.0,30600.0,1953.0,,"Censo de Población y Vivienda, cuestionario ampliado (INEGI)",Personas de 18 años o más,censo
educacion-censo,No sabe leer ni escribir (Censo),2020,Mujeres,Sin discapacidad,Campeche,18-29,589.0,86673.0,7882.0,,"Censo de Población y Vivienda, cuestionario ampliado (INEGI)",Personas de 18 años o más,censo
educacion-censo,No sabe leer ni escribir (Censo),2020,Mujeres,Sin discapacidad,Campeche,30-44,2760.0,102995.0,9183.0,,"Censo de Población y Vivienda, cuestionario ampliado (INEGI)",Personas de 18 años o más,censo
educacion-censo,No sabe leer ni escribir (Censo),2020,Mujeres,Sin discapacidad,Campeche,45-59,4783.0,70722.0,6014.0,,"Censo de Población y Vivienda, cuestionario ampliado (INEGI)",Personas de 18 años o más,censo
educacion-censo,No sabe leer ni escribir (Censo),2020,Mujeres,Sin discapacidad,Campeche,60+,8305.0,36841.0,3299.0,,"Censo de Población y Vivienda, cuestionario ampliado (INEGI)",Personas de 18 años o más,censo
educacion-censo,No sabe leer ni escribir (Censo),2020,Mujeres,Sin discapacidad,Chiapas,18-29,30211.0,564527.0,130574.0,,"Censo de Población y Vivienda, cuestionario ampliado (INEGI)",Personas de 18 años o más,censo
educacion-censo,No sabe leer ni escribir (Censo),2020,Mujeres,Sin discapacidad,Chiapas,30-44,77006.0,564060.0,121771.0,,"Censo de Población y Vivienda, cuestionario ampliado (INEGI)",Personas de 18 años o más,censo
educacion-censo,No sabe leer ni escribir (Censo),2020,Mujeres,Sin discapacidad,Chiapas,45-59,89961.0,356670.0,71166.0,,"Censo de Población y Vivienda, cuestionario ampliado (INEGI)",Personas de 18 años o más,censo
educacion-censo,No sabe leer ni escribir (Censo),2020,Mujeres,Sin discapacidad,Chiapas,60+,90512.0,200355.0,40571.0,,"Censo de Población y Vivienda, cuestionario ampliado (INEGI)",Personas de 18 años o más,censo
educacion-censo,No sabe leer ni escribir (Censo),2020,Mujeres,Sin discapacidad,Chihuahua,18-29,4260.0,364409.0,27309.0,,"Censo de Población y Vivienda, cuestionario ampliado (INEGI)",Personas de 18 años o más,censo
educacion-censo,No sabe leer ni escribir (Censo),2020,Mujeres,Sin discapacidad,Chihuahua,30-44,7151.0,390339.0,29777.0,,"Censo de Población y Vivienda, cuestionario ampliado (INEGI)",Personas de 18 años o más,censo
educacion-censo,No sabe leer ni escribir (Censo),2020,Mujeres,Sin discapacidad,Chihuahua,45-59,8959.0,303351.0,23798.0,,"Censo de Población y Vivienda, cuestionario ampliado (INEGI)",Personas de 18 años o más,censo
educacion-censo,No sabe leer ni escribir (Censo),2020,Mujeres,Sin discapacidad,Chihuahua,60+,10135.0,173028.0,16867.0,,"Censo de Población y Vivienda, cuestionario ampliado (INEGI)",Personas de 18 años o más,censo
educacion-censo,No sabe leer ni escribir (Censo),2020,Mujeres,Sin discapacidad,Ciudad de México,18-29,808.0,843353.0,25664.0,,"Censo de Población y Vivienda, cuestionario ampliado (INEGI)",Personas de 18 años o más,censo
educacion-censo,No sabe leer ni escribir (Censo),2020,Mujeres,Sin discapacidad,Ciudad de México,30-44,4448.0,1054886.0,31771.0,,"Censo de Población y Vivienda, cuestionario ampliado (INEGI)",Personas de 18 años o más,censo
educacion-censo,No sabe leer ni escribir (Censo),2020,Mujeres,Sin discapacidad,Ciudad de México,45-59,10050.0,914989.0,27401.0,,"Censo de Población y Vivienda, cuestionario ampliado (INEGI)",Personas de 18 años o más,censo
educacion-censo,No sabe leer ni escribir (Censo),2020,Mujeres,Sin discapacidad,Ciudad de México,60+,32280.0,693762.0,20301.0,,"Censo de Población y Vivienda, cuestionario ampliado (INEGI)",Personas de 18 años o más,censo
educacion-censo,No sabe leer ni escribir (Censo),2020,Mujeres,Sin discapacidad,Coahuila,18-29,388.0,300656.0,20360.0,,"Censo de Población y Vivienda, cuestionario ampliado (INEGI)",Personas de 18 años o más,censo
educacion-censo,No sabe leer ni escribir (Censo),2020,Mujeres,Sin discapacidad,Coahuila,30-44,1078.0,321651.0,21733.0,,"Censo de Población y Vivienda, cuestionario ampliado (INEGI)",Personas de 18 años o más,censo
educacion-censo,No sabe leer ni escribir (Censo),2020,Mujeres,Sin discapacidad,Coahuila,45-59,3384.0,257276.0,17756.0,,"Censo de Población y Vivienda, cuestionario ampliado (INEGI)",Personas de 18 años o más,censo
educacion-censo,No sabe leer ni escribir (Censo),2020,Mujeres,Sin discapacidad,Coahuila,60+,8254.0,155064.0,10738.0,,"Censo de Población y Vivienda, cuestionario ampliado (INEGI)",Personas de 18 años o más,censo
educacion-censo,No sabe leer ni escribir (Censo),2020,Mujeres,Sin discapacidad,Colima,18-29,220.0,69902.0,5676.0,,"Censo de Población y Vivienda, cuestionario ampliado (INEGI)",Personas de 18 años o más,censo
educacion-censo,No sabe leer ni escribir (Censo),2020,Mujeres,Sin discapacidad,Colima,30-44,936.0,82513.0,6513.0,,"Censo de Población y Vivienda, cuestionario ampliado (INEGI)",Personas de 18 años o más,censo
educacion-censo,No sabe leer ni escribir (Censo),2020,Mujeres,Sin discapacidad,Colima,45-59,1626.0,58346.0,4766.0,,"Censo de Población y Vivienda, cuestionario ampliado (INEGI)",Personas de 18 años o más,censo
educacion-censo,No sabe leer ni escribir (Censo),2020,Mujeres,Sin discapacidad,Colima,60+,2987.0,36402.0,3101.0,,"Censo de Población y Vivienda, cuestionario ampliado (INEGI)",Personas de 18 años o más,censo
educacion-censo,No sabe leer ni escribir (Censo),2020,Mujeres,Sin discapacidad,Durango,18-29,783.0,178326.0,23427.0,,"Censo de Población y Vivienda, cuestionario ampliado (INEGI)",Personas de 18 años o más,censo
educacion-censo,No sabe leer ni escribir (Censo),2020,Mujeres,Sin discapacidad,Durango,30-44,2275.0,180239.0,23417.0,,"Censo de Población y Vivienda, cuestionario ampliado (INEGI)",Personas de 18 años o más,censo
educacion-censo,No sabe leer ni escribir (Censo),2020,Mujeres,Sin discapacidad,Durango,45-59,4022.0,140084.0,17079.0,,"Censo de Población y Vivienda, cuestionario ampliado (INEGI)",Personas de 18 años o más,censo
educacion-censo,No sabe leer ni escribir (Censo),2020,Mujeres,Sin discapacidad,Durango,60+,5715.0,78701.0,11000.0,,"Censo de Población y Vivienda, cuestionario ampliado (INEGI)",Personas de 18 años o más,censo
educacion-censo,No sabe leer ni escribir (Censo),2020,Mujeres,Sin discapacidad,Guanajuato,18-29,2460.0,632880.0,42636.0,,"Censo de Población y Vivienda, cuestionario ampliado (INEGI)",Personas de 18 años o más,censo
educacion-censo,No sabe leer ni escribir (Censo),2020,Mujeres,Sin discapacidad,Guanajuato,30-44,10154.0,663534.0,45356.0,,"Censo de Población y Vivienda, cuestionario ampliado (INEGI)",Personas de 18 años o más,censo
educacion-censo,No sabe leer ni escribir (Censo),2020,Mujeres,Sin discapacidad,Guanajuato,45-59,27508.0,464973.0,31827.0,,"Censo de Población y Vivienda, cuestionario ampliado (INEGI)",Personas de 18 años o más,censo
educacion-censo,No sabe leer ni escribir (Censo),2020,Mujeres,Sin discapacidad,Guanajuato,60+,62781.0,273844.0,20066.0,,"Censo de Población y Vivienda, cuestionario ampliado (INEGI)",Personas de 18 años o más,censo
educacion-censo,No sabe leer ni escribir (Censo),2020,Mujeres,Sin discapacidad,Guerrero,18-29,6784.0,343511.0,71695.0,,"Censo de Población y Vivienda, cuestionario ampliado (INEGI)",Personas de 18 años o más,censo
educacion-censo,No sabe leer ni escribir (Censo),2020,Mujeres,Sin discapacidad,Guerrero,30-44,27648.0,349612.0,66277.0,,"Censo de Población y Vivienda, cuestionario ampliado (INEGI)",Personas de 18 años o más,censo
educacion-censo,No sabe leer ni escribir (Censo),2020,Mujeres,Sin discapacidad,Guerrero,45-59,41809.0,253426.0,46284.0,,"Censo de Población y Vivienda, cuestionario ampliado (INEGI)",Personas de 18 años o más,censo
educacion-censo,No sabe leer ni escribir (Censo),2020,Mujeres,Sin discapacidad,Guerrero,60+,66679.0,172129.0,33558.0,,"Censo de Población y Vivienda, cuestionario ampliado (INEGI)",Personas de 18 años o más,censo
educacion-censo,No sabe leer ni escribir (Censo),2020,Mujeres,Sin discapacidad,Hidalgo,18-29,1391.0,288849.0,46256.0,,"Censo de Población y Vivienda, cuestionario ampliado (INEGI)",Personas de 18 años o más,censo
educacion-censo,No sabe leer ni escribir (Censo),2020,Mujeres,Sin discapacidad,Hidalgo,30-44,7798.0,341671.0,53834.0,,"Censo de Población y Vivienda, cuestionario ampliado (INEGI)",Personas de 18 años o más,censo
educacion-censo,No sabe leer ni escribir (Censo),2020,Mujeres,Sin discapacidad,Hidalgo,45-59,20140.0,254004.0,40380.0,,"Censo de Población y Vivienda, cuestionario ampliado (INEGI)",Personas de 18 años o más,censo
educacion-censo,No sabe leer ni escribir (Censo),2020,Mujeres,Sin discapacidad,Hidalgo,60+,41248.0,160925.0,27607.0,,"Censo de Población y Vivienda, cuestionario ampliado (INEGI)",Personas de 18 años o más,censo
educacion-censo,No sabe leer ni escribir (Censo),2020,Mujeres,Sin discapacidad,Jalisco,18-29,3301.0,827087.0,72835.0,,"Censo de Población y Vivienda, cuestionario ampliado (INEGI)",Personas de 18 años o más,censo
educacion-censo,No sabe leer ni escribir (Censo),2020,Mujeres,Sin discapacidad,Jalisco,30-44,8541.0,893590.0,80286.0,,"Censo de Población y Vivienda, cuestionario ampliado (INEGI)",Personas de 18 años o más,censo
educacion-censo,No sabe leer ni escribir (Censo),2020,Mujeres,Sin discapacidad,Jalisco,45-59,15055.0,648209.0,57199.0,,"Censo de Población y Vivienda, cuestionario ampliado (INEGI)",Personas de 18 años o más,censo
educacion-censo,No sabe leer ni escribir (Censo),2020,Mujeres,Sin discapacidad,Jalisco,60+,39339.0,429428.0,40951.0,,"Censo de Población y Vivienda, cuestionario ampliado (INEGI)",Personas de 18 años o más,censo
educacion-censo,No sabe leer ni escribir (Censo),2020,Mujeres,Sin discapacidad,Michoacán,18-29,4271.0,461573.0,67213.0,,"Censo de Población y Vivienda, cuestionario ampliado (INEGI)",Personas de 18 años o más,censo
educacion-censo,No sabe leer ni escribir (Censo),2020,Mujeres,Sin discapacidad,Michoacán,30-44,15312.0,482571.0,70399.0,,"Censo de Población y Vivienda, cuestionario ampliado (INEGI)",Personas de 18 años o más,censo
educacion-censo,No sabe leer ni escribir (Censo),2020,Mujeres,Sin discapacidad,Michoacán,45-59,26073.0,361931.0,51122.0,,"Censo de Población y Vivienda, cuestionario ampliado (INEGI)",Personas de 18 años o más,censo
educacion-censo,No sabe leer ni escribir (Censo),2020,Mujeres,Sin discapacidad,Michoacán,60+,52808.0,249678.0,38035.0,,"Censo de Población y Vivienda, cuestionario ampliado (INEGI)",Personas de 18 años o más,censo
educacion-censo,No sabe leer ni escribir (Censo),2020,Mujeres,Sin discapacidad,Morelos,18-29,834.0,189653.0,23446.0,,"Censo de Población y Vivienda, cuestionario ampliado (INEGI)",Personas de 18 años o más,censo
educacion-censo,No sabe leer ni escribir (Censo),2020,Mujeres,Sin discapacidad,Morelos,30-44,2837.0,210175.0,25439.0,,"Censo de Población y Vivienda, cuestionario ampliado (INEGI)",Personas de 18 años o más,censo
educacion-censo,No sabe leer ni escribir (Censo),2020,Mujeres,Sin discapacidad,Morelos,45-59,7209.0,170745.0,19641.0,,"Censo de Población y Vivienda, cuestionario ampliado (INEGI)",Personas de 18 años o más,censo
educacion-censo,No sabe leer ni escribir (Censo),2020,Mujeres,Sin discapacidad,Morelos,60+,16571.0,110105.0,12686.0,,"Censo de Población y Vivienda, cuestionario ampliado (INEGI)",Personas de 18 años o más,censo
educacion-censo,No sabe leer ni escribir (Censo),2020,Mujeres,Sin discapacidad,México,18-29,4537.0,1668251.0,122138.0,,"Censo de Población y Vivienda, cuestionario ampliado (INEGI)",Personas de 18 años o más,censo
educacion-censo,No sabe leer ni escribir (Censo),2020,Mujeres,Sin discapacidad,México,30-44,18473.0,1885832.0,135826.0,,"Censo de Población y Vivienda, cuestionario ampliado (INEGI)",Personas de 18 años o más,censo
educacion-censo,No sabe leer ni escribir (Censo),2020,Mujeres,Sin discapacidad,México,45-59,49349.0,1480951.0,99452.0,,"Censo de Población y Vivienda, cuestionario ampliado (INEGI)",Personas de 18 años o más,censo
educacion-censo,No sabe leer ni escribir (Censo),2020,Mujeres,Sin discapacidad,México,60+,109821.0,859164.0,56462.0,,"Censo de Población y Vivienda, cuestionario ampliado (INEGI)",Personas de 18 años o más,censo
educacion-censo,No sabe leer ni escribir (Censo),2020,Mujeres,Sin discapacidad,Nayarit,18-29,1045.0,112993.0,16725.0,,"Censo de Población y Vivienda, cuestionario ampliado (INEGI)",Personas de 18 años o más,censo
educacion-censo,No sabe leer ni escribir (Censo),2020,Mujeres,Sin discapacidad,Nayarit,30-44,2823.0,126892.0,17059.0,,"Censo de Población y Vivienda, cuestionario ampliado (INEGI)",Personas de 18 años o más,censo
educacion-censo,No sabe leer ni escribir (Censo),2020,Mujeres,Sin discapacidad,Nayarit,45-59,4014.0,93935.0,12217.0,,"Censo de Población y Vivienda, cuestionario ampliado (INEGI)",Personas de 18 años o más,censo
educacion-censo,No sabe leer ni escribir (Censo),2020,Mujeres,Sin discapacidad,Nayarit,60+,7661.0,61247.0,8311.0,,"Censo de Población y Vivienda, cuestionario ampliado (INEGI)",Personas de 18 años o más,censo
educacion-censo,No sabe leer ni escribir (Censo),2020,Mujeres,Sin discapacidad,Nuevo León,18-29,663.0,566393.0,31899.0,,"Censo de Población y Vivienda, cuestionario ampliado (INEGI)",Personas de 18 años o más,censo
educacion-censo,No sabe leer ni escribir (Censo),2020,Mujeres,Sin discapacidad,Nuevo León,30-44,2833.0,617862.0,35201.0,,"Censo de Población y Vivienda, cuestionario ampliado (INEGI)",Personas de 18 años o más,censo
educacion-censo,No sabe leer ni escribir (Censo),2020,Mujeres,Sin discapacidad,Nuevo León,45-59,5290.0,478396.0,26144.0,,"Censo de Población y Vivienda, cuestionario ampliado (INEGI)",Personas de 18 años o más,censo
educacion-censo,No sabe leer ni escribir (Censo),2020,Mujeres,Sin discapacidad,Nuevo León,60+,13527.0,305133.0,17057.0,,"Censo de Población y Vivienda, cuestionario ampliado (INEGI)",Personas de 18 años o más,censo
educacion-censo,No sabe leer ni escribir (Censo),2020,Mujeres,Sin discapacidad,Oaxaca,18-29,5279.0,382990.0,177213.0,,"Censo de Población y Vivienda, cuestionario ampliado (INEGI)",Personas de 18 años o más,censo
educacion-censo,No sabe leer ni escribir (Censo),2020,Mujeres,Sin discapacidad,Oaxaca,30-44,25726.0,430665.0,190215.0,,"Censo de Población y Vivienda, cuestionario ampliado (INEGI)",Personas de 18 años o más,censo
educacion-censo,No sabe leer ni escribir (Censo),2020,Mujeres,Sin discapacidad,Oaxaca,45-59,49813.0,310040.0,136932.0,,"Censo de Población y Vivienda, cuestionario ampliado (INEGI)",Personas de 18 años o más,censo
educacion-censo,No sabe leer ni escribir (Censo),2020,Mujeres,Sin discapacidad,Oaxaca,60+,90562.0,219538.0,106254.0,,"Censo de Población y Vivienda, cuestionario ampliado (INEGI)",Personas de 18 años o más,censo
educacion-censo,No sabe leer ni escribir (Censo),2020,Mujeres,Sin discapacidad,Puebla,18-29,6264.0,664321.0,125800.0,,"Censo de Población y Vivienda, cuestionario ampliado (INEGI)",Personas de 18 años o más,censo
educacion-censo,No sabe leer ni escribir (Censo),2020,Mujeres,Sin discapacidad,Puebla,30-44,28237.0,713400.0,129481.0,,"Censo de Población y Vivienda, cuestionario ampliado (INEGI)",Personas de 18 años o más,censo
educacion-censo,No sabe leer ni escribir (Censo),2020,Mujeres,Sin discapacidad,Puebla,45-59,48925.0,496713.0,89260.0,,"Censo de Población y Vivienda, cuestionario ampliado (INEGI)",Personas de 18 años o más,censo
educacion-censo,No sabe leer ni escribir (Censo),2020,Mujeres,Sin discapacidad,Puebla,60+,85834.0,323216.0,63774.0,,"Censo de Población y Vivienda, cuestionario ampliado (INEGI)",Personas de 18 años o más,censo
educacion-censo,No sabe leer ni escribir (Censo),2020,Mujeres,Sin discapacidad,Querétaro,18-29,693.0,243858.0,15153.0,,"Censo de Población y Vivienda, cuestionario ampliado (INEGI)",Personas de 18 años o más,censo
educacion-censo,No sabe leer ni escribir (Censo),2020,Mujeres,Sin discapacidad,Querétaro,30-44,3244.0,276499.0,16393.0,,"Censo de Población y Vivienda, cuestionario ampliado (INEGI)",Personas de 18 años o más,censo
educacion-censo,No sabe leer ni escribir (Censo),2020,Mujeres,Sin discapacidad,Querétaro,45-59,7799.0,187323.0,10801.0,,"Censo de Población y Vivienda, cuestionario ampliado (INEGI)",Personas de 18 años o más,censo
educacion-censo,No sabe leer ni escribir (Censo),2020,Mujeres,Sin discapacidad,Querétaro,60+,18102.0,109862.0,6535.0,,"Censo de Población y Vivienda, cuestionario ampliado (INEGI)",Personas de 18 años o más,censo
educacion-censo,No sabe leer ni escribir (Censo),2020,Mujeres,Sin discapacidad,Quintana Roo,18-29,760.0,195659.0,8021.0,,"Censo de Población y Vivienda, cuestionario ampliado (INEGI)",Personas de 18 años o más,censo
educacion-censo,No sabe leer ni escribir (Censo),2020,Mujeres,Sin discapacidad,Quintana Roo,30-44,3656.0,233559.0,9156.0,,"Censo de Población y Vivienda, cuestionario ampliado (INEGI)",Personas de 18 años o más,censo
educacion-censo,No sabe leer ni escribir (Censo),2020,Mujeres,Sin discapacidad,Quintana Roo,45-59,5673.0,128765.0,5225.0,,"Censo de Población y Vivienda, cuestionario ampliado (INEGI)",Personas de 18 años o más,censo
educacion-censo,No sabe leer ni escribir (Censo),2020,Mujeres,Sin discapacidad,Quintana Roo,60+,7831.0,59048.0,2637.0,,"Censo de Población y Vivienda, cuestionario ampliado (INEGI)",Personas de 18 años o más,censo
educacion-censo,No sabe leer ni escribir (Censo),2020,Mujeres,Sin discapacidad,San Luis Potosí,18-29,750.0,274361.0,33522.0,,"Censo de Población y Vivienda, cuestionario ampliado (INEGI)",Personas de 18 años o más,censo
educacion-censo,No sabe leer ni escribir (Censo),2020,Mujeres,Sin discapacidad,San Luis Potosí,30-44,4188.0,298781.0,35455.0,,"Censo de Población y Vivienda, cuestionario ampliado (INEGI)",Personas de 18 años o más,censo
educacion-censo,No sabe leer ni escribir (Censo),2020,Mujeres,Sin discapacidad,San Luis Potosí,45-59,11293.0,218062.0,26021.0,,"Censo de Población y Vivienda, cuestionario ampliado (INEGI)",Personas de 18 años o más,censo
educacion-censo,No sabe leer ni escribir (Censo),2020,Mujeres,Sin discapacidad,San Luis Potosí,60+,27602.0,151731.0,19931.0,,"Censo de Población y Vivienda, cuestionario ampliado (INEGI)",Personas de 18 años o más,censo
educacion-censo,No sabe leer ni escribir (Censo),2020,Mujeres,Sin discapacidad,Sinaloa,18-29,1282.0,293959.0,15364.0,,"Censo de Población y Vivienda, cuestionario ampliado (INEGI)",Personas de 18 años o más,censo
educacion-censo,No sabe leer ni escribir (Censo),2020,Mujeres,Sin discapacidad,Sinaloa,30-44,3004.0,305172.0,16188.0,,"Censo de Población y Vivienda, cuestionario ampliado (INEGI)",Personas de 18 años o más,censo
educacion-censo,No sabe leer ni escribir (Censo),2020,Mujeres,Sin discapacidad,Sinaloa,45-59,5764.0,245996.0,13180.0,,"Censo de Población y Vivienda, cuestionario ampliado (INEGI)",Personas de 18 años o más,censo
educacion-censo,No sabe leer ni escribir (Censo),2020,Mujeres,Sin discapacidad,Sinaloa,60+,13955.0,161780.0,9191.0,,"Censo de Población y Vivienda, cuestionario ampliado (INEGI)",Personas de 18 años o más,censo
educacion-censo,No sabe leer ni escribir (Censo),2020,Mujeres,Sin discapacidad,Sonora,18-29,782.0,278007.0,22446.0,,"Censo de Población y Vivienda, cuestionario ampliado (INEGI)",Personas de 18 años o más,censo
educacion-censo,No sabe leer ni escribir (Censo),2020,Mujeres,Sin discapacidad,Sonora,30-44,2133.0,304104.0,25357.0,,"Censo de Población y Vivienda, cuestionario ampliado (INEGI)",Personas de 18 años o más,censo
educacion-censo,No sabe leer ni escribir (Censo),2020,Mujeres,Sin discapacidad,Sonora,45-59,3509.0,236526.0,20934.0,,"Censo de Población y Vivienda, cuestionario ampliado (INEGI)",Personas de 18 años o más,censo
educacion-censo,No sabe leer ni escribir (Censo),2020,Mujeres,Sin discapacidad,Sonora,60+,7360.0,151941.0,14509.0,,"Censo de Población y Vivienda, cuestionario ampliado (INEGI)",Personas de 18 años o más,censo
educacion-censo,No sabe leer ni escribir (Censo),2020,Mujeres,Sin discapacidad,Tabasco,18-29,1401.0,226458.0,14605.0,,"Censo de Población y Vivienda, cuestionario ampliado (INEGI)",Personas de 18 años o más,censo
educacion-censo,No sabe leer ni escribir (Censo),2020,Mujeres,Sin discapacidad,Tabasco,30-44,5472.0,272708.0,17664.0,,"Censo de Población y Vivienda, cuestionario ampliado (INEGI)",Personas de 18 años o más,censo
educacion-censo,No sabe leer ni escribir (Censo),2020,Mujeres,Sin discapacidad,Tabasco,45-59,11886.0,184205.0,12448.0,,"Censo de Población y Vivienda, cuestionario ampliado (INEGI)",Personas de 18 años o más,censo
educacion-censo,No sabe leer ni escribir (Censo),2020,Mujeres,Sin discapacidad,Tabasco,60+,16457.0,97448.0,6769.0,,"Censo de Población y Vivienda, cuestionario ampliado (INEGI)",Personas de 18 años o más,censo
educacion-censo,No sabe leer ni escribir (Censo),2020,Mujeres,Sin discapacidad,Tamaulipas,18-29,791.0,332423.0,21374.0,,"Censo de Población y Vivienda, cuestionario ampliado (INEGI)",Personas de 18 años o más,censo
educacion-censo,No sabe leer ni escribir (Censo),2020,Mujeres,Sin discapacidad,Tamaulipas,30-44,3056.0,377757.0,25337.0,,"Censo de Población y Vivienda, cuestionario ampliado (INEGI)",Personas de 18 años o más,censo
educacion-censo,No sabe leer ni escribir (Censo),2020,Mujeres,Sin discapacidad,Tamaulipas,45-59,6225.0,300332.0,20895.0,,"Censo de Población y Vivienda, cuestionario ampliado (INEGI)",Personas de 18 años o más,censo
educacion-censo,No sabe leer ni escribir (Censo),2020,Mujeres,Sin discapacidad,Tamaulipas,60+,14485.0,180161.0,14702.0,,"Censo de Población y Vivienda, cuestionario ampliado (INEGI)",Personas de 18 años o más,censo
educacion-censo,No sabe leer ni escribir (Censo),2020,Mujeres,Sin discapacidad,Tlaxcala,18-29,366.0,132435.0,34833.0,,"Censo de Población y Vivienda, cuestionario ampliado (INEGI)",Personas de 18 años o más,censo
educacion-censo,No sabe leer ni escribir (Censo),2020,Mujeres,Sin discapacidad,Tlaxcala,30-44,1525.0,146934.0,37778.0,,"Censo de Población y Vivienda, cuestionario ampliado (INEGI)",Personas de 18 años o más,censo
educacion-censo,No sabe leer ni escribir (Censo),2020,Mujeres,Sin discapacidad,Tlaxcala,45-59,3849.0,107066.0,27457.0,,"Censo de Población y Vivienda, cuestionario ampliado (INEGI)",Personas de 18 años o más,censo
educacion-censo,No sabe leer ni escribir (Censo),2020,Mujeres,Sin discapacidad,Tlaxcala,60+,9812.0,63726.0,16775.0,,"Censo de Población y Vivienda, cuestionario ampliado (INEGI)",Personas de 18 años o más,censo
educacion-censo,No sabe leer ni escribir (Censo),2020,Mujeres,Sin discapacidad,Veracruz,18-29,9755.0,734186.0,130381.0,,"Censo de Población y Vivienda, cuestionario ampliado (INEGI)",Personas de 18 años o más,censo
educacion-censo,No sabe leer ni escribir (Censo),2020,Mujeres,Sin discapacidad,Veracruz,30-44,39361.0,867317.0,145985.0,,"Censo de Población y Vivienda, cuestionario ampliado (INEGI)",Personas de 18 años o más,censo
educacion-censo,No sabe leer ni escribir (Censo),2020,Mujeres,Sin discapacidad,Veracruz,45-59,74693.0,703448.0,110581.0,,"Censo de Población y Vivienda, cuestionario ampliado (INEGI)",Personas de 18 años o más,censo
educacion-censo,No sabe leer ni escribir (Censo),2020,Mujeres,Sin discapacidad,Veracruz,60+,116594.0,482162.0,74973.0,,"Censo de Población y Vivienda, cuestionario ampliado (INEGI)",Personas de 18 años o más,censo
educacion-censo,No sabe leer ni escribir (Censo),2020,Mujeres,Sin discapacidad,Yucatán,18-29,1123.0,227756.0,45925.0,,"Censo de Población y Vivienda, cuestionario ampliado (INEGI)",Personas de 18 años o más,censo
educacion-censo,No sabe leer ni escribir (Censo),2020,Mujeres,Sin discapacidad,Yucatán,30-44,7192.0,255645.0,50621.0,,"Censo de Población y Vivienda, cuestionario ampliado (INEGI)",Personas de 18 años o más,censo
educacion-censo,No sabe leer ni escribir (Censo),2020,Mujeres,Sin discapacidad,Yucatán,45-59,16121.0,182580.0,32883.0,,"Censo de Población y Vivienda, cuestionario ampliado (INEGI)",Personas de 18 años o más,censo
educacion-censo,No sabe leer ni escribir (Censo),2020,Mujeres,Sin discapacidad,Yucatán,60+,22498.0,115073.0,21233.0,,"Censo de Población y Vivienda, cuestionario ampliado (INEGI)",Personas de 18 años o más,censo
educacion-censo,No sabe leer ni escribir (Censo),2020,Mujeres,Sin discapacidad,Zacatecas,18-29,437.0,152537.0,26300.0,,"Censo de Población y Vivienda, cuestionario ampliado (INEGI)",Personas de 18 años o más,censo
educacion-censo,No sabe leer ni escribir (Censo),2020,Mujeres,Sin discapacidad,Zacatecas,30-44,1926.0,168550.0,29166.0,,"Censo de Población y Vivienda, cuestionario ampliado (INEGI)",Personas de 18 años o más,censo
educacion-censo,No sabe leer ni escribir (Censo),2020,Mujeres,Sin discapacidad,Zacatecas,45-59,3394.0,120703.0,21526.0,,"Censo de Población y Vivienda, cuestionario ampliado (INEGI)",Personas de 18 años o más,censo
educacion-censo,No sabe leer ni escribir (Censo),2020,Mujeres,Sin discapacidad,Zacatecas,60+,9136.0,74058.0,15239.0,,"Censo de Población y Vivienda, cuestionario ampliado (INEGI)",Personas de 18 años o más,censo
educacion-censo,"Asiste a la escuela (18 a 29 años, Censo)",2020,Hombres,Con discapacidad,Aguascalientes,18-29,407.0,3461.0,208.0,,"Censo de Población y Vivienda, cuestionario ampliado (INEGI)",Personas de 18 a 29 años,censo
educacion-censo,"Asiste a la escuela (18 a 29 años, Censo)",2020,Hombres,Con discapacidad,Aguascalientes,30-44,0.0,0.0,0.0,,"Censo de Población y Vivienda, cuestionario ampliado (INEGI)",Personas de 18 a 29 años,censo
educacion-censo,"Asiste a la escuela (18 a 29 años, Censo)",2020,Hombres,Con discapacidad,Aguascalientes,45-59,0.0,0.0,0.0,,"Censo de Población y Vivienda, cuestionario ampliado (INEGI)",Personas de 18 a 29 años,censo
educacion-censo,"Asiste a la escuela (18 a 29 años, Censo)",2020,Hombres,Con discapacidad,Aguascalientes,60+,0.0,0.0,0.0,,"Censo de Población y Vivienda, cuestionario ampliado (INEGI)",Personas de 18 a 29 años,censo
educacion-censo,"Asiste a la escuela (18 a 29 años, Censo)",2020,Hombres,Con discapacidad,Baja California,18-29,1608.0,8010.0,170.0,,"Censo de Población y Vivienda, cuestionario ampliado (INEGI)",Personas de 18 a 29 años,censo
educacion-censo,"Asiste a la escuela (18 a 29 años, Censo)",2020,Hombres,Con discapacidad,Baja California,30-44,0.0,0.0,0.0,,"Censo de Población y Vivienda, cuestionario ampliado (INEGI)",Personas de 18 a 29 años,censo
educacion-censo,"Asiste a la escuela (18 a 29 años, Censo)",2020,Hombres,Con discapacidad,Baja California,45-59,0.0,0.0,0.0,,"Censo de Población y Vivienda, cuestionario ampliado (INEGI)",Personas de 18 a 29 años,censo
educacion-censo,"Asiste a la escuela (18 a 29 años, Censo)",2020,Hombres,Con discapacidad,Baja California,60+,0.0,0.0,0.0,,"Censo de Población y Vivienda, cuestionario ampliado (INEGI)",Personas de 18 a 29 años,censo
educacion-censo,"Asiste a la escuela (18 a 29 años, Censo)",2020,Hombres,Con discapacidad,Baja California Sur,18-29,249.0,1233.0,71.0,,"Censo de Población y Vivienda, cuestionario ampliado (INEGI)",Personas de 18 a 29 años,censo
educacion-censo,"Asiste a la escuela (18 a 29 años, Censo)",2020,Hombres,Con discapacidad,Baja California Sur,30-44,0.0,0.0,0.0,,"Censo de Población y Vivienda, cuestionario ampliado (INEGI)",Personas de 18 a 29 años,censo
educacion-censo,"Asiste a la escuela (18 a 29 años, Censo)",2020,Hombres,Con discapacidad,Baja California Sur,45-59,0.0,0.0,0.0,,"Censo de Población y Vivienda, cuestionario ampliado (INEGI)",Personas de 18 a 29 años,censo
educacion-censo,"Asiste a la escuela (18 a 29 años, Censo)",2020,Hombres,Con discapacidad,Baja California Sur,60+,0.0,0.0,0.0,,"Censo de Población y Vivienda, cuestionario ampliado (INEGI)",Personas de 18 a 29 años,censo
educacion-censo,"Asiste a la escuela (18 a 29 años, Censo)",2020,Hombres,Con discapacidad,Campeche,18-29,520.0,2019.0,169.0,,"Censo de Población y Vivienda, cuestionario ampliado (INEGI)",Personas de 18 a 29 años,censo
educacion-censo,"Asiste a la escuela (18 a 29 años, Censo)",2020,Hombres,Con discapacidad,Campeche,30-44,0.0,0.0,0.0,,"Censo de Población y Vivienda, cuestionario ampliado (INEGI)",Personas de 18 a 29 años,censo
educacion-censo,"Asiste a la escuela (18 a 29 años, Censo)",2020,Hombres,Con discapacidad,Campeche,45-59,0.0,0.0,0.0,,"Censo de Población y Vivienda, cuestionario ampliado (INEGI)",Personas de 18 a 29 años,censo
educacion-censo,"Asiste a la escuela (18 a 29 años, Censo)",2020,Hombres,Con discapacidad,Campeche,60+,0.0,0.0,0.0,,"Censo de Población y Vivienda, cuestionario ampliado (INEGI)",Personas de 18 a 29 años,censo
educacion-censo,"Asiste a la escuela (18 a 29 años, Censo)",2020,Hombres,Con discapacidad,Chiapas,18-29,984.0,8940.0,1931.0,,"Censo de Población y Vivienda, cuestionario ampliado (INEGI)",Personas de 18 a 29 años,censo
educacion-censo,"Asiste a la escuela (18 a 29 años, Censo)",2020,Hombres,Con discapacidad,Chiapas,30-44,0.0,0.0,0.0,,"Censo de Población y Vivienda, cuestionario ampliado (INEGI)",Personas de 18 a 29 años,censo
educacion-censo,"Asiste a la escuela (18 a 29 años, Censo)",2020,Hombres,Con discapacidad,Chiapas,45-59,0.0,0.0,0.0,,"Censo de Población y Vivienda, cuestionario ampliado (INEGI)",Personas de 18 a 29 años,censo
educacion-censo,"Asiste a la escuela (18 a 29 años, Censo)",2020,Hombres,Con discapacidad,Chiapas,60+,0.0,0.0,0.0,,"Censo de Población y Vivienda, cuestionario ampliado (INEGI)",Personas de 18 a 29 años,censo
educacion-censo,"Asiste a la escuela (18 a 29 años, Censo)",2020,Hombres,Con discapacidad,Chihuahua,18-29,770.0,6278.0,476.0,,"Censo de Población y Vivienda, cuestionario ampliado (INEGI)",Personas de 18 a 29 años,censo
educacion-censo,"Asiste a la escuela (18 a 29 años, Censo)",2020,Hombres,Con discapacidad,Chihuahua,30-44,0.0,0.0,0.0,,"Censo de Población y Vivienda, cuestionario ampliado (INEGI)",Personas de 18 a 29 años,censo
educacion-censo,"Asiste a la escuela (18 a 29 años, Censo)",2020,Hombres,Con discapacidad,Chihuahua,45-59,0.0,0.0,0.0,,"Censo de Población y Vivienda, cuestionario ampliado (INEGI)",Personas de 18 a 29 años,censo
educacion-censo,"Asiste a la escuela (18 a 29 años, Censo)",2020,Hombres,Con discapacidad,Chihuahua,60+,0.0,0.0,0.0,,"Censo de Población y Vivienda, cuestionario ampliado (INEGI)",Personas de 18 a 29 años,censo
educacion-censo,"Asiste a la escuela (18 a 29 años, Censo)",2020,Hombres,Con discapacidad,Ciudad de México,18-29,4895.0,18282.0,547.0,,"Censo de Población y Vivienda, cuestionario ampliado (INEGI)",Personas de 18 a 29 años,censo
educacion-censo,"Asiste a la escuela (18 a 29 años, Censo)",2020,Hombres,Con discapacidad,Ciudad de México,30-44,0.0,0.0,0.0,,"Censo de Población y Vivienda, cuestionario ampliado (INEGI)",Personas de 18 a 29 años,censo
educacion-censo,"Asiste a la escuela (18 a 29 años, Censo)",2020,Hombres,Con discapacidad,Ciudad de México,45-59,0.0,0.0,0.0,,"Censo de Población y Vivienda, cuestionario ampliado (INEGI)",Personas de 18 a 29 años,censo
educacion-censo,"Asiste a la escuela (18 a 29 años, Censo)",2020,Hombres,Con discapacidad,Ciudad de México,60+,0.0,0.0,0.0,,"Censo de Población y Vivienda, cuestionario ampliado (INEGI)",Personas de 18 a 29 años,censo
educacion-censo,"Asiste a la escuela (18 a 29 años, Censo)",2020,Hombres,Con discapacidad,Coahuila,18-29,1151.0,4932.0,370.0,,"Censo de Población y Vivienda, cuestionario ampliado (INEGI)",Personas de 18 a 29 años,censo
educacion-censo,"Asiste a la escuela (18 a 29 años, Censo)",2020,Hombres,Con discapacidad,Coahuila,30-44,0.0,0.0,0.0,,"Censo de Población y Vivienda, cuestionario ampliado (INEGI)",Personas de 18 a 29 años,censo
educacion-censo,"Asiste a la escuela (18 a 29 años, Censo)",2020,Hombres,Con discapacidad,Coahuila,45-59,0.0,0.0,0.0,,"Censo de Población y Vivienda, cuestionario ampliado (INEGI)",Personas de 18 a 29 años,censo
educacion-censo,"Asiste a la escuela (18 a 29 años, Censo)",2020,Hombres,Con discapacidad,Coahuila,60+,0.0,0.0,0.0,,"Censo de Población y Vivienda, cuestionario ampliado (INEGI)",Personas de 18 a 29 años,censo
educacion-censo,"Asiste a la escuela (18 a 29 años, Censo)",2020,Hombres,Con discapacidad,Colima,18-29,332.0,1195.0,120.0,,"Censo de Población y Vivienda, cuestionario ampliado (INEGI)",Personas de 18 a 29 años,censo
educacion-censo,"Asiste a la escuela (18 a 29 años, Censo)",2020,Hombres,Con discapacidad,Colima,30-44,0.0,0.0,0.0,,"Censo de Población y Vivienda, cuestionario ampliado (INEGI)",Personas de 18 a 29 años,censo
educacion-censo,"Asiste a la escuela (18 a 29 años, Censo)",2020,Hombres,Con discapacidad,Colima,45-59,0.0,0.0,0.0,,"Censo de Población y Vivienda, cuestionario ampliado (INEGI)",Personas de 18 a 29 años,censo
educacion-censo,"Asiste a la escuela (18 a 29 años, Censo)",2020,Hombres,Con discapacidad,Colima,60+,0.0,0.0,0.0,,"Censo de Población y Vivienda, cuestionario ampliado (INEGI)",Personas de 18 a 29 años,censo
educacion-censo,"Asiste a la escuela (18 a 29 años, Censo)",2020,Hombres,Con discapacidad,Durango,18-29,929.0,4148.0,525.0,,"Censo de Población y Vivienda, cuestionario ampliado (INEGI)",Personas de 18 a 29 años,censo
educacion-censo,"Asiste a la escuela (18 a 29 años, Censo)",2020,Hombres,Con discapacidad,Durango,30-44,0.0,0.0,0.0,,"Censo de Población y Vivienda, cuestionario ampliado (INEGI)",Personas de 18 a 29 años,censo
educacion-censo,"Asiste a la escuela (18 a 29 años, Censo)",2020,Hombres,Con discapacidad,Durango,45-59,0.0,0.0,0.0,,"Censo de Población y Vivienda, cuestionario ampliado (INEGI)",Personas de 18 a 29 años,censo
educacion-censo,"Asiste a la escuela (18 a 29 años, Censo)",2020,Hombres,Con discapacidad,Durango,60+,0.0,0.0,0.0,,"Censo de Población y Vivienda, cuestionario ampliado (INEGI)",Personas de 18 a 29 años,censo
educacion-censo,"Asiste a la escuela (18 a 29 años, Censo)",2020,Hombres,Con discapacidad,Guanajuato,18-29,1556.0,12356.0,826.0,,"Censo de Población y Vivienda, cuestionario ampliado (INEGI)",Personas de 18 a 29 años,censo
educacion-censo,"Asiste a la escuela (18 a 29 años, Censo)",2020,Hombres,Con discapacidad,Guanajuato,30-44,0.0,0.0,0.0,,"Censo de Población y Vivienda, cuestionario ampliado (INEGI)",Personas de 18 a 29 años,censo
educacion-censo,"Asiste a la escuela (18 a 29 años, Censo)",2020,Hombres,Con discapacidad,Guanajuato,45-59,0.0,0.0,0.0,,"Censo de Población y Vivienda, cuestionario ampliado (INEGI)",Personas de 18 a 29 años,censo
educacion-censo,"Asiste a la escuela (18 a 29 años, Censo)",2020,Hombres,Con discapacidad,Guanajuato,60+,0.0,0.0,0.0,,"Censo de Población y Vivienda, cuestionario ampliado (INEGI)",Personas de 18 a 29 años,censo
educacion-censo,"Asiste a la escuela (18 a 29 años, Censo)",2020,Hombres,Con discapacidad,Guerrero,18-29,1004.0,7064.0,1659.0,,"Censo de Población y Vivienda, cuestionario ampliado (INEGI)",Personas de 18 a 29 años,censo
educacion-censo,"Asiste a la escuela (18 a 29 años, Censo)",2020,Hombres,Con discapacidad,Guerrero,30-44,0.0,0.0,0.0,,"Censo de Población y Vivienda, cuestionario ampliado (INEGI)",Personas de 18 a 29 años,censo
educacion-censo,"Asiste a la escuela (18 a 29 años, Censo)",2020,Hombres,Con discapacidad,Guerrero,45-59,0.0,0.0,0.0,,"Censo de Población y Vivienda, cuestionario ampliado (INEGI)",Personas de 18 a 29 años,censo
educacion-censo,"Asiste a la escuela (18 a 29 años, Censo)",2020,Hombres,Con discapacidad,Guerrero,60+,0.0,0.0,0.0,,"Censo de Población y Vivienda, cuestionario ampliado (INEGI)",Personas de 18 a 29 años,censo
educacion-censo,"Asiste a la escuela (18 a 29 años, Censo)",2020,Hombres,Con discapacidad,Hidalgo,18-29,1222.0,6424.0,997.0,,"Censo de Población y Vivienda, cuestionario ampliado (INEGI)",Personas de 18 a 29 años,censo
educacion-censo,"Asiste a la escuela (18 a 29 años, Censo)",2020,Hombres,Con discapacidad,Hidalgo,30-44,0.0,0.0,0.0,,"Censo de Población y Vivienda, cuestionario ampliado (INEGI)",Personas de 18 a 29 años,censo
educacion-censo,"Asiste a la escuela (18 a 29 años, Censo)",2020,Hombres,Con discapacidad,Hidalgo,45-59,0.0,0.0,0.0,,"Censo de Población y Vivienda, cuestionario ampliado (INEGI)",Personas de 18 a 29 años,censo
educacion-censo,"Asiste a la escuela (18 a 29 años, Censo)",2020,Hombres,Con discapacidad,Hidalgo,60+,0.0,0.0,0.0,,"Censo de Población y Vivienda, cuestionario ampliado (INEGI)",Personas de 18 a 29 años,censo
educacion-censo,"Asiste a la escuela (18 a 29 años, Censo)",2020,Hombres,Con discapacidad,Jalisco,18-29,2120.0,13491.0,1444.0,,"Censo de Población y Vivienda, cuestionario ampliado (INEGI)",Personas de 18 a 29 años,censo
educacion-censo,"Asiste a la escuela (18 a 29 años, Censo)",2020,Hombres,Con discapacidad,Jalisco,30-44,0.0,0.0,0.0,,"Censo de Población y Vivienda, cuestionario ampliado (INEGI)",Personas de 18 a 29 años,censo
educacion-censo,"Asiste a la escuela (18 a 29 años, Censo)",2020,Hombres,Con discapacidad,Jalisco,45-59,0.0,0.0,0.0,,"Censo de Población y Vivienda, cuestionario ampliado (INEGI)",Personas de 18 a 29 años,censo
educacion-censo,"Asiste a la escuela (18 a 29 años, Censo)",2020,Hombres,Con discapacidad,Jalisco,60+,0.0,0.0,0.0,,"Censo de Población y Vivienda, cuestionario ampliado (INEGI)",Personas de 18 a 29 años,censo
educacion-censo,"Asiste a la escuela (18 a 29 años, Censo)",2020,Hombres,Con discapacidad,Michoacán,18-29,1256.0,8489.0,1346.0,,"Censo de Población y Vivienda, cuestionario ampliado (INEGI)",Personas de 18 a 29 años,censo
educacion-censo,"Asiste a la escuela (18 a 29 años, Censo)",2020,Hombres,Con discapacidad,Michoacán,30-44,0.0,0.0,0.0,,"Censo de Población y Vivienda, cuestionario ampliado (INEGI)",Personas de 18 a 29 años,censo
educacion-censo,"Asiste a la escuela (18 a 29 años, Censo)",2020,Hombres,Con discapacidad,Michoacán,45-59,0.0,0.0,0.0,,"Censo de Población y Vivienda, cuestionario ampliado (INEGI)",Personas de 18 a 29 años,censo
educacion-censo,"Asiste a la escuela (18 a 29 años, Censo)",2020,Hombres,Con discapacidad,Michoacán,60+,0.0,0.0,0.0,,"Censo de Población y Vivienda, cuestionario ampliado (INEGI)",Personas de 18 a 29 años,censo
educacion-censo,"Asiste a la escuela (18 a 29 años, Censo)",2020,Hombres,Con discapacidad,Morelos,18-29,508.0,3472.0,451.0,,"Censo de Población y Vivienda, cuestionario ampliado (INEGI)",Personas de 18 a 29 años,censo
educacion-censo,"Asiste a la escuela (18 a 29 años, Censo)",2020,Hombres,Con discapacidad,Morelos,30-44,0.0,0.0,0.0,,"Censo de Población y Vivienda, cuestionario ampliado (INEGI)",Personas de 18 a 29 años,censo
educacion-censo,"Asiste a la escuela (18 a 29 años, Censo)",2020,Hombres,Con discapacidad,Morelos,45-59,0.0,0.0,0.0,,"Censo de Población y Vivienda, cuestionario ampliado (INEGI)",Personas de 18 a 29 años,censo
educacion-censo,"Asiste a la escuela (18 a 29 años, Censo)",2020,Hombres,Con discapacidad,Morelos,60+,0.0,0.0,0.0,,"Censo de Población y Vivienda, cuestionario ampliado (INEGI)",Personas de 18 a 29 años,censo
educacion-censo,"Asiste a la escuela (18 a 29 años, Censo)",2020,Hombres,Con discapacidad,México,18-29,6336.0,32467.0,2362.0,,"Censo de Población y Vivienda, cuestionario ampliado (INEGI)",Personas de 18 a 29 años,censo
educacion-censo,"Asiste a la escuela (18 a 29 años, Censo)",2020,Hombres,Con discapacidad,México,30-44,0.0,0.0,0.0,,"Censo de Población y Vivienda, cuestionario ampliado (INEGI)",Personas de 18 a 29 años,censo
educacion-censo,"Asiste a la escuela (18 a 29 años, Censo)",2020,Hombres,Con discapacidad,México,45-59,0.0,0.0,0.0,,"Censo de Población y Vivienda, cuestionario ampliado (INEGI)",Personas de 18 a 29 años,censo
educacion-censo,"Asiste a la escuela (18 a 29 años, Censo)",2020,Hombres,Con discapacidad,México,60+,0.0,0.0,0.0,,"Censo de Población y Vivienda, cuestionario ampliado (INEGI)",Personas de 18 a 29 años,censo
educacion-censo,"Asiste a la escuela (18 a 29 años, Censo)",2020,Hombres,Con discapacidad,Nayarit,18-29,638.0,2942.0,344.0,,"Censo de Población y Vivienda, cuestionario ampliado (INEGI)",Personas de 18 a 29 años,censo
educacion-censo,"Asiste a la escuela (18 a 29 años, Censo)",2020,Hombres,Con discapacidad,Nayarit,30-44,0.0,0.0,0.0,,"Censo de Población y Vivienda, cuestionario ampliado (INEGI)",Personas de 18 a 29 años,censo
educacion-censo,"Asiste a la escuela (18 a 29 años, Censo)",2020,Hombres,Con discapacidad,Nayarit,45-59,0.0,0.0,0.0,,"Censo de Población y Vivienda, cuestionario ampliado (INEGI)",Personas de 18 a 29 años,censo
educacion-censo,"Asiste a la escuela (18 a 29 años, Censo)",2020,Hombres,Con discapacidad,Nayarit,60+,0.0,0.0,0.0,,"Censo de Población y Vivienda, cuestionario ampliado (INEGI)",Personas de 18 a 29 años,censo
educacion-censo,"Asiste a la escuela (18 a 29 años, Censo)",2020,Hombres,Con discapacidad,Nuevo León,18-29,1572.0,9076.0,530.0,,"Censo de Población y Vivienda, cuestionario ampliado (INEGI)",Personas de 18 a 29 años,censo
educacion-censo,"Asiste a la escuela (18 a 29 años, Censo)",2020,Hombres,Con discapacidad,Nuevo León,30-44,0.0,0.0,0.0,,"Censo de Población y Vivienda, cuestionario ampliado (INEGI)",Personas de 18 a 29 años,censo
educacion-censo,"Asiste a la escuela (18 a 29 años, Censo)",2020,Hombres,Con discapacidad,Nuevo León,45-59,0.0,0.0,0.0,,"Censo de Población y Vivienda, cuestionario ampliado (INEGI)",Personas de 18 a 29 años,censo
educacion-censo,"Asiste a la escuela (18 a 29 años, Censo)",2020,Hombres,Con discapacidad,Nuevo León,60+,0.0,0.0,0.0,,"Censo de Población y Vivienda, cuestionario ampliado (INEGI)",Personas de 18 a 29 años,censo
educacion-censo,"Asiste a la escuela (18 a 29 años, Censo)",2020,Hombres,Con discapacidad,Oaxaca,18-29,1089.0,9352.0,4698.0,,"Censo de Población y Vivienda, cuestionario ampliado (INEGI)",Personas de 18 a 29 años,censo
educacion-censo,"Asiste a la escuela (18 a 29 años, Censo)",2020,Hombres,Con discapacidad,Oaxaca,30-44,0.0,0.0,0.0,,"Censo de Población y Vivienda, cuestionario ampliado (INEGI)",Personas de 18 a 29 años,censo
educacion-censo,"Asiste a la escuela (18 a 29 años, Censo)",2020,Hombres,Con discapacidad,Oaxaca,45-59,0.0,0.0,0.0,,"Censo de Población y Vivienda, cuestionario ampliado (INEGI)",Personas de 18 a 29 años,censo
educacion-censo,"Asiste a la escuela (18 a 29 años, Censo)",2020,Hombres,Con discapacidad,Oaxaca,60+,0.0,0.0,0.0,,"Censo de Población y Vivienda, cuestionario ampliado (INEGI)",Personas de 18 a 29 años,censo
educacion-censo,"Asiste a la escuela (18 a 29 años, Censo)",2020,Hombres,Con discapacidad,Puebla,18-29,2215.0,13872.0,2752.0,,"Censo de Población y Vivienda, cuestionario ampliado (INEGI)",Personas de 18 a 29 años,censo
educacion-censo,"Asiste a la escuela (18 a 29 años, Censo)",2020,Hombres,Con discapacidad,Puebla,30-44,0.0,0.0,0.0,,"Censo de Población y Vivienda, cuestionario ampliado (INEGI)",Personas de 18 a 29 años,censo
educacion-censo,"Asiste a la escuela (18 a 29 años, Censo)",2020,Hombres,Con discapacidad,Puebla,45-59,0.0,0.0,0.0,,"Censo de Población y Vivienda, cuestionario ampliado (INEGI)",Personas de 18 a 29 años,censo
educacion-censo,"Asiste a la escuela (18 a 29 años, Censo)",2020,Hombres,Con discapacidad,Puebla,60+,0.0,0.0,0.0,,"Censo de Población y Vivienda, cuestionario ampliado (INEGI)",Personas de 18 a 29 años,censo
educacion-censo,"Asiste a la escuela (18 a 29 años, Censo)",2020,Hombres,Con discapacidad,Querétaro,18-29,583.0,3711.0,302.0,,"Censo de Población y Vivienda, cuestionario ampliado (INEGI)",Personas de 18 a 29 años,censo
educacion-censo,"Asiste a la escuela (18 a 29 años, Censo)",2020,Hombres,Con discapacidad,Querétaro,30-44,0.0,0.0,0.0,,"Censo de Población y Vivienda, cuestionario ampliado (INEGI)",Personas de 18 a 29 años,censo
educacion-censo,"Asiste a la escuela (18 a 29 años, Censo)",2020,Hombres,Con discapacidad,Querétaro,45-59,0.0,0.0,0.0,,"Censo de Población y Vivienda, cuestionario ampliado (INEGI)",Personas de 18 a 29 años,censo
educacion-censo,"Asiste a la escuela (18 a 29 años, Censo)",2020,Hombres,Con discapacidad,Querétaro,60+,0.0,0.0,0.0,,"Censo de Población y Vivienda, cuestionario ampliado (INEGI)",Personas de 18 a 29 años,censo
educacion-censo,"Asiste a la escuela (18 a 29 años, Censo)",2020,Hombres,Con discapacidad,Quintana Roo,18-29,403.0,3141.0,129.0,,"Censo de Población y Vivienda, cuestionario ampliado (INEGI)",Personas de 18 a 29 años,censo
educacion-censo,"Asiste a la escuela (18 a 29 años, Censo)",2020,Hombres,Con discapacidad,Quintana Roo,30-44,0.0,0.0,0.0,,"Censo de Población y Vivienda, cuestionario ampliado (INEGI)",Personas de 18 a 29 años,censo
educacion-censo,"Asiste a la escuela (18 a 29 años, Censo)",2020,Hombres,Con discapacidad,Quintana Roo,45-59,0.0,0.0,0.0,,"Censo de Población y Vivienda, cuestionario ampliado (INEGI)",Personas de 18 a 29 años,censo
educacion-censo,"Asiste a la escuela (18 a 29 años, Censo)",2020,Hombres,Con discapacidad,Quintana Roo,60+,0.0,0.0,0.0,,"Censo de Población y Vivienda, cuestionario ampliado (INEGI)",Personas de 18 a 29 años,censo
educacion-censo,"Asiste a la escuela (18 a 29 años, Censo)",2020,Hombres,Con discapacidad,San Luis Potosí,18-29,587.0,4768.0,720.0,,"Censo de Población y Vivienda, cuestionario ampliado (INEGI)",Personas de 18 a 29 años,censo
educacion-censo,"Asiste a la escuela (18 a 29 años, Censo)",2020,Hombres,Con discapacidad,San Luis Potosí,30-44,0.0,0.0,0.0,,"Censo de Población y Vivienda, cuestionario ampliado (INEGI)",Personas de 18 a 29 años,censo
educacion-censo,"Asiste a la escuela (18 a 29 años, Censo)",2020,Hombres,Con discapacidad,San Luis Potosí,45-59,0.0,0.0,0.0,,"Censo de Población y Vivienda, cuestionario ampliado (INEGI)",Personas de 18 a 29 años,censo
educacion-censo,"Asiste a la escuela (18 a 29 años, Censo)",2020,Hombres,Con discapacidad,San Luis Potosí,60+,0.0,0.0,0.0,,"Censo de Población y Vivienda, cuestionario ampliado (INEGI)",Personas de 18 a 29 años,censo
educacion-censo,"Asiste a la escuela (18 a 29 años, Censo)",2020,Hombres,Con discapacidad,Sinaloa,18-29,804.0,5405.0,299.0,,"Censo de Población y Vivienda, cuestionario ampliado (INEGI)",Personas de 18 a 29 años,censo
educacion-censo,"Asiste a la escuela (18 a 29 años, Censo)",2020,Hombres,Con discapacidad,Sinaloa,30-44,0.0,0.0,0.0,,"Censo de Población y Vivienda, cuestionario ampliado (INEGI)",Personas de 18 a 29 años,censo
educacion-censo,"Asiste a la escuela (18 a 29 años, Censo)",2020,Hombres,Con discapacidad,Sinaloa,45-59,0.0,0.0,0.0,,"Censo de Población y Vivienda, cuestionario ampliado (INEGI)",Personas de 18 a 29 años,censo
educacion-censo,"Asiste a la escuela (18 a 29 años, Censo)",2020,Hombres,Con discapacidad,Sinaloa,60+,0.0,0.0,0.0,,"Censo de Población y Vivienda, cuestionario ampliado (INEGI)",Personas de 18 a 29 años,censo
educacion-censo,"Asiste a la escuela (18 a 29 años, Censo)",2020,Hombres,Con discapacidad,Sonora,18-29,1286.0,6167.0,514.0,,"Censo de Población y Vivienda, cuestionario ampliado (INEGI)",Personas de 18 a 29 años,censo
educacion-censo,"Asiste a la escuela (18 a 29 años, Censo)",2020,Hombres,Con discapacidad,Sonora,30-44,0.0,0.0,0.0,,"Censo de Población y Vivienda, cuestionario ampliado (INEGI)",Personas de 18 a 29 años,censo
educacion-censo,"Asiste a la escuela (18 a 29 años, Censo)",2020,Hombres,Con discapacidad,Sonora,45-59,0.0,0.0,0.0,,"Censo de Población y Vivienda, cuestionario ampliado (INEGI)",Personas de 18 a 29 años,censo
educacion-censo,"Asiste a la escuela (18 a 29 años, Censo)",2020,Hombres,Con discapacidad,Sonora,60+,0.0,0.0,0.0,,"Censo de Población y Vivienda, cuestionario ampliado (INEGI)",Personas de 18 a 29 años,censo
educacion-censo,"Asiste a la escuela (18 a 29 años, Censo)",2020,Hombres,Con discapacidad,Tabasco,18-29,1183.0,6530.0,362.0,,"Censo de Población y Vivienda, cuestionario ampliado (INEGI)",Personas de 18 a 29 años,censo
educacion-censo,"Asiste a la escuela (18 a 29 años, Censo)",2020,Hombres,Con discapacidad,Tabasco,30-44,0.0,0.0,0.0,,"Censo de Población y Vivienda, cuestionario ampliado (INEGI)",Personas de 18 a 29 años,censo
educacion-censo,"Asiste a la escuela (18 a 29 años, Censo)",2020,Hombres,Con discapacidad,Tabasco,45-59,0.0,0.0,0.0,,"Censo de Población y Vivienda, cuestionario ampliado (INEGI)",Personas de 18 a 29 años,censo
educacion-censo,"Asiste a la escuela (18 a 29 años, Censo)",2020,Hombres,Con discapacidad,Tabasco,60+,0.0,0.0,0.0,,"Censo de Población y Vivienda, cuestionario ampliado (INEGI)",Personas de 18 a 29 años,censo
educacion-censo,"Asiste a la escuela (18 a 29 años, Censo)",2020,Hombres,Con discapacidad,Tamaulipas,18-29,1210.0,5668.0,386.0,,"Censo de Población y Vivienda, cuestionario ampliado (INEGI)",Personas de 18 a 29 años,censo
educacion-censo,"Asiste a la escuela (18 a 29 años, Censo)",2020,Hombres,Con discapacidad,Tamaulipas,30-44,0.0,0.0,0.0,,"Censo de Población y Vivienda, cuestionario ampliado (INEGI)",Personas de 18 a 29 años,censo
educacion-censo,"Asiste a la escuela (18 a 29 años, Censo)",2020,Hombres,Con discapacidad,Tamaulipas,45-59,0.0,0.0,0.0,,"Censo de Población y Vivienda, cuestionario ampliado (INEGI)",Personas de 18 a 29 años,censo
educacion-censo,"Asiste a la escuela (18 a 29 años, Censo)",2020,Hombres,Con discapacidad,Tamaulipas,60+,0.0,0.0,0.0,,"Censo de Población y Vivienda, cuestionario ampliado (INEGI)",Personas de 18 a 29 años,censo
educacion-censo,"Asiste a la escuela (18 a 29 años, Censo)",2020,Hombres,Con discapacidad,Tlaxcala,18-29,404.0,2584.0,638.0,,"Censo de Población y Vivienda, cuestionario ampliado (INEGI)",Personas de 18 a 29 años,censo
educacion-censo,"Asiste a la escuela (18 a 29 años, Censo)",2020,Hombres,Con discapacidad,Tlaxcala,30-44,0.0,0.0,0.0,,"Censo de Población y Vivienda, cuestionario ampliado (INEGI)",Personas de 18 a 29 años,censo
educacion-censo,"Asiste a la escuela (18 a 29 años, Censo)",2020,Hombres,Con discapacidad,Tlaxcala,45-59,0.0,0.0,0.0,,"Censo de Población y Vivienda, cuestionario ampliado (INEGI)",Personas de 18 a 29 años,censo
educacion-censo,"Asiste a la escuela (18 a 29 años, Censo)",2020,Hombres,Con discapacidad,Tlaxcala,60+,0.0,0.0,0.0,,"Censo de Población y Vivienda, cuestionario ampliado (INEGI)",Personas de 18 a 29 años,censo
educacion-censo,"Asiste a la escuela (18 a 29 años, Censo)",2020,Hombres,Con discapacidad,Veracruz,18-29,2189.0,14981.0,2776.0,,"Censo de Población y Vivienda, cuestionario ampliado (INEGI)",Personas de 18 a 29 años,censo
educacion-censo,"Asiste a la escuela (18 a 29 años, Censo)",2020,Hombres,Con discapacidad,Veracruz,30-44,0.0,0.0,0.0,,"Censo de Población y Vivienda, cuestionario ampliado (INEGI)",Personas de 18 a 29 años,censo
educacion-censo,"Asiste a la escuela (18 a 29 años, Censo)",2020,Hombres,Con discapacidad,Veracruz,45-59,0.0,0.0,0.0,,"Censo de Población y Vivienda, cuestionario ampliado (INEGI)",Personas de 18 a 29 años,censo
educacion-censo,"Asiste a la escuela (18 a 29 años, Censo)",2020,Hombres,Con discapacidad,Veracruz,60+,0.0,0.0,0.0,,"Censo de Población y Vivienda, cuestionario ampliado (INEGI)",Personas de 18 a 29 años,censo
educacion-censo,"Asiste a la escuela (18 a 29 años, Censo)",2020,Hombres,Con discapacidad,Yucatán,18-29,917.0,4723.0,1031.0,,"Censo de Población y Vivienda, cuestionario ampliado (INEGI)",Personas de 18 a 29 años,censo
educacion-censo,"Asiste a la escuela (18 a 29 años, Censo)",2020,Hombres,Con discapacidad,Yucatán,30-44,0.0,0.0,0.0,,"Censo de Población y Vivienda, cuestionario ampliado (INEGI)",Personas de 18 a 29 años,censo
educacion-censo,"Asiste a la escuela (18 a 29 años, Censo)",2020,Hombres,Con discapacidad,Yucatán,45-59,0.0,0.0,0.0,,"Censo de Población y Vivienda, cuestionario ampliado (INEGI)",Personas de 18 a 29 años,censo
educacion-censo,"Asiste a la escuela (18 a 29 años, Censo)",2020,Hombres,Con discapacidad,Yucatán,60+,0.0,0.0,0.0,,"Censo de Población y Vivienda, cuestionario ampliado (INEGI)",Personas de 18 a 29 años,censo
educacion-censo,"Asiste a la escuela (18 a 29 años, Censo)",2020,Hombres,Con discapacidad,Zacatecas,18-29,546.0,3341.0,583.0,,"Censo de Población y Vivienda, cuestionario ampliado (INEGI)",Personas de 18 a 29 años,censo
educacion-censo,"Asiste a la escuela (18 a 29 años, Censo)",2020,Hombres,Con discapacidad,Zacatecas,30-44,0.0,0.0,0.0,,"Censo de Población y Vivienda, cuestionario ampliado (INEGI)",Personas de 18 a 29 años,censo
educacion-censo,"Asiste a la escuela (18 a 29 años, Censo)",2020,Hombres,Con discapacidad,Zacatecas,45-59,0.0,0.0,0.0,,"Censo de Población y Vivienda, cuestionario ampliado (INEGI)",Personas de 18 a 29 años,censo
educacion-censo,"Asiste a la escuela (18 a 29 años, Censo)",2020,Hombres,Con discapacidad,Zacatecas,60+,0.0,0.0,0.0,,"Censo de Población y Vivienda, cuestionario ampliado (INEGI)",Personas de 18 a 29 años,censo
educacion-censo,"Asiste a la escuela (18 a 29 años, Censo)",2020,Hombres,Sin discapacidad,Aguascalientes,18-29,31029.0,140059.0,9553.0,,"Censo de Población y Vivienda, cuestionario ampliado (INEGI)",Personas de 18 a 29 años,censo
educacion-censo,"Asiste a la escuela (18 a 29 años, Censo)",2020,Hombres,Sin discapacidad,Aguascalientes,30-44,0.0,0.0,0.0,,"Censo de Población y Vivienda, cuestionario ampliado (INEGI)",Personas de 18 a 29 años,censo
educacion-censo,"Asiste a la escuela (18 a 29 años, Censo)",2020,Hombres,Sin discapacidad,Aguascalientes,45-59,0.0,0.0,0.0,,"Censo de Población y Vivienda, cuestionario ampliado (INEGI)",Personas de 18 a 29 años,censo
educacion-censo,"Asiste a la escuela (18 a 29 años, Censo)",2020,Hombres,Sin discapacidad,Aguascalientes,60+,0.0,0.0,0.0,,"Censo de Población y Vivienda, cuestionario ampliado (INEGI)",Personas de 18 a 29 años,censo
educacion-censo,"Asiste a la escuela (18 a 29 años, Censo)",2020,Hombres,Sin discapacidad,Baja California,18-29,84917.0,399158.0,8298.0,,"Censo de Población y Vivienda, cuestionario ampliado (INEGI)",Personas de 18 a 29 años,censo
educacion-censo,"Asiste a la escuela (18 a 29 años, Censo)",2020,Hombres,Sin discapacidad,Baja California,30-44,0.0,0.0,0.0,,"Censo de Población y Vivienda, cuestionario ampliado (INEGI)",Personas de 18 a 29 años,censo
educacion-censo,"Asiste a la escuela (18 a 29 años, Censo)",2020,Hombres,Sin discapacidad,Baja California,45-59,0.0,0.0,0.0,,"Censo de Población y Vivienda, cuestionario ampliado (INEGI)",Personas de 18 a 29 años,censo
educacion-censo,"Asiste a la escuela (18 a 29 años, Censo)",2020,Hombres,Sin discapacidad,Baja California,60+,0.0,0.0,0.0,,"Censo de Población y Vivienda, cuestionario ampliado (INEGI)",Personas de 18 a 29 años,censo
educacion-censo,"Asiste a la escuela (18 a 29 años, Censo)",2020,Hombres,Sin discapacidad,Baja California Sur,18-29,14805.0,77430.0,4381.0,,"Censo de Población y Vivienda, cuestionario ampliado (INEGI)",Personas de 18 a 29 años,censo
educacion-censo,"Asiste a la escuela (18 a 29 años, Censo)",2020,Hombres,Sin discapacidad,Baja California Sur,30-44,0.0,0.0,0.0,,"Censo de Población y Vivienda, cuestionario ampliado (INEGI)",Personas de 18 a 29 años,censo
educacion-censo,"Asiste a la escuela (18 a 29 años, Censo)",2020,Hombres,Sin discapacidad,Baja California Sur,45-59,0.0,0.0,0.0,,"Censo de Población y Vivienda, cuestionario ampliado (INEGI)",Personas de 18 a 29 años,censo
educacion-censo,"Asiste a la escuela (18 a 29 años, Censo)",2020,Hombres,Sin discapacidad,Baja California Sur,60+,0.0,0.0,0.0,,"Censo de Población y Vivienda, cuestionario ampliado (INEGI)",Personas de 18 a 29 años,censo
educacion-censo,"Asiste a la escuela (18 a 29 años, Censo)",2020,Hombres,Sin discapacidad,Campeche,18-29,21005.0,84265.0,7719.0,,"Censo de Población y Vivienda, cuestionario ampliado (INEGI)",Personas de 18 a 29 años,censo
educacion-censo,"Asiste a la escuela (18 a 29 años, Censo)",2020,Hombres,Sin discapacidad,Campeche,30-44,0.0,0.0,0.0,,"Censo de Población y Vivienda, cuestionario ampliado (INEGI)",Personas de 18 a 29 años,censo
educacion-censo,"Asiste a la escuela (18 a 29 años, Censo)",2020,Hombres,Sin discapacidad,Campeche,45-59,0.0,0.0,0.0,,"Censo de Población y Vivienda, cuestionario ampliado (INEGI)",Personas de 18 a 29 años,censo
educacion-censo,"Asiste a la escuela (18 a 29 años, Censo)",2020,Hombres,Sin discapacidad,Campeche,60+,0.0,0.0,0.0,,"Censo de Población y Vivienda, cuestionario ampliado (INEGI)",Personas de 18 a 29 años,censo
educacion-censo,"Asiste a la escuela (18 a 29 años, Censo)",2020,Hombres,Sin discapacidad,Chiapas,18-29,75555.0,513637.0,117359.0,,"Censo de Población y Vivienda, cuestionario ampliado (INEGI)",Personas de 18 a 29 años,censo
educacion-censo,"Asiste a la escuela (18 a 29 años, Censo)",2020,Hombres,Sin discapacidad,Chiapas,30-44,0.0,0.0,0.0,,"Censo de Población y Vivienda, cuestionario ampliado (INEGI)",Personas de 18 a 29 años,censo
educacion-censo,"Asiste a la escuela (18 a 29 años, Censo)",2020,Hombres,Sin discapacidad,Chiapas,45-59,0.0,0.0,0.0,,"Censo de Población y Vivienda, cuestionario ampliado (INEGI)",Personas de 18 a 29 años,censo
educacion-censo,"Asiste a la escuela (18 a 29 años, Censo)",2020,Hombres,Sin discapacidad,Chiapas,60+,0.0,0.0,0.0,,"Censo de Población y Vivienda, cuestionario ampliado (INEGI)",Personas de 18 a 29 años,censo
educacion-censo,"Asiste a la escuela (18 a 29 años, Censo)",2020,Hombres,Sin discapacidad,Chihuahua,18-29,86951.0,363780.0,26543.0,,"Censo de Población y Vivienda, cuestionario ampliado (INEGI)",Personas de 18 a 29 años,censo
educacion-censo,"Asiste a la escuela (18 a 29 años, Censo)",2020,Hombres,Sin discapacidad,Chihuahua,30-44,0.0,0.0,0.0,,"Censo de Población y Vivienda, cuestionario ampliado (INEGI)",Personas de 18 a 29 años,censo
educacion-censo,"Asiste a la escuela (18 a 29 años, Censo)",2020,Hombres,Sin discapacidad,Chihuahua,45-59,0.0,0.0,0.0,,"Censo de Población y Vivienda, cuestionario ampliado (INEGI)",Personas de 18 a 29 años,censo
educacion-censo,"Asiste a la escuela (18 a 29 años, Censo)",2020,Hombres,Sin discapacidad,Chihuahua,60+,0.0,0.0,0.0,,"Censo de Población y Vivienda, cuestionario ampliado (INEGI)",Personas de 18 a 29 años,censo
educacion-censo,"Asiste a la escuela (18 a 29 años, Censo)",2020,Hombres,Sin discapacidad,Ciudad de México,18-29,265742.0,835738.0,25283.0,,"Censo de Población y Vivienda, cuestionario ampliado (INEGI)",Personas de 18 a 29 años,censo
educacion-censo,"Asiste a la escuela (18 a 29 años, Censo)",2020,Hombres,Sin discapacidad,Ciudad de México,30-44,0.0,0.0,0.0,,"Censo de Población y Vivienda, cuestionario ampliado (INEGI)",Personas de 18 a 29 años,censo
educacion-censo,"Asiste a la escuela (18 a 29 años, Censo)",2020,Hombres,Sin discapacidad,Ciudad de México,45-59,0.0,0.0,0.0,,"Censo de Población y Vivienda, cuestionario ampliado (INEGI)",Personas de 18 a 29 años,censo
educacion-censo,"Asiste a la escuela (18 a 29 años, Censo)",2020,Hombres,Sin discapacidad,Ciudad de México,60+,0.0,0.0,0.0,,"Censo de Población y Vivienda, cuestionario ampliado (INEGI)",Personas de 18 a 29 años,censo
educacion-censo,"Asiste a la escuela (18 a 29 años, Censo)",2020,Hombres,Sin discapacidad,Coahuila,18-29,64402.0,304706.0,20408.0,,"Censo de Población y Vivienda, cuestionario ampliado (INEGI)",Personas de 18 a 29 años,censo
educacion-censo,"Asiste a la escuela (18 a 29 años, Censo)",2020,Hombres,Sin discapacidad,Coahuila,30-44,0.0,0.0,0.0,,"Censo de Población y Vivienda, cuestionario ampliado (INEGI)",Personas de 18 a 29 años,censo
educacion-censo,"Asiste a la escuela (18 a 29 años, Censo)",2020,Hombres,Sin discapacidad,Coahuila,45-59,0.0,0.0,0.0,,"Censo de Población y Vivienda, cuestionario ampliado (INEGI)",Personas de 18 a 29 años,censo
educacion-censo,"Asiste a la escuela (18 a 29 años, Censo)",2020,Hombres,Sin discapacidad,Coahuila,60+,0.0,0.0,0.0,,"Censo de Población y Vivienda, cuestionario ampliado (INEGI)",Personas de 18 a 29 años,censo
educacion-censo,"Asiste a la escuela (18 a 29 años, Censo)",2020,Hombres,Sin discapacidad,Colima,18-29,15853.0,68856.0,5712.0,,"Censo de Población y Vivienda, cuestionario ampliado (INEGI)",Personas de 18 a 29 años,censo
educacion-censo,"Asiste a la escuela (18 a 29 años, Censo)",2020,Hombres,Sin discapacidad,Colima,30-44,0.0,0.0,0.0,,"Censo de Población y Vivienda, cuestionario ampliado (INEGI)",Personas de 18 a 29 años,censo
educacion-censo,"Asiste a la escuela (18 a 29 años, Censo)",2020,Hombres,Sin discapacidad,Colima,45-59,0.0,0.0,0.0,,"Censo de Población y Vivienda, cuestionario ampliado (INEGI)",Personas de 18 a 29 años,censo
educacion-censo,"Asiste a la escuela (18 a 29 años, Censo)",2020,Hombres,Sin discapacidad,Colima,60+,0.0,0.0,0.0,,"Censo de Población y Vivienda, cuestionario ampliado (INEGI)",Personas de 18 a 29 años,censo
educacion-censo,"Asiste a la escuela (18 a 29 años, Censo)",2020,Hombres,Sin discapacidad,Durango,18-29,35937.0,173613.0,22519.0,,"Censo de Población y Vivienda, cuestionario ampliado (INEGI)",Personas de 18 a 29 años,censo
educacion-censo,"Asiste a la escuela (18 a 29 años, Censo)",2020,Hombres,Sin discapacidad,Durango,30-44,0.0,0.0,0.0,,"Censo de Población y Vivienda, cuestionario ampliado (INEGI)",Personas de 18 a 29 años,censo
educacion-censo,"Asiste a la escuela (18 a 29 años, Censo)",2020,Hombres,Sin discapacidad,Durango,45-59,0.0,0.0,0.0,,"Censo de Población y Vivienda, cuestionario ampliado (INEGI)",Personas de 18 a 29 años,censo
educacion-censo,"Asiste a la escuela (18 a 29 años, Censo)",2020,Hombres,Sin discapacidad,Durango,60+,0.0,0.0,0.0,,"Censo de Población y Vivienda, cuestionario ampliado (INEGI)",Personas de 18 a 29 años,censo
educacion-censo,"Asiste a la escuela (18 a 29 años, Censo)",2020,Hombres,Sin discapacidad,Guanajuato,18-29,112268.0,606432.0,40297.0,,"Censo de Población y Vivienda, cuestionario ampliado (INEGI)",Personas de 18 a 29 años,censo
educacion-censo,"Asiste a la escuela (18 a 29 años, Censo)",2020,Hombres,Sin discapacidad,Guanajuato,30-44,0.0,0.0,0.0,,"Censo de Población y Vivienda, cuestionario ampliado (INEGI)",Personas de 18 a 29 años,censo
educacion-censo,"Asiste a la escuela (18 a 29 años, Censo)",2020,Hombres,Sin discapacidad,Guanajuato,45-59,0.0,0.0,0.0,,"Censo de Población y Vivienda, cuestionario ampliado (INEGI)",Personas de 18 a 29 años,censo
educacion-censo,"Asiste a la escuela (18 a 29 años, Censo)",2020,Hombres,Sin discapacidad,Guanajuato,60+,0.0,0.0,0.0,,"Censo de Población y Vivienda, cuestionario ampliado (INEGI)",Personas de 18 a 29 años,censo
educacion-censo,"Asiste a la escuela (18 a 29 años, Censo)",2020,Hombres,Sin discapacidad,Guerrero,18-29,56274.0,303810.0,61422.0,,"Censo de Población y Vivienda, cuestionario ampliado (INEGI)",Personas de 18 a 29 años,censo
educacion-censo,"Asiste a la escuela (18 a 29 años, Censo)",2020,Hombres,Sin discapacidad,Guerrero,30-44,0.0,0.0,0.0,,"Censo de Población y Vivienda, cuestionario ampliado (INEGI)",Personas de 18 a 29 años,censo
educacion-censo,"Asiste a la escuela (18 a 29 años, Censo)",2020,Hombres,Sin discapacidad,Guerrero,45-59,0.0,0.0,0.0,,"Censo de Población y Vivienda, cuestionario ampliado (INEGI)",Personas de 18 a 29 años,censo
educacion-censo,"Asiste a la escuela (18 a 29 años, Censo)",2020,Hombres,Sin discapacidad,Guerrero,60+,0.0,0.0,0.0,,"Censo de Población y Vivienda, cuestionario ampliado (INEGI)",Personas de 18 a 29 años,censo
educacion-censo,"Asiste a la escuela (18 a 29 años, Censo)",2020,Hombres,Sin discapacidad,Hidalgo,18-29,63349.0,271265.0,42855.0,,"Censo de Población y Vivienda, cuestionario ampliado (INEGI)",Personas de 18 a 29 años,censo
educacion-censo,"Asiste a la escuela (18 a 29 años, Censo)",2020,Hombres,Sin discapacidad,Hidalgo,30-44,0.0,0.0,0.0,,"Censo de Población y Vivienda, cuestionario ampliado (INEGI)",Personas de 18 a 29 años,censo
educacion-censo,"Asiste a la escuela (18 a 29 años, Censo)",2020,Hombres,Sin discapacidad,Hidalgo,45-59,0.0,0.0,0.0,,"Censo de Población y Vivienda, cuestionario ampliado (INEGI)",Personas de 18 a 29 años,censo
educacion-censo,"Asiste a la escuela (18 a 29 años, Censo)",2020,Hombres,Sin discapacidad,Hidalgo,60+,0.0,0.0,0.0,,"Censo de Población y Vivienda, cuestionario ampliado (INEGI)",Personas de 18 a 29 años,censo
educacion-censo,"Asiste a la escuela (18 a 29 años, Censo)",2020,Hombres,Sin discapacidad,Jalisco,18-29,175849.0,800773.0,70051.0,,"Censo de Población y Vivienda, cuestionario ampliado (INEGI)",Personas de 18 a 29 años,censo
educacion-censo,"Asiste a la escuela (18 a 29 años, Censo)",2020,Hombres,Sin discapacidad,Jalisco,30-44,0.0,0.0,0.0,,"Censo de Población y Vivienda, cuestionario ampliado (INEGI)",Personas de 18 a 29 años,censo
educacion-censo,"Asiste a la escuela (18 a 29 años, Censo)",2020,Hombres,Sin discapacidad,Jalisco,45-59,0.0,0.0,0.0,,"Censo de Población y Vivienda, cuestionario ampliado (INEGI)",Personas de 18 a 29 años,censo
educacion-censo,"Asiste a la escuela (18 a 29 años, Censo)",2020,Hombres,Sin discapacidad,Jalisco,60+,0.0,0.0,0.0,,"Censo de Población y Vivienda, cuestionario ampliado (INEGI)",Personas de 18 a 29 años,censo
educacion-censo,"Asiste a la escuela (18 a 29 años, Censo)",2020,Hombres,Sin discapacidad,Michoacán,18-29,82888.0,438505.0,63229.0,,"Censo de Población y Vivienda, cuestionario ampliado (INEGI)",Personas de 18 a 29 años,censo
educacion-censo,"Asiste a la escuela (18 a 29 años, Censo)",2020,Hombres,Sin discapacidad,Michoacán,30-44,0.0,0.0,0.0,,"Censo de Población y Vivienda, cuestionario ampliado (INEGI)",Personas de 18 a 29 años,censo
educacion-censo,"Asiste a la escuela (18 a 29 años, Censo)",2020,Hombres,Sin discapacidad,Michoacán,45-59,0.0,0.0,0.0,,"Censo de Población y Vivienda, cuestionario ampliado (INEGI)",Personas de 18 a 29 años,censo
educacion-censo,"Asiste a la escuela (18 a 29 años, Censo)",2020,Hombres,Sin discapacidad,Michoacán,60+,0.0,0.0,0.0,,"Censo de Población y Vivienda, cuestionario ampliado (INEGI)",Personas de 18 a 29 años,censo
educacion-censo,"Asiste a la escuela (18 a 29 años, Censo)",2020,Hombres,Sin discapacidad,Morelos,18-29,43587.0,185812.0,22635.0,,"Censo de Población y Vivienda, cuestionario ampliado (INEGI)",Personas de 18 a 29 años,censo
educacion-censo,"Asiste a la escuela (18 a 29 años, Censo)",2020,Hombres,Sin discapacidad,Morelos,30-44,0.0,0.0,0.0,,"Censo de Población y Vivienda, cuestionario ampliado (INEGI)",Personas de 18 a 29 años,censo
educacion-censo,"Asiste a la escuela (18 a 29 años, Censo)",2020,Hombres,Sin discapacidad,Morelos,45-59,0.0,0.0,0.0,,"Censo de Población y Vivienda, cuestionario ampliado (INEGI)",Personas de 18 a 29 años,censo
educacion-censo,"Asiste a la escuela (18 a 29 años, Censo)",2020,Hombres,Sin discapacidad,Morelos,60+,0.0,0.0,0.0,,"Censo de Población y Vivienda, cuestionario ampliado (INEGI)",Personas de 18 a 29 años,censo
educacion-censo,"Asiste a la escuela (18 a 29 años, Censo)",2020,Hombres,Sin discapacidad,México,18-29,387828.0,1620431.0,117550.0,,"Censo de Población y Vivienda, cuestionario ampliado (INEGI)",Personas de 18 a 29 años,censo
educacion-censo,"Asiste a la escuela (18 a 29 años, Censo)",2020,Hombres,Sin discapacidad,México,30-44,0.0,0.0,0.0,,"Censo de Población y Vivienda, cuestionario ampliado (INEGI)",Personas de 18 a 29 años,censo
educacion-censo,"Asiste a la escuela (18 a 29 años, Censo)",2020,Hombres,Sin discapacidad,México,45-59,0.0,0.0,0.0,,"Censo de Población y Vivienda, cuestionario ampliado (INEGI)",Personas de 18 a 29 años,censo
educacion-censo,"Asiste a la escuela (18 a 29 años, Censo)",2020,Hombres,Sin discapacidad,México,60+,0.0,0.0,0.0,,"Censo de Población y Vivienda, cuestionario ampliado (INEGI)",Personas de 18 a 29 años,censo
educacion-censo,"Asiste a la escuela (18 a 29 años, Censo)",2020,Hombres,Sin discapacidad,Nayarit,18-29,23169.0,109881.0,16046.0,,"Censo de Población y Vivienda, cuestionario ampliado (INEGI)",Personas de 18 a 29 años,censo
educacion-censo,"Asiste a la escuela (18 a 29 años, Censo)",2020,Hombres,Sin discapacidad,Nayarit,30-44,0.0,0.0,0.0,,"Censo de Población y Vivienda, cuestionario ampliado (INEGI)",Personas de 18 a 29 años,censo
educacion-censo,"Asiste a la escuela (18 a 29 años, Censo)",2020,Hombres,Sin discapacidad,Nayarit,45-59,0.0,0.0,0.0,,"Censo de Población y Vivienda, cuestionario ampliado (INEGI)",Personas de 18 a 29 años,censo
educacion-censo,"Asiste a la escuela (18 a 29 años, Censo)",2020,Hombres,Sin discapacidad,Nayarit,60+,0.0,0.0,0.0,,"Censo de Población y Vivienda, cuestionario ampliado (INEGI)",Personas de 18 a 29 años,censo
educacion-censo,"Asiste a la escuela (18 a 29 años, Censo)",2020,Hombres,Sin discapacidad,Nuevo León,18-29,131742.0,592494.0,32658.0,,"Censo de Población y Vivienda, cuestionario ampliado (INEGI)",Personas de 18 a 29 años,censo
educacion-censo,"Asiste a la escuela (18 a 29 años, Censo)",2020,Hombres,Sin discapacidad,Nuevo León,30-44,0.0,0.0,0.0,,"Censo de Población y Vivienda, cuestionario ampliado (INEGI)",Personas de 18 a 29 años,censo
educacion-censo,"Asiste a la escuela (18 a 29 años, Censo)",2020,Hombres,Sin discapacidad,Nuevo León,45-59,0.0,0.0,0.0,,"Censo de Población y Vivienda, cuestionario ampliado (INEGI)",Personas de 18 a 29 años,censo
educacion-censo,"Asiste a la escuela (18 a 29 años, Censo)",2020,Hombres,Sin discapacidad,Nuevo León,60+,0.0,0.0,0.0,,"Censo de Población y Vivienda, cuestionario ampliado (INEGI)",Personas de 18 a 29 años,censo
educacion-censo,"Asiste a la escuela (18 a 29 años, Censo)",2020,Hombres,Sin discapacidad,Oaxaca,18-29,59591.0,344191.0,155954.0,,"Censo de Población y Vivienda, cuestionario ampliado (INEGI)",Personas de 18 a 29 años,censo
educacion-censo,"Asiste a la escuela (18 a 29 años, Censo)",2020,Hombres,Sin discapacidad,Oaxaca,30-44,0.0,0.0,0.0,,"Censo de Población y Vivienda, cuestionario ampliado (INEGI)",Personas de 18 a 29 años,censo
educacion-censo,"Asiste a la escuela (18 a 29 años, Censo)",2020,Hombres,Sin discapacidad,Oaxaca,45-59,0.0,0.0,0.0,,"Censo de Población y Vivienda, cuestionario ampliado (INEGI)",Personas de 18 a 29 años,censo
educacion-censo,"Asiste a la escuela (18 a 29 años, Censo)",2020,Hombres,Sin discapacidad,Oaxaca,60+,0.0,0.0,0.0,,"Censo de Población y Vivienda, cuestionario ampliado (INEGI)",Personas de 18 a 29 años,censo
educacion-censo,"Asiste a la escuela (18 a 29 años, Censo)",2020,Hombres,Sin discapacidad,Puebla,18-29,137072.0,631004.0,115645.0,,"Censo de Población y Vivienda, cuestionario ampliado (INEGI)",Personas de 18 a 29 años,censo
educacion-censo,"Asiste a la escuela (18 a 29 años, Censo)",2020,Hombres,Sin discapacidad,Puebla,30-44,0.0,0.0,0.0,,"Censo de Población y Vivienda, cuestionario ampliado (INEGI)",Personas de 18 a 29 años,censo
educacion-censo,"Asiste a la escuela (18 a 29 años, Censo)",2020,Hombres,Sin discapacidad,Puebla,45-59,0.0,0.0,0.0,,"Censo de Población y Vivienda, cuestionario ampliado (INEGI)",Personas de 18 a 29 años,censo
educacion-censo,"Asiste a la escuela (18 a 29 años, Censo)",2020,Hombres,Sin discapacidad,Puebla,60+,0.0,0.0,0.0,,"Censo de Población y Vivienda, cuestionario ampliado (INEGI)",Personas de 18 a 29 años,censo
educacion-censo,"Asiste a la escuela (18 a 29 años, Censo)",2020,Hombres,Sin discapacidad,Querétaro,18-29,52507.0,242140.0,14340.0,,"Censo de Población y Vivienda, cuestionario ampliado (INEGI)",Personas de 18 a 29 años,censo
educacion-censo,"Asiste a la escuela (18 a 29 años, Censo)",2020,Hombres,Sin discapacidad,Querétaro,30-44,0.0,0.0,0.0,,"Censo de Población y Vivienda, cuestionario ampliado (INEGI)",Personas de 18 a 29 años,censo
educacion-censo,"Asiste a la escuela (18 a 29 años, Censo)",2020,Hombres,Sin discapacidad,Querétaro,45-59,0.0,0.0,0.0,,"Censo de Población y Vivienda, cuestionario ampliado (INEGI)",Personas de 18 a 29 años,censo
educacion-censo,"Asiste a la escuela (18 a 29 años, Censo)",2020,Hombres,Sin discapacidad,Querétaro,60+,0.0,0.0,0.0,,"Censo de Población y Vivienda, cuestionario ampliado (INEGI)",Personas de 18 a 29 años,censo
educacion-censo,"Asiste a la escuela (18 a 29 años, Censo)",2020,Hombres,Sin discapacidad,Quintana Roo,18-29,32921.0,202052.0,8205.0,,"Censo de Población y Vivienda, cuestionario ampliado (INEGI)",Personas de 18 a 29 años,censo
educacion-censo,"Asiste a la escuela (18 a 29 años, Censo)",2020,Hombres,Sin discapacidad,Quintana Roo,30-44,0.0,0.0,0.0,,"Censo de Población y Vivienda, cuestionario ampliado (INEGI)",Personas de 18 a 29 años,censo
educacion-censo,"Asiste a la escuela (18 a 29 años, Censo)",2020,Hombres,Sin discapacidad,Quintana Roo,45-59,0.0,0.0,0.0,,"Censo de Población y Vivienda, cuestionario ampliado (INEGI)",Personas de 18 a 29 años,censo
educacion-censo,"Asiste a la escuela (18 a 29 años, Censo)",2020,Hombres,Sin discapacidad,Quintana Roo,60+,0.0,0.0,0.0,,"Censo de Población y Vivienda, cuestionario ampliado (INEGI)",Personas de 18 a 29 años,censo
educacion-censo,"Asiste a la escuela (18 a 29 años, Censo)",2020,Hombres,Sin discapacidad,San Luis Potosí,18-29,55983.0,263369.0,31027.0,,"Censo de Población y Vivienda, cuestionario ampliado (INEGI)",Personas de 18 a 29 años,censo
educacion-censo,"Asiste a la escuela (18 a 29 años, Censo)",2020,Hombres,Sin discapacidad,San Luis Potosí,30-44,0.0,0.0,0.0,,"Censo de Población y Vivienda, cuestionario ampliado (INEGI)",Personas de 18 a 29 años,censo
educacion-censo,"Asiste a la escuela (18 a 29 años, Censo)",2020,Hombres,Sin discapacidad,San Luis Potosí,45-59,0.0,0.0,0.0,,"Censo de Población y Vivienda, cuestionario ampliado (INEGI)",Personas de 18 a 29 años,censo
educacion-censo,"Asiste a la escuela (18 a 29 años, Censo)",2020,Hombres,Sin discapacidad,San Luis Potosí,60+,0.0,0.0,0.0,,"Censo de Población y Vivienda, cuestionario ampliado (INEGI)",Personas de 18 a 29 años,censo
educacion-censo,"Asiste a la escuela (18 a 29 años, Censo)",2020,Hombres,Sin discapacidad,Sinaloa,18-29,77515.0,283547.0,15034.0,,"Censo de Población y Vivienda, cuestionario ampliado (INEGI)",Personas de 18 a 29 años,censo
educacion-censo,"Asiste a la escuela (18 a 29 años, Censo)",2020,Hombres,Sin discapacidad,Sinaloa,30-44,0.0,0.0,0.0,,"Censo de Población y Vivienda, cuestionario ampliado (INEGI)",Personas de 18 a 29 años,censo
educacion-censo,"Asiste a la escuela (18 a 29 años, Censo)",2020,Hombres,Sin discapacidad,Sinaloa,45-59,0.0,0.0,0.0,,"Censo de Población y Vivienda, cuestionario ampliado (INEGI)",Personas de 18 a 29 años,censo
educacion-censo,"Asiste a la escuela (18 a 29 años, Censo)",2020,Hombres,Sin discapacidad,Sinaloa,60+,0.0,0.0,0.0,,"Censo de Población y Vivienda, cuestionario ampliado (INEGI)",Personas de 18 a 29 años,censo
educacion-censo,"Asiste a la escuela (18 a 29 años, Censo)",2020,Hombres,Sin discapacidad,Sonora,18-29,62645.0,274984.0,22818.0,,"Censo de Población y Vivienda, cuestionario ampliado (INEGI)",Personas de 18 a 29 años,censo
educacion-censo,"Asiste a la escuela (18 a 29 años, Censo)",2020,Hombres,Sin discapacidad,Sonora,30-44,0.0,0.0,0.0,,"Censo de Población y Vivienda, cuestionario ampliado (INEGI)",Personas de 18 a 29 años,censo
educacion-censo,"Asiste a la escuela (18 a 29 años, Censo)",2020,Hombres,Sin discapacidad,Sonora,45-59,0.0,0.0,0.0,,"Censo de Población y Vivienda, cuestionario ampliado (INEGI)",Personas de 18 a 29 años,censo
educacion-censo,"Asiste a la escuela (18 a 29 años, Censo)",2020,Hombres,Sin discapacidad,Sonora,60+,0.0,0.0,0.0,,"Censo de Población y Vivienda, cuestionario ampliado (INEGI)",Personas de 18 a 29 años,censo
educacion-censo,"Asiste a la escuela (18 a 29 años, Censo)",2020,Hombres,Sin discapacidad,Tabasco,18-29,48005.0,210420.0,13668.0,,"Censo de Población y Vivienda, cuestionario ampliado (INEGI)",Personas de 18 a 29 años,censo
educacion-censo,"Asiste a la escuela (18 a 29 años, Censo)",2020,Hombres,Sin discapacidad,Tabasco,30-44,0.0,0.0,0.0,,"Censo de Población y Vivienda, cuestionario ampliado (INEGI)",Personas de 18 a 29 años,censo
educacion-censo,"Asiste a la escuela (18 a 29 años, Censo)",2020,Hombres,Sin discapacidad,Tabasco,45-59,0.0,0.0,0.0,,"Censo de Población y Vivienda, cuestionario ampliado (INEGI)",Personas de 18 a 29 años,censo
educacion-censo,"Asiste a la escuela (18 a 29 años, Censo)",2020,Hombres,Sin discapacidad,Tabasco,60+,0.0,0.0,0.0,,"Censo de Población y Vivienda, cuestionario ampliado (INEGI)",Personas de 18 a 29 años,censo
educacion-censo,"Asiste a la escuela (18 a 29 años, Censo)",2020,Hombres,Sin discapacidad,Tamaulipas,18-29,74703.0,334172.0,21123.0,,"Censo de Población y Vivienda, cuestionario ampliado (INEGI)",Personas de 18 a 29 años,censo
educacion-censo,"Asiste a la escuela (18 a 29 años, Censo)",2020,Hombres,Sin discapacidad,Tamaulipas,30-44,0.0,0.0,0.0,,"Censo de Población y Vivienda, cuestionario ampliado (INEGI)",Personas de 18 a 29 años,censo
educacion-censo,"Asiste a la escuela (18 a 29 años, Censo)",2020,Hombres,Sin discapacidad,Tamaulipas,45-59,0.0,0.0,0.0,,"Censo de Población y Vivienda, cuestionario ampliado (INEGI)",Personas de 18 a 29 años,censo
educacion-censo,"Asiste a la escuela (18 a 29 años, Censo)",2020,Hombres,Sin discapacidad,Tamaulipas,60+,0.0,0.0,0.0,,"Censo de Población y Vivienda, cuestionario ampliado (INEGI)",Personas de 18 a 29 años,censo
educacion-censo,"Asiste a la escuela (18 a 29 años, Censo)",2020,Hombres,Sin discapacidad,Tlaxcala,18-29,27103.0,127885.0,33665.0,,"Censo de Población y Vivienda, cuestionario ampliado (INEGI)",Personas de 18 a 29 años,censo
educacion-censo,"Asiste a la escuela (18 a 29 años, Censo)",2020,Hombres,Sin discapacidad,Tlaxcala,30-44,0.0,0.0,0.0,,"Censo de Población y Vivienda, cuestionario ampliado (INEGI)",Personas de 18 a 29 años,censo
educacion-censo,"Asiste a la escuela (18 a 29 años, Censo)",2020,Hombres,Sin discapacidad,Tlaxcala,45-59,0.0,0.0,0.0,,"Censo de Población y Vivienda, cuestionario ampliado (INEGI)",Personas de 18 a 29 años,censo
educacion-censo,"Asiste a la escuela (18 a 29 años, Censo)",2020,Hombres,Sin discapacidad,Tlaxcala,60+,0.0,0.0,0.0,,"Censo de Población y Vivienda, cuestionario ampliado (INEGI)",Personas de 18 a 29 años,censo
educacion-censo,"Asiste a la escuela (18 a 29 años, Censo)",2020,Hombres,Sin discapacidad,Veracruz,18-29,145074.0,673653.0,119498.0,,"Censo de Población y Vivienda, cuestionario ampliado (INEGI)",Personas de 18 a 29 años,censo
educacion-censo,"Asiste a la escuela (18 a 29 años, Censo)",2020,Hombres,Sin discapacidad,Veracruz,30-44,0.0,0.0,0.0,,"Censo de Población y Vivienda, cuestionario ampliado (INEGI)",Personas de 18 a 29 años,censo
educacion-censo,"Asiste a la escuela (18 a 29 años, Censo)",2020,Hombres,Sin discapacidad,Veracruz,45-59,0.0,0.0,0.0,,"Censo de Población y Vivienda, cuestionario ampliado (INEGI)",Personas de 18 a 29 años,censo
educacion-censo,"Asiste a la escuela (18 a 29 años, Censo)",2020,Hombres,Sin discapacidad,Veracruz,60+,0.0,0.0,0.0,,"Censo de Población y Vivienda, cuestionario ampliado (INEGI)",Personas de 18 a 29 años,censo
educacion-censo,"Asiste a la escuela (18 a 29 años, Censo)",2020,Hombres,Sin discapacidad,Yucatán,18-29,54455.0,228505.0,46614.0,,"Censo de Población y Vivienda, cuestionario ampliado (INEGI)",Personas de 18 a 29 años,censo
educacion-censo,"Asiste a la escuela (18 a 29 años, Censo)",2020,Hombres,Sin discapacidad,Yucatán,30-44,0.0,0.0,0.0,,"Censo de Población y Vivienda, cuestionario ampliado (INEGI)",Personas de 18 a 29 años,censo
educacion-censo,"Asiste a la escuela (18 a 29 años, Censo)",2020,Hombres,Sin discapacidad,Yucatán,45-59,0.0,0.0,0.0,,"Censo de Población y Vivienda, cuestionario ampliado (INEGI)",Personas de 18 a 29 años,censo
educacion-censo,"Asiste a la escuela (18 a 29 años, Censo)",2020,Hombres,Sin discapacidad,Yucatán,60+,0.0,0.0,0.0,,"Censo de Población y Vivienda, cuestionario ampliado (INEGI)",Personas de 18 a 29 años,censo
educacion-censo,"Asiste a la escuela (18 a 29 años, Censo)",2020,Hombres,Sin discapacidad,Zacatecas,18-29,30976.0,140806.0,24511.0,,"Censo de Población y Vivienda, cuestionario ampliado (INEGI)",Personas de 18 a 29 años,censo
educacion-censo,"Asiste a la escuela (18 a 29 años, Censo)",2020,Hombres,Sin discapacidad,Zacatecas,30-44,0.0,0.0,0.0,,"Censo de Población y Vivienda, cuestionario ampliado (INEGI)",Personas de 18 a 29 años,censo
educacion-censo,"Asiste a la escuela (18 a 29 años, Censo)",2020,Hombres,Sin discapacidad,Zacatecas,45-59,0.0,0.0,0.0,,"Censo de Población y Vivienda, cuestionario ampliado (INEGI)",Personas de 18 a 29 años,censo
educacion-censo,"Asiste a la escuela (18 a 29 años, Censo)",2020,Hombres,Sin discapacidad,Zacatecas,60+,0.0,0.0,0.0,,"Censo de Población y Vivienda, cuestionario ampliado (INEGI)",Personas de 18 a 29 años,censo
educacion-censo,"Asiste a la escuela (18 a 29 años, Censo)",2020,Mujeres,Con discapacidad,Aguascalientes,18-29,771.0,3506.0,217.0,,"Censo de Población y Vivienda, cuestionario ampliado (INEGI)",Personas de 18 a 29 años,censo
educacion-censo,"Asiste a la escuela (18 a 29 años, Censo)",2020,Mujeres,Con discapacidad,Aguascalientes,30-44,0.0,0.0,0.0,,"Censo de Población y Vivienda, cuestionario ampliado (INEGI)",Personas de 18 a 29 años,censo
educacion-censo,"Asiste a la escuela (18 a 29 años, Censo)",2020,Mujeres,Con discapacidad,Aguascalientes,45-59,0.0,0.0,0.0,,"Censo de Población y Vivienda, cuestionario ampliado (INEGI)",Personas de 18 a 29 años,censo
educacion-censo,"Asiste a la escuela (18 a 29 años, Censo)",2020,Mujeres,Con discapacidad,Aguascalientes,60+,0.0,0.0,0.0,,"Censo de Población y Vivienda, cuestionario ampliado (INEGI)",Personas de 18 a 29 años,censo
educacion-censo,"Asiste a la escuela (18 a 29 años, Censo)",2020,Mujeres,Con discapacidad,Baja California,18-29,1605.0,8274.0,167.0,,"Censo de Población y Vivienda, cuestionario ampliado (INEGI)",Personas de 18 a 29 años,censo
educacion-censo,"Asiste a la escuela (18 a 29 años, Censo)",2020,Mujeres,Con discapacidad,Baja California,30-44,0.0,0.0,0.0,,"Censo de Población y Vivienda, cuestionario ampliado (INEGI)",Personas de 18 a 29 años,censo
educacion-censo,"Asiste a la escuela (18 a 29 años, Censo)",2020,Mujeres,Con discapacidad,Baja California,45-59,0.0,0.0,0.0,,"Censo de Población y Vivienda, cuestionario ampliado (INEGI)",Personas de 18 a 29 años,censo
educacion-censo,"Asiste a la escuela (18 a 29 años, Censo)",2020,Mujeres,Con discapacidad,Baja California,60+,0.0,0.0,0.0,,"Censo de Población y Vivienda, cuestionario ampliado (INEGI)",Personas de 18 a 29 años,censo
educacion-censo,"Asiste a la escuela (18 a 29 años, Censo)",2020,Mujeres,Con discapacidad,Baja California Sur,18-29,254.0,1222.0,72.0,,"Censo de Población y Vivienda, cuestionario ampliado (INEGI)",Personas de 18 a 29 años,censo
educacion-censo,"Asiste a la escuela (18 a 29 años, Censo)",2020,Mujeres,Con discapacidad,Baja California Sur,30-44,0.0,0.0,0.0,,"Censo de Población y Vivienda, cuestionario ampliado (INEGI)",Personas de 18 a 29 años,censo
educacion-censo,"Asiste a la escuela (18 a 29 años, Censo)",2020,Mujeres,Con discapacidad,Baja California Sur,45-59,0.0,0.0,0.0,,"Censo de Población y Vivienda, cuestionario ampliado (INEGI)",Personas de 18 a 29 años,censo
educacion-censo,"Asiste a la escuela (18 a 29 años, Censo)",2020,Mujeres,Con discapacidad,Baja California Sur,60+,0.0,0.0,0.0,,"Censo de Población y Vivienda, cuestionario ampliado (INEGI)",Personas de 18 a 29 años,censo
educacion-censo,"Asiste a la escuela (18 a 29 años, Censo)",2020,Mujeres,Con discapacidad,Campeche,18-29,448.0,1843.0,159.0,,"Censo de Población y Vivienda, cuestionario ampliado (INEGI)",Personas de 18 a 29 años,censo
educacion-censo,"Asiste a la escuela (18 a 29 años, Censo)",2020,Mujeres,Con discapacidad,Campeche,30-44,0.0,0.0,0.0,,"Censo de Población y Vivienda, cuestionario ampliado (INEGI)",Personas de 18 a 29 años,censo
educacion-censo,"Asiste a la escuela (18 a 29 años, Censo)",2020,Mujeres,Con discapacidad,Campeche,45-59,0.0,0.0,0.0,,"Censo de Población y Vivienda, cuestionario ampliado (INEGI)",Personas de 18 a 29 años,censo
educacion-censo,"Asiste a la escuela (18 a 29 años, Censo)",2020,Mujeres,Con discapacidad,Campeche,60+,0.0,0.0,0.0,,"Censo de Población y Vivienda, cuestionario ampliado (INEGI)",Personas de 18 a 29 años,censo
educacion-censo,"Asiste a la escuela (18 a 29 años, Censo)",2020,Mujeres,Con discapacidad,Chiapas,18-29,710.0,7277.0,1543.0,,"Censo de Población y Vivienda, cuestionario ampliado (INEGI)",Personas de 18 a 29 años,censo
educacion-censo,"Asiste a la escuela (18 a 29 años, Censo)",2020,Mujeres,Con discapacidad,Chiapas,30-44,0.0,0.0,0.0,,"Censo de Población y Vivienda, cuestionario ampliado (INEGI)",Personas de 18 a 29 años,censo
educacion-censo,"Asiste a la escuela (18 a 29 años, Censo)",2020,Mujeres,Con discapacidad,Chiapas,45-59,0.0,0.0,0.0,,"Censo de Población y Vivienda, cuestionario ampliado (INEGI)",Personas de 18 a 29 años,censo
educacion-censo,"Asiste a la escuela (18 a 29 años, Censo)",2020,Mujeres,Con discapacidad,Chiapas,60+,0.0,0.0,0.0,,"Censo de Población y Vivienda, cuestionario ampliado (INEGI)",Personas de 18 a 29 años,censo
educacion-censo,"Asiste a la escuela (18 a 29 años, Censo)",2020,Mujeres,Con discapacidad,Chihuahua,18-29,783.0,5126.0,445.0,,"Censo de Población y Vivienda, cuestionario ampliado (INEGI)",Personas de 18 a 29 años,censo
educacion-censo,"Asiste a la escuela (18 a 29 años, Censo)",2020,Mujeres,Con discapacidad,Chihuahua,30-44,0.0,0.0,0.0,,"Censo de Población y Vivienda, cuestionario ampliado (INEGI)",Personas de 18 a 29 años,censo
educacion-censo,"Asiste a la escuela (18 a 29 años, Censo)",2020,Mujeres,Con discapacidad,Chihuahua,45-59,0.0,0.0,0.0,,"Censo de Población y Vivienda, cuestionario ampliado (INEGI)",Personas de 18 a 29 años,censo
educacion-censo,"Asiste a la escuela (18 a 29 años, Censo)",2020,Mujeres,Con discapacidad,Chihuahua,60+,0.0,0.0,0.0,,"Censo de Población y Vivienda, cuestionario ampliado (INEGI)",Personas de 18 a 29 años,censo
educacion-censo,"Asiste a la escuela (18 a 29 años, Censo)",2020,Mujeres,Con discapacidad,Ciudad de México,18-29,5072.0,17464.0,550.0,,"Censo de Población y Vivienda, cuestionario ampliado (INEGI)",Personas de 18 a 29 años,censo
educacion-censo,"Asiste a la escuela (18 a 29 años, Censo)",2020,Mujeres,Con discapacidad,Ciudad de México,30-44,0.0,0.0,0.0,,"Censo de Población y Vivienda, cuestionario ampliado (INEGI)",Personas de 18 a 29 años,censo
educacion-censo,"Asiste a la escuela (18 a 29 años, Censo)",2020,Mujeres,Con discapacidad,Ciudad de México,45-59,0.0,0.0,0.0,,"Censo de Población y Vivienda, cuestionario ampliado (INEGI)",Personas de 18 a 29 años,censo
educacion-censo,"Asiste a la escuela (18 a 29 años, Censo)",2020,Mujeres,Con discapacidad,Ciudad de México,60+,0.0,0.0,0.0,,"Censo de Población y Vivienda, cuestionario ampliado (INEGI)",Personas de 18 a 29 años,censo
educacion-censo,"Asiste a la escuela (18 a 29 años, Censo)",2020,Mujeres,Con discapacidad,Coahuila,18-29,984.0,4815.0,385.0,,"Censo de Población y Vivienda, cuestionario ampliado (INEGI)",Personas de 18 a 29 años,censo
educacion-censo,"Asiste a la escuela (18 a 29 años, Censo)",2020,Mujeres,Con discapacidad,Coahuila,30-44,0.0,0.0,0.0,,"Censo de Población y Vivienda, cuestionario ampliado (INEGI)",Personas de 18 a 29 años,censo
educacion-censo,"Asiste a la escuela (18 a 29 años, Censo)",2020,Mujeres,Con discapacidad,Coahuila,45-59,0.0,0.0,0.0,,"Censo de Población y Vivienda, cuestionario ampliado (INEGI)",Personas de 18 a 29 años,censo
educacion-censo,"Asiste a la escuela (18 a 29 años, Censo)",2020,Mujeres,Con discapacidad,Coahuila,60+,0.0,0.0,0.0,,"Censo de Población y Vivienda, cuestionario ampliado (INEGI)",Personas de 18 a 29 años,censo
educacion-censo,"Asiste a la escuela (18 a 29 años, Censo)",2020,Mujeres,Con discapacidad,Colima,18-29,380.0,1257.0,106.0,,"Censo de Población y Vivienda, cuestionario ampliado (INEGI)",Personas de 18 a 29 años,censo
educacion-censo,"Asiste a la escuela (18 a 29 años, Censo)",2020,Mujeres,Con discapacidad,Colima,30-44,0.0,0.0,0.0,,"Censo de Población y Vivienda, cuestionario ampliado (INEGI)",Personas de 18 a 29 años,censo
educacion-censo,"Asiste a la escuela (18 a 29 años, Censo)",2020,Mujeres,Con discapacidad,Colima,45-59,0.0,0.0,0.0,,"Censo de Población y Vivienda, cuestionario ampliado (INEGI)",Personas de 18 a 29 años,censo
educacion-censo,"Asiste a la escuela (18 a 29 años, Censo)",2020,Mujeres,Con discapacidad,Colima,60+,0.0,0.0,0.0,,"Censo de Población y Vivienda, cuestionario ampliado (INEGI)",Personas de 18 a 29 años,censo
educacion-censo,"Asiste a la escuela (18 a 29 años, Censo)",2020,Mujeres,Con discapacidad,Durango,18-29,851.0,3464.0,459.0,,"Censo de Población y Vivienda, cuestionario ampliado (INEGI)",Personas de 18 a 29 años,censo
educacion-censo,"Asiste a la escuela (18 a 29 años, Censo)",2020,Mujeres,Con discapacidad,Durango,30-44,0.0,0.0,0.0,,"Censo de Población y Vivienda, cuestionario ampliado (INEGI)",Personas de 18 a 29 años,censo
educacion-censo,"Asiste a la escuela (18 a 29 años, Censo)",2020,Mujeres,Con discapacidad,Durango,45-59,0.0,0.0,0.0,,"Censo de Población y Vivienda, cuestionario ampliado (INEGI)",Personas de 18 a 29 años,censo
educacion-censo,"Asiste a la escuela (18 a 29 años, Censo)",2020,Mujeres,Con discapacidad,Durango,60+,0.0,0.0,0.0,,"Censo de Población y Vivienda, cuestionario ampliado (INEGI)",Personas de 18 a 29 años,censo
educacion-censo,"Asiste a la escuela (18 a 29 años, Censo)",2020,Mujeres,Con discapacidad,Guanajuato,18-29,2292.0,11513.0,730.0,,"Censo de Población y Vivienda, cuestionario ampliado (INEGI)",Personas de 18 a 29 años,censo
educacion-censo,"Asiste a la escuela (18 a 29 años, Censo)",2020,Mujeres,Con discapacidad,Guanajuato,30-44,0.0,0.0,0.0,,"Censo de Población y Vivienda, cuestionario ampliado (INEGI)",Personas de 18 a 29 años,censo
educacion-censo,"Asiste a la escuela (18 a 29 años, Censo)",2020,Mujeres,Con discapacidad,Guanajuato,45-59,0.0,0.0,0.0,,"Censo de Población y Vivienda, cuestionario ampliado (INEGI)",Personas de 18 a 29 años,censo
educacion-censo,"Asiste a la escuela (18 a 29 años, Censo)",2020,Mujeres,Con discapacidad,Guanajuato,60+,0.0,0.0,0.0,,"Censo de Población y Vivienda, cuestionario ampliado (INEGI)",Personas de 18 a 29 años,censo
educacion-censo,"Asiste a la escuela (18 a 29 años, Censo)",2020,Mujeres,Con discapacidad,Guerrero,18-29,1101.0,6754.0,1454.0,,"Censo de Población y Vivienda, cuestionario ampliado (INEGI)",Personas de 18 a 29 años,censo
educacion-censo,"Asiste a la escuela (18 a 29 años, Censo)",2020,Mujeres,Con discapacidad,Guerrero,30-44,0.0,0.0,0.0,,"Censo de Población y Vivienda, cuestionario ampliado (INEGI)",Personas de 18 a 29 años,censo
educacion-censo,"Asiste a la escuela (18 a 29 años, Censo)",2020,Mujeres,Con discapacidad,Guerrero,45-59,0.0,0.0,0.0,,"Censo de Población y Vivienda, cuestionario ampliado (INEGI)",Personas de 18 a 29 años,censo
educacion-censo,"Asiste a la escuela (18 a 29 años, Censo)",2020,Mujeres,Con discapacidad,Guerrero,60+,0.0,0.0,0.0,,"Censo de Población y Vivienda, cuestionario ampliado (INEGI)",Personas de 18 a 29 años,censo
educacion-censo,"Asiste a la escuela (18 a 29 años, Censo)",2020,Mujeres,Con discapacidad,Hidalgo,18-29,1243.0,6022.0,946.0,,"Censo de Población y Vivienda, cuestionario ampliado (INEGI)",Personas de 18 a 29 años,censo
educacion-censo,"Asiste a la escuela (18 a 29 años, Censo)",2020,Mujeres,Con discapacidad,Hidalgo,30-44,0.0,0.0,0.0,,"Censo de Población y Vivienda, cuestionario ampliado (INEGI)",Personas de 18 a 29 años,censo
educacion-censo,"Asiste a la escuela (18 a 29 años, Censo)",2020,Mujeres,Con discapacidad,Hidalgo,45-59,0.0,0.0,0.0,,"Censo de Población y Vivienda, cuestionario ampliado (INEGI)",Personas de 18 a 29 años,censo
educacion-censo,"Asiste a la escuela (18 a 29 años, Censo)",2020,Mujeres,Con discapacidad,Hidalgo,60+,0.0,0.0,0.0,,"Censo de Población y Vivienda, cuestionario ampliado (INEGI)",Personas de 18 a 29 años,censo
educacion-censo,"Asiste a la escuela (18 a 29 años, Censo)",2020,Mujeres,Con discapacidad,Jalisco,18-29,2117.0,12293.0,1268.0,,"Censo de Población y Vivienda, cuestionario ampliado (INEGI)",Personas de 18 a 29 años,censo
educacion-censo,"Asiste a la escuela (18 a 29 años, Censo)",2020,Mujeres,Con discapacidad,Jalisco,30-44,0.0,0.0,0.0,,"Censo de Población y Vivienda, cuestionario ampliado (INEGI)",Personas de 18 a 29 años,censo
educacion-censo,"Asiste a la escuela (18 a 29 años, Censo)",2020,Mujeres,Con discapacidad,Jalisco,45-59,0.0,0.0,0.0,,"Censo de Población y Vivienda, cuestionario ampliado (INEGI)",Personas de 18 a 29 años,censo
educacion-censo,"Asiste a la escuela (18 a 29 años, Censo)",2020,Mujeres,Con discapacidad,Jalisco,60+,0.0,0.0,0.0,,"Censo de Población y Vivienda, cuestionario ampliado (INEGI)",Personas de 18 a 29 años,censo
educacion-censo,"Asiste a la escuela (18 a 29 años, Censo)",2020,Mujeres,Con discapacidad,Michoacán,18-29,1924.0,8783.0,1202.0,,"Censo de Población y Vivienda, cuestionario ampliado (INEGI)",Personas de 18 a 29 años,censo
educacion-censo,"Asiste a la escuela (18 a 29 años, Censo)",2020,Mujeres,Con discapacidad,Michoacán,30-44,0.0,0.0,0.0,,"Censo de Población y Vivienda, cuestionario ampliado (INEGI)",Personas de 18 a 29 años,censo
educacion-censo,"Asiste a la escuela (18 a 29 años, Censo)",2020,Mujeres,Con discapacidad,Michoacán,45-59,0.0,0.0,0.0,,"Censo de Población y Vivienda, cuestionario ampliado (INEGI)",Personas de 18 a 29 años,censo
educacion-censo,"Asiste a la escuela (18 a 29 años, Censo)",2020,Mujeres,Con discapacidad,Michoacán,60+,0.0,0.0,0.0,,"Censo de Población y Vivienda, cuestionario ampliado (INEGI)",Personas de 18 a 29 años,censo
educacion-censo,"Asiste a la escuela (18 a 29 años, Censo)",2020,Mujeres,Con discapacidad,Morelos,18-29,762.0,3675.0,425.0,,"Censo de Población y Vivienda, cuestionario ampliado (INEGI)",Personas de 18 a 29 años,censo
educacion-censo,"Asiste a la escuela (18 a 29 años, Censo)",2020,Mujeres,Con discapacidad,Morelos,30-44,0.0,0.0,0.0,,"Censo de Población y Vivienda, cuestionario ampliado (INEGI)",Personas de 18 a 29 años,censo
educacion-censo,"Asiste a la escuela (18 a 29 años, Censo)",2020,Mujeres,Con discapacidad,Morelos,45-59,0.0,0.0,0.0,,"Censo de Población y Vivienda, cuestionario ampliado (INEGI)",Personas de 18 a 29 años,censo
educacion-censo,"Asiste a la escuela (18 a 29 años, Censo)",2020,Mujeres,Con discapacidad,Morelos,60+,0.0,0.0,0.0,,"Censo de Población y Vivienda, cuestionario ampliado (INEGI)",Personas de 18 a 29 años,censo
educacion-censo,"Asiste a la escuela (18 a 29 años, Censo)",2020,Mujeres,Con discapacidad,México,18-29,6914.0,29616.0,2084.0,,"Censo de Población y Vivienda, cuestionario ampliado (INEGI)",Personas de 18 a 29 años,censo
educacion-censo,"Asiste a la escuela (18 a 29 años, Censo)",2020,Mujeres,Con discapacidad,México,30-44,0.0,0.0,0.0,,"Censo de Población y Vivienda, cuestionario ampliado (INEGI)",Personas de 18 a 29 años,censo
educacion-censo,"Asiste a la escuela (18 a 29 años, Censo)",2020,Mujeres,Con discapacidad,México,45-59,0.0,0.0,0.0,,"Censo de Población y Vivienda, cuestionario ampliado (INEGI)",Personas de 18 a 29 años,censo
educacion-censo,"Asiste a la escuela (18 a 29 años, Censo)",2020,Mujeres,Con discapacidad,México,60+,0.0,0.0,0.0,,"Censo de Población y Vivienda, cuestionario ampliado (INEGI)",Personas de 18 a 29 años,censo
educacion-censo,"Asiste a la escuela (18 a 29 años, Censo)",2020,Mujeres,Con discapacidad,Nayarit,18-29,527.0,2480.0,315.0,,"Censo de Población y Vivienda, cuestionario ampliado (INEGI)",Personas de 18 a 29 años,censo
educacion-censo,"Asiste a la escuela (18 a 29 años, Censo)",2020,Mujeres,Con discapacidad,Nayarit,30-44,0.0,0.0,0.0,,"Censo de Población y Vivienda, cuestionario ampliado (INEGI)",Personas de 18 a 29 años,censo
educacion-censo,"Asiste a la escuela (18 a 29 años, Censo)",2020,Mujeres,Con discapacidad,Nayarit,45-59,0.0,0.0,0.0,,"Censo de Población y Vivienda, cuestionario ampliado (INEGI)",Personas de 18 a 29 años,censo
educacion-censo,"Asiste a la escuela (18 a 29 años, Censo)",2020,Mujeres,Con discapacidad,Nayarit,60+,0.0,0.0,0.0,,"Censo de Población y Vivienda, cuestionario ampliado (INEGI)",Personas de 18 a 29 años,censo
educacion-censo,"Asiste a la escuela (18 a 29 años, Censo)",2020,Mujeres,Con discapacidad,Nuevo León,18-29,1759.0,8856.0,561.0,,"Censo de Población y Vivienda, cuestionario ampliado (INEGI)",Personas de 18 a 29 años,censo
educacion-censo,"Asiste a la escuela (18 a 29 años, Censo)",2020,Mujeres,Con discapacidad,Nuevo León,30-44,0.0,0.0,0.0,,"Censo de Población y Vivienda, cuestionario ampliado (INEGI)",Personas de 18 a 29 años,censo
educacion-censo,"Asiste a la escuela (18 a 29 años, Censo)",2020,Mujeres,Con discapacidad,Nuevo León,45-59,0.0,0.0,0.0,,"Censo de Población y Vivienda, cuestionario ampliado (INEGI)",Personas de 18 a 29 años,censo
educacion-censo,"Asiste a la escuela (18 a 29 años, Censo)",2020,Mujeres,Con discapacidad,Nuevo León,60+,0.0,0.0,0.0,,"Censo de Población y Vivienda, cuestionario ampliado (INEGI)",Personas de 18 a 29 años,censo
educacion-censo,"Asiste a la escuela (18 a 29 años, Censo)",2020,Mujeres,Con discapacidad,Oaxaca,18-29,1249.0,8382.0,4212.0,,"Censo de Población y Vivienda, cuestionario ampliado (INEGI)",Personas de 18 a 29 años,censo
educacion-censo,"Asiste a la escuela (18 a 29 años, Censo)",2020,Mujeres,Con discapacidad,Oaxaca,30-44,0.0,0.0,0.0,,"Censo de Población y Vivienda, cuestionario ampliado (INEGI)",Personas de 18 a 29 años,censo
educacion-censo,"Asiste a la escuela (18 a 29 años, Censo)",2020,Mujeres,Con discapacidad,Oaxaca,45-59,0.0,0.0,0.0,,"Censo de Población y Vivienda, cuestionario ampliado (INEGI)",Personas de 18 a 29 años,censo
educacion-censo,"Asiste a la escuela (18 a 29 años, Censo)",2020,Mujeres,Con discapacidad,Oaxaca,60+,0.0,0.0,0.0,,"Censo de Población y Vivienda, cuestionario ampliado (INEGI)",Personas de 18 a 29 años,censo
educacion-censo,"Asiste a la escuela (18 a 29 años, Censo)",2020,Mujeres,Con discapacidad,Puebla,18-29,2466.0,11485.0,2419.0,,"Censo de Población y Vivienda, cuestionario ampliado (INEGI)",Personas de 18 a 29 años,censo
educacion-censo,"Asiste a la escuela (18 a 29 años, Censo)",2020,Mujeres,Con discapacidad,Puebla,30-44,0.0,0.0,0.0,,"Censo de Población y Vivienda, cuestionario ampliado (INEGI)",Personas de 18 a 29 años,censo
educacion-censo,"Asiste a la escuela (18 a 29 años, Censo)",2020,Mujeres,Con discapacidad,Puebla,45-59,0.0,0.0,0.0,,"Censo de Población y Vivienda, cuestionario ampliado (INEGI)",Personas de 18 a 29 años,censo
educacion-censo,"Asiste a la escuela (18 a 29 años, Censo)",2020,Mujeres,Con discapacidad,Puebla,60+,0.0,0.0,0.0,,"Censo de Población y Vivienda, cuestionario ampliado (INEGI)",Personas de 18 a 29 años,censo
educacion-censo,"Asiste a la escuela (18 a 29 años, Censo)",2020,Mujeres,Con discapacidad,Querétaro,18-29,571.0,3752.0,266.0,,"Censo de Población y Vivienda, cuestionario ampliado (INEGI)",Personas de 18 a 29 años,censo
educacion-censo,"Asiste a la escuela (18 a 29 años, Censo)",2020,Mujeres,Con discapacidad,Querétaro,30-44,0.0,0.0,0.0,,"Censo de Población y Vivienda, cuestionario ampliado (INEGI)",Personas de 18 a 29 años,censo
educacion-censo,"Asiste a la escuela (18 a 29 años, Censo)",2020,Mujeres,Con discapacidad,Querétaro,45-59,0.0,0.0,0.0,,"Censo de Población y Vivienda, cuestionario ampliado (INEGI)",Personas de 18 a 29 años,censo
educacion-censo,"Asiste a la escuela (18 a 29 años, Censo)",2020,Mujeres,Con discapacidad,Querétaro,60+,0.0,0.0,0.0,,"Censo de Población y Vivienda, cuestionario ampliado (INEGI)",Personas de 18 a 29 años,censo
educacion-censo,"Asiste a la escuela (18 a 29 años, Censo)",2020,Mujeres,Con discapacidad,Quintana Roo,18-29,635.0,4273.0,162.0,,"Censo de Población y Vivienda, cuestionario ampliado (INEGI)",Personas de 18 a 29 años,censo
educacion-censo,"Asiste a la escuela (18 a 29 años, Censo)",2020,Mujeres,Con discapacidad,Quintana Roo,30-44,0.0,0.0,0.0,,"Censo de Población y Vivienda, cuestionario ampliado (INEGI)",Personas de 18 a 29 años,censo
educacion-censo,"Asiste a la escuela (18 a 29 años, Censo)",2020,Mujeres,Con discapacidad,Quintana Roo,45-59,0.0,0.0,0.0,,"Censo de Población y Vivienda, cuestionario ampliado (INEGI)",Personas de 18 a 29 años,censo
educacion-censo,"Asiste a la escuela (18 a 29 años, Censo)",2020,Mujeres,Con discapacidad,Quintana Roo,60+,0.0,0.0,0.0,,"Censo de Población y Vivienda, cuestionario ampliado (INEGI)",Personas de 18 a 29 años,censo
educacion-censo,"Asiste a la escuela (18 a 29 años, Censo)",2020,Mujeres,Con discapacidad,San Luis Potosí,18-29,606.0,4834.0,649.0,,"Censo de Población y Vivienda, cuestionario ampliado (INEGI)",Personas de 18 a 29 años,censo
educacion-censo,"Asiste a la escuela (18 a 29 años, Censo)",2020,Mujeres,Con discapacidad,San Luis Potosí,30-44,0.0,0.0,0.0,,"Censo de Población y Vivienda, cuestionario ampliado (INEGI)",Personas de 18 a 29 años,censo
educacion-censo,"Asiste a la escuela (18 a 29 años, Censo)",2020,Mujeres,Con discapacidad,San Luis Potosí,45-59,0.0,0.0,0.0,,"Censo de Población y Vivienda, cuestionario ampliado (INEGI)",Personas de 18 a 29 años,censo
educacion-censo,"Asiste a la escuela (18 a 29 años, Censo)",2020,Mujeres,Con discapacidad,San Luis Potosí,60+,0.0,0.0,0.0,,"Censo de Población y Vivienda, cuestionario ampliado (INEGI)",Personas de 18 a 29 años,censo
educacion-censo,"Asiste a la escuela (18 a 29 años, Censo)",2020,Mujeres,Con discapacidad,Sinaloa,18-29,1283.0,4942.0,285.0,,"Censo de Población y Vivienda, cuestionario ampliado (INEGI)",Personas de 18 a 29 años,censo
educacion-censo,"Asiste a la escuela (18 a 29 años, Censo)",2020,Mujeres,Con discapacidad,Sinaloa,30-44,0.0,0.0,0.0,,"Censo de Población y Vivienda, cuestionario ampliado (INEGI)",Personas de 18 a 29 años,censo
educacion-censo,"Asiste a la escuela (18 a 29 años, Censo)",2020,Mujeres,Con discapacidad,Sinaloa,45-59,0.0,0.0,0.0,,"Censo de Población y Vivienda, cuestionario ampliado (INEGI)",Personas de 18 a 29 años,censo
educacion-censo,"Asiste a la escuela (18 a 29 años, Censo)",2020,Mujeres,Con discapacidad,Sinaloa,60+,0.0,0.0,0.0,,"Censo de Población y Vivienda, cuestionario ampliado (INEGI)",Personas de 18 a 29 años,censo
educacion-censo,"Asiste a la escuela (18 a 29 años, Censo)",2020,Mujeres,Con discapacidad,Sonora,18-29,1511.0,5553.0,510.0,,"Censo de Población y Vivienda, cuestionario ampliado (INEGI)",Personas de 18 a 29 años,censo
educacion-censo,"Asiste a la escuela (18 a 29 años, Censo)",2020,Mujeres,Con discapacidad,Sonora,30-44,0.0,0.0,0.0,,"Censo de Población y Vivienda, cuestionario ampliado (INEGI)",Personas de 18 a 29 años,censo
educacion-censo,"Asiste a la escuela (18 a 29 años, Censo)",2020,Mujeres,Con discapacidad,Sonora,45-59,0.0,0.0,0.0,,"Censo de Población y Vivienda, cuestionario ampliado (INEGI)",Personas de 18 a 29 años,censo
educacion-censo,"Asiste a la escuela (18 a 29 años, Censo)",2020,Mujeres,Con discapacidad,Sonora,60+,0.0,0.0,0.0,,"Censo de Población y Vivienda, cuestionario ampliado (INEGI)",Personas de 18 a 29 años,censo
educacion-censo,"Asiste a la escuela (18 a 29 años, Censo)",2020,Mujeres,Con discapacidad,Tabasco,18-29,1480.0,5731.0,338.0,,"Censo de Población y Vivienda, cuestionario ampliado (INEGI)",Personas de 18 a 29 años,censo
educacion-censo,"Asiste a la escuela (18 a 29 años, Censo)",2020,Mujeres,Con discapacidad,Tabasco,30-44,0.0,0.0,0.0,,"Censo de Población y Vivienda, cuestionario ampliado (INEGI)",Personas de 18 a 29 años,censo
educacion-censo,"Asiste a la escuela (18 a 29 años, Censo)",2020,Mujeres,Con discapacidad,Tabasco,45-59,0.0,0.0,0.0,,"Censo de Población y Vivienda, cuestionario ampliado (INEGI)",Personas de 18 a 29 años,censo
educacion-censo,"Asiste a la escuela (18 a 29 años, Censo)",2020,Mujeres,Con discapacidad,Tabasco,60+,0.0,0.0,0.0,,"Censo de Población y Vivienda, cuestionario ampliado (INEGI)",Personas de 18 a 29 años,censo
educacion-censo,"Asiste a la escuela (18 a 29 años, Censo)",2020,Mujeres,Con discapacidad,Tamaulipas,18-29,983.0,4736.0,302.0,,"Censo de Población y Vivienda, cuestionario ampliado (INEGI)",Personas de 18 a 29 años,censo
educacion-censo,"Asiste a la escuela (18 a 29 años, Censo)",2020,Mujeres,Con discapacidad,Tamaulipas,30-44,0.0,0.0,0.0,,"Censo de Población y Vivienda, cuestionario ampliado (INEGI)",Personas de 18 a 29 años,censo
educacion-censo,"Asiste a la escuela (18 a 29 años, Censo)",2020,Mujeres,Con discapacidad,Tamaulipas,45-59,0.0,0.0,0.0,,"Censo de Población y Vivienda, cuestionario ampliado (INEGI)",Personas de 18 a 29 años,censo
educacion-censo,"Asiste a la escuela (18 a 29 años, Censo)",2020,Mujeres,Con discapacidad,Tamaulipas,60+,0.0,0.0,0.0,,"Censo de Población y Vivienda, cuestionario ampliado (INEGI)",Personas de 18 a 29 años,censo
educacion-censo,"Asiste a la escuela (18 a 29 años, Censo)",2020,Mujeres,Con discapacidad,Tlaxcala,18-29,424.0,2216.0,549.0,,"Censo de Población y Vivienda, cuestionario ampliado (INEGI)",Personas de 18 a 29 años,censo
educacion-censo,"Asiste a la escuela (18 a 29 años, Censo)",2020,Mujeres,Con discapacidad,Tlaxcala,30-44,0.0,0.0,0.0,,"Censo de Población y Vivienda, cuestionario ampliado (INEGI)",Personas de 18 a 29 años,censo
educacion-censo,"Asiste a la escuela (18 a 29 años, Censo)",2020,Mujeres,Con discapacidad,Tlaxcala,45-59,0.0,0.0,0.0,,"Censo de Población y Vivienda, cuestionario ampliado (INEGI)",Personas de 18 a 29 años,censo
educacion-censo,"Asiste a la escuela (18 a 29 años, Censo)",2020,Mujeres,Con discapacidad,Tlaxcala,60+,0.0,0.0,0.0,,"Censo de Población y Vivienda, cuestionario ampliado (INEGI)",Personas de 18 a 29 años,censo
educacion-censo,"Asiste a la escuela (18 a 29 años, Censo)",2020,Mujeres,Con discapacidad,Veracruz,18-29,2778.0,13567.0,2429.0,,"Censo de Población y Vivienda, cuestionario ampliado (INEGI)",Personas de 18 a 29 años,censo
educacion-censo,"Asiste a la escuela (18 a 29 años, Censo)",2020,Mujeres,Con discapacidad,Veracruz,30-44,0.0,0.0,0.0,,"Censo de Población y Vivienda, cuestionario ampliado (INEGI)",Personas de 18 a 29 años,censo
educacion-censo,"Asiste a la escuela (18 a 29 años, Censo)",2020,Mujeres,Con discapacidad,Veracruz,45-59,0.0,0.0,0.0,,"Censo de Población y Vivienda, cuestionario ampliado (INEGI)",Personas de 18 a 29 años,censo
educacion-censo,"Asiste a la escuela (18 a 29 años, Censo)",2020,Mujeres,Con discapacidad,Veracruz,60+,0.0,0.0,0.0,,"Censo de Población y Vivienda, cuestionario ampliado (INEGI)",Personas de 18 a 29 años,censo
educacion-censo,"Asiste a la escuela (18 a 29 años, Censo)",2020,Mujeres,Con discapacidad,Yucatán,18-29,1672.0,4797.0,823.0,,"Censo de Población y Vivienda, cuestionario ampliado (INEGI)",Personas de 18 a 29 años,censo
educacion-censo,"Asiste a la escuela (18 a 29 años, Censo)",2020,Mujeres,Con discapacidad,Yucatán,30-44,0.0,0.0,0.0,,"Censo de Población y Vivienda, cuestionario ampliado (INEGI)",Personas de 18 a 29 años,censo
educacion-censo,"Asiste a la escuela (18 a 29 años, Censo)",2020,Mujeres,Con discapacidad,Yucatán,45-59,0.0,0.0,0.0,,"Censo de Población y Vivienda, cuestionario ampliado (INEGI)",Personas de 18 a 29 años,censo
educacion-censo,"Asiste a la escuela (18 a 29 años, Censo)",2020,Mujeres,Con discapacidad,Yucatán,60+,0.0,0.0,0.0,,"Censo de Población y Vivienda, cuestionario ampliado (INEGI)",Personas de 18 a 29 años,censo
educacion-censo,"Asiste a la escuela (18 a 29 años, Censo)",2020,Mujeres,Con discapacidad,Zacatecas,18-29,660.0,3326.0,621.0,,"Censo de Población y Vivienda, cuestionario ampliado (INEGI)",Personas de 18 a 29 años,censo
educacion-censo,"Asiste a la escuela (18 a 29 años, Censo)",2020,Mujeres,Con discapacidad,Zacatecas,30-44,0.0,0.0,0.0,,"Censo de Población y Vivienda, cuestionario ampliado (INEGI)",Personas de 18 a 29 años,censo
educacion-censo,"Asiste a la escuela (18 a 29 años, Censo)",2020,Mujeres,Con discapacidad,Zacatecas,45-59,0.0,0.0,0.0,,"Censo de Población y Vivienda, cuestionario ampliado (INEGI)",Personas de 18 a 29 años,censo
educacion-censo,"Asiste a la escuela (18 a 29 años, Censo)",2020,Mujeres,Con discapacidad,Zacatecas,60+,0.0,0.0,0.0,,"Censo de Población y Vivienda, cuestionario ampliado (INEGI)",Personas de 18 a 29 años,censo
educacion-censo,"Asiste a la escuela (18 a 29 años, Censo)",2020,Mujeres,Sin discapacidad,Aguascalientes,18-29,35508.0,148517.0,10019.0,,"Censo de Población y Vivienda, cuestionario ampliado (INEGI)",Personas de 18 a 29 años,censo
educacion-censo,"Asiste a la escuela (18 a 29 años, Censo)",2020,Mujeres,Sin discapacidad,Aguascalientes,30-44,0.0,0.0,0.0,,"Censo de Población y Vivienda, cuestionario ampliado (INEGI)",Personas de 18 a 29 años,censo
educacion-censo,"Asiste a la escuela (18 a 29 años, Censo)",2020,Mujeres,Sin discapacidad,Aguascalientes,45-59,0.0,0.0,0.0,,"Censo de Población y Vivienda, cuestionario ampliado (INEGI)",Personas de 18 a 29 años,censo
educacion-censo,"Asiste a la escuela (18 a 29 años, Censo)",2020,Mujeres,Sin discapacidad,Aguascalientes,60+,0.0,0.0,0.0,,"Censo de Población y Vivienda, cuestionario ampliado (INEGI)",Personas de 18 a 29 años,censo
educacion-censo,"Asiste a la escuela (18 a 29 años, Censo)",2020,Mujeres,Sin discapacidad,Baja California,18-29,86862.0,379231.0,7939.0,,"Censo de Población y Vivienda, cuestionario ampliado (INEGI)",Personas de 18 a 29 años,censo
educacion-censo,"Asiste a la escuela (18 a 29 años, Censo)",2020,Mujeres,Sin discapacidad,Baja California,30-44,0.0,0.0,0.0,,"Censo de Población y Vivienda, cuestionario ampliado (INEGI)",Personas de 18 a 29 años,censo
educacion-censo,"Asiste a la escuela (18 a 29 años, Censo)",2020,Mujeres,Sin discapacidad,Baja California,45-59,0.0,0.0,0.0,,"Censo de Población y Vivienda, cuestionario ampliado (INEGI)",Personas de 18 a 29 años,censo
educacion-censo,"Asiste a la escuela (18 a 29 años, Censo)",2020,Mujeres,Sin discapacidad,Baja California,60+,0.0,0.0,0.0,,"Censo de Población y Vivienda, cuestionario ampliado (INEGI)",Personas de 18 a 29 años,censo
educacion-censo,"Asiste a la escuela (18 a 29 años, Censo)",2020,Mujeres,Sin discapacidad,Baja California Sur,18-29,16502.0,77273.0,4304.0,,"Censo de Población y Vivienda, cuestionario ampliado (INEGI)",Personas de 18 a 29 años,censo
educacion-censo,"Asiste a la escuela (18 a 29 años, Censo)",2020,Mujeres,Sin discapacidad,Baja California Sur,30-44,0.0,0.0,0.0,,"Censo de Población y Vivienda, cuestionario ampliado (INEGI)",Personas de 18 a 29 años,censo
educacion-censo,"Asiste a la escuela (18 a 29 años, Censo)",2020,Mujeres,Sin discapacidad,Baja California Sur,45-59,0.0,0.0,0.0,,"Censo de Población y Vivienda, cuestionario ampliado (INEGI)",Personas de 18 a 29 años,censo
educacion-censo,"Asiste a la escuela (18 a 29 años, Censo)",2020,Mujeres,Sin discapacidad,Baja California Sur,60+,0.0,0.0,0.0,,"Censo de Población y Vivienda, cuestionario ampliado (INEGI)",Personas de 18 a 29 años,censo
educacion-censo,"Asiste a la escuela (18 a 29 años, Censo)",2020,Mujeres,Sin discapacidad,Campeche,18-29,19709.0,86729.0,7889.0,,"Censo de Población y Vivienda, cuestionario ampliado (INEGI)",Personas de 18 a 29 años,censo
educacion-censo,"Asiste a la escuela (18 a 29 años, Censo)",2020,Mujeres,Sin discapacidad,Campeche,30-44,0.0,0.0,0.0,,"Censo de Población y Vivienda, cuestionario ampliado (INEGI)",Personas de 18 a 29 años,censo
educacion-censo,"Asiste a la escuela (18 a 29 años, Censo)",2020,Mujeres,Sin discapacidad,Campeche,45-59,0.0,0.0,0.0,,"Censo de Población y Vivienda, cuestionario ampliado (INEGI)",Personas de 18 a 29 años,censo
educacion-censo,"Asiste a la escuela (18 a 29 años, Censo)",2020,Mujeres,Sin discapacidad,Campeche,60+,0.0,0.0,0.0,,"Censo de Población y Vivienda, cuestionario ampliado (INEGI)",Personas de 18 a 29 años,censo
educacion-censo,"Asiste a la escuela (18 a 29 años, Censo)",2020,Mujeres,Sin discapacidad,Chiapas,18-29,70552.0,564915.0,130649.0,,"Censo de Población y Vivienda, cuestionario ampliado (INEGI)",Personas de 18 a 29 años,censo
educacion-censo,"Asiste a la escuela (18 a 29 años, Censo)",2020,Mujeres,Sin discapacidad,Chiapas,30-44,0.0,0.0,0.0,,"Censo de Población y Vivienda, cuestionario ampliado (INEGI)",Personas de 18 a 29 años,censo
educacion-censo,"Asiste a la escuela (18 a 29 años, Censo)",2020,Mujeres,Sin discapacidad,Chiapas,45-59,0.0,0.0,0.0,,"Censo de Población y Vivienda, cuestionario ampliado (INEGI)",Personas de 18 a 29 años,censo
educacion-censo,"Asiste a la escuela (18 a 29 años, Censo)",2020,Mujeres,Sin discapacidad,Chiapas,60+,0.0,0.0,0.0,,"Censo de Población y Vivienda, cuestionario ampliado (INEGI)",Personas de 18 a 29 años,censo
educacion-censo,"Asiste a la escuela (18 a 29 años, Censo)",2020,Mujeres,Sin discapacidad,Chihuahua,18-29,87831.0,365463.0,27406.0,,"Censo de Población y Vivienda, cuestionario ampliado (INEGI)",Personas de 18 a 29 años,censo
educacion-censo,"Asiste a la escuela (18 a 29 años, Censo)",2020,Mujeres,Sin discapacidad,Chihuahua,30-44,0.0,0.0,0.0,,"Censo de Población y Vivienda, cuestionario ampliado (INEGI)",Personas de 18 a 29 años,censo
educacion-censo,"Asiste a la escuela (18 a 29 años, Censo)",2020,Mujeres,Sin discapacidad,Chihuahua,45-59,0.0,0.0,0.0,,"Censo de Población y Vivienda, cuestionario ampliado (INEGI)",Personas de 18 a 29 años,censo
educacion-censo,"Asiste a la escuela (18 a 29 años, Censo)",2020,Mujeres,Sin discapacidad,Chihuahua,60+,0.0,0.0,0.0,,"Censo de Población y Vivienda, cuestionario ampliado (INEGI)",Personas de 18 a 29 años,censo
educacion-censo,"Asiste a la escuela (18 a 29 años, Censo)",2020,Mujeres,Sin discapacidad,Ciudad de México,18-29,265768.0,846295.0,25748.0,,"Censo de Población y Vivienda, cuestionario ampliado (INEGI)",Personas de 18 a 29 años,censo
educacion-censo,"Asiste a la escuela (18 a 29 años, Censo)",2020,Mujeres,Sin discapacidad,Ciudad de México,30-44,0.0,0.0,0.0,,"Censo de Población y Vivienda, cuestionario ampliado (INEGI)",Personas de 18 a 29 años,censo
educacion-censo,"Asiste a la escuela (18 a 29 años, Censo)",2020,Mujeres,Sin discapacidad,Ciudad de México,45-59,0.0,0.0,0.0,,"Censo de Población y Vivienda, cuestionario ampliado (INEGI)",Personas de 18 a 29 años,censo
educacion-censo,"Asiste a la escuela (18 a 29 años, Censo)",2020,Mujeres,Sin discapacidad,Ciudad de México,60+,0.0,0.0,0.0,,"Censo de Población y Vivienda, cuestionario ampliado (INEGI)",Personas de 18 a 29 años,censo
educacion-censo,"Asiste a la escuela (18 a 29 años, Censo)",2020,Mujeres,Sin discapacidad,Coahuila,18-29,62559.0,301919.0,20480.0,,"Censo de Población y Vivienda, cuestionario ampliado (INEGI)",Personas de 18 a 29 años,censo
educacion-censo,"Asiste a la escuela (18 a 29 años, Censo)",2020,Mujeres,Sin discapacidad,Coahuila,30-44,0.0,0.0,0.0,,"Censo de Población y Vivienda, cuestionario ampliado (INEGI)",Personas de 18 a 29 años,censo
educacion-censo,"Asiste a la escuela (18 a 29 años, Censo)",2020,Mujeres,Sin discapacidad,Coahuila,45-59,0.0,0.0,0.0,,"Censo de Población y Vivienda, cuestionario ampliado (INEGI)",Personas de 18 a 29 años,censo
educacion-censo,"Asiste a la escuela (18 a 29 años, Censo)",2020,Mujeres,Sin discapacidad,Coahuila,60+,0.0,0.0,0.0,,"Censo de Población y Vivienda, cuestionario ampliado (INEGI)",Personas de 18 a 29 años,censo
educacion-censo,"Asiste a la escuela (18 a 29 años, Censo)",2020,Mujeres,Sin discapacidad,Colima,18-29,17515.0,70050.0,5684.0,,"Censo de Población y Vivienda, cuestionario ampliado (INEGI)",Personas de 18 a 29 años,censo
educacion-censo,"Asiste a la escuela (18 a 29 años, Censo)",2020,Mujeres,Sin discapacidad,Colima,30-44,0.0,0.0,0.0,,"Censo de Población y Vivienda, cuestionario ampliado (INEGI)",Personas de 18 a 29 años,censo
educacion-censo,"Asiste a la escuela (18 a 29 años, Censo)",2020,Mujeres,Sin discapacidad,Colima,45-59,0.0,0.0,0.0,,"Censo de Población y Vivienda, cuestionario ampliado (INEGI)",Personas de 18 a 29 años,censo
educacion-censo,"Asiste a la escuela (18 a 29 años, Censo)",2020,Mujeres,Sin discapacidad,Colima,60+,0.0,0.0,0.0,,"Censo de Población y Vivienda, cuestionario ampliado (INEGI)",Personas de 18 a 29 años,censo
educacion-censo,"Asiste a la escuela (18 a 29 años, Censo)",2020,Mujeres,Sin discapacidad,Durango,18-29,39022.0,178690.0,23490.0,,"Censo de Población y Vivienda, cuestionario ampliado (INEGI)",Personas de 18 a 29 años,censo
educacion-censo,"Asiste a la escuela (18 a 29 años, Censo)",2020,Mujeres,Sin discapacidad,Durango,30-44,0.0,0.0,0.0,,"Censo de Población y Vivienda, cuestionario ampliado (INEGI)",Personas de 18 a 29 años,censo
educacion-censo,"Asiste a la escuela (18 a 29 años, Censo)",2020,Mujeres,Sin discapacidad,Durango,45-59,0.0,0.0,0.0,,"Censo de Población y Vivienda, cuestionario ampliado (INEGI)",Personas de 18 a 29 años,censo
educacion-censo,"Asiste a la escuela (18 a 29 años, Censo)",2020,Mujeres,Sin discapacidad,Durango,60+,0.0,0.0,0.0,,"Censo de Población y Vivienda, cuestionario ampliado (INEGI)",Personas de 18 a 29 años,censo
educacion-censo,"Asiste a la escuela (18 a 29 años, Censo)",2020,Mujeres,Sin discapacidad,Guanajuato,18-29,114956.0,634172.0,42730.0,,"Censo de Población y Vivienda, cuestionario ampliado (INEGI)",Personas de 18 a 29 años,censo
educacion-censo,"Asiste a la escuela (18 a 29 años, Censo)",2020,Mujeres,Sin discapacidad,Guanajuato,30-44,0.0,0.0,0.0,,"Censo de Población y Vivienda, cuestionario ampliado (INEGI)",Personas de 18 a 29 años,censo
educacion-censo,"Asiste a la escuela (18 a 29 años, Censo)",2020,Mujeres,Sin discapacidad,Guanajuato,45-59,0.0,0.0,0.0,,"Censo de Población y Vivienda, cuestionario ampliado (INEGI)",Personas de 18 a 29 años,censo
educacion-censo,"Asiste a la escuela (18 a 29 años, Censo)",2020,Mujeres,Sin discapacidad,Guanajuato,60+,0.0,0.0,0.0,,"Censo de Población y Vivienda, cuestionario ampliado (INEGI)",Personas de 18 a 29 años,censo
educacion-censo,"Asiste a la escuela (18 a 29 años, Censo)",2020,Mujeres,Sin discapacidad,Guerrero,18-29,61571.0,343855.0,71775.0,,"Censo de Población y Vivienda, cuestionario ampliado (INEGI)",Personas de 18 a 29 años,censo
educacion-censo,"Asiste a la escuela (18 a 29 años, Censo)",2020,Mujeres,Sin discapacidad,Guerrero,30-44,0.0,0.0,0.0,,"Censo de Población y Vivienda, cuestionario ampliado (INEGI)",Personas de 18 a 29 años,censo
educacion-censo,"Asiste a la escuela (18 a 29 años, Censo)",2020,Mujeres,Sin discapacidad,Guerrero,45-59,0.0,0.0,0.0,,"Censo de Población y Vivienda, cuestionario ampliado (INEGI)",Personas de 18 a 29 años,censo
educacion-censo,"Asiste a la escuela (18 a 29 años, Censo)",2020,Mujeres,Sin discapacidad,Guerrero,60+,0.0,0.0,0.0,,"Censo de Población y Vivienda, cuestionario ampliado (INEGI)",Personas de 18 a 29 años,censo
educacion-censo,"Asiste a la escuela (18 a 29 años, Censo)",2020,Mujeres,Sin discapacidad,Hidalgo,18-29,64891.0,289403.0,46338.0,,"Censo de Población y Vivienda, cuestionario ampliado (INEGI)",Personas de 18 a 29 años,censo
educacion-censo,"Asiste a la escuela (18 a 29 años, Censo)",2020,Mujeres,Sin discapacidad,Hidalgo,30-44,0.0,0.0,0.0,,"Censo de Población y Vivienda, cuestionario ampliado (INEGI)",Personas de 18 a 29 años,censo
educacion-censo,"Asiste a la escuela (18 a 29 años, Censo)",2020,Mujeres,Sin discapacidad,Hidalgo,45-59,0.0,0.0,0.0,,"Censo de Población y Vivienda, cuestionario ampliado (INEGI)",Personas de 18 a 29 años,censo
educacion-censo,"Asiste a la escuela (18 a 29 años, Censo)",2020,Mujeres,Sin discapacidad,Hidalgo,60+,0.0,0.0,0.0,,"Censo de Población y Vivienda, cuestionario ampliado (INEGI)",Personas de 18 a 29 años,censo
educacion-censo,"Asiste a la escuela (18 a 29 años, Censo)",2020,Mujeres,Sin discapacidad,Jalisco,18-29,184627.0,828402.0,72965.0,,"Censo de Población y Vivienda, cuestionario ampliado (INEGI)",Personas de 18 a 29 años,censo
educacion-censo,"Asiste a la escuela (18 a 29 años, Censo)",2020,Mujeres,Sin discapacidad,Jalisco,30-44,0.0,0.0,0.0,,"Censo de Población y Vivienda, cuestionario ampliado (INEGI)",Personas de 18 a 29 años,censo
educacion-censo,"Asiste a la escuela (18 a 29 años, Censo)",2020,Mujeres,Sin discapacidad,Jalisco,45-59,0.0,0.0,0.0,,"Censo de Población y Vivienda, cuestionario ampliado (INEGI)",Personas de 18 a 29 años,censo
educacion-censo,"Asiste a la escuela (18 a 29 años, Censo)",2020,Mujeres,Sin discapacidad,Jalisco,60+,0.0,0.0,0.0,,"Censo de Población y Vivienda, cuestionario ampliado (INEGI)",Personas de 18 a 29 años,censo
educacion-censo,"Asiste a la escuela (18 a 29 años, Censo)",2020,Mujeres,Sin discapacidad,Michoacán,18-29,85161.0,462347.0,67333.0,,"Censo de Población y Vivienda, cuestionario ampliado (INEGI)",Personas de 18 a 29 años,censo
educacion-censo,"Asiste a la escuela (18 a 29 años, Censo)",2020,Mujeres,Sin discapacidad,Michoacán,30-44,0.0,0.0,0.0,,"Censo de Población y Vivienda, cuestionario ampliado (INEGI)",Personas de 18 a 29 años,censo
educacion-censo,"Asiste a la escuela (18 a 29 años, Censo)",2020,Mujeres,Sin discapacidad,Michoacán,45-59,0.0,0.0,0.0,,"Censo de Población y Vivienda, cuestionario ampliado (INEGI)",Personas de 18 a 29 años,censo
educacion-censo,"Asiste a la escuela (18 a 29 años, Censo)",2020,Mujeres,Sin discapacidad,Michoacán,60+,0.0,0.0,0.0,,"Censo de Población y Vivienda, cuestionario ampliado (INEGI)",Personas de 18 a 29 años,censo
educacion-censo,"Asiste a la escuela (18 a 29 años, Censo)",2020,Mujeres,Sin discapacidad,Morelos,18-29,44350.0,189884.0,23487.0,,"Censo de Población y Vivienda, cuestionario ampliado (INEGI)",Personas de 18 a 29 años,censo
educacion-censo,"Asiste a la escuela (18 a 29 años, Censo)",2020,Mujeres,Sin discapacidad,Morelos,30-44,0.0,0.0,0.0,,"Censo de Población y Vivienda, cuestionario ampliado (INEGI)",Personas de 18 a 29 años,censo
educacion-censo,"Asiste a la escuela (18 a 29 años, Censo)",2020,Mujeres,Sin discapacidad,Morelos,45-59,0.0,0.0,0.0,,"Censo de Población y Vivienda, cuestionario ampliado (INEGI)",Personas de 18 a 29 años,censo
educacion-censo,"Asiste a la escuela (18 a 29 años, Censo)",2020,Mujeres,Sin discapacidad,Morelos,60+,0.0,0.0,0.0,,"Censo de Población y Vivienda, cuestionario ampliado (INEGI)",Personas de 18 a 29 años,censo
educacion-censo,"Asiste a la escuela (18 a 29 años, Censo)",2020,Mujeres,Sin discapacidad,México,18-29,396830.0,1671456.0,122336.0,,"Censo de Población y Vivienda, cuestionario ampliado (INEGI)",Personas de 18 a 29 años,censo
educacion-censo,"Asiste a la escuela (18 a 29 años, Censo)",2020,Mujeres,Sin discapacidad,México,30-44,0.0,0.0,0.0,,"Censo de Población y Vivienda, cuestionario ampliado (INEGI)",Personas de 18 a 29 años,censo
educacion-censo,"Asiste a la escuela (18 a 29 años, Censo)",2020,Mujeres,Sin discapacidad,México,45-59,0.0,0.0,0.0,,"Censo de Población y Vivienda, cuestionario ampliado (INEGI)",Personas de 18 a 29 años,censo
educacion-censo,"Asiste a la escuela (18 a 29 años, Censo)",2020,Mujeres,Sin discapacidad,México,60+,0.0,0.0,0.0,,"Censo de Población y Vivienda, cuestionario ampliado (INEGI)",Personas de 18 a 29 años,censo
educacion-censo,"Asiste a la escuela (18 a 29 años, Censo)",2020,Mujeres,Sin discapacidad,Nayarit,18-29,27473.0,113099.0,16752.0,,"Censo de Población y Vivienda, cuestionario ampliado (INEGI)",Personas de 18 a 29 años,censo
educacion-censo,"Asiste a la escuela (18 a 29 años, Censo)",2020,Mujeres,Sin discapacidad,Nayarit,30-44,0.0,0.0,0.0,,"Censo de Población y Vivienda, cuestionario ampliado (INEGI)",Personas de 18 a 29 años,censo
educacion-censo,"Asiste a la escuela (18 a 29 años, Censo)",2020,Mujeres,Sin discapacidad,Nayarit,45-59,0.0,0.0,0.0,,"Censo de Población y Vivienda, cuestionario ampliado (INEGI)",Personas de 18 a 29 años,censo
educacion-censo,"Asiste a la escuela (18 a 29 años, Censo)",2020,Mujeres,Sin discapacidad,Nayarit,60+,0.0,0.0,0.0,,"Censo de Población y Vivienda, cuestionario ampliado (INEGI)",Personas de 18 a 29 años,censo
educacion-censo,"Asiste a la escuela (18 a 29 años, Censo)",2020,Mujeres,Sin discapacidad,Nuevo León,18-29,121205.0,567526.0,32000.0,,"Censo de Población y Vivienda, cuestionario ampliado (INEGI)",Personas de 18 a 29 años,censo
educacion-censo,"Asiste a la escuela (18 a 29 años, Censo)",2020,Mujeres,Sin discapacidad,Nuevo León,30-44,0.0,0.0,0.0,,"Censo de Población y Vivienda, cuestionario ampliado (INEGI)",Personas de 18 a 29 años,censo
educacion-censo,"Asiste a la escuela (18 a 29 años, Censo)",2020,Mujeres,Sin discapacidad,Nuevo León,45-59,0.0,0.0,0.0,,"Censo de Población y Vivienda, cuestionario ampliado (INEGI)",Personas de 18 a 29 años,censo
educacion-censo,"Asiste a la escuela (18 a 29 años, Censo)",2020,Mujeres,Sin discapacidad,Nuevo León,60+,0.0,0.0,0.0,,"Censo de Población y Vivienda, cuestionario ampliado (INEGI)",Personas de 18 a 29 años,censo
educacion-censo,"Asiste a la escuela (18 a 29 años, Censo)",2020,Mujeres,Sin discapacidad,Oaxaca,18-29,61682.0,383443.0,177428.0,,"Censo de Población y Vivienda, cuestionario ampliado (INEGI)",Personas de 18 a 29 años,censo
educacion-censo,"Asiste a la escuela (18 a 29 años, Censo)",2020,Mujeres,Sin discapacidad,Oaxaca,30-44,0.0,0.0,0.0,,"Censo de Población y Vivienda, cuestionario ampliado (INEGI)",Personas de 18 a 29 años,censo
educacion-censo,"Asiste a la escuela (18 a 29 años, Censo)",2020,Mujeres,Sin discapacidad,Oaxaca,45-59,0.0,0.0,0.0,,"Censo de Población y Vivienda, cuestionario ampliado (INEGI)",Personas de 18 a 29 años,censo
educacion-censo,"Asiste a la escuela (18 a 29 años, Censo)",2020,Mujeres,Sin discapacidad,Oaxaca,60+,0.0,0.0,0.0,,"Censo de Población y Vivienda, cuestionario ampliado (INEGI)",Personas de 18 a 29 años,censo
educacion-censo,"Asiste a la escuela (18 a 29 años, Censo)",2020,Mujeres,Sin discapacidad,Puebla,18-29,138797.0,665016.0,125940.0,,"Censo de Población y Vivienda, cuestionario ampliado (INEGI)",Personas de 18 a 29 años,censo
educacion-censo,"Asiste a la escuela (18 a 29 años, Censo)",2020,Mujeres,Sin discapacidad,Puebla,30-44,0.0,0.0,0.0,,"Censo de Población y Vivienda, cuestionario ampliado (INEGI)",Personas de 18 a 29 años,censo
educacion-censo,"Asiste a la escuela (18 a 29 años, Censo)",2020,Mujeres,Sin discapacidad,Puebla,45-59,0.0,0.0,0.0,,"Censo de Población y Vivienda, cuestionario ampliado (INEGI)",Personas de 18 a 29 años,censo
educacion-censo,"Asiste a la escuela (18 a 29 años, Censo)",2020,Mujeres,Sin discapacidad,Puebla,60+,0.0,0.0,0.0,,"Censo de Población y Vivienda, cuestionario ampliado (INEGI)",Personas de 18 a 29 años,censo
educacion-censo,"Asiste a la escuela (18 a 29 años, Censo)",2020,Mujeres,Sin discapacidad,Querétaro,18-29,55314.0,244085.0,15182.0,,"Censo de Población y Vivienda, cuestionario ampliado (INEGI)",Personas de 18 a 29 años,censo
educacion-censo,"Asiste a la escuela (18 a 29 años, Censo)",2020,Mujeres,Sin discapacidad,Querétaro,30-44,0.0,0.0,0.0,,"Censo de Población y Vivienda, cuestionario ampliado (INEGI)",Personas de 18 a 29 años,censo
educacion-censo,"Asiste a la escuela (18 a 29 años, Censo)",2020,Mujeres,Sin discapacidad,Querétaro,45-59,0.0,0.0,0.0,,"Censo de Población y Vivienda, cuestionario ampliado (INEGI)",Personas de 18 a 29 años,censo
educacion-censo,"Asiste a la escuela (18 a 29 años, Censo)",2020,Mujeres,Sin discapacidad,Querétaro,60+,0.0,0.0,0.0,,"Censo de Población y Vivienda, cuestionario ampliado (INEGI)",Personas de 18 a 29 años,censo
educacion-censo,"Asiste a la escuela (18 a 29 años, Censo)",2020,Mujeres,Sin discapacidad,Quintana Roo,18-29,34317.0,195777.0,8034.0,,"Censo de Población y Vivienda, cuestionario ampliado (INEGI)",Personas de 18 a 29 años,censo
educacion-censo,"Asiste a la escuela (18 a 29 años, Censo)",2020,Mujeres,Sin discapacidad,Quintana Roo,30-44,0.0,0.0,0.0,,"Censo de Población y Vivienda, cuestionario ampliado (INEGI)",Personas de 18 a 29 años,censo
educacion-censo,"Asiste a la escuela (18 a 29 años, Censo)",2020,Mujeres,Sin discapacidad,Quintana Roo,45-59,0.0,0.0,0.0,,"Censo de Población y Vivienda, cuestionario ampliado (INEGI)",Personas de 18 a 29 años,censo
educacion-censo,"Asiste a la escuela (18 a 29 años, Censo)",2020,Mujeres,Sin discapacidad,Quintana Roo,60+,0.0,0.0,0.0,,"Censo de Población y Vivienda, cuestionario ampliado (INEGI)",Personas de 18 a 29 años,censo
educacion-censo,"Asiste a la escuela (18 a 29 años, Censo)",2020,Mujeres,Sin discapacidad,San Luis Potosí,18-29,58260.0,274752.0,33595.0,,"Censo de Población y Vivienda, cuestionario ampliado (INEGI)",Personas de 18 a 29 años,censo
educacion-censo,"Asiste a la escuela (18 a 29 años, Censo)",2020,Mujeres,Sin discapacidad,San Luis Potosí,30-44,0.0,0.0,0.0,,"Censo de Población y Vivienda, cuestionario ampliado (INEGI)",Personas de 18 a 29 años,censo
educacion-censo,"Asiste a la escuela (18 a 29 años, Censo)",2020,Mujeres,Sin discapacidad,San Luis Potosí,45-59,0.0,0.0,0.0,,"Censo de Población y Vivienda, cuestionario ampliado (INEGI)",Personas de 18 a 29 años,censo
educacion-censo,"Asiste a la escuela (18 a 29 años, Censo)",2020,Mujeres,Sin discapacidad,San Luis Potosí,60+,0.0,0.0,0.0,,"Censo de Población y Vivienda, cuestionario ampliado (INEGI)",Personas de 18 a 29 años,censo
educacion-censo,"Asiste a la escuela (18 a 29 años, Censo)",2020,Mujeres,Sin discapacidad,Sinaloa,18-29,85593.0,294479.0,15393.0,,"Censo de Población y Vivienda, cuestionario ampliado (INEGI)",Personas de 18 a 29 años,censo
educacion-censo,"Asiste a la escuela (18 a 29 años, Censo)",2020,Mujeres,Sin discapacidad,Sinaloa,30-44,0.0,0.0,0.0,,"Censo de Población y Vivienda, cuestionario ampliado (INEGI)",Personas de 18 a 29 años,censo
educacion-censo,"Asiste a la escuela (18 a 29 años, Censo)",2020,Mujeres,Sin discapacidad,Sinaloa,45-59,0.0,0.0,0.0,,"Censo de Población y Vivienda, cuestionario ampliado (INEGI)",Personas de 18 a 29 años,censo
educacion-censo,"Asiste a la escuela (18 a 29 años, Censo)",2020,Mujeres,Sin discapacidad,Sinaloa,60+,0.0,0.0,0.0,,"Censo de Población y Vivienda, cuestionario ampliado (INEGI)",Personas de 18 a 29 años,censo
educacion-censo,"Asiste a la escuela (18 a 29 años, Censo)",2020,Mujeres,Sin discapacidad,Sonora,18-29,66784.0,278534.0,22515.0,,"Censo de Población y Vivienda, cuestionario ampliado (INEGI)",Personas de 18 a 29 años,censo
educacion-censo,"Asiste a la escuela (18 a 29 años, Censo)",2020,Mujeres,Sin discapacidad,Sonora,30-44,0.0,0.0,0.0,,"Censo de Población y Vivienda, cuestionario ampliado (INEGI)",Personas de 18 a 29 años,censo
educacion-censo,"Asiste a la escuela (18 a 29 años, Censo)",2020,Mujeres,Sin discapacidad,Sonora,45-59,0.0,0.0,0.0,,"Censo de Población y Vivienda, cuestionario ampliado (INEGI)",Personas de 18 a 29 años,censo
educacion-censo,"Asiste a la escuela (18 a 29 años, Censo)",2020,Mujeres,Sin discapacidad,Sonora,60+,0.0,0.0,0.0,,"Censo de Población y Vivienda, cuestionario ampliado (INEGI)",Personas de 18 a 29 años,censo
educacion-censo,"Asiste a la escuela (18 a 29 años, Censo)",2020,Mujeres,Sin discapacidad,Tabasco,18-29,51237.0,226594.0,14618.0,,"Censo de Población y Vivienda, cuestionario ampliado (INEGI)",Personas de 18 a 29 años,censo
educacion-censo,"Asiste a la escuela (18 a 29 años, Censo)",2020,Mujeres,Sin discapacidad,Tabasco,30-44,0.0,0.0,0.0,,"Censo de Población y Vivienda, cuestionario ampliado (INEGI)",Personas de 18 a 29 años,censo
educacion-censo,"Asiste a la escuela (18 a 29 años, Censo)",2020,Mujeres,Sin discapacidad,Tabasco,45-59,0.0,0.0,0.0,,"Censo de Población y Vivienda, cuestionario ampliado (INEGI)",Personas de 18 a 29 años,censo
educacion-censo,"Asiste a la escuela (18 a 29 años, Censo)",2020,Mujeres,Sin discapacidad,Tabasco,60+,0.0,0.0,0.0,,"Censo de Población y Vivienda, cuestionario ampliado (INEGI)",Personas de 18 a 29 años,censo
educacion-censo,"Asiste a la escuela (18 a 29 años, Censo)",2020,Mujeres,Sin discapacidad,Tamaulipas,18-29,74472.0,333244.0,21440.0,,"Censo de Población y Vivienda, cuestionario ampliado (INEGI)",Personas de 18 a 29 años,censo
educacion-censo,"Asiste a la escuela (18 a 29 años, Censo)",2020,Mujeres,Sin discapacidad,Tamaulipas,30-44,0.0,0.0,0.0,,"Censo de Población y Vivienda, cuestionario ampliado (INEGI)",Personas de 18 a 29 años,censo
educacion-censo,"Asiste a la escuela (18 a 29 años, Censo)",2020,Mujeres,Sin discapacidad,Tamaulipas,45-59,0.0,0.0,0.0,,"Censo de Población y Vivienda, cuestionario ampliado (INEGI)",Personas de 18 a 29 años,censo
educacion-censo,"Asiste a la escuela (18 a 29 años, Censo)",2020,Mujeres,Sin discapacidad,Tamaulipas,60+,0.0,0.0,0.0,,"Censo de Población y Vivienda, cuestionario ampliado (INEGI)",Personas de 18 a 29 años,censo
educacion-censo,"Asiste a la escuela (18 a 29 años, Censo)",2020,Mujeres,Sin discapacidad,Tlaxcala,18-29,28736.0,132617.0,34894.0,,"Censo de Población y Vivienda, cuestionario ampliado (INEGI)",Personas de 18 a 29 años,censo
educacion-censo,"Asiste a la escuela (18 a 29 años, Censo)",2020,Mujeres,Sin discapacidad,Tlaxcala,30-44,0.0,0.0,0.0,,"Censo de Población y Vivienda, cuestionario ampliado (INEGI)",Personas de 18 a 29 años,censo
educacion-censo,"Asiste a la escuela (18 a 29 años, Censo)",2020,Mujeres,Sin discapacidad,Tlaxcala,45-59,0.0,0.0,0.0,,"Censo de Población y Vivienda, cuestionario ampliado (INEGI)",Personas de 18 a 29 años,censo
educacion-censo,"Asiste a la escuela (18 a 29 años, Censo)",2020,Mujeres,Sin discapacidad,Tlaxcala,60+,0.0,0.0,0.0,,"Censo de Población y Vivienda, cuestionario ampliado (INEGI)",Personas de 18 a 29 años,censo
educacion-censo,"Asiste a la escuela (18 a 29 años, Censo)",2020,Mujeres,Sin discapacidad,Veracruz,18-29,147985.0,735058.0,130516.0,,"Censo de Población y Vivienda, cuestionario ampliado (INEGI)",Personas de 18 a 29 años,censo
educacion-censo,"Asiste a la escuela (18 a 29 años, Censo)",2020,Mujeres,Sin discapacidad,Veracruz,30-44,0.0,0.0,0.0,,"Censo de Población y Vivienda, cuestionario ampliado (INEGI)",Personas de 18 a 29 años,censo
educacion-censo,"Asiste a la escuela (18 a 29 años, Censo)",2020,Mujeres,Sin discapacidad,Veracruz,45-59,0.0,0.0,0.0,,"Censo de Población y Vivienda, cuestionario ampliado (INEGI)",Personas de 18 a 29 años,censo
educacion-censo,"Asiste a la escuela (18 a 29 años, Censo)",2020,Mujeres,Sin discapacidad,Veracruz,60+,0.0,0.0,0.0,,"Censo de Población y Vivienda, cuestionario ampliado (INEGI)",Personas de 18 a 29 años,censo
educacion-censo,"Asiste a la escuela (18 a 29 años, Censo)",2020,Mujeres,Sin discapacidad,Yucatán,18-29,51834.0,228152.0,45998.0,,"Censo de Población y Vivienda, cuestionario ampliado (INEGI)",Personas de 18 a 29 años,censo
educacion-censo,"Asiste a la escuela (18 a 29 años, Censo)",2020,Mujeres,Sin discapacidad,Yucatán,30-44,0.0,0.0,0.0,,"Censo de Población y Vivienda, cuestionario ampliado (INEGI)",Personas de 18 a 29 años,censo
educacion-censo,"Asiste a la escuela (18 a 29 años, Censo)",2020,Mujeres,Sin discapacidad,Yucatán,45-59,0.0,0.0,0.0,,"Censo de Población y Vivienda, cuestionario ampliado (INEGI)",Personas de 18 a 29 años,censo
educacion-censo,"Asiste a la escuela (18 a 29 años, Censo)",2020,Mujeres,Sin discapacidad,Yucatán,60+,0.0,0.0,0.0,,"Censo de Población y Vivienda, cuestionario ampliado (INEGI)",Personas de 18 a 29 años,censo
educacion-censo,"Asiste a la escuela (18 a 29 años, Censo)",2020,Mujeres,Sin discapacidad,Zacatecas,18-29,35391.0,152995.0,26395.0,,"Censo de Población y Vivienda, cuestionario ampliado (INEGI)",Personas de 18 a 29 años,censo
educacion-censo,"Asiste a la escuela (18 a 29 años, Censo)",2020,Mujeres,Sin discapacidad,Zacatecas,30-44,0.0,0.0,0.0,,"Censo de Población y Vivienda, cuestionario ampliado (INEGI)",Personas de 18 a 29 años,censo
educacion-censo,"Asiste a la escuela (18 a 29 años, Censo)",2020,Mujeres,Sin discapacidad,Zacatecas,45-59,0.0,0.0,0.0,,"Censo de Población y Vivienda, cuestionario ampliado (INEGI)",Personas de 18 a 29 años,censo
educacion-censo,"Asiste a la escuela (18 a 29 años, Censo)",2020,Mujeres,Sin discapacidad,Zacatecas,60+,0.0,0.0,0.0,,"Censo de Población y Vivienda, cuestionario ampliado (INEGI)",Personas de 18 a 29 años,censo
educacion-censo,Educación media superior o más (Censo),2020,Hombres,Con discapacidad,Aguascalientes,18-29,702.0,3456.0,207.0,,"Censo de Población y Vivienda, cuestionario ampliado (INEGI)",Personas de 18 años o más,censo
educacion-censo,Educación media superior o más (Censo),2020,Hombres,Con discapacidad,Aguascalientes,30-44,1542.0,5240.0,321.0,,"Censo de Población y Vivienda, cuestionario ampliado (INEGI)",Personas de 18 años o más,censo
educacion-censo,Educación media superior o más (Censo),2020,Hombres,Con discapacidad,Aguascalientes,45-59,2384.0,6333.0,459.0,,"Censo de Población y Vivienda, cuestionario ampliado (INEGI)",Personas de 18 años o más,censo
educacion-censo,Educación media superior o más (Censo),2020,Hombres,Con discapacidad,Aguascalientes,60+,4506.0,13270.0,995.0,,"Censo de Población y Vivienda, cuestionario ampliado (INEGI)",Personas de 18 años o más,censo
educacion-censo,Educación media superior o más (Censo),2020,Hombres,Con discapacidad,Baja California,18-29,1702.0,8010.0,170.0,,"Censo de Población y Vivienda, cuestionario ampliado (INEGI)",Personas de 18 años o más,censo
educacion-censo,Educación media superior o más (Censo),2020,Hombres,Con discapacidad,Baja California,30-44,2252.0,9875.0,205.0,,"Censo de Población y Vivienda, cuestionario ampliado (INEGI)",Personas de 18 años o más,censo
educacion-censo,Educación media superior o más (Censo),2020,Hombres,Con discapacidad,Baja California,45-59,4510.0,15167.0,351.0,,"Censo de Población y Vivienda, cuestionario ampliado (INEGI)",Personas de 18 años o más,censo
educacion-censo,Educación media superior o más (Censo),2020,Hombres,Con discapacidad,Baja California,60+,11184.0,29917.0,651.0,,"Censo de Población y Vivienda, cuestionario ampliado (INEGI)",Personas de 18 años o más,censo
educacion-censo,Educación media superior o más (Censo),2020,Hombres,Con discapacidad,Baja California Sur,18-29,287.0,1233.0,71.0,,"Censo de Población y Vivienda, cuestionario ampliado (INEGI)",Personas de 18 años o más,censo
educacion-censo,Educación media superior o más (Censo),2020,Hombres,Con discapacidad,Baja California Sur,30-44,574.0,1996.0,121.0,,"Censo de Población y Vivienda, cuestionario ampliado (INEGI)",Personas de 18 años o más,censo
educacion-censo,Educación media superior o más (Censo),2020,Hombres,Con discapacidad,Baja California Sur,45-59,1027.0,3105.0,190.0,,"Censo de Población y Vivienda, cuestionario ampliado (INEGI)",Personas de 18 años o más,censo
educacion-censo,Educación media superior o más (Censo),2020,Hombres,Con discapacidad,Baja California Sur,60+,2700.0,6334.0,415.0,,"Censo de Población y Vivienda, cuestionario ampliado (INEGI)",Personas de 18 años o más,censo
educacion-censo,Educación media superior o más (Censo),2020,Hombres,Con discapacidad,Campeche,18-29,407.0,2019.0,169.0,,"Censo de Población y Vivienda, cuestionario ampliado (INEGI)",Personas de 18 años o más,censo
educacion-censo,Educación media superior o más (Censo),2020,Hombres,Con discapacidad,Campeche,30-44,495.0,2332.0,231.0,,"Censo de Población y Vivienda, cuestionario ampliado (INEGI)",Personas de 18 años o más,censo
educacion-censo,Educación media superior o más (Censo),2020,Hombres,Con discapacidad,Campeche,45-59,1424.0,4824.0,419.0,,"Censo de Población y Vivienda, cuestionario ampliado (INEGI)",Personas de 18 años o más,censo
educacion-censo,Educación media superior o más (Censo),2020,Hombres,Con discapacidad,Campeche,60+,3022.0,11431.0,1095.0,,"Censo de Población y Vivienda, cuestionario ampliado (INEGI)",Personas de 18 años o más,censo
educacion-censo,Educación media superior o más (Censo),2020,Hombres,Con discapacidad,Chiapas,18-29,1892.0,8931.0,1930.0,,"Censo de Población y Vivienda, cuestionario ampliado (INEGI)",Personas de 18 años o más,censo
educacion-censo,Educación media superior o más (Censo),2020,Hombres,Con discapacidad,Chiapas,30-44,3406.0,11113.0,2361.0,,"Censo de Población y Vivienda, cuestionario ampliado (INEGI)",Personas de 18 años o más,censo
educacion-censo,Educación media superior o más (Censo),2020,Hombres,Con discapacidad,Chiapas,45-59,5788.0,17604.0,3446.0,,"Censo de Población y Vivienda, cuestionario ampliado (INEGI)",Personas de 18 años o más,censo
educacion-censo,Educación media superior o más (Censo),2020,Hombres,Con discapacidad,Chiapas,60+,10433.0,49634.0,10316.0,,"Censo de Población y Vivienda, cuestionario ampliado (INEGI)",Personas de 18 años o más,censo
educacion-censo,Educación media superior o más (Censo),2020,Hombres,Con discapacidad,Chihuahua,18-29,1144.0,6257.0,473.0,,"Censo de Población y Vivienda, cuestionario ampliado (INEGI)",Personas de 18 años o más,censo
educacion-censo,Educación media superior o más (Censo),2020,Hombres,Con discapacidad,Chihuahua,30-44,2389.0,7378.0,700.0,,"Censo de Población y Vivienda, cuestionario ampliado (INEGI)",Personas de 18 años o más,censo
educacion-censo,Educación media superior o más (Censo),2020,Hombres,Con discapacidad,Chihuahua,45-59,6858.0,15311.0,1352.0,,"Censo de Población y Vivienda, cuestionario ampliado (INEGI)",Personas de 18 años o más,censo
educacion-censo,Educación media superior o más (Censo),2020,Hombres,Con discapacidad,Chihuahua,60+,12027.0,32337.0,4271.0,,"Censo de Población y Vivienda, cuestionario ampliado (INEGI)",Personas de 18 años o más,censo
educacion-censo,Educación media superior o más (Censo),2020,Hombres,Con discapacidad,Ciudad de México,18-29,3887.0,18209.0,545.0,,"Censo de Población y Vivienda, cuestionario ampliado (INEGI)",Personas de 18 años o más,censo
educacion-censo,Educación media superior o más (Censo),2020,Hombres,Con discapacidad,Ciudad de México,30-44,6342.0,22721.0,715.0,,"Censo de Población y Vivienda, cuestionario ampliado (INEGI)",Personas de 18 años o más,censo
educacion-censo,Educación media superior o más (Censo),2020,Hombres,Con discapacidad,Ciudad de México,45-59,11314.0,41844.0,1273.0,,"Censo de Población y Vivienda, cuestionario ampliado (INEGI)",Personas de 18 años o más,censo
educacion-censo,Educación media superior o más (Censo),2020,Hombres,Con discapacidad,Ciudad de México,60+,42196.0,103242.0,2971.0,,"Censo de Población y Vivienda, cuestionario ampliado (INEGI)",Personas de 18 años o más,censo
educacion-censo,Educación media superior o más (Censo),2020,Hombres,Con discapacidad,Coahuila,18-29,960.0,4860.0,367.0,,"Censo de Población y Vivienda, cuestionario ampliado (INEGI)",Personas de 18 años o más,censo
educacion-censo,Educación media superior o más (Censo),2020,Hombres,Con discapacidad,Coahuila,30-44,1952.0,7438.0,584.0,,"Censo de Población y Vivienda, cuestionario ampliado (INEGI)",Personas de 18 años o más,censo
educacion-censo,Educación media superior o más (Censo),2020,Hombres,Con discapacidad,Coahuila,45-59,3544.0,11957.0,1057.0,,"Censo de Población y Vivienda, cuestionario ampliado (INEGI)",Personas de 18 años o más,censo
educacion-censo,Educación media superior o más (Censo),2020,Hombres,Con discapacidad,Coahuila,60+,11651.0,27109.0,2556.0,,"Censo de Población y Vivienda, cuestionario ampliado (INEGI)",Personas de 18 años o más,censo
educacion-censo,Educación media superior o más (Censo),2020,Hombres,Con discapacidad,Colima,18-29,172.0,1195.0,120.0,,"Censo de Población y Vivienda, cuestionario ampliado (INEGI)",Personas de 18 años o más,censo
educacion-censo,Educación media superior o más (Censo),2020,Hombres,Con discapacidad,Colima,30-44,430.0,1974.0,191.0,,"Censo de Población y Vivienda, cuestionario ampliado (INEGI)",Personas de 18 años o más,censo
educacion-censo,Educación media superior o más (Censo),2020,Hombres,Con discapacidad,Colima,45-59,1225.0,3275.0,311.0,,"Censo de Población y Vivienda, cuestionario ampliado (INEGI)",Personas de 18 años o más,censo
educacion-censo,Educación media superior o más (Censo),2020,Hombres,Con discapacidad,Colima,60+,2793.0,8369.0,865.0,,"Censo de Población y Vivienda, cuestionario ampliado (INEGI)",Personas de 18 años o más,censo
educacion-censo,Educación media superior o más (Censo),2020,Hombres,Con discapacidad,Durango,18-29,963.0,4125.0,521.0,,"Censo de Población y Vivienda, cuestionario ampliado (INEGI)",Personas de 18 años o más,censo
educacion-censo,Educación media superior o más (Censo),2020,Hombres,Con discapacidad,Durango,30-44,1573.0,5311.0,742.0,,"Censo de Población y Vivienda, cuestionario ampliado (INEGI)",Personas de 18 años o más,censo
educacion-censo,Educación media superior o más (Censo),2020,Hombres,Con discapacidad,Durango,45-59,2679.0,7980.0,1174.0,,"Censo de Población y Vivienda, cuestionario ampliado (INEGI)",Personas de 18 años o más,censo
educacion-censo,Educación media superior o más (Censo),2020,Hombres,Con discapacidad,Durango,60+,7144.0,21034.0,3655.0,,"Censo de Población y Vivienda, cuestionario ampliado (INEGI)",Personas de 18 años o más,censo
educacion-censo,Educación media superior o más (Censo),2020,Hombres,Con discapacidad,Guanajuato,18-29,2369.0,12347.0,825.0,,"Censo de Población y Vivienda, cuestionario ampliado (INEGI)",Personas de 18 años o más,censo
educacion-censo,Educación media superior o más (Censo),2020,Hombres,Con discapacidad,Guanajuato,30-44,4216.0,16482.0,1015.0,,"Censo de Población y Vivienda, cuestionario ampliado (INEGI)",Personas de 18 años o más,censo
educacion-censo,Educación media superior o más (Censo),2020,Hombres,Con discapacidad,Guanajuato,45-59,8839.0,23782.0,1546.0,,"Censo de Población y Vivienda, cuestionario ampliado (INEGI)",Personas de 18 años o más,censo
educacion-censo,Educación media superior o más (Censo),2020,Hombres,Con discapacidad,Guanajuato,60+,14631.0,58701.0,4556.0,,"Censo de Población y Vivienda, cuestionario ampliado (INEGI)",Personas de 18 años o más,censo
educacion-censo,Educación media superior o más (Censo),2020,Hombres,Con discapacidad,Guerrero,18-29,1628.0,7012.0,1657.0,,"Censo de Población y Vivienda, cuestionario ampliado (INEGI)",Personas de 18 años o más,censo
educacion-censo,Educación media superior o más (Censo),2020,Hombres,Con discapacidad,Guerrero,30-44,3426.0,10803.0,2134.0,,"Censo de Población y Vivienda, cuestionario ampliado (INEGI)",Personas de 18 años o más,censo
educacion-censo,Educación media superior o más (Censo),2020,Hombres,Con discapacidad,Guerrero,45-59,5734.0,17335.0,3327.0,,"Censo de Población y Vivienda, cuestionario ampliado (INEGI)",Personas de 18 años o más,censo
educacion-censo,Educación media superior o más (Censo),2020,Hombres,Con discapacidad,Guerrero,60+,9892.0,50401.0,10632.0,,"Censo de Población y Vivienda, cuestionario ampliado (INEGI)",Personas de 18 años o más,censo
educacion-censo,Educación media superior o más (Censo),2020,Hombres,Con discapacidad,Hidalgo,18-29,1354.0,6408.0,993.0,,"Censo de Población y Vivienda, cuestionario ampliado (INEGI)",Personas de 18 años o más,censo
educacion-censo,Educación media superior o más (Censo),2020,Hombres,Con discapacidad,Hidalgo,30-44,1956.0,7745.0,1366.0,,"Censo de Población y Vivienda, cuestionario ampliado (INEGI)",Personas de 18 años o más,censo
educacion-censo,Educación media superior o más (Censo),2020,Hombres,Con discapacidad,Hidalgo,45-59,4560.0,13958.0,2297.0,,"Censo de Población y Vivienda, cuestionario ampliado (INEGI)",Personas de 18 años o más,censo
educacion-censo,Educación media superior o más (Censo),2020,Hombres,Con discapacidad,Hidalgo,60+,10259.0,36644.0,7057.0,,"Censo de Población y Vivienda, cuestionario ampliado (INEGI)",Personas de 18 años o más,censo
educacion-censo,Educación media superior o más (Censo),2020,Hombres,Con discapacidad,Jalisco,18-29,3661.0,13419.0,1442.0,,"Censo de Población y Vivienda, cuestionario ampliado (INEGI)",Personas de 18 años o más,censo
educacion-censo,Educación media superior o más (Censo),2020,Hombres,Con discapacidad,Jalisco,30-44,6787.0,20480.0,2039.0,,"Censo de Población y Vivienda, cuestionario ampliado (INEGI)",Personas de 18 años o más,censo
educacion-censo,Educación media superior o más (Censo),2020,Hombres,Con discapacidad,Jalisco,45-59,11323.0,32956.0,3358.0,,"Censo de Población y Vivienda, cuestionario ampliado (INEGI)",Personas de 18 años o más,censo
educacion-censo,Educación media superior o más (Censo),2020,Hombres,Con discapacidad,Jalisco,60+,25015.0,82098.0,10135.0,,"Censo de Población y Vivienda, cuestionario ampliado (INEGI)",Personas de 18 años o más,censo
educacion-censo,Educación media superior o más (Censo),2020,Hombres,Con discapacidad,Michoacán,18-29,1972.0,8430.0,1341.0,,"Censo de Población y Vivienda, cuestionario ampliado (INEGI)",Personas de 18 años o más,censo
educacion-censo,Educación media superior o más (Censo),2020,Hombres,Con discapacidad,Michoacán,30-44,3898.0,12659.0,1981.0,,"Censo de Población y Vivienda, cuestionario ampliado (INEGI)",Personas de 18 años o más,censo
educacion-censo,Educación media superior o más (Censo),2020,Hombres,Con discapacidad,Michoacán,45-59,6244.0,20198.0,3250.0,,"Censo de Población y Vivienda, cuestionario ampliado (INEGI)",Personas de 18 años o más,censo
educacion-censo,Educación media superior o más (Censo),2020,Hombres,Con discapacidad,Michoacán,60+,13870.0,59538.0,10360.0,,"Censo de Población y Vivienda, cuestionario ampliado (INEGI)",Personas de 18 años o más,censo
educacion-censo,Educación media superior o más (Censo),2020,Hombres,Con discapacidad,Morelos,18-29,817.0,3461.0,450.0,,"Censo de Población y Vivienda, cuestionario ampliado (INEGI)",Personas de 18 años o más,censo
educacion-censo,Educación media superior o más (Censo),2020,Hombres,Con discapacidad,Morelos,30-44,1533.0,5472.0,634.0,,"Censo de Población y Vivienda, cuestionario ampliado (INEGI)",Personas de 18 años o más,censo
educacion-censo,Educación media superior o más (Censo),2020,Hombres,Con discapacidad,Morelos,45-59,2531.0,9318.0,1109.0,,"Censo de Población y Vivienda, cuestionario ampliado (INEGI)",Personas de 18 años o más,censo
educacion-censo,Educación media superior o más (Censo),2020,Hombres,Con discapacidad,Morelos,60+,8429.0,25706.0,3139.0,,"Censo de Población y Vivienda, cuestionario ampliado (INEGI)",Personas de 18 años o más,censo
educacion-censo,Educación media superior o más (Censo),2020,Hombres,Con discapacidad,México,18-29,6139.0,32410.0,2358.0,,"Censo de Población y Vivienda, cuestionario ampliado (INEGI)",Personas de 18 años o más,censo
educacion-censo,Educación media superior o más (Censo),2020,Hombres,Con discapacidad,México,30-44,10014.0,42169.0,2928.0,,"Censo de Población y Vivienda, cuestionario ampliado (INEGI)",Personas de 18 años o más,censo
educacion-censo,Educación media superior o más (Censo),2020,Hombres,Con discapacidad,México,45-59,20999.0,68964.0,4615.0,,"Censo de Población y Vivienda, cuestionario ampliado (INEGI)",Personas de 18 años o más,censo
educacion-censo,Educación media superior o más (Censo),2020,Hombres,Con discapacidad,México,60+,51559.0,140290.0,10297.0,,"Censo de Población y Vivienda, cuestionario ampliado (INEGI)",Personas de 18 años o más,censo
educacion-censo,Educación media superior o más (Censo),2020,Hombres,Con discapacidad,Nayarit,18-29,458.0,2916.0,343.0,,"Censo de Población y Vivienda, cuestionario ampliado (INEGI)",Personas de 18 años o más,censo
educacion-censo,Educación media superior o más (Censo),2020,Hombres,Con discapacidad,Nayarit,30-44,693.0,2981.0,456.0,,"Censo de Población y Vivienda, cuestionario ampliado (INEGI)",Personas de 18 años o más,censo
educacion-censo,Educación media superior o más (Censo),2020,Hombres,Con discapacidad,Nayarit,45-59,1785.0,5234.0,749.0,,"Censo de Población y Vivienda, cuestionario ampliado (INEGI)",Personas de 18 años o más,censo
educacion-censo,Educación media superior o más (Censo),2020,Hombres,Con discapacidad,Nayarit,60+,3999.0,14885.0,2228.0,,"Censo de Población y Vivienda, cuestionario ampliado (INEGI)",Personas de 18 años o más,censo
educacion-censo,Educación media superior o más (Censo),2020,Hombres,Con discapacidad,Nuevo León,18-29,1833.0,9019.0,528.0,,"Censo de Población y Vivienda, cuestionario ampliado (INEGI)",Personas de 18 años o más,censo
educacion-censo,Educación media superior o más (Censo),2020,Hombres,Con discapacidad,Nuevo León,30-44,2161.0,10404.0,672.0,,"Censo de Población y Vivienda, cuestionario ampliado (INEGI)",Personas de 18 años o más,censo
educacion-censo,Educación media superior o más (Censo),2020,Hombres,Con discapacidad,Nuevo León,45-59,4770.0,18986.0,1308.0,,"Censo de Población y Vivienda, cuestionario ampliado (INEGI)",Personas de 18 años o más,censo
educacion-censo,Educación media superior o más (Censo),2020,Hombres,Con discapacidad,Nuevo León,60+,16564.0,42788.0,3252.0,,"Censo de Población y Vivienda, cuestionario ampliado (INEGI)",Personas de 18 años o más,censo
educacion-censo,Educación media superior o más (Censo),2020,Hombres,Con discapacidad,Oaxaca,18-29,1969.0,9345.0,4692.0,,"Censo de Población y Vivienda, cuestionario ampliado (INEGI)",Personas de 18 años o más,censo
educacion-censo,Educación media superior o más (Censo),2020,Hombres,Con discapacidad,Oaxaca,30-44,4112.0,13346.0,6564.0,,"Censo de Población y Vivienda, cuestionario ampliado (INEGI)",Personas de 18 años o más,censo
educacion-censo,Educación media superior o más (Censo),2020,Hombres,Con discapacidad,Oaxaca,45-59,8239.0,20955.0,10587.0,,"Censo de Población y Vivienda, cuestionario ampliado (INEGI)",Personas de 18 años o más,censo
educacion-censo,Educación media superior o más (Censo),2020,Hombres,Con discapacidad,Oaxaca,60+,16783.0,65074.0,35137.0,,"Censo de Población y Vivienda, cuestionario ampliado (INEGI)",Personas de 18 años o más,censo
educacion-censo,Educación media superior o más (Censo),2020,Hombres,Con discapacidad,Puebla,18-29,3652.0,13894.0,2753.0,,"Censo de Población y Vivienda, cuestionario ampliado (INEGI)",Personas de 18 años o más,censo
educacion-censo,Educación media superior o más (Censo),2020,Hombres,Con discapacidad,Puebla,30-44,4788.0,15394.0,3565.0,,"Censo de Población y Vivienda, cuestionario ampliado (INEGI)",Personas de 18 años o más,censo
educacion-censo,Educación media superior o más (Censo),2020,Hombres,Con discapacidad,Puebla,45-59,8898.0,24291.0,5300.0,,"Censo de Población y Vivienda, cuestionario ampliado (INEGI)",Personas de 18 años o más,censo
educacion-censo,Educación media superior o más (Censo),2020,Hombres,Con discapacidad,Puebla,60+,19629.0,65165.0,16484.0,,"Censo de Población y Vivienda, cuestionario ampliado (INEGI)",Personas de 18 años o más,censo
educacion-censo,Educación media superior o más (Censo),2020,Hombres,Con discapacidad,Querétaro,18-29,1138.0,3692.0,301.0,,"Censo de Población y Vivienda, cuestionario ampliado (INEGI)",Personas de 18 años o más,censo
educacion-censo,Educación media superior o más (Censo),2020,Hombres,Con discapacidad,Querétaro,30-44,1414.0,5237.0,365.0,,"Censo de Población y Vivienda, cuestionario ampliado (INEGI)",Personas de 18 años o más,censo
educacion-censo,Educación media superior o más (Censo),2020,Hombres,Con discapacidad,Querétaro,45-59,3002.0,8548.0,572.0,,"Censo de Población y Vivienda, cuestionario ampliado (INEGI)",Personas de 18 años o más,censo
educacion-censo,Educación media superior o más (Censo),2020,Hombres,Con discapacidad,Querétaro,60+,5925.0,20463.0,1577.0,,"Censo de Población y Vivienda, cuestionario ampliado (INEGI)",Personas de 18 años o más,censo
educacion-censo,Educación media superior o más (Censo),2020,Hombres,Con discapacidad,Quintana Roo,18-29,363.0,3141.0,129.0,,"Censo de Población y Vivienda, cuestionario ampliado (INEGI)",Personas de 18 años o más,censo
educacion-censo,Educación media superior o más (Censo),2020,Hombres,Con discapacidad,Quintana Roo,30-44,673.0,4420.0,203.0,,"Censo de Población y Vivienda, cuestionario ampliado (INEGI)",Personas de 18 años o más,censo
educacion-censo,Educación media superior o más (Censo),2020,Hombres,Con discapacidad,Quintana Roo,45-59,1605.0,5573.0,278.0,,"Censo de Población y Vivienda, cuestionario ampliado (INEGI)",Personas de 18 años o más,censo
educacion-censo,Educación media superior o más (Censo),2020,Hombres,Con discapacidad,Quintana Roo,60+,3011.0,10871.0,626.0,,"Censo de Población y Vivienda, cuestionario ampliado (INEGI)",Personas de 18 años o más,censo
educacion-censo,Educación media superior o más (Censo),2020,Hombres,Con discapacidad,San Luis Potosí,18-29,951.0,4768.0,720.0,,"Censo de Población y Vivienda, cuestionario ampliado (INEGI)",Personas de 18 años o más,censo
educacion-censo,Educación media superior o más (Censo),2020,Hombres,Con discapacidad,San Luis Potosí,30-44,1739.0,6812.0,1006.0,,"Censo de Población y Vivienda, cuestionario ampliado (INEGI)",Personas de 18 años o más,censo
educacion-censo,Educación media superior o más (Censo),2020,Hombres,Con discapacidad,San Luis Potosí,45-59,4040.0,11285.0,1757.0,,"Censo de Población y Vivienda, cuestionario ampliado (INEGI)",Personas de 18 años o más,censo
educacion-censo,Educación media superior o más (Censo),2020,Hombres,Con discapacidad,San Luis Potosí,60+,9857.0,34991.0,5832.0,,"Censo de Población y Vivienda, cuestionario ampliado (INEGI)",Personas de 18 años o más,censo
educacion-censo,Educación media superior o más (Censo),2020,Hombres,Con discapacidad,Sinaloa,18-29,1204.0,5348.0,298.0,,"Censo de Población y Vivienda, cuestionario ampliado (INEGI)",Personas de 18 años o más,censo
educacion-censo,Educación media superior o más (Censo),2020,Hombres,Con discapacidad,Sinaloa,30-44,2299.0,7789.0,498.0,,"Censo de Población y Vivienda, cuestionario ampliado (INEGI)",Personas de 18 años o más,censo
educacion-censo,Educación media superior o más (Censo),2020,Hombres,Con discapacidad,Sinaloa,45-59,4709.0,13197.0,790.0,,"Censo de Población y Vivienda, cuestionario ampliado (INEGI)",Personas de 18 años o más,censo
educacion-censo,Educación media superior o más (Censo),2020,Hombres,Con discapacidad,Sinaloa,60+,9870.0,35296.0,2266.0,,"Censo de Población y Vivienda, cuestionario ampliado (INEGI)",Personas de 18 años o más,censo
educacion-censo,Educación media superior o más (Censo),2020,Hombres,Con discapacidad,Sonora,18-29,994.0,6167.0,514.0,,"Censo de Población y Vivienda, cuestionario ampliado (INEGI)",Personas de 18 años o más,censo
educacion-censo,Educación media superior o más (Censo),2020,Hombres,Con discapacidad,Sonora,30-44,1910.0,7382.0,678.0,,"Censo de Población y Vivienda, cuestionario ampliado (INEGI)",Personas de 18 años o más,censo
educacion-censo,Educación media superior o más (Censo),2020,Hombres,Con discapacidad,Sonora,45-59,3436.0,12102.0,1300.0,,"Censo de Población y Vivienda, cuestionario ampliado (INEGI)",Personas de 18 años o más,censo
educacion-censo,Educación media superior o más (Censo),2020,Hombres,Con discapacidad,Sonora,60+,11487.0,31556.0,3778.0,,"Censo de Población y Vivienda, cuestionario ampliado (INEGI)",Personas de 18 años o más,censo
educacion-censo,Educación media superior o más (Censo),2020,Hombres,Con discapacidad,Tabasco,18-29,1414.0,6530.0,362.0,,"Censo de Población y Vivienda, cuestionario ampliado (INEGI)",Personas de 18 años o más,censo
educacion-censo,Educación media superior o más (Censo),2020,Hombres,Con discapacidad,Tabasco,30-44,2158.0,7619.0,530.0,,"Censo de Población y Vivienda, cuestionario ampliado (INEGI)",Personas de 18 años o más,censo
educacion-censo,Educación media superior o más (Censo),2020,Hombres,Con discapacidad,Tabasco,45-59,4894.0,13988.0,919.0,,"Censo de Población y Vivienda, cuestionario ampliado (INEGI)",Personas de 18 años o más,censo
educacion-censo,Educación media superior o más (Censo),2020,Hombres,Con discapacidad,Tabasco,60+,9821.0,30592.0,2114.0,,"Censo de Población y Vivienda, cuestionario ampliado (INEGI)",Personas de 18 años o más,censo
educacion-censo,Educación media superior o más (Censo),2020,Hombres,Con discapacidad,Tamaulipas,18-29,1060.0,5639.0,385.0,,"Censo de Población y Vivienda, cuestionario ampliado (INEGI)",Personas de 18 años o más,censo
educacion-censo,Educación media superior o más (Censo),2020,Hombres,Con discapacidad,Tamaulipas,30-44,1827.0,7779.0,574.0,,"Censo de Población y Vivienda, cuestionario ampliado (INEGI)",Personas de 18 años o más,censo
educacion-censo,Educación media superior o más (Censo),2020,Hombres,Con discapacidad,Tamaulipas,45-59,5097.0,15816.0,1149.0,,"Censo de Población y Vivienda, cuestionario ampliado (INEGI)",Personas de 18 años o más,censo
educacion-censo,Educación media superior o más (Censo),2020,Hombres,Con discapacidad,Tamaulipas,60+,13338.0,37086.0,3551.0,,"Censo de Población y Vivienda, cuestionario ampliado (INEGI)",Personas de 18 años o más,censo
educacion-censo,Educación media superior o más (Censo),2020,Hombres,Con discapacidad,Tlaxcala,18-29,588.0,2576.0,636.0,,"Censo de Población y Vivienda, cuestionario ampliado (INEGI)",Personas de 18 años o más,censo
educacion-censo,Educación media superior o más (Censo),2020,Hombres,Con discapacidad,Tlaxcala,30-44,879.0,2994.0,732.0,,"Censo de Población y Vivienda, cuestionario ampliado (INEGI)",Personas de 18 años o más,censo
educacion-censo,Educación media superior o más (Censo),2020,Hombres,Con discapacidad,Tlaxcala,45-59,1332.0,4190.0,1080.0,,"Censo de Población y Vivienda, cuestionario ampliado (INEGI)",Personas de 18 años o más,censo
educacion-censo,Educación media superior o más (Censo),2020,Hombres,Con discapacidad,Tlaxcala,60+,4607.0,11928.0,3112.0,,"Censo de Población y Vivienda, cuestionario ampliado (INEGI)",Personas de 18 años o más,censo
educacion-censo,Educación media superior o más (Censo),2020,Hombres,Con discapacidad,Veracruz,18-29,3232.0,14944.0,2768.0,,"Censo de Población y Vivienda, cuestionario ampliado (INEGI)",Personas de 18 años o más,censo
educacion-censo,Educación media superior o más (Censo),2020,Hombres,Con discapacidad,Veracruz,30-44,5611.0,20964.0,3926.0,,"Censo de Población y Vivienda, cuestionario ampliado (INEGI)",Personas de 18 años o más,censo
educacion-censo,Educación media superior o más (Censo),2020,Hombres,Con discapacidad,Veracruz,45-59,12715.0,39123.0,6818.0,,"Censo de Población y Vivienda, cuestionario ampliado (INEGI)",Personas de 18 años o más,censo
educacion-censo,Educación media superior o más (Censo),2020,Hombres,Con discapacidad,Veracruz,60+,30303.0,108619.0,18970.0,,"Censo de Población y Vivienda, cuestionario ampliado (INEGI)",Personas de 18 años o más,censo
educacion-censo,Educación media superior o más (Censo),2020,Hombres,Con discapacidad,Yucatán,18-29,1146.0,4722.0,1030.0,,"Censo de Población y Vivienda, cuestionario ampliado (INEGI)",Personas de 18 años o más,censo
educacion-censo,Educación media superior o más (Censo),2020,Hombres,Con discapacidad,Yucatán,30-44,1858.0,6205.0,1463.0,,"Censo de Población y Vivienda, cuestionario ampliado (INEGI)",Personas de 18 años o más,censo
educacion-censo,Educación media superior o más (Censo),2020,Hombres,Con discapacidad,Yucatán,45-59,3352.0,10964.0,2355.0,,"Censo de Población y Vivienda, cuestionario ampliado (INEGI)",Personas de 18 años o más,censo
educacion-censo,Educación media superior o más (Censo),2020,Hombres,Con discapacidad,Yucatán,60+,9274.0,30260.0,7199.0,,"Censo de Población y Vivienda, cuestionario ampliado (INEGI)",Personas de 18 años o más,censo
educacion-censo,Educación media superior o más (Censo),2020,Hombres,Con discapacidad,Zacatecas,18-29,855.0,3327.0,581.0,,"Censo de Población y Vivienda, cuestionario ampliado (INEGI)",Personas de 18 años o más,censo
educacion-censo,Educación media superior o más (Censo),2020,Hombres,Con discapacidad,Zacatecas,30-44,1073.0,4546.0,850.0,,"Censo de Población y Vivienda, cuestionario ampliado (INEGI)",Personas de 18 años o más,censo
educacion-censo,Educación media superior o más (Censo),2020,Hombres,Con discapacidad,Zacatecas,45-59,2530.0,7061.0,1404.0,,"Censo de Población y Vivienda, cuestionario ampliado (INEGI)",Personas de 18 años o más,censo
educacion-censo,Educación media superior o más (Censo),2020,Hombres,Con discapacidad,Zacatecas,60+,5778.0,21781.0,4755.0,,"Censo de Población y Vivienda, cuestionario ampliado (INEGI)",Personas de 18 años o más,censo
educacion-censo,Educación media superior o más (Censo),2020,Hombres,Sin discapacidad,Aguascalientes,18-29,30642.0,139569.0,9533.0,,"Censo de Población y Vivienda, cuestionario ampliado (INEGI)",Personas de 18 años o más,censo
educacion-censo,Educación media superior o más (Censo),2020,Hombres,Sin discapacidad,Aguascalientes,30-44,45420.0,137731.0,8828.0,,"Censo de Población y Vivienda, cuestionario ampliado (INEGI)",Personas de 18 años o más,censo
educacion-censo,Educación media superior o más (Censo),2020,Hombres,Sin discapacidad,Aguascalientes,45-59,33858.0,94541.0,5946.0,,"Censo de Población y Vivienda, cuestionario ampliado (INEGI)",Personas de 18 años o más,censo
educacion-censo,Educación media superior o más (Censo),2020,Hombres,Sin discapacidad,Aguascalientes,60+,22705.0,51815.0,3323.0,,"Censo de Población y Vivienda, cuestionario ampliado (INEGI)",Personas de 18 años o más,censo
educacion-censo,Educación media superior o más (Censo),2020,Hombres,Sin discapacidad,Baja California,18-29,70984.0,395240.0,8245.0,,"Censo de Población y Vivienda, cuestionario ampliado (INEGI)",Personas de 18 años o más,censo
educacion-censo,Educación media superior o más (Censo),2020,Hombres,Sin discapacidad,Baja California,30-44,119730.0,415798.0,8427.0,,"Censo de Población y Vivienda, cuestionario ampliado (INEGI)",Personas de 18 años o más,censo
educacion-censo,Educación media superior o más (Censo),2020,Hombres,Sin discapacidad,Baja California,45-59,95945.0,308973.0,6477.0,,"Censo de Población y Vivienda, cuestionario ampliado (INEGI)",Personas de 18 años o más,censo
educacion-censo,Educación media superior o más (Censo),2020,Hombres,Sin discapacidad,Baja California,60+,61195.0,139008.0,3152.0,,"Censo de Población y Vivienda, cuestionario ampliado (INEGI)",Personas de 18 años o más,censo
educacion-censo,Educación media superior o más (Censo),2020,Hombres,Sin discapacidad,Baja California Sur,18-29,15142.0,77289.0,4368.0,,"Censo de Población y Vivienda, cuestionario ampliado (INEGI)",Personas de 18 años o más,censo
educacion-censo,Educación media superior o más (Censo),2020,Hombres,Sin discapacidad,Baja California Sur,30-44,31562.0,96287.0,5347.0,,"Censo de Población y Vivienda, cuestionario ampliado (INEGI)",Personas de 18 años o más,censo
educacion-censo,Educación media superior o más (Censo),2020,Hombres,Sin discapacidad,Baja California Sur,45-59,19926.0,60468.0,3696.0,,"Censo de Población y Vivienda, cuestionario ampliado (INEGI)",Personas de 18 años o más,censo
educacion-censo,Educación media superior o más (Censo),2020,Hombres,Sin discapacidad,Baja California Sur,60+,12608.0,29468.0,1896.0,,"Censo de Población y Vivienda, cuestionario ampliado (INEGI)",Personas de 18 años o más,censo
educacion-censo,Educación media superior o más (Censo),2020,Hombres,Sin discapacidad,Campeche,18-29,19058.0,84076.0,7708.0,,"Censo de Población y Vivienda, cuestionario ampliado (INEGI)",Personas de 18 años o más,censo
educacion-censo,Educación media superior o más (Censo),2020,Hombres,Sin discapacidad,Campeche,30-44,32637.0,94228.0,8408.0,,"Censo de Población y Vivienda, cuestionario ampliado (INEGI)",Personas de 18 años o más,censo
educacion-censo,Educación media superior o más (Censo),2020,Hombres,Sin discapacidad,Campeche,45-59,23349.0,68261.0,5865.0,,"Censo de Población y Vivienda, cuestionario ampliado (INEGI)",Personas de 18 años o más,censo
educacion-censo,Educación media superior o más (Censo),2020,Hombres,Sin discapacidad,Campeche,60+,14537.0,36459.0,3468.0,,"Censo de Población y Vivienda, cuestionario ampliado (INEGI)",Personas de 18 años o más,censo
educacion-censo,Educación media superior o más (Censo),2020,Hombres,Sin discapacidad,Chiapas,18-29,132260.0,513164.0,117240.0,,"Censo de Población y Vivienda, cuestionario ampliado (INEGI)",Personas de 18 años o más,censo
educacion-censo,Educación media superior o más (Censo),2020,Hombres,Sin discapacidad,Chiapas,30-44,189747.0,496357.0,107168.0,,"Censo de Población y Vivienda, cuestionario ampliado (INEGI)",Personas de 18 años o más,censo
educacion-censo,Educación media superior o más (Censo),2020,Hombres,Sin discapacidad,Chiapas,45-59,125234.0,325199.0,65954.0,,"Censo de Población y Vivienda, cuestionario ampliado (INEGI)",Personas de 18 años o más,censo
educacion-censo,Educación media superior o más (Censo),2020,Hombres,Sin discapacidad,Chiapas,60+,57993.0,197750.0,40334.0,,"Censo de Población y Vivienda, cuestionario ampliado (INEGI)",Personas de 18 años o más,censo
educacion-censo,Educación media superior o más (Censo),2020,Hombres,Sin discapacidad,Chihuahua,18-29,74896.0,362054.0,26427.0,,"Censo de Población y Vivienda, cuestionario ampliado (INEGI)",Personas de 18 años o más,censo
educacion-censo,Educación media superior o más (Censo),2020,Hombres,Sin discapacidad,Chihuahua,30-44,124107.0,374548.0,28300.0,,"Censo de Población y Vivienda, cuestionario ampliado (INEGI)",Personas de 18 años o más,censo
educacion-censo,Educación media superior o más (Censo),2020,Hombres,Sin discapacidad,Chihuahua,45-59,111438.0,294239.0,23962.0,,"Censo de Población y Vivienda, cuestionario ampliado (INEGI)",Personas de 18 años o más,censo
educacion-censo,Educación media superior o más (Censo),2020,Hombres,Sin discapacidad,Chihuahua,60+,75907.0,160486.0,17666.0,,"Censo de Población y Vivienda, cuestionario ampliado (INEGI)",Personas de 18 años o más,censo
educacion-censo,Educación media superior o más (Censo),2020,Hombres,Sin discapacidad,Ciudad de México,18-29,176267.0,833940.0,25235.0,,"Censo de Población y Vivienda, cuestionario ampliado (INEGI)",Personas de 18 años o más,censo
educacion-censo,Educación media superior o más (Censo),2020,Hombres,Sin discapacidad,Ciudad de México,30-44,328017.0,978711.0,29420.0,,"Censo de Población y Vivienda, cuestionario ampliado (INEGI)",Personas de 18 años o más,censo
educacion-censo,Educación media superior o más (Censo),2020,Hombres,Sin discapacidad,Ciudad de México,45-59,254311.0,778332.0,23371.0,,"Censo de Población y Vivienda, cuestionario ampliado (INEGI)",Personas de 18 años o más,censo
educacion-censo,Educación media superior o más (Censo),2020,Hombres,Sin discapacidad,Ciudad de México,60+,255259.0,549023.0,16105.0,,"Censo de Población y Vivienda, cuestionario ampliado (INEGI)",Personas de 18 años o más,censo
educacion-censo,Educación media superior o más (Censo),2020,Hombres,Sin discapacidad,Coahuila,18-29,58621.0,303257.0,20294.0,,"Censo de Población y Vivienda, cuestionario ampliado (INEGI)",Personas de 18 años o más,censo
educacion-censo,Educación media superior o más (Censo),2020,Hombres,Sin discapacidad,Coahuila,30-44,91793.0,316123.0,21200.0,,"Censo de Población y Vivienda, cuestionario ampliado (INEGI)",Personas de 18 años o más,censo
educacion-censo,Educación media superior o más (Censo),2020,Hombres,Sin discapacidad,Coahuila,45-59,81617.0,242160.0,17495.0,,"Censo de Población y Vivienda, cuestionario ampliado (INEGI)",Personas de 18 años o más,censo
educacion-censo,Educación media superior o más (Censo),2020,Hombres,Sin discapacidad,Coahuila,60+,69270.0,145566.0,10896.0,,"Censo de Población y Vivienda, cuestionario ampliado (INEGI)",Personas de 18 años o más,censo
educacion-censo,Educación media superior o más (Censo),2020,Hombres,Sin discapacidad,Colima,18-29,15252.0,68583.0,5697.0,,"Censo de Población y Vivienda, cuestionario ampliado (INEGI)",Personas de 18 años o más,censo
educacion-censo,Educación media superior o más (Censo),2020,Hombres,Sin discapacidad,Colima,30-44,24971.0,76782.0,6213.0,,"Censo de Población y Vivienda, cuestionario ampliado (INEGI)",Personas de 18 años o más,censo
educacion-censo,Educación media superior o más (Censo),2020,Hombres,Sin discapacidad,Colima,45-59,19646.0,56174.0,4775.0,,"Censo de Población y Vivienda, cuestionario ampliado (INEGI)",Personas de 18 años o más,censo
educacion-censo,Educación media superior o más (Censo),2020,Hombres,Sin discapacidad,Colima,60+,13752.0,33666.0,3108.0,,"Censo de Población y Vivienda, cuestionario ampliado (INEGI)",Personas de 18 años o más,censo
educacion-censo,Educación media superior o más (Censo),2020,Hombres,Sin discapacidad,Durango,18-29,33285.0,173236.0,22468.0,,"Censo de Población y Vivienda, cuestionario ampliado (INEGI)",Personas de 18 años o más,censo
educacion-censo,Educación media superior o más (Censo),2020,Hombres,Sin discapacidad,Durango,30-44,52492.0,165390.0,22006.0,,"Censo de Población y Vivienda, cuestionario ampliado (INEGI)",Personas de 18 años o más,censo
educacion-censo,Educación media superior o más (Censo),2020,Hombres,Sin discapacidad,Durango,45-59,45923.0,127196.0,16784.0,,"Censo de Población y Vivienda, cuestionario ampliado (INEGI)",Personas de 18 años o más,censo
educacion-censo,Educación media superior o más (Censo),2020,Hombres,Sin discapacidad,Durango,60+,32546.0,75538.0,11567.0,,"Censo de Población y Vivienda, cuestionario ampliado (INEGI)",Personas de 18 años o más,censo
educacion-censo,Educación media superior o más (Censo),2020,Hombres,Sin discapacidad,Guanajuato,18-29,113289.0,604455.0,40179.0,,"Censo de Población y Vivienda, cuestionario ampliado (INEGI)",Personas de 18 años o más,censo
educacion-censo,Educación media superior o más (Censo),2020,Hombres,Sin discapacidad,Guanajuato,30-44,183491.0,589179.0,39300.0,,"Censo de Población y Vivienda, cuestionario ampliado (INEGI)",Personas de 18 años o más,censo
educacion-censo,Educación media superior o más (Censo),2020,Hombres,Sin discapacidad,Guanajuato,45-59,147027.0,409829.0,27724.0,,"Censo de Población y Vivienda, cuestionario ampliado (INEGI)",Personas de 18 años o más,censo
educacion-censo,Educación media superior o más (Censo),2020,Hombres,Sin discapacidad,Guanajuato,60+,88805.0,247967.0,17966.0,,"Censo de Población y Vivienda, cuestionario ampliado (INEGI)",Personas de 18 años o más,censo
educacion-censo,Educación media superior o más (Censo),2020,Hombres,Sin discapacidad,Guerrero,18-29,66370.0,303384.0,61342.0,,"Censo de Población y Vivienda, cuestionario ampliado (INEGI)",Personas de 18 años o más,censo
educacion-censo,Educación media superior o más (Censo),2020,Hombres,Sin discapacidad,Guerrero,30-44,103826.0,296148.0,56321.0,,"Censo de Población y Vivienda, cuestionario ampliado (INEGI)",Personas de 18 años o más,censo
educacion-censo,Educación media superior o más (Censo),2020,Hombres,Sin discapacidad,Guerrero,45-59,81074.0,222666.0,40625.0,,"Censo de Población y Vivienda, cuestionario ampliado (INEGI)",Personas de 18 años o más,censo
educacion-censo,Educación media superior o más (Censo),2020,Hombres,Sin discapacidad,Guerrero,60+,47828.0,155195.0,30411.0,,"Censo de Población y Vivienda, cuestionario ampliado (INEGI)",Personas de 18 años o más,censo
educacion-censo,Educación media superior o más (Censo),2020,Hombres,Sin discapacidad,Hidalgo,18-29,47325.0,270698.0,42764.0,,"Censo de Población y Vivienda, cuestionario ampliado (INEGI)",Personas de 18 años o más,censo
educacion-censo,Educación media superior o más (Censo),2020,Hombres,Sin discapacidad,Hidalgo,30-44,84634.0,288420.0,45104.0,,"Censo de Población y Vivienda, cuestionario ampliado (INEGI)",Personas de 18 años o más,censo
educacion-censo,Educación media superior o más (Censo),2020,Hombres,Sin discapacidad,Hidalgo,45-59,74564.0,221517.0,35829.0,,"Censo de Población y Vivienda, cuestionario ampliado (INEGI)",Personas de 18 años o más,censo
educacion-censo,Educación media superior o más (Censo),2020,Hombres,Sin discapacidad,Hidalgo,60+,52539.0,143050.0,25324.0,,"Censo de Población y Vivienda, cuestionario ampliado (INEGI)",Personas de 18 años o más,censo
educacion-censo,Educación media superior o más (Censo),2020,Hombres,Sin discapacidad,Jalisco,18-29,182471.0,799850.0,69934.0,,"Censo de Población y Vivienda, cuestionario ampliado (INEGI)",Personas de 18 años o más,censo
educacion-censo,Educación media superior o más (Censo),2020,Hombres,Sin discapacidad,Jalisco,30-44,298306.0,837478.0,73650.0,,"Censo de Población y Vivienda, cuestionario ampliado (INEGI)",Personas de 18 años o más,censo
educacion-censo,Educación media superior o más (Censo),2020,Hombres,Sin discapacidad,Jalisco,45-59,231091.0,596434.0,53793.0,,"Censo de Población y Vivienda, cuestionario ampliado (INEGI)",Personas de 18 años o más,censo
educacion-censo,Educación media superior o más (Censo),2020,Hombres,Sin discapacidad,Jalisco,60+,160646.0,373078.0,38751.0,,"Censo de Población y Vivienda, cuestionario ampliado (INEGI)",Personas de 18 años o más,censo
educacion-censo,Educación media superior o más (Censo),2020,Hombres,Sin discapacidad,Michoacán,18-29,110988.0,437515.0,63082.0,,"Censo de Población y Vivienda, cuestionario ampliado (INEGI)",Personas de 18 años o más,censo
educacion-censo,Educación media superior o más (Censo),2020,Hombres,Sin discapacidad,Michoacán,30-44,160491.0,431296.0,63142.0,,"Censo de Población y Vivienda, cuestionario ampliado (INEGI)",Personas de 18 años o más,censo
educacion-censo,Educación media superior o más (Censo),2020,Hombres,Sin discapacidad,Michoacán,45-59,117077.0,318221.0,46336.0,,"Censo de Población y Vivienda, cuestionario ampliado (INEGI)",Personas de 18 años o más,censo
educacion-censo,Educación media superior o más (Censo),2020,Hombres,Sin discapacidad,Michoacán,60+,78865.0,227411.0,35529.0,,"Censo de Población y Vivienda, cuestionario ampliado (INEGI)",Personas de 18 años o más,censo
educacion-censo,Educación media superior o más (Censo),2020,Hombres,Sin discapacidad,Morelos,18-29,37941.0,185444.0,22581.0,,"Censo de Población y Vivienda, cuestionario ampliado (INEGI)",Personas de 18 años o más,censo
educacion-censo,Educación media superior o más (Censo),2020,Hombres,Sin discapacidad,Morelos,30-44,55027.0,183727.0,22374.0,,"Censo de Población y Vivienda, cuestionario ampliado (INEGI)",Personas de 18 años o más,censo
educacion-censo,Educación media superior o más (Censo),2020,Hombres,Sin discapacidad,Morelos,45-59,47534.0,147044.0,17407.0,,"Censo de Población y Vivienda, cuestionario ampliado (INEGI)",Personas de 18 años o más,censo
educacion-censo,Educación media superior o más (Censo),2020,Hombres,Sin discapacidad,Morelos,60+,39842.0,98895.0,11810.0,,"Censo de Población y Vivienda, cuestionario ampliado (INEGI)",Personas de 18 años o más,censo
educacion-censo,Educación media superior o más (Censo),2020,Hombres,Sin discapacidad,México,18-29,289123.0,1616402.0,117269.0,,"Censo de Población y Vivienda, cuestionario ampliado (INEGI)",Personas de 18 años o más,censo
educacion-censo,Educación media superior o más (Censo),2020,Hombres,Sin discapacidad,México,30-44,455313.0,1694191.0,121149.0,,"Censo de Población y Vivienda, cuestionario ampliado (INEGI)",Personas de 18 años o más,censo
educacion-censo,Educación media superior o más (Censo),2020,Hombres,Sin discapacidad,México,45-59,393515.0,1311252.0,89380.0,,"Censo de Población y Vivienda, cuestionario ampliado (INEGI)",Personas de 18 años o más,censo
educacion-censo,Educación media superior o más (Censo),2020,Hombres,Sin discapacidad,México,60+,304746.0,738512.0,49945.0,,"Censo de Población y Vivienda, cuestionario ampliado (INEGI)",Personas de 18 años o más,censo
educacion-censo,Educación media superior o más (Censo),2020,Hombres,Sin discapacidad,Nayarit,18-29,21860.0,109674.0,16020.0,,"Censo de Población y Vivienda, cuestionario ampliado (INEGI)",Personas de 18 años o más,censo
educacion-censo,Educación media superior o más (Censo),2020,Hombres,Sin discapacidad,Nayarit,30-44,34322.0,117779.0,16125.0,,"Censo de Población y Vivienda, cuestionario ampliado (INEGI)",Personas de 18 años o más,censo
educacion-censo,Educación media superior o más (Censo),2020,Hombres,Sin discapacidad,Nayarit,45-59,27609.0,88025.0,11934.0,,"Censo de Población y Vivienda, cuestionario ampliado (INEGI)",Personas de 18 años o más,censo
educacion-censo,Educación media superior o más (Censo),2020,Hombres,Sin discapacidad,Nayarit,60+,20570.0,60894.0,8453.0,,"Censo de Población y Vivienda, cuestionario ampliado (INEGI)",Personas de 18 años o más,censo
educacion-censo,Educación media superior o más (Censo),2020,Hombres,Sin discapacidad,Nuevo León,18-29,115834.0,589747.0,32497.0,,"Censo de Población y Vivienda, cuestionario ampliado (INEGI)",Personas de 18 años o más,censo
educacion-censo,Educación media superior o más (Censo),2020,Hombres,Sin discapacidad,Nuevo León,30-44,178400.0,624974.0,35652.0,,"Censo de Población y Vivienda, cuestionario ampliado (INEGI)",Personas de 18 años o más,censo
educacion-censo,Educación media superior o más (Censo),2020,Hombres,Sin discapacidad,Nuevo León,45-59,145310.0,467213.0,26274.0,,"Censo de Población y Vivienda, cuestionario ampliado (INEGI)",Personas de 18 años o más,censo
educacion-censo,Educación media superior o más (Censo),2020,Hombres,Sin discapacidad,Nuevo León,60+,119420.0,264392.0,16111.0,,"Censo de Población y Vivienda, cuestionario ampliado (INEGI)",Personas de 18 años o más,censo
educacion-censo,Educación media superior o más (Censo),2020,Hombres,Sin discapacidad,Oaxaca,18-29,78297.0,343709.0,155724.0,,"Censo de Población y Vivienda, cuestionario ampliado (INEGI)",Personas de 18 años o más,censo
educacion-censo,Educación media superior o más (Censo),2020,Hombres,Sin discapacidad,Oaxaca,30-44,139788.0,366232.0,162571.0,,"Censo de Población y Vivienda, cuestionario ampliado (INEGI)",Personas de 18 años o más,censo
educacion-censo,Educación media superior o más (Censo),2020,Hombres,Sin discapacidad,Oaxaca,45-59,114616.0,265084.0,119559.0,,"Censo de Población y Vivienda, cuestionario ampliado (INEGI)",Personas de 18 años o más,censo
educacion-censo,Educación media superior o más (Censo),2020,Hombres,Sin discapacidad,Oaxaca,60+,67410.0,191175.0,92908.0,,"Censo de Población y Vivienda, cuestionario ampliado (INEGI)",Personas de 18 años o más,censo
educacion-censo,Educación media superior o más (Censo),2020,Hombres,Sin discapacidad,Puebla,18-29,153239.0,630054.0,115516.0,,"Censo de Población y Vivienda, cuestionario ampliado (INEGI)",Personas de 18 años o más,censo
educacion-censo,Educación media superior o más (Censo),2020,Hombres,Sin discapacidad,Puebla,30-44,225247.0,610599.0,111094.0,,"Censo de Población y Vivienda, cuestionario ampliado (INEGI)",Personas de 18 años o más,censo
educacion-censo,Educación media superior o más (Censo),2020,Hombres,Sin discapacidad,Puebla,45-59,167851.0,429137.0,77725.0,,"Censo de Población y Vivienda, cuestionario ampliado (INEGI)",Personas de 18 años o más,censo
educacion-censo,Educación media superior o más (Censo),2020,Hombres,Sin discapacidad,Puebla,60+,105575.0,266821.0,55061.0,,"Censo de Población y Vivienda, cuestionario ampliado (INEGI)",Personas de 18 años o más,censo
educacion-censo,Educación media superior o más (Censo),2020,Hombres,Sin discapacidad,Querétaro,18-29,58443.0,241330.0,14290.0,,"Censo de Población y Vivienda, cuestionario ampliado (INEGI)",Personas de 18 años o más,censo
educacion-censo,Educación media superior o más (Censo),2020,Hombres,Sin discapacidad,Querétaro,30-44,93073.0,254069.0,14534.0,,"Censo de Población y Vivienda, cuestionario ampliado (INEGI)",Personas de 18 años o más,censo
educacion-censo,Educación media superior o más (Censo),2020,Hombres,Sin discapacidad,Querétaro,45-59,67158.0,166571.0,9639.0,,"Censo de Población y Vivienda, cuestionario ampliado (INEGI)",Personas de 18 años o más,censo
educacion-censo,Educación media superior o más (Censo),2020,Hombres,Sin discapacidad,Querétaro,60+,38031.0,94946.0,5805.0,,"Censo de Población y Vivienda, cuestionario ampliado (INEGI)",Personas de 18 años o más,censo
educacion-censo,Educación media superior o más (Censo),2020,Hombres,Sin discapacidad,Quintana Roo,18-29,32879.0,201980.0,8192.0,,"Censo de Población y Vivienda, cuestionario ampliado (INEGI)",Personas de 18 años o más,censo
educacion-censo,Educación media superior o más (Censo),2020,Hombres,Sin discapacidad,Quintana Roo,30-44,61794.0,228365.0,9016.0,,"Censo de Población y Vivienda, cuestionario ampliado (INEGI)",Personas de 18 años o más,censo
educacion-censo,Educación media superior o más (Censo),2020,Hombres,Sin discapacidad,Quintana Roo,45-59,42162.0,134501.0,5463.0,,"Censo de Población y Vivienda, cuestionario ampliado (INEGI)",Personas de 18 años o más,censo
educacion-censo,Educación media superior o más (Censo),2020,Hombres,Sin discapacidad,Quintana Roo,60+,21592.0,55655.0,2683.0,,"Censo de Población y Vivienda, cuestionario ampliado (INEGI)",Personas de 18 años o más,censo
educacion-censo,Educación media superior o más (Censo),2020,Hombres,Sin discapacidad,San Luis Potosí,18-29,53893.0,262764.0,30959.0,,"Censo de Población y Vivienda, cuestionario ampliado (INEGI)",Personas de 18 años o más,censo
educacion-censo,Educación media superior o más (Censo),2020,Hombres,Sin discapacidad,San Luis Potosí,30-44,85320.0,266391.0,31118.0,,"Censo de Población y Vivienda, cuestionario ampliado (INEGI)",Personas de 18 años o más,censo
educacion-censo,Educación media superior o más (Censo),2020,Hombres,Sin discapacidad,San Luis Potosí,45-59,69061.0,195586.0,24526.0,,"Censo de Población y Vivienda, cuestionario ampliado (INEGI)",Personas de 18 años o más,censo
educacion-censo,Educación media superior o más (Censo),2020,Hombres,Sin discapacidad,San Luis Potosí,60+,50001.0,139234.0,19923.0,,"Censo de Población y Vivienda, cuestionario ampliado (INEGI)",Personas de 18 años o más,censo
educacion-censo,Educación media superior o más (Censo),2020,Hombres,Sin discapacidad,Sinaloa,18-29,71906.0,282936.0,14999.0,,"Censo de Población y Vivienda, cuestionario ampliado (INEGI)",Personas de 18 años o más,censo
educacion-censo,Educación media superior o más (Censo),2020,Hombres,Sin discapacidad,Sinaloa,30-44,103433.0,284727.0,15379.0,,"Censo de Población y Vivienda, cuestionario ampliado (INEGI)",Personas de 18 años o más,censo
educacion-censo,Educación media superior o más (Censo),2020,Hombres,Sin discapacidad,Sinaloa,45-59,84891.0,228791.0,12707.0,,"Censo de Población y Vivienda, cuestionario ampliado (INEGI)",Personas de 18 años o más,censo
educacion-censo,Educación media superior o más (Censo),2020,Hombres,Sin discapacidad,Sinaloa,60+,62211.0,150862.0,9054.0,,"Censo de Población y Vivienda, cuestionario ampliado (INEGI)",Personas de 18 años o más,censo
educacion-censo,Educación media superior o más (Censo),2020,Hombres,Sin discapacidad,Sonora,18-29,50800.0,274273.0,22750.0,,"Censo de Población y Vivienda, cuestionario ampliado (INEGI)",Personas de 18 años o más,censo
educacion-censo,Educación media superior o más (Censo),2020,Hombres,Sin discapacidad,Sonora,30-44,84823.0,301338.0,25393.0,,"Censo de Población y Vivienda, cuestionario ampliado (INEGI)",Personas de 18 años o más,censo
educacion-censo,Educación media superior o más (Censo),2020,Hombres,Sin discapacidad,Sonora,45-59,71561.0,231498.0,21619.0,,"Censo de Población y Vivienda, cuestionario ampliado (INEGI)",Personas de 18 años o más,censo
educacion-censo,Educación media superior o más (Censo),2020,Hombres,Sin discapacidad,Sonora,60+,59708.0,138522.0,15430.0,,"Censo de Población y Vivienda, cuestionario ampliado (INEGI)",Personas de 18 años o más,censo
educacion-censo,Educación media superior o más (Censo),2020,Hombres,Sin discapacidad,Tabasco,18-29,41565.0,210337.0,13658.0,,"Censo de Población y Vivienda, cuestionario ampliado (INEGI)",Personas de 18 años o más,censo
educacion-censo,Educación media superior o más (Censo),2020,Hombres,Sin discapacidad,Tabasco,30-44,73833.0,240039.0,15367.0,,"Censo de Población y Vivienda, cuestionario ampliado (INEGI)",Personas de 18 años o más,censo
educacion-censo,Educación media superior o más (Censo),2020,Hombres,Sin discapacidad,Tabasco,45-59,58551.0,168807.0,11290.0,,"Censo de Población y Vivienda, cuestionario ampliado (INEGI)",Personas de 18 años o más,censo
educacion-censo,Educación media superior o más (Censo),2020,Hombres,Sin discapacidad,Tabasco,60+,38604.0,96518.0,6458.0,,"Censo de Población y Vivienda, cuestionario ampliado (INEGI)",Personas de 18 años o más,censo
educacion-censo,Educación media superior o más (Censo),2020,Hombres,Sin discapacidad,Tamaulipas,18-29,59493.0,332911.0,21032.0,,"Censo de Población y Vivienda, cuestionario ampliado (INEGI)",Personas de 18 años o más,censo
educacion-censo,Educación media superior o más (Censo),2020,Hombres,Sin discapacidad,Tamaulipas,30-44,102009.0,356308.0,24057.0,,"Censo de Población y Vivienda, cuestionario ampliado (INEGI)",Personas de 18 años o más,censo
educacion-censo,Educación media superior o más (Censo),2020,Hombres,Sin discapacidad,Tamaulipas,45-59,95620.0,279547.0,20451.0,,"Censo de Población y Vivienda, cuestionario ampliado (INEGI)",Personas de 18 años o más,censo
educacion-censo,Educación media superior o más (Censo),2020,Hombres,Sin discapacidad,Tamaulipas,60+,68137.0,162410.0,14945.0,,"Censo de Población y Vivienda, cuestionario ampliado (INEGI)",Personas de 18 años o más,censo
educacion-censo,Educación media superior o más (Censo),2020,Hombres,Sin discapacidad,Tlaxcala,18-29,27535.0,127750.0,33613.0,,"Censo de Población y Vivienda, cuestionario ampliado (INEGI)",Personas de 18 años o más,censo
educacion-censo,Educación media superior o más (Censo),2020,Hombres,Sin discapacidad,Tlaxcala,30-44,41231.0,128405.0,32960.0,,"Censo de Población y Vivienda, cuestionario ampliado (INEGI)",Personas de 18 años o más,censo
educacion-censo,Educación media superior o más (Censo),2020,Hombres,Sin discapacidad,Tlaxcala,45-59,33066.0,91793.0,24019.0,,"Censo de Población y Vivienda, cuestionario ampliado (INEGI)",Personas de 18 años o más,censo
educacion-censo,Educación media superior o más (Censo),2020,Hombres,Sin discapacidad,Tlaxcala,60+,27328.0,55663.0,14923.0,,"Censo de Población y Vivienda, cuestionario ampliado (INEGI)",Personas de 18 años o más,censo
educacion-censo,Educación media superior o más (Censo),2020,Hombres,Sin discapacidad,Veracruz,18-29,149352.0,672688.0,119263.0,,"Censo de Población y Vivienda, cuestionario ampliado (INEGI)",Personas de 18 años o más,censo
educacion-censo,Educación media superior o más (Censo),2020,Hombres,Sin discapacidad,Veracruz,30-44,253145.0,736354.0,125625.0,,"Censo de Población y Vivienda, cuestionario ampliado (INEGI)",Personas de 18 años o más,censo
educacion-censo,Educación media superior o más (Censo),2020,Hombres,Sin discapacidad,Veracruz,45-59,223919.0,618875.0,99734.0,,"Censo de Población y Vivienda, cuestionario ampliado (INEGI)",Personas de 18 años o más,censo
educacion-censo,Educación media superior o más (Censo),2020,Hombres,Sin discapacidad,Veracruz,60+,159295.0,432311.0,70278.0,,"Censo de Población y Vivienda, cuestionario ampliado (INEGI)",Personas de 18 años o más,censo
educacion-censo,Educación media superior o más (Censo),2020,Hombres,Sin discapacidad,Yucatán,18-29,47854.0,228214.0,46539.0,,"Censo de Población y Vivienda, cuestionario ampliado (INEGI)",Personas de 18 años o más,censo
educacion-censo,Educación media superior o más (Censo),2020,Hombres,Sin discapacidad,Yucatán,30-44,79822.0,244916.0,48483.0,,"Censo de Población y Vivienda, cuestionario ampliado (INEGI)",Personas de 18 años o más,censo
educacion-censo,Educación media superior o más (Censo),2020,Hombres,Sin discapacidad,Yucatán,45-59,56466.0,165460.0,31721.0,,"Censo de Población y Vivienda, cuestionario ampliado (INEGI)",Personas de 18 años o más,censo
educacion-censo,Educación media superior o más (Censo),2020,Hombres,Sin discapacidad,Yucatán,60+,38595.0,107726.0,23134.0,,"Censo de Población y Vivienda, cuestionario ampliado (INEGI)",Personas de 18 años o más,censo
educacion-censo,Educación media superior o más (Censo),2020,Hombres,Sin discapacidad,Zacatecas,18-29,28049.0,140510.0,24438.0,,"Censo de Población y Vivienda, cuestionario ampliado (INEGI)",Personas de 18 años o más,censo
educacion-censo,Educación media superior o más (Censo),2020,Hombres,Sin discapacidad,Zacatecas,30-44,49020.0,149642.0,26114.0,,"Censo de Población y Vivienda, cuestionario ampliado (INEGI)",Personas de 18 años o más,censo
educacion-censo,Educación media superior o más (Censo),2020,Hombres,Sin discapacidad,Zacatecas,45-59,42932.0,110708.0,20340.0,,"Censo de Población y Vivienda, cuestionario ampliado (INEGI)",Personas de 18 años o más,censo
educacion-censo,Educación media superior o más (Censo),2020,Hombres,Sin discapacidad,Zacatecas,60+,27476.0,72388.0,15087.0,,"Censo de Población y Vivienda, cuestionario ampliado (INEGI)",Personas de 18 años o más,censo
educacion-censo,Educación media superior o más (Censo),2020,Mujeres,Con discapacidad,Aguascalientes,18-29,643.0,3506.0,217.0,,"Censo de Población y Vivienda, cuestionario ampliado (INEGI)",Personas de 18 años o más,censo
educacion-censo,Educación media superior o más (Censo),2020,Mujeres,Con discapacidad,Aguascalientes,30-44,912.0,4696.0,267.0,,"Censo de Población y Vivienda, cuestionario ampliado (INEGI)",Personas de 18 años o más,censo
educacion-censo,Educación media superior o más (Censo),2020,Mujeres,Con discapacidad,Aguascalientes,45-59,3008.0,8923.0,529.0,,"Censo de Población y Vivienda, cuestionario ampliado (INEGI)",Personas de 18 años o más,censo
educacion-censo,Educación media superior o más (Censo),2020,Mujeres,Con discapacidad,Aguascalientes,60+,6670.0,18064.0,1218.0,,"Censo de Población y Vivienda, cuestionario ampliado (INEGI)",Personas de 18 años o más,censo
educacion-censo,Educación media superior o más (Censo),2020,Mujeres,Con discapacidad,Baja California,18-29,1402.0,8238.0,164.0,,"Censo de Población y Vivienda, cuestionario ampliado (INEGI)",Personas de 18 años o más,censo
educacion-censo,Educación media superior o más (Censo),2020,Mujeres,Con discapacidad,Baja California,30-44,2958.0,9649.0,200.0,,"Censo de Población y Vivienda, cuestionario ampliado (INEGI)",Personas de 18 años o más,censo
educacion-censo,Educación media superior o más (Censo),2020,Mujeres,Con discapacidad,Baja California,45-59,6811.0,20303.0,430.0,,"Censo de Población y Vivienda, cuestionario ampliado (INEGI)",Personas de 18 años o más,censo
educacion-censo,Educación media superior o más (Censo),2020,Mujeres,Con discapacidad,Baja California,60+,14711.0,41027.0,902.0,,"Censo de Población y Vivienda, cuestionario ampliado (INEGI)",Personas de 18 años o más,censo
educacion-censo,Educación media superior o más (Censo),2020,Mujeres,Con discapacidad,Baja California Sur,18-29,254.0,1222.0,72.0,,"Censo de Población y Vivienda, cuestionario ampliado (INEGI)",Personas de 18 años o más,censo
educacion-censo,Educación media superior o más (Censo),2020,Mujeres,Con discapacidad,Baja California Sur,30-44,570.0,2030.0,121.0,,"Censo de Población y Vivienda, cuestionario ampliado (INEGI)",Personas de 18 años o más,censo
educacion-censo,Educación media superior o más (Censo),2020,Mujeres,Con discapacidad,Baja California Sur,45-59,1184.0,3560.0,224.0,,"Censo de Población y Vivienda, cuestionario ampliado (INEGI)",Personas de 18 años o más,censo
educacion-censo,Educación media superior o más (Censo),2020,Mujeres,Con discapacidad,Baja California Sur,60+,3450.0,7964.0,532.0,,"Censo de Población y Vivienda, cuestionario ampliado (INEGI)",Personas de 18 años o más,censo
educacion-censo,Educación media superior o más (Censo),2020,Mujeres,Con discapacidad,Campeche,18-29,390.0,1843.0,159.0,,"Censo de Población y Vivienda, cuestionario ampliado (INEGI)",Personas de 18 años o más,censo
educacion-censo,Educación media superior o más (Censo),2020,Mujeres,Con discapacidad,Campeche,30-44,1077.0,3226.0,253.0,,"Censo de Población y Vivienda, cuestionario ampliado (INEGI)",Personas de 18 años o más,censo
educacion-censo,Educación media superior o más (Censo),2020,Mujeres,Con discapacidad,Campeche,45-59,1648.0,6312.0,499.0,,"Censo de Población y Vivienda, cuestionario ampliado (INEGI)",Personas de 18 años o más,censo
educacion-censo,Educación media superior o más (Censo),2020,Mujeres,Con discapacidad,Campeche,60+,4050.0,13937.0,1199.0,,"Censo de Población y Vivienda, cuestionario ampliado (INEGI)",Personas de 18 años o más,censo
educacion-censo,Educación media superior o más (Censo),2020,Mujeres,Con discapacidad,Chiapas,18-29,1866.0,7263.0,1538.0,,"Censo de Población y Vivienda, cuestionario ampliado (INEGI)",Personas de 18 años o más,censo
educacion-censo,Educación media superior o más (Censo),2020,Mujeres,Con discapacidad,Chiapas,30-44,2664.0,10570.0,2209.0,,"Censo de Población y Vivienda, cuestionario ampliado (INEGI)",Personas de 18 años o más,censo
educacion-censo,Educación media superior o más (Censo),2020,Mujeres,Con discapacidad,Chiapas,45-59,6060.0,22210.0,4219.0,,"Censo de Población y Vivienda, cuestionario ampliado (INEGI)",Personas de 18 años o más,censo
educacion-censo,Educación media superior o más (Censo),2020,Mujeres,Con discapacidad,Chiapas,60+,8705.0,54843.0,11179.0,,"Censo de Población y Vivienda, cuestionario ampliado (INEGI)",Personas de 18 años o más,censo
educacion-censo,Educación media superior o más (Censo),2020,Mujeres,Con discapacidad,Chihuahua,18-29,679.0,5116.0,441.0,,"Censo de Población y Vivienda, cuestionario ampliado (INEGI)",Personas de 18 años o más,censo
educacion-censo,Educación media superior o más (Censo),2020,Mujeres,Con discapacidad,Chihuahua,30-44,2844.0,7679.0,612.0,,"Censo de Población y Vivienda, cuestionario ampliado (INEGI)",Personas de 18 años o más,censo
educacion-censo,Educación media superior o más (Censo),2020,Mujeres,Con discapacidad,Chihuahua,45-59,6393.0,16180.0,1365.0,,"Censo de Población y Vivienda, cuestionario ampliado (INEGI)",Personas de 18 años o más,censo
educacion-censo,Educación media superior o más (Censo),2020,Mujeres,Con discapacidad,Chihuahua,60+,20277.0,48964.0,4777.0,,"Censo de Población y Vivienda, cuestionario ampliado (INEGI)",Personas de 18 años o más,censo
educacion-censo,Educación media superior o más (Censo),2020,Mujeres,Con discapacidad,Ciudad de México,18-29,3329.0,17385.0,548.0,,"Censo de Población y Vivienda, cuestionario ampliado (INEGI)",Personas de 18 años o más,censo
educacion-censo,Educación media superior o más (Censo),2020,Mujeres,Con discapacidad,Ciudad de México,30-44,6117.0,22550.0,725.0,,"Censo de Población y Vivienda, cuestionario ampliado (INEGI)",Personas de 18 años o más,censo
educacion-censo,Educación media superior o más (Censo),2020,Mujeres,Con discapacidad,Ciudad de México,45-59,15804.0,52933.0,1618.0,,"Censo de Población y Vivienda, cuestionario ampliado (INEGI)",Personas de 18 años o más,censo
educacion-censo,Educación media superior o más (Censo),2020,Mujeres,Con discapacidad,Ciudad de México,60+,65520.0,165528.0,4804.0,,"Censo de Población y Vivienda, cuestionario ampliado (INEGI)",Personas de 18 años o más,censo
educacion-censo,Educación media superior o más (Censo),2020,Mujeres,Con discapacidad,Coahuila,18-29,588.0,4792.0,383.0,,"Censo de Población y Vivienda, cuestionario ampliado (INEGI)",Personas de 18 años o más,censo
educacion-censo,Educación media superior o más (Censo),2020,Mujeres,Con discapacidad,Coahuila,30-44,1303.0,5162.0,455.0,,"Censo de Población y Vivienda, cuestionario ampliado (INEGI)",Personas de 18 años o más,censo
educacion-censo,Educación media superior o más (Censo),2020,Mujeres,Con discapacidad,Coahuila,45-59,4201.0,12667.0,1133.0,,"Censo de Población y Vivienda, cuestionario ampliado (INEGI)",Personas de 18 años o más,censo
educacion-censo,Educación media superior o más (Censo),2020,Mujeres,Con discapacidad,Coahuila,60+,13399.0,32650.0,2812.0,,"Censo de Población y Vivienda, cuestionario ampliado (INEGI)",Personas de 18 años o más,censo
educacion-censo,Educación media superior o más (Censo),2020,Mujeres,Con discapacidad,Colima,18-29,169.0,1202.0,103.0,,"Censo de Población y Vivienda, cuestionario ampliado (INEGI)",Personas de 18 años o más,censo
educacion-censo,Educación media superior o más (Censo),2020,Mujeres,Con discapacidad,Colima,30-44,448.0,1863.0,154.0,,"Censo de Población y Vivienda, cuestionario ampliado (INEGI)",Personas de 18 años o más,censo
educacion-censo,Educación media superior o más (Censo),2020,Mujeres,Con discapacidad,Colima,45-59,1270.0,4236.0,360.0,,"Censo de Población y Vivienda, cuestionario ampliado (INEGI)",Personas de 18 años o más,censo
educacion-censo,Educación media superior o más (Censo),2020,Mujeres,Con discapacidad,Colima,60+,3012.0,10575.0,1008.0,,"Censo de Población y Vivienda, cuestionario ampliado (INEGI)",Personas de 18 años o más,censo
educacion-censo,Educación media superior o más (Censo),2020,Mujeres,Con discapacidad,Durango,18-29,482.0,3460.0,458.0,,"Censo de Población y Vivienda, cuestionario ampliado (INEGI)",Personas de 18 años o más,censo
educacion-censo,Educación media superior o más (Censo),2020,Mujeres,Con discapacidad,Durango,30-44,1121.0,4402.0,638.0,,"Censo de Población y Vivienda, cuestionario ampliado (INEGI)",Personas de 18 años o más,censo
educacion-censo,Educación media superior o más (Censo),2020,Mujeres,Con discapacidad,Durango,45-59,3079.0,9315.0,1326.0,,"Censo de Población y Vivienda, cuestionario ampliado (INEGI)",Personas de 18 años o más,censo
educacion-censo,Educación media superior o más (Censo),2020,Mujeres,Con discapacidad,Durango,60+,9321.0,25730.0,4070.0,,"Censo de Población y Vivienda, cuestionario ampliado (INEGI)",Personas de 18 años o más,censo
educacion-censo,Educación media superior o más (Censo),2020,Mujeres,Con discapacidad,Guanajuato,18-29,2231.0,11480.0,728.0,,"Censo de Población y Vivienda, cuestionario ampliado (INEGI)",Personas de 18 años o más,censo
educacion-censo,Educación media superior o más (Censo),2020,Mujeres,Con discapacidad,Guanajuato,30-44,4752.0,15474.0,995.0,,"Censo de Población y Vivienda, cuestionario ampliado (INEGI)",Personas de 18 años o más,censo
educacion-censo,Educación media superior o más (Censo),2020,Mujeres,Con discapacidad,Guanajuato,45-59,9528.0,29879.0,1936.0,,"Censo de Población y Vivienda, cuestionario ampliado (INEGI)",Personas de 18 años o más,censo
educacion-censo,Educación media superior o más (Censo),2020,Mujeres,Con discapacidad,Guanajuato,60+,18732.0,78565.0,5975.0,,"Censo de Población y Vivienda, cuestionario ampliado (INEGI)",Personas de 18 años o más,censo
educacion-censo,Educación media superior o más (Censo),2020,Mujeres,Con discapacidad,Guerrero,18-29,1366.0,6753.0,1453.0,,"Censo de Población y Vivienda, cuestionario ampliado (INEGI)",Personas de 18 años o más,censo
educacion-censo,Educación media superior o más (Censo),2020,Mujeres,Con discapacidad,Guerrero,30-44,2856.0,9590.0,2080.0,,"Censo de Población y Vivienda, cuestionario ampliado (INEGI)",Personas de 18 años o más,censo
educacion-censo,Educación media superior o más (Censo),2020,Mujeres,Con discapacidad,Guerrero,45-59,6295.0,20436.0,4161.0,,"Censo de Población y Vivienda, cuestionario ampliado (INEGI)",Personas de 18 años o más,censo
educacion-censo,Educación media superior o más (Censo),2020,Mujeres,Con discapacidad,Guerrero,60+,11671.0,63539.0,12857.0,,"Censo de Población y Vivienda, cuestionario ampliado (INEGI)",Personas de 18 años o más,censo
educacion-censo,Educación media superior o más (Censo),2020,Mujeres,Con discapacidad,Hidalgo,18-29,1210.0,6008.0,942.0,,"Censo de Población y Vivienda, cuestionario ampliado (INEGI)",Personas de 18 años o más,censo
educacion-censo,Educación media superior o más (Censo),2020,Mujeres,Con discapacidad,Hidalgo,30-44,2181.0,9334.0,1478.0,,"Censo de Población y Vivienda, cuestionario ampliado (INEGI)",Personas de 18 años o más,censo
educacion-censo,Educación media superior o más (Censo),2020,Mujeres,Con discapacidad,Hidalgo,45-59,4791.0,16407.0,2692.0,,"Censo de Población y Vivienda, cuestionario ampliado (INEGI)",Personas de 18 años o más,censo
educacion-censo,Educación media superior o más (Censo),2020,Mujeres,Con discapacidad,Hidalgo,60+,10446.0,46164.0,8305.0,,"Censo de Población y Vivienda, cuestionario ampliado (INEGI)",Personas de 18 años o más,censo
educacion-censo,Educación media superior o más (Censo),2020,Mujeres,Con discapacidad,Jalisco,18-29,2900.0,12290.0,1267.0,,"Censo de Población y Vivienda, cuestionario ampliado (INEGI)",Personas de 18 años o más,censo
educacion-censo,Educación media superior o más (Censo),2020,Mujeres,Con discapacidad,Jalisco,30-44,5274.0,17403.0,1852.0,,"Censo de Población y Vivienda, cuestionario ampliado (INEGI)",Personas de 18 años o más,censo
educacion-censo,Educación media superior o más (Censo),2020,Mujeres,Con discapacidad,Jalisco,45-59,15641.0,39232.0,3936.0,,"Censo de Población y Vivienda, cuestionario ampliado (INEGI)",Personas de 18 años o más,censo
educacion-censo,Educación media superior o más (Censo),2020,Mujeres,Con discapacidad,Jalisco,60+,40036.0,114755.0,12368.0,,"Censo de Población y Vivienda, cuestionario ampliado (INEGI)",Personas de 18 años o más,censo
educacion-censo,Educación media superior o más (Censo),2020,Mujeres,Con discapacidad,Michoacán,18-29,1864.0,8761.0,1200.0,,"Censo de Población y Vivienda, cuestionario ampliado (INEGI)",Personas de 18 años o más,censo
educacion-censo,Educación media superior o más (Censo),2020,Mujeres,Con discapacidad,Michoacán,30-44,4288.0,12453.0,1832.0,,"Censo de Población y Vivienda, cuestionario ampliado (INEGI)",Personas de 18 años o más,censo
educacion-censo,Educación media superior o más (Censo),2020,Mujeres,Con discapacidad,Michoacán,45-59,8124.0,24298.0,3850.0,,"Censo de Población y Vivienda, cuestionario ampliado (INEGI)",Personas de 18 años o más,censo
educacion-censo,Educación media superior o más (Censo),2020,Mujeres,Con discapacidad,Michoacán,60+,17718.0,76628.0,12832.0,,"Censo de Población y Vivienda, cuestionario ampliado (INEGI)",Personas de 18 años o más,censo
educacion-censo,Educación media superior o más (Censo),2020,Mujeres,Con discapacidad,Morelos,18-29,732.0,3633.0,423.0,,"Censo de Población y Vivienda, cuestionario ampliado (INEGI)",Personas de 18 años o más,censo
educacion-censo,Educación media superior o más (Censo),2020,Mujeres,Con discapacidad,Morelos,30-44,1399.0,5276.0,602.0,,"Censo de Población y Vivienda, cuestionario ampliado (INEGI)",Personas de 18 años o más,censo
educacion-censo,Educación media superior o más (Censo),2020,Mujeres,Con discapacidad,Morelos,45-59,3035.0,11192.0,1325.0,,"Censo de Población y Vivienda, cuestionario ampliado (INEGI)",Personas de 18 años o más,censo
educacion-censo,Educación media superior o más (Censo),2020,Mujeres,Con discapacidad,Morelos,60+,9316.0,31299.0,3698.0,,"Censo de Población y Vivienda, cuestionario ampliado (INEGI)",Personas de 18 años o más,censo
educacion-censo,Educación media superior o más (Censo),2020,Mujeres,Con discapacidad,México,18-29,6290.0,29561.0,2079.0,,"Censo de Población y Vivienda, cuestionario ampliado (INEGI)",Personas de 18 años o más,censo
educacion-censo,Educación media superior o más (Censo),2020,Mujeres,Con discapacidad,México,30-44,10015.0,39885.0,2793.0,,"Censo de Población y Vivienda, cuestionario ampliado (INEGI)",Personas de 18 años o más,censo
educacion-censo,Educación media superior o más (Censo),2020,Mujeres,Con discapacidad,México,45-59,25988.0,80559.0,5490.0,,"Censo de Población y Vivienda, cuestionario ampliado (INEGI)",Personas de 18 años o más,censo
educacion-censo,Educación media superior o más (Censo),2020,Mujeres,Con discapacidad,México,60+,62442.0,193183.0,13435.0,,"Censo de Población y Vivienda, cuestionario ampliado (INEGI)",Personas de 18 años o más,censo
educacion-censo,Educación media superior o más (Censo),2020,Mujeres,Con discapacidad,Nayarit,18-29,409.0,2480.0,315.0,,"Censo de Población y Vivienda, cuestionario ampliado (INEGI)",Personas de 18 años o más,censo
educacion-censo,Educación media superior o más (Censo),2020,Mujeres,Con discapacidad,Nayarit,30-44,611.0,3189.0,431.0,,"Censo de Población y Vivienda, cuestionario ampliado (INEGI)",Personas de 18 años o más,censo
educacion-censo,Educación media superior o más (Censo),2020,Mujeres,Con discapacidad,Nayarit,45-59,1728.0,6106.0,872.0,,"Censo de Población y Vivienda, cuestionario ampliado (INEGI)",Personas de 18 años o más,censo
educacion-censo,Educación media superior o más (Censo),2020,Mujeres,Con discapacidad,Nayarit,60+,5828.0,19105.0,2670.0,,"Censo de Población y Vivienda, cuestionario ampliado (INEGI)",Personas de 18 años o más,censo
educacion-censo,Educación media superior o más (Censo),2020,Mujeres,Con discapacidad,Nuevo León,18-29,1699.0,8831.0,560.0,,"Censo de Población y Vivienda, cuestionario ampliado (INEGI)",Personas de 18 años o más,censo
educacion-censo,Educación media superior o más (Censo),2020,Mujeres,Con discapacidad,Nuevo León,30-44,2460.0,9319.0,653.0,,"Censo de Población y Vivienda, cuestionario ampliado (INEGI)",Personas de 18 años o más,censo
educacion-censo,Educación media superior o más (Censo),2020,Mujeres,Con discapacidad,Nuevo León,45-59,6843.0,20506.0,1371.0,,"Censo de Población y Vivienda, cuestionario ampliado (INEGI)",Personas de 18 años o más,censo
educacion-censo,Educación media superior o más (Censo),2020,Mujeres,Con discapacidad,Nuevo León,60+,23337.0,58435.0,3856.0,,"Censo de Población y Vivienda, cuestionario ampliado (INEGI)",Personas de 18 años o más,censo
educacion-censo,Educación media superior o más (Censo),2020,Mujeres,Con discapacidad,Oaxaca,18-29,1936.0,8380.0,4209.0,,"Censo de Población y Vivienda, cuestionario ampliado (INEGI)",Personas de 18 años o más,censo
educacion-censo,Educación media superior o más (Censo),2020,Mujeres,Con discapacidad,Oaxaca,30-44,4075.0,13243.0,6384.0,,"Censo de Población y Vivienda, cuestionario ampliado (INEGI)",Personas de 18 años o más,censo
educacion-censo,Educación media superior o más (Censo),2020,Mujeres,Con discapacidad,Oaxaca,45-59,9482.0,26313.0,12844.0,,"Censo de Población y Vivienda, cuestionario ampliado (INEGI)",Personas de 18 años o más,censo
educacion-censo,Educación media superior o más (Censo),2020,Mujeres,Con discapacidad,Oaxaca,60+,13675.0,78982.0,41748.0,,"Censo de Población y Vivienda, cuestionario ampliado (INEGI)",Personas de 18 años o más,censo
educacion-censo,Educación media superior o más (Censo),2020,Mujeres,Con discapacidad,Puebla,18-29,2645.0,11479.0,2418.0,,"Censo de Población y Vivienda, cuestionario ampliado (INEGI)",Personas de 18 años o más,censo
educacion-censo,Educación media superior o más (Censo),2020,Mujeres,Con discapacidad,Puebla,30-44,5079.0,15823.0,3365.0,,"Censo de Población y Vivienda, cuestionario ampliado (INEGI)",Personas de 18 años o más,censo
educacion-censo,Educación media superior o más (Censo),2020,Mujeres,Con discapacidad,Puebla,45-59,9558.0,27447.0,6103.0,,"Censo de Población y Vivienda, cuestionario ampliado (INEGI)",Personas de 18 años o más,censo
educacion-censo,Educación media superior o más (Censo),2020,Mujeres,Con discapacidad,Puebla,60+,21341.0,85388.0,20388.0,,"Censo de Población y Vivienda, cuestionario ampliado (INEGI)",Personas de 18 años o más,censo
educacion-censo,Educación media superior o más (Censo),2020,Mujeres,Con discapacidad,Querétaro,18-29,839.0,3752.0,266.0,,"Censo de Población y Vivienda, cuestionario ampliado (INEGI)",Personas de 18 años o más,censo
educacion-censo,Educación media superior o más (Censo),2020,Mujeres,Con discapacidad,Querétaro,30-44,1236.0,4522.0,336.0,,"Censo de Población y Vivienda, cuestionario ampliado (INEGI)",Personas de 18 años o más,censo
educacion-censo,Educación media superior o más (Censo),2020,Mujeres,Con discapacidad,Querétaro,45-59,3728.0,9700.0,653.0,,"Censo de Población y Vivienda, cuestionario ampliado (INEGI)",Personas de 18 años o más,censo
educacion-censo,Educación media superior o más (Censo),2020,Mujeres,Con discapacidad,Querétaro,60+,6345.0,25275.0,1947.0,,"Censo de Población y Vivienda, cuestionario ampliado (INEGI)",Personas de 18 años o más,censo
educacion-censo,Educación media superior o más (Censo),2020,Mujeres,Con discapacidad,Quintana Roo,18-29,719.0,4273.0,162.0,,"Censo de Población y Vivienda, cuestionario ampliado (INEGI)",Personas de 18 años o más,censo
educacion-censo,Educación media superior o más (Censo),2020,Mujeres,Con discapacidad,Quintana Roo,30-44,1149.0,3877.0,186.0,,"Censo de Población y Vivienda, cuestionario ampliado (INEGI)",Personas de 18 años o más,censo
educacion-censo,Educación media superior o más (Censo),2020,Mujeres,Con discapacidad,Quintana Roo,45-59,2885.0,7878.0,325.0,,"Censo de Población y Vivienda, cuestionario ampliado (INEGI)",Personas de 18 años o más,censo
educacion-censo,Educación media superior o más (Censo),2020,Mujeres,Con discapacidad,Quintana Roo,60+,3076.0,10406.0,579.0,,"Censo de Población y Vivienda, cuestionario ampliado (INEGI)",Personas de 18 años o más,censo
educacion-censo,Educación media superior o más (Censo),2020,Mujeres,Con discapacidad,San Luis Potosí,18-29,911.0,4825.0,647.0,,"Censo de Población y Vivienda, cuestionario ampliado (INEGI)",Personas de 18 años o más,censo
educacion-censo,Educación media superior o más (Censo),2020,Mujeres,Con discapacidad,San Luis Potosí,30-44,1471.0,6742.0,868.0,,"Censo de Población y Vivienda, cuestionario ampliado (INEGI)",Personas de 18 años o más,censo
educacion-censo,Educación media superior o más (Censo),2020,Mujeres,Con discapacidad,San Luis Potosí,45-59,3900.0,12732.0,1874.0,,"Censo de Población y Vivienda, cuestionario ampliado (INEGI)",Personas de 18 años o más,censo
educacion-censo,Educación media superior o más (Censo),2020,Mujeres,Con discapacidad,San Luis Potosí,60+,11325.0,41184.0,6313.0,,"Censo de Población y Vivienda, cuestionario ampliado (INEGI)",Personas de 18 años o más,censo
educacion-censo,Educación media superior o más (Censo),2020,Mujeres,Con discapacidad,Sinaloa,18-29,1276.0,4942.0,285.0,,"Censo de Población y Vivienda, cuestionario ampliado (INEGI)",Personas de 18 años o más,censo
educacion-censo,Educación media superior o más (Censo),2020,Mujeres,Con discapacidad,Sinaloa,30-44,2064.0,6980.0,412.0,,"Censo de Población y Vivienda, cuestionario ampliado (INEGI)",Personas de 18 años o más,censo
educacion-censo,Educación media superior o más (Censo),2020,Mujeres,Con discapacidad,Sinaloa,45-59,5516.0,15730.0,915.0,,"Censo de Población y Vivienda, cuestionario ampliado (INEGI)",Personas de 18 años o más,censo
educacion-censo,Educación media superior o más (Censo),2020,Mujeres,Con discapacidad,Sinaloa,60+,16123.0,46787.0,2761.0,,"Censo de Población y Vivienda, cuestionario ampliado (INEGI)",Personas de 18 años o más,censo
educacion-censo,Educación media superior o más (Censo),2020,Mujeres,Con discapacidad,Sonora,18-29,1651.0,5535.0,509.0,,"Censo de Población y Vivienda, cuestionario ampliado (INEGI)",Personas de 18 años o más,censo
educacion-censo,Educación media superior o más (Censo),2020,Mujeres,Con discapacidad,Sonora,30-44,1699.0,7173.0,627.0,,"Censo de Población y Vivienda, cuestionario ampliado (INEGI)",Personas de 18 años o más,censo
educacion-censo,Educación media superior o más (Censo),2020,Mujeres,Con discapacidad,Sonora,45-59,4336.0,16034.0,1606.0,,"Censo de Población y Vivienda, cuestionario ampliado (INEGI)",Personas de 18 años o más,censo
educacion-censo,Educación media superior o más (Censo),2020,Mujeres,Con discapacidad,Sonora,60+,16244.0,40214.0,4498.0,,"Censo de Población y Vivienda, cuestionario ampliado (INEGI)",Personas de 18 años o más,censo
educacion-censo,Educación media superior o más (Censo),2020,Mujeres,Con discapacidad,Tabasco,18-29,1509.0,5651.0,336.0,,"Censo de Población y Vivienda, cuestionario ampliado (INEGI)",Personas de 18 años o más,censo
educacion-censo,Educación media superior o más (Censo),2020,Mujeres,Con discapacidad,Tabasco,30-44,1712.0,7806.0,470.0,,"Censo de Población y Vivienda, cuestionario ampliado (INEGI)",Personas de 18 años o más,censo
educacion-censo,Educación media superior o más (Censo),2020,Mujeres,Con discapacidad,Tabasco,45-59,5311.0,17157.0,1085.0,,"Censo de Población y Vivienda, cuestionario ampliado (INEGI)",Personas de 18 años o más,censo
educacion-censo,Educación media superior o más (Censo),2020,Mujeres,Con discapacidad,Tabasco,60+,9127.0,38455.0,2646.0,,"Censo de Población y Vivienda, cuestionario ampliado (INEGI)",Personas de 18 años o más,censo
educacion-censo,Educación media superior o más (Censo),2020,Mujeres,Con discapacidad,Tamaulipas,18-29,831.0,4703.0,301.0,,"Censo de Población y Vivienda, cuestionario ampliado (INEGI)",Personas de 18 años o más,censo
educacion-censo,Educación media superior o más (Censo),2020,Mujeres,Con discapacidad,Tamaulipas,30-44,1878.0,7431.0,506.0,,"Censo de Población y Vivienda, cuestionario ampliado (INEGI)",Personas de 18 años o más,censo
educacion-censo,Educación media superior o más (Censo),2020,Mujeres,Con discapacidad,Tamaulipas,45-59,6036.0,19444.0,1345.0,,"Censo de Población y Vivienda, cuestionario ampliado (INEGI)",Personas de 18 años o más,censo
educacion-censo,Educación media superior o más (Censo),2020,Mujeres,Con discapacidad,Tamaulipas,60+,16877.0,48782.0,3972.0,,"Censo de Población y Vivienda, cuestionario ampliado (INEGI)",Personas de 18 años o más,censo
educacion-censo,Educación media superior o más (Censo),2020,Mujeres,Con discapacidad,Tlaxcala,18-29,567.0,2216.0,549.0,,"Censo de Población y Vivienda, cuestionario ampliado (INEGI)",Personas de 18 años o más,censo
educacion-censo,Educación media superior o más (Censo),2020,Mujeres,Con discapacidad,Tlaxcala,30-44,849.0,3094.0,734.0,,"Censo de Población y Vivienda, cuestionario ampliado (INEGI)",Personas de 18 años o más,censo
educacion-censo,Educación media superior o más (Censo),2020,Mujeres,Con discapacidad,Tlaxcala,45-59,2005.0,5507.0,1371.0,,"Censo de Población y Vivienda, cuestionario ampliado (INEGI)",Personas de 18 años o más,censo
educacion-censo,Educación media superior o más (Censo),2020,Mujeres,Con discapacidad,Tlaxcala,60+,4973.0,15298.0,3793.0,,"Censo de Población y Vivienda, cuestionario ampliado (INEGI)",Personas de 18 años o más,censo
educacion-censo,Educación media superior o más (Censo),2020,Mujeres,Con discapacidad,Veracruz,18-29,2827.0,13547.0,2425.0,,"Censo de Población y Vivienda, cuestionario ampliado (INEGI)",Personas de 18 años o más,censo
educacion-censo,Educación media superior o más (Censo),2020,Mujeres,Con discapacidad,Veracruz,30-44,5790.0,20783.0,3753.0,,"Censo de Población y Vivienda, cuestionario ampliado (INEGI)",Personas de 18 años o más,censo
educacion-censo,Educación media superior o más (Censo),2020,Mujeres,Con discapacidad,Veracruz,45-59,14874.0,47805.0,8253.0,,"Censo de Población y Vivienda, cuestionario ampliado (INEGI)",Personas de 18 años o más,censo
educacion-censo,Educación media superior o más (Censo),2020,Mujeres,Con discapacidad,Veracruz,60+,34043.0,137727.0,22401.0,,"Censo de Población y Vivienda, cuestionario ampliado (INEGI)",Personas de 18 años o más,censo
educacion-censo,Educación media superior o más (Censo),2020,Mujeres,Con discapacidad,Yucatán,18-29,1046.0,4775.0,817.0,,"Censo de Población y Vivienda, cuestionario ampliado (INEGI)",Personas de 18 años o más,censo
educacion-censo,Educación media superior o más (Censo),2020,Mujeres,Con discapacidad,Yucatán,30-44,1320.0,6343.0,1272.0,,"Censo de Población y Vivienda, cuestionario ampliado (INEGI)",Personas de 18 años o más,censo
educacion-censo,Educación media superior o más (Censo),2020,Mujeres,Con discapacidad,Yucatán,45-59,4075.0,13916.0,2731.0,,"Censo de Población y Vivienda, cuestionario ampliado (INEGI)",Personas de 18 años o más,censo
educacion-censo,Educación media superior o más (Censo),2020,Mujeres,Con discapacidad,Yucatán,60+,9698.0,37514.0,7492.0,,"Censo de Población y Vivienda, cuestionario ampliado (INEGI)",Personas de 18 años o más,censo
educacion-censo,Educación media superior o más (Censo),2020,Mujeres,Con discapacidad,Zacatecas,18-29,530.0,3315.0,617.0,,"Censo de Población y Vivienda, cuestionario ampliado (INEGI)",Personas de 18 años o más,censo
educacion-censo,Educación media superior o más (Censo),2020,Mujeres,Con discapacidad,Zacatecas,30-44,940.0,4136.0,812.0,,"Censo de Población y Vivienda, cuestionario ampliado (INEGI)",Personas de 18 años o más,censo
educacion-censo,Educación media superior o más (Censo),2020,Mujeres,Con discapacidad,Zacatecas,45-59,2849.0,9213.0,1704.0,,"Censo de Población y Vivienda, cuestionario ampliado (INEGI)",Personas de 18 años o más,censo
educacion-censo,Educación media superior o más (Censo),2020,Mujeres,Con discapacidad,Zacatecas,60+,7296.0,26259.0,5517.0,,"Censo de Población y Vivienda, cuestionario ampliado (INEGI)",Personas de 18 años o más,censo
educacion-censo,Educación media superior o más (Censo),2020,Mujeres,Sin discapacidad,Aguascalientes,18-29,29142.0,148261.0,9994.0,,"Censo de Población y Vivienda, cuestionario ampliado (INEGI)",Personas de 18 años o más,censo
educacion-censo,Educación media superior o más (Censo),2020,Mujeres,Sin discapacidad,Aguascalientes,30-44,48209.0,151375.0,9919.0,,"Censo de Población y Vivienda, cuestionario ampliado (INEGI)",Personas de 18 años o más,censo
educacion-censo,Educación media superior o más (Censo),2020,Mujeres,Sin discapacidad,Aguascalientes,45-59,36071.0,104535.0,6436.0,,"Censo de Población y Vivienda, cuestionario ampliado (INEGI)",Personas de 18 años o más,censo
educacion-censo,Educación media superior o más (Censo),2020,Mujeres,Sin discapacidad,Aguascalientes,60+,24943.0,58528.0,3572.0,,"Censo de Población y Vivienda, cuestionario ampliado (INEGI)",Personas de 18 años o más,censo
educacion-censo,Educación media superior o más (Censo),2020,Mujeres,Sin discapacidad,Baja California,18-29,78765.0,374005.0,7869.0,,"Censo de Población y Vivienda, cuestionario ampliado (INEGI)",Personas de 18 años o más,censo
educacion-censo,Educación media superior o más (Censo),2020,Mujeres,Sin discapacidad,Baja California,30-44,125879.0,417617.0,8615.0,,"Censo de Población y Vivienda, cuestionario ampliado (INEGI)",Personas de 18 años o más,censo
educacion-censo,Educación media superior o más (Censo),2020,Mujeres,Sin discapacidad,Baja California,45-59,93109.0,286338.0,6119.0,,"Censo de Población y Vivienda, cuestionario ampliado (INEGI)",Personas de 18 años o más,censo
educacion-censo,Educación media superior o más (Censo),2020,Mujeres,Sin discapacidad,Baja California,60+,60387.0,153240.0,3412.0,,"Censo de Población y Vivienda, cuestionario ampliado (INEGI)",Personas de 18 años o más,censo
educacion-censo,Educación media superior o más (Censo),2020,Mujeres,Sin discapacidad,Baja California Sur,18-29,16885.0,77130.0,4294.0,,"Censo de Población y Vivienda, cuestionario ampliado (INEGI)",Personas de 18 años o más,censo
educacion-censo,Educación media superior o más (Censo),2020,Mujeres,Sin discapacidad,Baja California Sur,30-44,29288.0,92849.0,5311.0,,"Censo de Población y Vivienda, cuestionario ampliado (INEGI)",Personas de 18 años o más,censo
educacion-censo,Educación media superior o más (Censo),2020,Mujeres,Sin discapacidad,Baja California Sur,45-59,19321.0,60229.0,3623.0,,"Censo de Población y Vivienda, cuestionario ampliado (INEGI)",Personas de 18 años o más,censo
educacion-censo,Educación media superior o más (Censo),2020,Mujeres,Sin discapacidad,Baja California Sur,60+,12425.0,30607.0,1954.0,,"Censo de Población y Vivienda, cuestionario ampliado (INEGI)",Personas de 18 años o más,censo
educacion-censo,Educación media superior o más (Censo),2020,Mujeres,Sin discapacidad,Campeche,18-29,19620.0,86566.0,7877.0,,"Censo de Población y Vivienda, cuestionario ampliado (INEGI)",Personas de 18 años o más,censo
educacion-censo,Educación media superior o más (Censo),2020,Mujeres,Sin discapacidad,Campeche,30-44,34597.0,102757.0,9175.0,,"Censo de Población y Vivienda, cuestionario ampliado (INEGI)",Personas de 18 años o más,censo
educacion-censo,Educación media superior o más (Censo),2020,Mujeres,Sin discapacidad,Campeche,45-59,24868.0,70650.0,6009.0,,"Censo de Población y Vivienda, cuestionario ampliado (INEGI)",Personas de 18 años o más,censo
educacion-censo,Educación media superior o más (Censo),2020,Mujeres,Sin discapacidad,Campeche,60+,13885.0,36807.0,3295.0,,"Censo de Población y Vivienda, cuestionario ampliado (INEGI)",Personas de 18 años o más,censo
educacion-censo,Educación media superior o más (Censo),2020,Mujeres,Sin discapacidad,Chiapas,18-29,161028.0,564248.0,130522.0,,"Censo de Población y Vivienda, cuestionario ampliado (INEGI)",Personas de 18 años o más,censo
educacion-censo,Educación media superior o más (Censo),2020,Mujeres,Sin discapacidad,Chiapas,30-44,202092.0,563887.0,121714.0,,"Censo de Población y Vivienda, cuestionario ampliado (INEGI)",Personas de 18 años o más,censo
educacion-censo,Educación media superior o más (Censo),2020,Mujeres,Sin discapacidad,Chiapas,45-59,113521.0,356490.0,71134.0,,"Censo de Población y Vivienda, cuestionario ampliado (INEGI)",Personas de 18 años o más,censo
educacion-censo,Educación media superior o más (Censo),2020,Mujeres,Sin discapacidad,Chiapas,60+,46302.0,200290.0,40561.0,,"Censo de Población y Vivienda, cuestionario ampliado (INEGI)",Personas de 18 años o más,censo
educacion-censo,Educación media superior o más (Censo),2020,Mujeres,Sin discapacidad,Chihuahua,18-29,77939.0,364288.0,27277.0,,"Censo de Población y Vivienda, cuestionario ampliado (INEGI)",Personas de 18 años o más,censo
educacion-censo,Educación media superior o más (Censo),2020,Mujeres,Sin discapacidad,Chihuahua,30-44,122044.0,389633.0,29735.0,,"Censo de Población y Vivienda, cuestionario ampliado (INEGI)",Personas de 18 años o más,censo
educacion-censo,Educación media superior o más (Censo),2020,Mujeres,Sin discapacidad,Chihuahua,45-59,105917.0,303029.0,23766.0,,"Censo de Población y Vivienda, cuestionario ampliado (INEGI)",Personas de 18 años o más,censo
educacion-censo,Educación media superior o más (Censo),2020,Mujeres,Sin discapacidad,Chihuahua,60+,78718.0,172602.0,16850.0,,"Censo de Población y Vivienda, cuestionario ampliado (INEGI)",Personas de 18 años o más,censo
educacion-censo,Educación media superior o más (Censo),2020,Mujeres,Sin discapacidad,Ciudad de México,18-29,199176.0,844686.0,25694.0,,"Censo de Población y Vivienda, cuestionario ampliado (INEGI)",Personas de 18 años o más,censo
educacion-censo,Educación media superior o más (Censo),2020,Mujeres,Sin discapacidad,Ciudad de México,30-44,360847.0,1057458.0,31817.0,,"Censo de Población y Vivienda, cuestionario ampliado (INEGI)",Personas de 18 años o más,censo
educacion-censo,Educación media superior o más (Censo),2020,Mujeres,Sin discapacidad,Ciudad de México,45-59,306246.0,916135.0,27422.0,,"Censo de Población y Vivienda, cuestionario ampliado (INEGI)",Personas de 18 años o más,censo
educacion-censo,Educación media superior o más (Censo),2020,Mujeres,Sin discapacidad,Ciudad de México,60+,288948.0,694573.0,20317.0,,"Censo de Población y Vivienda, cuestionario ampliado (INEGI)",Personas de 18 años o más,censo
educacion-censo,Educación media superior o más (Censo),2020,Mujeres,Sin discapacidad,Coahuila,18-29,60675.0,300486.0,20340.0,,"Censo de Población y Vivienda, cuestionario ampliado (INEGI)",Personas de 18 años o más,censo
educacion-censo,Educación media superior o más (Censo),2020,Mujeres,Sin discapacidad,Coahuila,30-44,93975.0,320938.0,21702.0,,"Censo de Población y Vivienda, cuestionario ampliado (INEGI)",Personas de 18 años o más,censo
educacion-censo,Educación media superior o más (Censo),2020,Mujeres,Sin discapacidad,Coahuila,45-59,92811.0,256727.0,17731.0,,"Censo de Población y Vivienda, cuestionario ampliado (INEGI)",Personas de 18 años o más,censo
educacion-censo,Educación media superior o más (Censo),2020,Mujeres,Sin discapacidad,Coahuila,60+,70988.0,154777.0,10721.0,,"Censo de Población y Vivienda, cuestionario ampliado (INEGI)",Personas de 18 años o más,censo
educacion-censo,Educación media superior o más (Censo),2020,Mujeres,Sin discapacidad,Colima,18-29,15913.0,69622.0,5665.0,,"Censo de Población y Vivienda, cuestionario ampliado (INEGI)",Personas de 18 años o más,censo
educacion-censo,Educación media superior o más (Censo),2020,Mujeres,Sin discapacidad,Colima,30-44,25718.0,82088.0,6492.0,,"Censo de Población y Vivienda, cuestionario ampliado (INEGI)",Personas de 18 años o más,censo
educacion-censo,Educación media superior o más (Censo),2020,Mujeres,Sin discapacidad,Colima,45-59,20423.0,57976.0,4751.0,,"Censo de Población y Vivienda, cuestionario ampliado (INEGI)",Personas de 18 años o más,censo
educacion-censo,Educación media superior o más (Censo),2020,Mujeres,Sin discapacidad,Colima,60+,14247.0,36145.0,3090.0,,"Censo de Población y Vivienda, cuestionario ampliado (INEGI)",Personas de 18 años o más,censo
educacion-censo,Educación media superior o más (Censo),2020,Mujeres,Sin discapacidad,Durango,18-29,32208.0,178277.0,23422.0,,"Censo de Población y Vivienda, cuestionario ampliado (INEGI)",Personas de 18 años o más,censo
educacion-censo,Educación media superior o más (Censo),2020,Mujeres,Sin discapacidad,Durango,30-44,49008.0,180140.0,23402.0,,"Censo de Población y Vivienda, cuestionario ampliado (INEGI)",Personas de 18 años o más,censo
educacion-censo,Educación media superior o más (Censo),2020,Mujeres,Sin discapacidad,Durango,45-59,47097.0,139994.0,17069.0,,"Censo de Población y Vivienda, cuestionario ampliado (INEGI)",Personas de 18 años o más,censo
educacion-censo,Educación media superior o más (Censo),2020,Mujeres,Sin discapacidad,Durango,60+,33343.0,78583.0,10991.0,,"Censo de Población y Vivienda, cuestionario ampliado (INEGI)",Personas de 18 años o más,censo
educacion-censo,Educación media superior o más (Censo),2020,Mujeres,Sin discapacidad,Guanajuato,18-29,112662.0,632243.0,42598.0,,"Censo de Población y Vivienda, cuestionario ampliado (INEGI)",Personas de 18 años o más,censo
educacion-censo,Educación media superior o más (Censo),2020,Mujeres,Sin discapacidad,Guanajuato,30-44,197254.0,662204.0,45294.0,,"Censo de Población y Vivienda, cuestionario ampliado (INEGI)",Personas de 18 años o más,censo
educacion-censo,Educación media superior o más (Censo),2020,Mujeres,Sin discapacidad,Guanajuato,45-59,164412.0,464107.0,31786.0,,"Censo de Población y Vivienda, cuestionario ampliado (INEGI)",Personas de 18 años o más,censo
educacion-censo,Educación media superior o más (Censo),2020,Mujeres,Sin discapacidad,Guanajuato,60+,88371.0,273549.0,20032.0,,"Censo de Población y Vivienda, cuestionario ampliado (INEGI)",Personas de 18 años o más,censo
educacion-censo,Educación media superior o más (Censo),2020,Mujeres,Sin discapacidad,Guerrero,18-29,78652.0,343315.0,71663.0,,"Censo de Población y Vivienda, cuestionario ampliado (INEGI)",Personas de 18 años o más,censo
educacion-censo,Educación media superior o más (Censo),2020,Mujeres,Sin discapacidad,Guerrero,30-44,128351.0,349474.0,66248.0,,"Censo de Población y Vivienda, cuestionario ampliado (INEGI)",Personas de 18 años o más,censo
educacion-censo,Educación media superior o más (Censo),2020,Mujeres,Sin discapacidad,Guerrero,45-59,93921.0,253319.0,46263.0,,"Censo de Población y Vivienda, cuestionario ampliado (INEGI)",Personas de 18 años o más,censo
educacion-censo,Educación media superior o más (Censo),2020,Mujeres,Sin discapacidad,Guerrero,60+,45535.0,172069.0,33537.0,,"Censo de Población y Vivienda, cuestionario ampliado (INEGI)",Personas de 18 años o más,censo
educacion-censo,Educación media superior o más (Censo),2020,Mujeres,Sin discapacidad,Hidalgo,18-29,54401.0,288697.0,46233.0,,"Censo de Población y Vivienda, cuestionario ampliado (INEGI)",Personas de 18 años o más,censo
educacion-censo,Educación media superior o más (Censo),2020,Mujeres,Sin discapacidad,Hidalgo,30-44,94746.0,341486.0,53803.0,,"Censo de Población y Vivienda, cuestionario ampliado (INEGI)",Personas de 18 años o más,censo
educacion-censo,Educación media superior o más (Censo),2020,Mujeres,Sin discapacidad,Hidalgo,45-59,80057.0,253800.0,40352.0,,"Censo de Población y Vivienda, cuestionario ampliado (INEGI)",Personas de 18 años o más,censo
educacion-censo,Educación media superior o más (Censo),2020,Mujeres,Sin discapacidad,Hidalgo,60+,52168.0,160838.0,27592.0,,"Censo de Población y Vivienda, cuestionario ampliado (INEGI)",Personas de 18 años o más,censo
educacion-censo,Educación media superior o más (Censo),2020,Mujeres,Sin discapacidad,Jalisco,18-29,183633.0,825911.0,72787.0,,"Censo de Población y Vivienda, cuestionario ampliado (INEGI)",Personas de 18 años o más,censo
educacion-censo,Educación media superior o más (Censo),2020,Mujeres,Sin discapacidad,Jalisco,30-44,310320.0,892403.0,80223.0,,"Censo de Población y Vivienda, cuestionario ampliado (INEGI)",Personas de 18 años o más,censo
educacion-censo,Educación media superior o más (Censo),2020,Mujeres,Sin discapacidad,Jalisco,45-59,253079.0,647565.0,57144.0,,"Censo de Población y Vivienda, cuestionario ampliado (INEGI)",Personas de 18 años o más,censo
educacion-censo,Educación media superior o más (Censo),2020,Mujeres,Sin discapacidad,Jalisco,60+,173940.0,428671.0,40913.0,,"Censo de Población y Vivienda, cuestionario ampliado (INEGI)",Personas de 18 años o más,censo
educacion-censo,Educación media superior o más (Censo),2020,Mujeres,Sin discapacidad,Michoacán,18-29,108923.0,461354.0,67175.0,,"Censo de Población y Vivienda, cuestionario ampliado (INEGI)",Personas de 18 años o más,censo
educacion-censo,Educación media superior o más (Censo),2020,Mujeres,Sin discapacidad,Michoacán,30-44,176746.0,482185.0,70356.0,,"Censo de Población y Vivienda, cuestionario ampliado (INEGI)",Personas de 18 años o más,censo
educacion-censo,Educación media superior o más (Censo),2020,Mujeres,Sin discapacidad,Michoacán,45-59,136458.0,361604.0,51075.0,,"Censo de Población y Vivienda, cuestionario ampliado (INEGI)",Personas de 18 años o más,censo
educacion-censo,Educación media superior o más (Censo),2020,Mujeres,Sin discapacidad,Michoacán,60+,81145.0,249490.0,37999.0,,"Censo de Población y Vivienda, cuestionario ampliado (INEGI)",Personas de 18 años o más,censo
educacion-censo,Educación media superior o más (Censo),2020,Mujeres,Sin discapacidad,Morelos,18-29,38219.0,189492.0,23432.0,,"Censo de Población y Vivienda, cuestionario ampliado (INEGI)",Personas de 18 años o más,censo
educacion-censo,Educación media superior o más (Censo),2020,Mujeres,Sin discapacidad,Morelos,30-44,62247.0,210103.0,25430.0,,"Censo de Población y Vivienda, cuestionario ampliado (INEGI)",Personas de 18 años o más,censo
educacion-censo,Educación media superior o más (Censo),2020,Mujeres,Sin discapacidad,Morelos,45-59,55629.0,170610.0,19625.0,,"Censo de Población y Vivienda, cuestionario ampliado (INEGI)",Personas de 18 años o más,censo
educacion-censo,Educación media superior o más (Censo),2020,Mujeres,Sin discapacidad,Morelos,60+,41285.0,110046.0,12680.0,,"Censo de Población y Vivienda, cuestionario ampliado (INEGI)",Personas de 18 años o más,censo
educacion-censo,Educación media superior o más (Censo),2020,Mujeres,Sin discapacidad,México,18-29,309490.0,1667272.0,122063.0,,"Censo de Población y Vivienda, cuestionario ampliado (INEGI)",Personas de 18 años o más,censo
educacion-censo,Educación media superior o más (Censo),2020,Mujeres,Sin discapacidad,México,30-44,519361.0,1881257.0,135590.0,,"Censo de Población y Vivienda, cuestionario ampliado (INEGI)",Personas de 18 años o más,censo
educacion-censo,Educación media superior o más (Censo),2020,Mujeres,Sin discapacidad,México,45-59,473569.0,1478711.0,99313.0,,"Censo de Población y Vivienda, cuestionario ampliado (INEGI)",Personas de 18 años o más,censo
educacion-censo,Educación media superior o más (Censo),2020,Mujeres,Sin discapacidad,México,60+,337775.0,857945.0,56411.0,,"Censo de Población y Vivienda, cuestionario ampliado (INEGI)",Personas de 18 años o más,censo
educacion-censo,Educación media superior o más (Censo),2020,Mujeres,Sin discapacidad,Nayarit,18-29,21887.0,112850.0,16708.0,,"Censo de Población y Vivienda, cuestionario ampliado (INEGI)",Personas de 18 años o más,censo
educacion-censo,Educación media superior o más (Censo),2020,Mujeres,Sin discapacidad,Nayarit,30-44,34323.0,126807.0,17048.0,,"Censo de Población y Vivienda, cuestionario ampliado (INEGI)",Personas de 18 años o más,censo
educacion-censo,Educación media superior o más (Censo),2020,Mujeres,Sin discapacidad,Nayarit,45-59,28500.0,93888.0,12213.0,,"Censo de Población y Vivienda, cuestionario ampliado (INEGI)",Personas de 18 años o más,censo
educacion-censo,Educación media superior o más (Censo),2020,Mujeres,Sin discapacidad,Nayarit,60+,21160.0,61216.0,8308.0,,"Censo de Población y Vivienda, cuestionario ampliado (INEGI)",Personas de 18 años o más,censo
educacion-censo,Educación media superior o más (Censo),2020,Mujeres,Sin discapacidad,Nuevo León,18-29,116981.0,564510.0,31816.0,,"Censo de Población y Vivienda, cuestionario ampliado (INEGI)",Personas de 18 años o más,censo
educacion-censo,Educación media superior o más (Censo),2020,Mujeres,Sin discapacidad,Nuevo León,30-44,179287.0,615298.0,35093.0,,"Censo de Población y Vivienda, cuestionario ampliado (INEGI)",Personas de 18 años o más,censo
educacion-censo,Educación media superior o más (Censo),2020,Mujeres,Sin discapacidad,Nuevo León,45-59,155220.0,476651.0,26072.0,,"Censo de Población y Vivienda, cuestionario ampliado (INEGI)",Personas de 18 años o más,censo
educacion-censo,Educación media superior o más (Censo),2020,Mujeres,Sin discapacidad,Nuevo León,60+,134214.0,303658.0,16990.0,,"Censo de Población y Vivienda, cuestionario ampliado (INEGI)",Personas de 18 años o más,censo
educacion-censo,Educación media superior o más (Censo),2020,Mujeres,Sin discapacidad,Oaxaca,18-29,90901.0,382901.0,177157.0,,"Censo de Población y Vivienda, cuestionario ampliado (INEGI)",Personas de 18 años o más,censo
educacion-censo,Educación media superior o más (Censo),2020,Mujeres,Sin discapacidad,Oaxaca,30-44,171090.0,430514.0,190143.0,,"Censo de Población y Vivienda, cuestionario ampliado (INEGI)",Personas de 18 años o más,censo
educacion-censo,Educación media superior o más (Censo),2020,Mujeres,Sin discapacidad,Oaxaca,45-59,127902.0,309985.0,136871.0,,"Censo de Población y Vivienda, cuestionario ampliado (INEGI)",Personas de 18 años o más,censo
educacion-censo,Educación media superior o más (Censo),2020,Mujeres,Sin discapacidad,Oaxaca,60+,58933.0,219533.0,106220.0,,"Censo de Población y Vivienda, cuestionario ampliado (INEGI)",Personas de 18 años o más,censo
educacion-censo,Educación media superior o más (Censo),2020,Mujeres,Sin discapacidad,Puebla,18-29,160534.0,663910.0,125763.0,,"Censo de Población y Vivienda, cuestionario ampliado (INEGI)",Personas de 18 años o más,censo
educacion-censo,Educación media superior o más (Censo),2020,Mujeres,Sin discapacidad,Puebla,30-44,274152.0,713063.0,129415.0,,"Censo de Población y Vivienda, cuestionario ampliado (INEGI)",Personas de 18 años o más,censo
educacion-censo,Educación media superior o más (Censo),2020,Mujeres,Sin discapacidad,Puebla,45-59,195610.0,496256.0,89204.0,,"Censo de Población y Vivienda, cuestionario ampliado (INEGI)",Personas de 18 años o más,censo
educacion-censo,Educación media superior o más (Censo),2020,Mujeres,Sin discapacidad,Puebla,60+,106522.0,323006.0,63750.0,,"Censo de Población y Vivienda, cuestionario ampliado (INEGI)",Personas de 18 años o más,censo
educacion-censo,Educación media superior o más (Censo),2020,Mujeres,Sin discapacidad,Querétaro,18-29,57363.0,243520.0,15136.0,,"Censo de Población y Vivienda, cuestionario ampliado (INEGI)",Personas de 18 años o más,censo
educacion-censo,Educación media superior o más (Censo),2020,Mujeres,Sin discapacidad,Querétaro,30-44,98958.0,276192.0,16378.0,,"Censo de Población y Vivienda, cuestionario ampliado (INEGI)",Personas de 18 años o más,censo
educacion-censo,Educación media superior o más (Censo),2020,Mujeres,Sin discapacidad,Querétaro,45-59,70503.0,187212.0,10790.0,,"Censo de Población y Vivienda, cuestionario ampliado (INEGI)",Personas de 18 años o más,censo
educacion-censo,Educación media superior o más (Censo),2020,Mujeres,Sin discapacidad,Querétaro,60+,36074.0,109764.0,6528.0,,"Censo de Población y Vivienda, cuestionario ampliado (INEGI)",Personas de 18 años o más,censo
educacion-censo,Educación media superior o más (Censo),2020,Mujeres,Sin discapacidad,Quintana Roo,18-29,33705.0,195062.0,8008.0,,"Censo de Población y Vivienda, cuestionario ampliado (INEGI)",Personas de 18 años o más,censo
educacion-censo,Educación media superior o más (Censo),2020,Mujeres,Sin discapacidad,Quintana Roo,30-44,68728.0,231483.0,9138.0,,"Censo de Población y Vivienda, cuestionario ampliado (INEGI)",Personas de 18 años o más,censo
educacion-censo,Educación media superior o más (Censo),2020,Mujeres,Sin discapacidad,Quintana Roo,45-59,45147.0,127194.0,5217.0,,"Censo de Población y Vivienda, cuestionario ampliado (INEGI)",Personas de 18 años o más,censo
educacion-censo,Educación media superior o más (Censo),2020,Mujeres,Sin discapacidad,Quintana Roo,60+,21229.0,58815.0,2634.0,,"Censo de Población y Vivienda, cuestionario ampliado (INEGI)",Personas de 18 años o más,censo
educacion-censo,Educación media superior o más (Censo),2020,Mujeres,Sin discapacidad,San Luis Potosí,18-29,53969.0,274125.0,33496.0,,"Censo de Población y Vivienda, cuestionario ampliado (INEGI)",Personas de 18 años o más,censo
educacion-censo,Educación media superior o más (Censo),2020,Mujeres,Sin discapacidad,San Luis Potosí,30-44,91574.0,298436.0,35433.0,,"Censo de Población y Vivienda, cuestionario ampliado (INEGI)",Personas de 18 años o más,censo
educacion-censo,Educación media superior o más (Censo),2020,Mujeres,Sin discapacidad,San Luis Potosí,45-59,73671.0,217967.0,26002.0,,"Censo de Población y Vivienda, cuestionario ampliado (INEGI)",Personas de 18 años o más,censo
educacion-censo,Educación media superior o más (Censo),2020,Mujeres,Sin discapacidad,San Luis Potosí,60+,52183.0,151759.0,19922.0,,"Censo de Población y Vivienda, cuestionario ampliado (INEGI)",Personas de 18 años o más,censo
educacion-censo,Educación media superior o más (Censo),2020,Mujeres,Sin discapacidad,Sinaloa,18-29,81758.0,293931.0,15361.0,,"Censo de Población y Vivienda, cuestionario ampliado (INEGI)",Personas de 18 años o más,censo
educacion-censo,Educación media superior o más (Censo),2020,Mujeres,Sin discapacidad,Sinaloa,30-44,111415.0,305021.0,16179.0,,"Censo de Población y Vivienda, cuestionario ampliado (INEGI)",Personas de 18 años o más,censo
educacion-censo,Educación media superior o más (Censo),2020,Mujeres,Sin discapacidad,Sinaloa,45-59,91947.0,245930.0,13177.0,,"Censo de Población y Vivienda, cuestionario ampliado (INEGI)",Personas de 18 años o más,censo
educacion-censo,Educación media superior o más (Censo),2020,Mujeres,Sin discapacidad,Sinaloa,60+,68501.0,161769.0,9190.0,,"Censo de Población y Vivienda, cuestionario ampliado (INEGI)",Personas de 18 años o más,censo
educacion-censo,Educación media superior o más (Censo),2020,Mujeres,Sin discapacidad,Sonora,18-29,55124.0,277817.0,22426.0,,"Censo de Población y Vivienda, cuestionario ampliado (INEGI)",Personas de 18 años o más,censo
educacion-censo,Educación media superior o más (Censo),2020,Mujeres,Sin discapacidad,Sonora,30-44,83889.0,303642.0,25324.0,,"Censo de Población y Vivienda, cuestionario ampliado (INEGI)",Personas de 18 años o más,censo
educacion-censo,Educación media superior o más (Censo),2020,Mujeres,Sin discapacidad,Sonora,45-59,67099.0,236248.0,20909.0,,"Censo de Población y Vivienda, cuestionario ampliado (INEGI)",Personas de 18 años o más,censo
educacion-censo,Educación media superior o más (Censo),2020,Mujeres,Sin discapacidad,Sonora,60+,60175.0,151736.0,14489.0,,"Censo de Población y Vivienda, cuestionario ampliado (INEGI)",Personas de 18 años o más,censo
educacion-censo,Educación media superior o más (Censo),2020,Mujeres,Sin discapacidad,Tabasco,18-29,48456.0,226450.0,14603.0,,"Censo de Población y Vivienda, cuestionario ampliado (INEGI)",Personas de 18 años o más,censo
educacion-censo,Educación media superior o más (Censo),2020,Mujeres,Sin discapacidad,Tabasco,30-44,86894.0,272639.0,17658.0,,"Censo de Población y Vivienda, cuestionario ampliado (INEGI)",Personas de 18 años o más,censo
educacion-censo,Educación media superior o más (Censo),2020,Mujeres,Sin discapacidad,Tabasco,45-59,60578.0,184153.0,12443.0,,"Censo de Población y Vivienda, cuestionario ampliado (INEGI)",Personas de 18 años o más,censo
educacion-censo,Educación media superior o más (Censo),2020,Mujeres,Sin discapacidad,Tabasco,60+,34745.0,97388.0,6764.0,,"Censo de Población y Vivienda, cuestionario ampliado (INEGI)",Personas de 18 años o más,censo
educacion-censo,Educación media superior o más (Censo),2020,Mujeres,Sin discapacidad,Tamaulipas,18-29,63527.0,332326.0,21362.0,,"Censo de Población y Vivienda, cuestionario ampliado (INEGI)",Personas de 18 años o más,censo
educacion-censo,Educación media superior o más (Censo),2020,Mujeres,Sin discapacidad,Tamaulipas,30-44,106829.0,377252.0,25318.0,,"Censo de Población y Vivienda, cuestionario ampliado (INEGI)",Personas de 18 años o más,censo
educacion-censo,Educación media superior o más (Censo),2020,Mujeres,Sin discapacidad,Tamaulipas,45-59,103774.0,300198.0,20883.0,,"Censo de Población y Vivienda, cuestionario ampliado (INEGI)",Personas de 18 años o más,censo
educacion-censo,Educación media superior o más (Censo),2020,Mujeres,Sin discapacidad,Tamaulipas,60+,74891.0,180080.0,14691.0,,"Censo de Población y Vivienda, cuestionario ampliado (INEGI)",Personas de 18 años o más,censo
educacion-censo,Educación media superior o más (Censo),2020,Mujeres,Sin discapacidad,Tlaxcala,18-29,28926.0,132393.0,34819.0,,"Censo de Población y Vivienda, cuestionario ampliado (INEGI)",Personas de 18 años o más,censo
educacion-censo,Educación media superior o más (Censo),2020,Mujeres,Sin discapacidad,Tlaxcala,30-44,48685.0,146850.0,37755.0,,"Censo de Población y Vivienda, cuestionario ampliado (INEGI)",Personas de 18 años o más,censo
educacion-censo,Educación media superior o más (Censo),2020,Mujeres,Sin discapacidad,Tlaxcala,45-59,40907.0,107024.0,27445.0,,"Censo de Población y Vivienda, cuestionario ampliado (INEGI)",Personas de 18 años o más,censo
educacion-censo,Educación media superior o más (Censo),2020,Mujeres,Sin discapacidad,Tlaxcala,60+,27209.0,63703.0,16769.0,,"Censo de Población y Vivienda, cuestionario ampliado (INEGI)",Personas de 18 años o más,censo
educacion-censo,Educación media superior o más (Censo),2020,Mujeres,Sin discapacidad,Veracruz,18-29,163653.0,733843.0,130290.0,,"Censo de Población y Vivienda, cuestionario ampliado (INEGI)",Personas de 18 años o más,censo
educacion-censo,Educación media superior o más (Censo),2020,Mujeres,Sin discapacidad,Veracruz,30-44,308200.0,866854.0,145897.0,,"Censo de Población y Vivienda, cuestionario ampliado (INEGI)",Personas de 18 años o más,censo
educacion-censo,Educación media superior o más (Censo),2020,Mujeres,Sin discapacidad,Veracruz,45-59,258649.0,702982.0,110518.0,,"Censo de Población y Vivienda, cuestionario ampliado (INEGI)",Personas de 18 años o más,censo
educacion-censo,Educación media superior o más (Censo),2020,Mujeres,Sin discapacidad,Veracruz,60+,163234.0,481933.0,74941.0,,"Censo de Población y Vivienda, cuestionario ampliado (INEGI)",Personas de 18 años o más,censo
educacion-censo,Educación media superior o más (Censo),2020,Mujeres,Sin discapacidad,Yucatán,18-29,47286.0,227586.0,45917.0,,"Censo de Población y Vivienda, cuestionario ampliado (INEGI)",Personas de 18 años o más,censo
educacion-censo,Educación media superior o más (Censo),2020,Mujeres,Sin discapacidad,Yucatán,30-44,87231.0,255510.0,50598.0,,"Censo de Población y Vivienda, cuestionario ampliado (INEGI)",Personas de 18 años o más,censo
educacion-censo,Educación media superior o más (Censo),2020,Mujeres,Sin discapacidad,Yucatán,45-59,62629.0,182304.0,32854.0,,"Censo de Población y Vivienda, cuestionario ampliado (INEGI)",Personas de 18 años o más,censo
educacion-censo,Educación media superior o más (Censo),2020,Mujeres,Sin discapacidad,Yucatán,60+,39222.0,114927.0,21223.0,,"Censo de Población y Vivienda, cuestionario ampliado (INEGI)",Personas de 18 años o más,censo
educacion-censo,Educación media superior o más (Censo),2020,Mujeres,Sin discapacidad,Zacatecas,18-29,29717.0,152606.0,26308.0,,"Censo de Población y Vivienda, cuestionario ampliado (INEGI)",Personas de 18 años o más,censo
educacion-censo,Educación media superior o más (Censo),2020,Mujeres,Sin discapacidad,Zacatecas,30-44,47259.0,168593.0,29165.0,,"Censo de Población y Vivienda, cuestionario ampliado (INEGI)",Personas de 18 años o más,censo
educacion-censo,Educación media superior o más (Censo),2020,Mujeres,Sin discapacidad,Zacatecas,45-59,41277.0,120682.0,21517.0,,"Censo de Población y Vivienda, cuestionario ampliado (INEGI)",Personas de 18 años o más,censo
educacion-censo,Educación media superior o más (Censo),2020,Mujeres,Sin discapacidad,Zacatecas,60+,28599.0,73946.0,15226.0,,"Censo de Población y Vivienda, cuestionario ampliado (INEGI)",Personas de 18 años o más,censo
distribucion,Población,2020,Hombres,Con discapacidad,Aguascalientes,18-29,3461.0,87088830.0,208.0,,"Censo de Población y Vivienda, cuestionario ampliado (INEGI)",Personas de 18 años o más,censo
distribucion,Población,2020,Hombres,Con discapacidad,Aguascalientes,30-44,5243.0,87088830.0,322.0,,"Censo de Población y Vivienda, cuestionario ampliado (INEGI)",Personas de 18 años o más,censo
distribucion,Población,2020,Hombres,Con discapacidad,Aguascalientes,45-59,6333.0,87088830.0,459.0,,"Censo de Población y Vivienda, cuestionario ampliado (INEGI)",Personas de 18 años o más,censo
distribucion,Población,2020,Hombres,Con discapacidad,Aguascalientes,60+,13270.0,87088830.0,995.0,,"Censo de Población y Vivienda, cuestionario ampliado (INEGI)",Personas de 18 años o más,censo
distribucion,Población,2020,Hombres,Con discapacidad,Baja California,18-29,8010.0,87088830.0,170.0,,"Censo de Población y Vivienda, cuestionario ampliado (INEGI)",Personas de 18 años o más,censo
distribucion,Población,2020,Hombres,Con discapacidad,Baja California,30-44,9875.0,87088830.0,205.0,,"Censo de Población y Vivienda, cuestionario ampliado (INEGI)",Personas de 18 años o más,censo
distribucion,Población,2020,Hombres,Con discapacidad,Baja California,45-59,15222.0,87088830.0,352.0,,"Censo de Población y Vivienda, cuestionario ampliado (INEGI)",Personas de 18 años o más,censo
distribucion,Población,2020,Hombres,Con discapacidad,Baja California,60+,29937.0,87088830.0,653.0,,"Censo de Población y Vivienda, cuestionario ampliado (INEGI)",Personas de 18 años o más,censo
distribucion,Población,2020,Hombres,Con discapacidad,Baja California Sur,18-29,1233.0,87088830.0,71.0,,"Censo de Población y Vivienda, cuestionario ampliado (INEGI)",Personas de 18 años o más,censo
distribucion,Población,2020,Hombres,Con discapacidad,Baja California Sur,30-44,1996.0,87088830.0,121.0,,"Censo de Población y Vivienda, cuestionario ampliado (INEGI)",Personas de 18 años o más,censo
distribucion,Población,2020,Hombres,Con discapacidad,Baja California Sur,45-59,3105.0,87088830.0,190.0,,"Censo de Población y Vivienda, cuestionario ampliado (INEGI)",Personas de 18 años o más,censo
distribucion,Población,2020,Hombres,Con discapacidad,Baja California Sur,60+,6334.0,87088830.0,415.0,,"Censo de Población y Vivienda, cuestionario ampliado (INEGI)",Personas de 18 años o más,censo
distribucion,Población,2020,Hombres,Con discapacidad,Campeche,18-29,2019.0,87088830.0,169.0,,"Censo de Población y Vivienda, cuestionario ampliado (INEGI)",Personas de 18 años o más,censo
distribucion,Población,2020,Hombres,Con discapacidad,Campeche,30-44,2332.0,87088830.0,231.0,,"Censo de Población y Vivienda, cuestionario ampliado (INEGI)",Personas de 18 años o más,censo
distribucion,Población,2020,Hombres,Con discapacidad,Campeche,45-59,4824.0,87088830.0,419.0,,"Censo de Población y Vivienda, cuestionario ampliado (INEGI)",Personas de 18 años o más,censo
distribucion,Población,2020,Hombres,Con discapacidad,Campeche,60+,11431.0,87088830.0,1095.0,,"Censo de Población y Vivienda, cuestionario ampliado (INEGI)",Personas de 18 años o más,censo
distribucion,Población,2020,Hombres,Con discapacidad,Chiapas,18-29,8941.0,87088830.0,1932.0,,"Censo de Población y Vivienda, cuestionario ampliado (INEGI)",Personas de 18 años o más,censo
distribucion,Población,2020,Hombres,Con discapacidad,Chiapas,30-44,11129.0,87088830.0,2363.0,,"Censo de Población y Vivienda, cuestionario ampliado (INEGI)",Personas de 18 años o más,censo
distribucion,Población,2020,Hombres,Con discapacidad,Chiapas,45-59,17642.0,87088830.0,3450.0,,"Censo de Población y Vivienda, cuestionario ampliado (INEGI)",Personas de 18 años o más,censo
distribucion,Población,2020,Hombres,Con discapacidad,Chiapas,60+,49681.0,87088830.0,10325.0,,"Censo de Población y Vivienda, cuestionario ampliado (INEGI)",Personas de 18 años o más,censo
distribucion,Población,2020,Hombres,Con discapacidad,Chihuahua,18-29,6278.0,87088830.0,476.0,,"Censo de Población y Vivienda, cuestionario ampliado (INEGI)",Personas de 18 años o más,censo
distribucion,Población,2020,Hombres,Con discapacidad,Chihuahua,30-44,7379.0,87088830.0,701.0,,"Censo de Población y Vivienda, cuestionario ampliado (INEGI)",Personas de 18 años o más,censo
distribucion,Población,2020,Hombres,Con discapacidad,Chihuahua,45-59,15419.0,87088830.0,1353.0,,"Censo de Población y Vivienda, cuestionario ampliado (INEGI)",Personas de 18 años o más,censo
distribucion,Población,2020,Hombres,Con discapacidad,Chihuahua,60+,32345.0,87088830.0,4275.0,,"Censo de Población y Vivienda, cuestionario ampliado (INEGI)",Personas de 18 años o más,censo
distribucion,Población,2020,Hombres,Con discapacidad,Ciudad de México,18-29,18282.0,87088830.0,547.0,,"Censo de Población y Vivienda, cuestionario ampliado (INEGI)",Personas de 18 años o más,censo
distribucion,Población,2020,Hombres,Con discapacidad,Ciudad de México,30-44,22825.0,87088830.0,718.0,,"Censo de Población y Vivienda, cuestionario ampliado (INEGI)",Personas de 18 años o más,censo
distribucion,Población,2020,Hombres,Con discapacidad,Ciudad de México,45-59,41893.0,87088830.0,1277.0,,"Censo de Población y Vivienda, cuestionario ampliado (INEGI)",Personas de 18 años o más,censo
distribucion,Población,2020,Hombres,Con discapacidad,Ciudad de México,60+,103507.0,87088830.0,2978.0,,"Censo de Población y Vivienda, cuestionario ampliado (INEGI)",Personas de 18 años o más,censo
distribucion,Población,2020,Hombres,Con discapacidad,Coahuila,18-29,4932.0,87088830.0,370.0,,"Censo de Población y Vivienda, cuestionario ampliado (INEGI)",Personas de 18 años o más,censo
distribucion,Población,2020,Hombres,Con discapacidad,Coahuila,30-44,7443.0,87088830.0,585.0,,"Censo de Población y Vivienda, cuestionario ampliado (INEGI)",Personas de 18 años o más,censo
distribucion,Población,2020,Hombres,Con discapacidad,Coahuila,45-59,12133.0,87088830.0,1061.0,,"Censo de Población y Vivienda, cuestionario ampliado (INEGI)",Personas de 18 años o más,censo
distribucion,Población,2020,Hombres,Con discapacidad,Coahuila,60+,27208.0,87088830.0,2562.0,,"Censo de Población y Vivienda, cuestionario ampliado (INEGI)",Personas de 18 años o más,censo
distribucion,Población,2020,Hombres,Con discapacidad,Colima,18-29,1195.0,87088830.0,120.0,,"Censo de Población y Vivienda, cuestionario ampliado (INEGI)",Personas de 18 años o más,censo
distribucion,Población,2020,Hombres,Con discapacidad,Colima,30-44,2026.0,87088830.0,193.0,,"Censo de Población y Vivienda, cuestionario ampliado (INEGI)",Personas de 18 años o más,censo
distribucion,Población,2020,Hombres,Con discapacidad,Colima,45-59,3275.0,87088830.0,311.0,,"Censo de Población y Vivienda, cuestionario ampliado (INEGI)",Personas de 18 años o más,censo
distribucion,Población,2020,Hombres,Con discapacidad,Colima,60+,8441.0,87088830.0,868.0,,"Censo de Población y Vivienda, cuestionario ampliado (INEGI)",Personas de 18 años o más,censo
distribucion,Población,2020,Hombres,Con discapacidad,Durango,18-29,4148.0,87088830.0,525.0,,"Censo de Población y Vivienda, cuestionario ampliado (INEGI)",Personas de 18 años o más,censo
distribucion,Población,2020,Hombres,Con discapacidad,Durango,30-44,5312.0,87088830.0,743.0,,"Censo de Población y Vivienda, cuestionario ampliado (INEGI)",Personas de 18 años o más,censo
distribucion,Población,2020,Hombres,Con discapacidad,Durango,45-59,7987.0,87088830.0,1176.0,,"Censo de Población y Vivienda, cuestionario ampliado (INEGI)",Personas de 18 años o más,censo
distribucion,Población,2020,Hombres,Con discapacidad,Durango,60+,21066.0,87088830.0,3661.0,,"Censo de Población y Vivienda, cuestionario ampliado (INEGI)",Personas de 18 años o más,censo
distribucion,Población,2020,Hombres,Con discapacidad,Guanajuato,18-29,12356.0,87088830.0,826.0,,"Censo de Población y Vivienda, cuestionario ampliado (INEGI)",Personas de 18 años o más,censo
distribucion,Población,2020,Hombres,Con discapacidad,Guanajuato,30-44,16482.0,87088830.0,1015.0,,"Censo de Población y Vivienda, cuestionario ampliado (INEGI)",Personas de 18 años o más,censo
distribucion,Población,2020,Hombres,Con discapacidad,Guanajuato,45-59,23789.0,87088830.0,1548.0,,"Censo de Población y Vivienda, cuestionario ampliado (INEGI)",Personas de 18 años o más,censo
distribucion,Población,2020,Hombres,Con discapacidad,Guanajuato,60+,58849.0,87088830.0,4566.0,,"Censo de Población y Vivienda, cuestionario ampliado (INEGI)",Personas de 18 años o más,censo
distribucion,Población,2020,Hombres,Con discapacidad,Guerrero,18-29,7064.0,87088830.0,1659.0,,"Censo de Población y Vivienda, cuestionario ampliado (INEGI)",Personas de 18 años o más,censo
distribucion,Población,2020,Hombres,Con discapacidad,Guerrero,30-44,10808.0,87088830.0,2135.0,,"Censo de Población y Vivienda, cuestionario ampliado (INEGI)",Personas de 18 años o más,censo
distribucion,Población,2020,Hombres,Con discapacidad,Guerrero,45-59,17388.0,87088830.0,3329.0,,"Censo de Población y Vivienda, cuestionario ampliado (INEGI)",Personas de 18 años o más,censo
distribucion,Población,2020,Hombres,Con discapacidad,Guerrero,60+,50415.0,87088830.0,10636.0,,"Censo de Población y Vivienda, cuestionario ampliado (INEGI)",Personas de 18 años o más,censo
distribucion,Población,2020,Hombres,Con discapacidad,Hidalgo,18-29,6424.0,87088830.0,997.0,,"Censo de Población y Vivienda, cuestionario ampliado (INEGI)",Personas de 18 años o más,censo
distribucion,Población,2020,Hombres,Con discapacidad,Hidalgo,30-44,7747.0,87088830.0,1367.0,,"Censo de Población y Vivienda, cuestionario ampliado (INEGI)",Personas de 18 años o más,censo
distribucion,Población,2020,Hombres,Con discapacidad,Hidalgo,45-59,13990.0,87088830.0,2301.0,,"Censo de Población y Vivienda, cuestionario ampliado (INEGI)",Personas de 18 años o más,censo
distribucion,Población,2020,Hombres,Con discapacidad,Hidalgo,60+,36669.0,87088830.0,7062.0,,"Censo de Población y Vivienda, cuestionario ampliado (INEGI)",Personas de 18 años o más,censo
distribucion,Población,2020,Hombres,Con discapacidad,Jalisco,18-29,13492.0,87088830.0,1445.0,,"Censo de Población y Vivienda, cuestionario ampliado (INEGI)",Personas de 18 años o más,censo
distribucion,Población,2020,Hombres,Con discapacidad,Jalisco,30-44,20557.0,87088830.0,2042.0,,"Censo de Población y Vivienda, cuestionario ampliado (INEGI)",Personas de 18 años o más,censo
distribucion,Población,2020,Hombres,Con discapacidad,Jalisco,45-59,32987.0,87088830.0,3364.0,,"Censo de Población y Vivienda, cuestionario ampliado (INEGI)",Personas de 18 años o más,censo
distribucion,Población,2020,Hombres,Con discapacidad,Jalisco,60+,82156.0,87088830.0,10143.0,,"Censo de Población y Vivienda, cuestionario ampliado (INEGI)",Personas de 18 años o más,censo
distribucion,Población,2020,Hombres,Con discapacidad,Michoacán,18-29,8489.0,87088830.0,1346.0,,"Censo de Población y Vivienda, cuestionario ampliado (INEGI)",Personas de 18 años o más,censo
distribucion,Población,2020,Hombres,Con discapacidad,Michoacán,30-44,12662.0,87088830.0,1982.0,,"Censo de Población y Vivienda, cuestionario ampliado (INEGI)",Personas de 18 años o más,censo
distribucion,Población,2020,Hombres,Con discapacidad,Michoacán,45-59,20204.0,87088830.0,3252.0,,"Censo de Población y Vivienda, cuestionario ampliado (INEGI)",Personas de 18 años o más,censo
distribucion,Población,2020,Hombres,Con discapacidad,Michoacán,60+,59611.0,87088830.0,10369.0,,"Censo de Población y Vivienda, cuestionario ampliado (INEGI)",Personas de 18 años o más,censo
distribucion,Población,2020,Hombres,Con discapacidad,Morelos,18-29,3472.0,87088830.0,451.0,,"Censo de Población y Vivienda, cuestionario ampliado (INEGI)",Personas de 18 años o más,censo
distribucion,Población,2020,Hombres,Con discapacidad,Morelos,30-44,5472.0,87088830.0,634.0,,"Censo de Población y Vivienda, cuestionario ampliado (INEGI)",Personas de 18 años o más,censo
distribucion,Población,2020,Hombres,Con discapacidad,Morelos,45-59,9318.0,87088830.0,1109.0,,"Censo de Población y Vivienda, cuestionario ampliado (INEGI)",Personas de 18 años o más,censo
distribucion,Población,2020,Hombres,Con discapacidad,Morelos,60+,25720.0,87088830.0,3142.0,,"Censo de Población y Vivienda, cuestionario ampliado (INEGI)",Personas de 18 años o más,censo
distribucion,Población,2020,Hombres,Con discapacidad,México,18-29,32467.0,87088830.0,2362.0,,"Censo de Población y Vivienda, cuestionario ampliado (INEGI)",Personas de 18 años o más,censo
distribucion,Población,2020,Hombres,Con discapacidad,México,30-44,42276.0,87088830.0,2932.0,,"Censo de Población y Vivienda, cuestionario ampliado (INEGI)",Personas de 18 años o más,censo
distribucion,Población,2020,Hombres,Con discapacidad,México,45-59,69088.0,87088830.0,4624.0,,"Censo de Población y Vivienda, cuestionario ampliado (INEGI)",Personas de 18 años o más,censo
distribucion,Población,2020,Hombres,Con discapacidad,México,60+,140681.0,87088830.0,10314.0,,"Censo de Población y Vivienda, cuestionario ampliado (INEGI)",Personas de 18 años o más,censo
distribucion,Población,2020,Hombres,Con discapacidad,Nayarit,18-29,2943.0,87088830.0,345.0,,"Censo de Población y Vivienda, cuestionario ampliado (INEGI)",Personas de 18 años o más,censo
distribucion,Población,2020,Hombres,Con discapacidad,Nayarit,30-44,2981.0,87088830.0,456.0,,"Censo de Población y Vivienda, cuestionario ampliado (INEGI)",Personas de 18 años o más,censo
distribucion,Población,2020,Hombres,Con discapacidad,Nayarit,45-59,5234.0,87088830.0,749.0,,"Censo de Población y Vivienda, cuestionario ampliado (INEGI)",Personas de 18 años o más,censo
distribucion,Población,2020,Hombres,Con discapacidad,Nayarit,60+,14896.0,87088830.0,2231.0,,"Censo de Población y Vivienda, cuestionario ampliado (INEGI)",Personas de 18 años o más,censo
distribucion,Población,2020,Hombres,Con discapacidad,Nuevo León,18-29,9098.0,87088830.0,531.0,,"Censo de Población y Vivienda, cuestionario ampliado (INEGI)",Personas de 18 años o más,censo
distribucion,Población,2020,Hombres,Con discapacidad,Nuevo León,30-44,10415.0,87088830.0,674.0,,"Censo de Población y Vivienda, cuestionario ampliado (INEGI)",Personas de 18 años o más,censo
distribucion,Población,2020,Hombres,Con discapacidad,Nuevo León,45-59,19101.0,87088830.0,1314.0,,"Censo de Población y Vivienda, cuestionario ampliado (INEGI)",Personas de 18 años o más,censo
distribucion,Población,2020,Hombres,Con discapacidad,Nuevo León,60+,42986.0,87088830.0,3266.0,,"Censo de Población y Vivienda, cuestionario ampliado (INEGI)",Personas de 18 años o más,censo
distribucion,Población,2020,Hombres,Con discapacidad,Oaxaca,18-29,9352.0,87088830.0,4698.0,,"Censo de Población y Vivienda, cuestionario ampliado (INEGI)",Personas de 18 años o más,censo
distribucion,Población,2020,Hombres,Con discapacidad,Oaxaca,30-44,13352.0,87088830.0,6570.0,,"Censo de Población y Vivienda, cuestionario ampliado (INEGI)",Personas de 18 años o más,censo
distribucion,Población,2020,Hombres,Con discapacidad,Oaxaca,45-59,20984.0,87088830.0,10595.0,,"Censo de Población y Vivienda, cuestionario ampliado (INEGI)",Personas de 18 años o más,censo
distribucion,Población,2020,Hombres,Con discapacidad,Oaxaca,60+,65118.0,87088830.0,35153.0,,"Censo de Población y Vivienda, cuestionario ampliado (INEGI)",Personas de 18 años o más,censo
distribucion,Población,2020,Hombres,Con discapacidad,Puebla,18-29,13898.0,87088830.0,2754.0,,"Censo de Población y Vivienda, cuestionario ampliado (INEGI)",Personas de 18 años o más,censo
distribucion,Población,2020,Hombres,Con discapacidad,Puebla,30-44,15408.0,87088830.0,3569.0,,"Censo de Población y Vivienda, cuestionario ampliado (INEGI)",Personas de 18 años o más,censo
distribucion,Población,2020,Hombres,Con discapacidad,Puebla,45-59,24320.0,87088830.0,5306.0,,"Censo de Población y Vivienda, cuestionario ampliado (INEGI)",Personas de 18 años o más,censo
distribucion,Población,2020,Hombres,Con discapacidad,Puebla,60+,65208.0,87088830.0,16499.0,,"Censo de Población y Vivienda, cuestionario ampliado (INEGI)",Personas de 18 años o más,censo
distribucion,Población,2020,Hombres,Con discapacidad,Querétaro,18-29,3711.0,87088830.0,302.0,,"Censo de Población y Vivienda, cuestionario ampliado (INEGI)",Personas de 18 años o más,censo
distribucion,Población,2020,Hombres,Con discapacidad,Querétaro,30-44,5237.0,87088830.0,365.0,,"Censo de Población y Vivienda, cuestionario ampliado (INEGI)",Personas de 18 años o más,censo
distribucion,Población,2020,Hombres,Con discapacidad,Querétaro,45-59,8548.0,87088830.0,572.0,,"Censo de Población y Vivienda, cuestionario ampliado (INEGI)",Personas de 18 años o más,censo
distribucion,Población,2020,Hombres,Con discapacidad,Querétaro,60+,20519.0,87088830.0,1580.0,,"Censo de Población y Vivienda, cuestionario ampliado (INEGI)",Personas de 18 años o más,censo
distribucion,Población,2020,Hombres,Con discapacidad,Quintana Roo,18-29,3141.0,87088830.0,129.0,,"Censo de Población y Vivienda, cuestionario ampliado (INEGI)",Personas de 18 años o más,censo
distribucion,Población,2020,Hombres,Con discapacidad,Quintana Roo,30-44,4420.0,87088830.0,203.0,,"Censo de Población y Vivienda, cuestionario ampliado (INEGI)",Personas de 18 años o más,censo
distribucion,Población,2020,Hombres,Con discapacidad,Quintana Roo,45-59,5573.0,87088830.0,278.0,,"Censo de Población y Vivienda, cuestionario ampliado (INEGI)",Personas de 18 años o más,censo
distribucion,Población,2020,Hombres,Con discapacidad,Quintana Roo,60+,10885.0,87088830.0,627.0,,"Censo de Población y Vivienda, cuestionario ampliado (INEGI)",Personas de 18 años o más,censo
distribucion,Población,2020,Hombres,Con discapacidad,San Luis Potosí,18-29,4768.0,87088830.0,720.0,,"Censo de Población y Vivienda, cuestionario ampliado (INEGI)",Personas de 18 años o más,censo
distribucion,Población,2020,Hombres,Con discapacidad,San Luis Potosí,30-44,6817.0,87088830.0,1008.0,,"Censo de Población y Vivienda, cuestionario ampliado (INEGI)",Personas de 18 años o más,censo
distribucion,Población,2020,Hombres,Con discapacidad,San Luis Potosí,45-59,11288.0,87088830.0,1758.0,,"Censo de Población y Vivienda, cuestionario ampliado (INEGI)",Personas de 18 años o más,censo
distribucion,Población,2020,Hombres,Con discapacidad,San Luis Potosí,60+,34998.0,87088830.0,5834.0,,"Censo de Población y Vivienda, cuestionario ampliado (INEGI)",Personas de 18 años o más,censo
distribucion,Población,2020,Hombres,Con discapacidad,Sinaloa,18-29,5405.0,87088830.0,299.0,,"Censo de Población y Vivienda, cuestionario ampliado (INEGI)",Personas de 18 años o más,censo
distribucion,Población,2020,Hombres,Con discapacidad,Sinaloa,30-44,7793.0,87088830.0,499.0,,"Censo de Población y Vivienda, cuestionario ampliado (INEGI)",Personas de 18 años o más,censo
distribucion,Población,2020,Hombres,Con discapacidad,Sinaloa,45-59,13197.0,87088830.0,790.0,,"Censo de Población y Vivienda, cuestionario ampliado (INEGI)",Personas de 18 años o más,censo
distribucion,Población,2020,Hombres,Con discapacidad,Sinaloa,60+,35296.0,87088830.0,2266.0,,"Censo de Población y Vivienda, cuestionario ampliado (INEGI)",Personas de 18 años o más,censo
distribucion,Población,2020,Hombres,Con discapacidad,Sonora,18-29,6167.0,87088830.0,514.0,,"Censo de Población y Vivienda, cuestionario ampliado (INEGI)",Personas de 18 años o más,censo
distribucion,Población,2020,Hombres,Con discapacidad,Sonora,30-44,7395.0,87088830.0,679.0,,"Censo de Población y Vivienda, cuestionario ampliado (INEGI)",Personas de 18 años o más,censo
distribucion,Población,2020,Hombres,Con discapacidad,Sonora,45-59,12111.0,87088830.0,1304.0,,"Censo de Población y Vivienda, cuestionario ampliado (INEGI)",Personas de 18 años o más,censo
distribucion,Población,2020,Hombres,Con discapacidad,Sonora,60+,31569.0,87088830.0,3782.0,,"Censo de Población y Vivienda, cuestionario ampliado (INEGI)",Personas de 18 años o más,censo
distribucion,Población,2020,Hombres,Con discapacidad,Tabasco,18-29,6530.0,87088830.0,362.0,,"Censo de Población y Vivienda, cuestionario ampliado (INEGI)",Personas de 18 años o más,censo
distribucion,Población,2020,Hombres,Con discapacidad,Tabasco,30-44,7619.0,87088830.0,530.0,,"Censo de Población y Vivienda, cuestionario ampliado (INEGI)",Personas de 18 años o más,censo
distribucion,Población,2020,Hombres,Con discapacidad,Tabasco,45-59,13996.0,87088830.0,920.0,,"Censo de Población y Vivienda, cuestionario ampliado (INEGI)",Personas de 18 años o más,censo
distribucion,Población,2020,Hombres,Con discapacidad,Tabasco,60+,30592.0,87088830.0,2114.0,,"Censo de Población y Vivienda, cuestionario ampliado (INEGI)",Personas de 18 años o más,censo
distribucion,Población,2020,Hombres,Con discapacidad,Tamaulipas,18-29,5668.0,87088830.0,386.0,,"Censo de Población y Vivienda, cuestionario ampliado (INEGI)",Personas de 18 años o más,censo
distribucion,Población,2020,Hombres,Con discapacidad,Tamaulipas,30-44,7779.0,87088830.0,574.0,,"Censo de Población y Vivienda, cuestionario ampliado (INEGI)",Personas de 18 años o más,censo
distribucion,Población,2020,Hombres,Con discapacidad,Tamaulipas,45-59,15816.0,87088830.0,1149.0,,"Censo de Población y Vivienda, cuestionario ampliado (INEGI)",Personas de 18 años o más,censo
distribucion,Población,2020,Hombres,Con discapacidad,Tamaulipas,60+,37158.0,87088830.0,3555.0,,"Censo de Población y Vivienda, cuestionario ampliado (INEGI)",Personas de 18 años o más,censo
distribucion,Población,2020,Hombres,Con discapacidad,Tlaxcala,18-29,2584.0,87088830.0,638.0,,"Censo de Población y Vivienda, cuestionario ampliado (INEGI)",Personas de 18 años o más,censo
distribucion,Población,2020,Hombres,Con discapacidad,Tlaxcala,30-44,2996.0,87088830.0,733.0,,"Censo de Población y Vivienda, cuestionario ampliado (INEGI)",Personas de 18 años o más,censo
distribucion,Población,2020,Hombres,Con discapacidad,Tlaxcala,45-59,4199.0,87088830.0,1082.0,,"Censo de Población y Vivienda, cuestionario ampliado (INEGI)",Personas de 18 años o más,censo
distribucion,Población,2020,Hombres,Con discapacidad,Tlaxcala,60+,11957.0,87088830.0,3117.0,,"Censo de Población y Vivienda, cuestionario ampliado (INEGI)",Personas de 18 años o más,censo
distribucion,Población,2020,Hombres,Con discapacidad,Veracruz,18-29,14981.0,87088830.0,2776.0,,"Censo de Población y Vivienda, cuestionario ampliado (INEGI)",Personas de 18 años o más,censo
distribucion,Población,2020,Hombres,Con discapacidad,Veracruz,30-44,20980.0,87088830.0,3931.0,,"Censo de Población y Vivienda, cuestionario ampliado (INEGI)",Personas de 18 años o más,censo
distribucion,Población,2020,Hombres,Con discapacidad,Veracruz,45-59,39133.0,87088830.0,6822.0,,"Censo de Población y Vivienda, cuestionario ampliado (INEGI)",Personas de 18 años o más,censo
distribucion,Población,2020,Hombres,Con discapacidad,Veracruz,60+,108670.0,87088830.0,18980.0,,"Censo de Población y Vivienda, cuestionario ampliado (INEGI)",Personas de 18 años o más,censo
distribucion,Población,2020,Hombres,Con discapacidad,Yucatán,18-29,4723.0,87088830.0,1031.0,,"Censo de Población y Vivienda, cuestionario ampliado (INEGI)",Personas de 18 años o más,censo
distribucion,Población,2020,Hombres,Con discapacidad,Yucatán,30-44,6207.0,87088830.0,1464.0,,"Censo de Población y Vivienda, cuestionario ampliado (INEGI)",Personas de 18 años o más,censo
distribucion,Población,2020,Hombres,Con discapacidad,Yucatán,45-59,10974.0,87088830.0,2356.0,,"Censo de Población y Vivienda, cuestionario ampliado (INEGI)",Personas de 18 años o más,censo
distribucion,Población,2020,Hombres,Con discapacidad,Yucatán,60+,30468.0,87088830.0,7203.0,,"Censo de Población y Vivienda, cuestionario ampliado (INEGI)",Personas de 18 años o más,censo
distribucion,Población,2020,Hombres,Con discapacidad,Zacatecas,18-29,3341.0,87088830.0,583.0,,"Censo de Población y Vivienda, cuestionario ampliado (INEGI)",Personas de 18 años o más,censo
distribucion,Población,2020,Hombres,Con discapacidad,Zacatecas,30-44,4546.0,87088830.0,850.0,,"Censo de Población y Vivienda, cuestionario ampliado (INEGI)",Personas de 18 años o más,censo
distribucion,Población,2020,Hombres,Con discapacidad,Zacatecas,45-59,7061.0,87088830.0,1404.0,,"Censo de Población y Vivienda, cuestionario ampliado (INEGI)",Personas de 18 años o más,censo
distribucion,Población,2020,Hombres,Con discapacidad,Zacatecas,60+,21794.0,87088830.0,4760.0,,"Censo de Población y Vivienda, cuestionario ampliado (INEGI)",Personas de 18 años o más,censo
distribucion,Población,2020,Hombres,Sin discapacidad,Aguascalientes,18-29,140069.0,87088830.0,9554.0,,"Censo de Población y Vivienda, cuestionario ampliado (INEGI)",Personas de 18 años o más,censo
distribucion,Población,2020,Hombres,Sin discapacidad,Aguascalientes,30-44,137907.0,87088830.0,8840.0,,"Censo de Población y Vivienda, cuestionario ampliado (INEGI)",Personas de 18 años o más,censo
distribucion,Población,2020,Hombres,Sin discapacidad,Aguascalientes,45-59,94830.0,87088830.0,5954.0,,"Censo de Población y Vivienda, cuestionario ampliado (INEGI)",Personas de 18 años o más,censo
distribucion,Población,2020,Hombres,Sin discapacidad,Aguascalientes,60+,51878.0,87088830.0,3329.0,,"Censo de Población y Vivienda, cuestionario ampliado (INEGI)",Personas de 18 años o más,censo
distribucion,Población,2020,Hombres,Sin discapacidad,Baja California,18-29,399714.0,87088830.0,8312.0,,"Censo de Población y Vivienda, cuestionario ampliado (INEGI)",Personas de 18 años o más,censo
distribucion,Población,2020,Hombres,Sin discapacidad,Baja California,30-44,419088.0,87088830.0,8473.0,,"Censo de Población y Vivienda, cuestionario ampliado (INEGI)",Personas de 18 años o más,censo
distribucion,Población,2020,Hombres,Sin discapacidad,Baja California,45-59,312187.0,87088830.0,6529.0,,"Censo de Población y Vivienda, cuestionario ampliado (INEGI)",Personas de 18 años o más,censo
distribucion,Población,2020,Hombres,Sin discapacidad,Baja California,60+,140148.0,87088830.0,3169.0,,"Censo de Población y Vivienda, cuestionario ampliado (INEGI)",Personas de 18 años o más,censo
distribucion,Población,2020,Hombres,Sin discapacidad,Baja California Sur,18-29,77580.0,87088830.0,4387.0,,"Censo de Población y Vivienda, cuestionario ampliado (INEGI)",Personas de 18 años o más,censo
distribucion,Población,2020,Hombres,Sin discapacidad,Baja California Sur,30-44,96500.0,87088830.0,5357.0,,"Censo de Población y Vivienda, cuestionario ampliado (INEGI)",Personas de 18 años o más,censo
distribucion,Población,2020,Hombres,Sin discapacidad,Baja California Sur,45-59,60604.0,87088830.0,3702.0,,"Censo de Población y Vivienda, cuestionario ampliado (INEGI)",Personas de 18 años o más,censo
distribucion,Población,2020,Hombres,Sin discapacidad,Baja California Sur,60+,29520.0,87088830.0,1900.0,,"Censo de Población y Vivienda, cuestionario ampliado (INEGI)",Personas de 18 años o más,censo
distribucion,Población,2020,Hombres,Sin discapacidad,Campeche,18-29,85859.0,87088830.0,7857.0,,"Censo de Población y Vivienda, cuestionario ampliado (INEGI)",Personas de 18 años o más,censo
distribucion,Población,2020,Hombres,Sin discapacidad,Campeche,30-44,95940.0,87088830.0,8551.0,,"Censo de Población y Vivienda, cuestionario ampliado (INEGI)",Personas de 18 años o más,censo
distribucion,Población,2020,Hombres,Sin discapacidad,Campeche,45-59,69624.0,87088830.0,5982.0,,"Censo de Población y Vivienda, cuestionario ampliado (INEGI)",Personas de 18 años o más,censo
distribucion,Población,2020,Hombres,Sin discapacidad,Campeche,60+,37686.0,87088830.0,3575.0,,"Censo de Población y Vivienda, cuestionario ampliado (INEGI)",Personas de 18 años o más,censo
distribucion,Población,2020,Hombres,Sin discapacidad,Chiapas,18-29,514825.0,87088830.0,117493.0,,"Censo de Población y Vivienda, cuestionario ampliado (INEGI)",Personas de 18 años o más,censo
distribucion,Población,2020,Hombres,Sin discapacidad,Chiapas,30-44,498032.0,87088830.0,107392.0,,"Censo de Población y Vivienda, cuestionario ampliado (INEGI)",Personas de 18 años o más,censo
distribucion,Población,2020,Hombres,Sin discapacidad,Chiapas,45-59,326296.0,87088830.0,66094.0,,"Censo de Población y Vivienda, cuestionario ampliado (INEGI)",Personas de 18 años o más,censo
distribucion,Población,2020,Hombres,Sin discapacidad,Chiapas,60+,198374.0,87088830.0,40409.0,,"Censo de Población y Vivienda, cuestionario ampliado (INEGI)",Personas de 18 años o más,censo
distribucion,Población,2020,Hombres,Sin discapacidad,Chihuahua,18-29,364218.0,87088830.0,26554.0,,"Censo de Población y Vivienda, cuestionario ampliado (INEGI)",Personas de 18 años o más,censo
distribucion,Población,2020,Hombres,Sin discapacidad,Chihuahua,30-44,375417.0,87088830.0,28354.0,,"Censo de Población y Vivienda, cuestionario ampliado (INEGI)",Personas de 18 años o más,censo
distribucion,Población,2020,Hombres,Sin discapacidad,Chihuahua,45-59,294850.0,87088830.0,24007.0,,"Censo de Población y Vivienda, cuestionario ampliado (INEGI)",Personas de 18 años o más,censo
distribucion,Población,2020,Hombres,Sin discapacidad,Chihuahua,60+,160804.0,87088830.0,17692.0,,"Censo de Población y Vivienda, cuestionario ampliado (INEGI)",Personas de 18 años o más,censo
distribucion,Población,2020,Hombres,Sin discapacidad,Ciudad de México,18-29,836799.0,87088830.0,25314.0,,"Censo de Población y Vivienda, cuestionario ampliado (INEGI)",Personas de 18 años o más,censo
distribucion,Población,2020,Hombres,Sin discapacidad,Ciudad de México,30-44,981394.0,87088830.0,29502.0,,"Censo de Población y Vivienda, cuestionario ampliado (INEGI)",Personas de 18 años o más,censo
distribucion,Población,2020,Hombres,Sin discapacidad,Ciudad de México,45-59,780356.0,87088830.0,23432.0,,"Censo de Población y Vivienda, cuestionario ampliado (INEGI)",Personas de 18 años o más,censo
distribucion,Población,2020,Hombres,Sin discapacidad,Ciudad de México,60+,550374.0,87088830.0,16147.0,,"Censo de Población y Vivienda, cuestionario ampliado (INEGI)",Personas de 18 años o más,censo
distribucion,Población,2020,Hombres,Sin discapacidad,Coahuila,18-29,304901.0,87088830.0,20416.0,,"Censo de Población y Vivienda, cuestionario ampliado (INEGI)",Personas de 18 años o más,censo
distribucion,Población,2020,Hombres,Sin discapacidad,Coahuila,30-44,317290.0,87088830.0,21274.0,,"Censo de Población y Vivienda, cuestionario ampliado (INEGI)",Personas de 18 años o más,censo
distribucion,Población,2020,Hombres,Sin discapacidad,Coahuila,45-59,242517.0,87088830.0,17520.0,,"Censo de Población y Vivienda, cuestionario ampliado (INEGI)",Personas de 18 años o más,censo
distribucion,Población,2020,Hombres,Sin discapacidad,Coahuila,60+,145958.0,87088830.0,10926.0,,"Censo de Población y Vivienda, cuestionario ampliado (INEGI)",Personas de 18 años o más,censo
distribucion,Población,2020,Hombres,Sin discapacidad,Colima,18-29,68888.0,87088830.0,5715.0,,"Censo de Población y Vivienda, cuestionario ampliado (INEGI)",Personas de 18 años o más,censo
distribucion,Población,2020,Hombres,Sin discapacidad,Colima,30-44,77330.0,87088830.0,6238.0,,"Censo de Población y Vivienda, cuestionario ampliado (INEGI)",Personas de 18 años o más,censo
distribucion,Población,2020,Hombres,Sin discapacidad,Colima,45-59,56504.0,87088830.0,4791.0,,"Censo de Población y Vivienda, cuestionario ampliado (INEGI)",Personas de 18 años o más,censo
distribucion,Población,2020,Hombres,Sin discapacidad,Colima,60+,34024.0,87088830.0,3126.0,,"Censo de Población y Vivienda, cuestionario ampliado (INEGI)",Personas de 18 años o más,censo
distribucion,Población,2020,Hombres,Sin discapacidad,Durango,18-29,173663.0,87088830.0,22535.0,,"Censo de Población y Vivienda, cuestionario ampliado (INEGI)",Personas de 18 años o más,censo
distribucion,Población,2020,Hombres,Sin discapacidad,Durango,30-44,165707.0,87088830.0,22054.0,,"Censo de Población y Vivienda, cuestionario ampliado (INEGI)",Personas de 18 años o más,censo
distribucion,Población,2020,Hombres,Sin discapacidad,Durango,45-59,127280.0,87088830.0,16809.0,,"Censo de Población y Vivienda, cuestionario ampliado (INEGI)",Personas de 18 años o más,censo
distribucion,Población,2020,Hombres,Sin discapacidad,Durango,60+,75699.0,87088830.0,11592.0,,"Censo de Población y Vivienda, cuestionario ampliado (INEGI)",Personas de 18 años o más,censo
distribucion,Población,2020,Hombres,Sin discapacidad,Guanajuato,18-29,607613.0,87088830.0,40337.0,,"Censo de Población y Vivienda, cuestionario ampliado (INEGI)",Personas de 18 años o más,censo
distribucion,Población,2020,Hombres,Sin discapacidad,Guanajuato,30-44,591293.0,87088830.0,39398.0,,"Censo de Población y Vivienda, cuestionario ampliado (INEGI)",Personas de 18 años o más,censo
distribucion,Población,2020,Hombres,Sin discapacidad,Guanajuato,45-59,411334.0,87088830.0,27790.0,,"Censo de Población y Vivienda, cuestionario ampliado (INEGI)",Personas de 18 años o más,censo
distribucion,Población,2020,Hombres,Sin discapacidad,Guanajuato,60+,248599.0,87088830.0,18004.0,,"Censo de Población y Vivienda, cuestionario ampliado (INEGI)",Personas de 18 años o más,censo
distribucion,Población,2020,Hombres,Sin discapacidad,Guerrero,18-29,303858.0,87088830.0,61427.0,,"Censo de Población y Vivienda, cuestionario ampliado (INEGI)",Personas de 18 años o más,censo
distribucion,Población,2020,Hombres,Sin discapacidad,Guerrero,30-44,296551.0,87088830.0,56374.0,,"Censo de Población y Vivienda, cuestionario ampliado (INEGI)",Personas de 18 años o más,censo
distribucion,Población,2020,Hombres,Sin discapacidad,Guerrero,45-59,223055.0,87088830.0,40663.0,,"Censo de Población y Vivienda, cuestionario ampliado (INEGI)",Personas de 18 años o más,censo
distribucion,Población,2020,Hombres,Sin discapacidad,Guerrero,60+,155305.0,87088830.0,30436.0,,"Censo de Población y Vivienda, cuestionario ampliado (INEGI)",Personas de 18 años o más,censo
distribucion,Población,2020,Hombres,Sin discapacidad,Hidalgo,18-29,271350.0,87088830.0,42869.0,,"Censo de Población y Vivienda, cuestionario ampliado (INEGI)",Personas de 18 años o más,censo
distribucion,Población,2020,Hombres,Sin discapacidad,Hidalgo,30-44,288847.0,87088830.0,45175.0,,"Censo de Población y Vivienda, cuestionario ampliado (INEGI)",Personas de 18 años o más,censo
distribucion,Población,2020,Hombres,Sin discapacidad,Hidalgo,45-59,221794.0,87088830.0,35871.0,,"Censo de Población y Vivienda, cuestionario ampliado (INEGI)",Personas de 18 años o más,censo
distribucion,Población,2020,Hombres,Sin discapacidad,Hidalgo,60+,143296.0,87088830.0,25359.0,,"Censo de Población y Vivienda, cuestionario ampliado (INEGI)",Personas de 18 años o más,censo
distribucion,Población,2020,Hombres,Sin discapacidad,Jalisco,18-29,801615.0,87088830.0,70076.0,,"Censo de Población y Vivienda, cuestionario ampliado (INEGI)",Personas de 18 años o más,censo
distribucion,Población,2020,Hombres,Sin discapacidad,Jalisco,30-44,840010.0,87088830.0,73787.0,,"Censo de Población y Vivienda, cuestionario ampliado (INEGI)",Personas de 18 años o más,censo
distribucion,Población,2020,Hombres,Sin discapacidad,Jalisco,45-59,597409.0,87088830.0,53877.0,,"Censo de Población y Vivienda, cuestionario ampliado (INEGI)",Personas de 18 años o más,censo
distribucion,Población,2020,Hombres,Sin discapacidad,Jalisco,60+,373849.0,87088830.0,38798.0,,"Censo de Población y Vivienda, cuestionario ampliado (INEGI)",Personas de 18 años o más,censo
distribucion,Población,2020,Hombres,Sin discapacidad,Michoacán,18-29,439217.0,87088830.0,63265.0,,"Censo de Población y Vivienda, cuestionario ampliado (INEGI)",Personas de 18 años o más,censo
distribucion,Población,2020,Hombres,Sin discapacidad,Michoacán,30-44,431975.0,87088830.0,63245.0,,"Censo de Población y Vivienda, cuestionario ampliado (INEGI)",Personas de 18 años o más,censo
distribucion,Población,2020,Hombres,Sin discapacidad,Michoacán,45-59,318554.0,87088830.0,46405.0,,"Censo de Población y Vivienda, cuestionario ampliado (INEGI)",Personas de 18 años o más,censo
distribucion,Población,2020,Hombres,Sin discapacidad,Michoacán,60+,227709.0,87088830.0,35572.0,,"Censo de Población y Vivienda, cuestionario ampliado (INEGI)",Personas de 18 años o más,censo
distribucion,Población,2020,Hombres,Sin discapacidad,Morelos,18-29,186152.0,87088830.0,22656.0,,"Censo de Población y Vivienda, cuestionario ampliado (INEGI)",Personas de 18 años o más,censo
distribucion,Población,2020,Hombres,Sin discapacidad,Morelos,30-44,184042.0,87088830.0,22408.0,,"Censo de Población y Vivienda, cuestionario ampliado (INEGI)",Personas de 18 años o más,censo
distribucion,Población,2020,Hombres,Sin discapacidad,Morelos,45-59,147448.0,87088830.0,17440.0,,"Censo de Población y Vivienda, cuestionario ampliado (INEGI)",Personas de 18 años o más,censo
distribucion,Población,2020,Hombres,Sin discapacidad,Morelos,60+,99126.0,87088830.0,11829.0,,"Censo de Población y Vivienda, cuestionario ampliado (INEGI)",Personas de 18 años o más,censo
distribucion,Población,2020,Hombres,Sin discapacidad,México,18-29,1624058.0,87088830.0,117669.0,,"Censo de Población y Vivienda, cuestionario ampliado (INEGI)",Personas de 18 años o más,censo
distribucion,Población,2020,Hombres,Sin discapacidad,México,30-44,1702821.0,87088830.0,121555.0,,"Censo de Población y Vivienda, cuestionario ampliado (INEGI)",Personas de 18 años o más,censo
distribucion,Población,2020,Hombres,Sin discapacidad,México,45-59,1316122.0,87088830.0,89651.0,,"Censo de Población y Vivienda, cuestionario ampliado (INEGI)",Personas de 18 años o más,censo
distribucion,Población,2020,Hombres,Sin discapacidad,México,60+,741706.0,87088830.0,50087.0,,"Censo de Población y Vivienda, cuestionario ampliado (INEGI)",Personas de 18 años o más,censo
distribucion,Población,2020,Hombres,Sin discapacidad,Nayarit,18-29,109953.0,87088830.0,16057.0,,"Censo de Población y Vivienda, cuestionario ampliado (INEGI)",Personas de 18 años o más,censo
distribucion,Población,2020,Hombres,Sin discapacidad,Nayarit,30-44,118123.0,87088830.0,16169.0,,"Censo de Población y Vivienda, cuestionario ampliado (INEGI)",Personas de 18 años o más,censo
distribucion,Población,2020,Hombres,Sin discapacidad,Nayarit,45-59,88068.0,87088830.0,11948.0,,"Censo de Población y Vivienda, cuestionario ampliado (INEGI)",Personas de 18 años o más,censo
distribucion,Población,2020,Hombres,Sin discapacidad,Nayarit,60+,60932.0,87088830.0,8460.0,,"Censo de Población y Vivienda, cuestionario ampliado (INEGI)",Personas de 18 años o más,censo
distribucion,Población,2020,Hombres,Sin discapacidad,Nuevo León,18-29,594746.0,87088830.0,32737.0,,"Censo de Población y Vivienda, cuestionario ampliado (INEGI)",Personas de 18 años o más,censo
distribucion,Población,2020,Hombres,Sin discapacidad,Nuevo León,30-44,628652.0,87088830.0,35842.0,,"Censo de Población y Vivienda, cuestionario ampliado (INEGI)",Personas de 18 años o más,censo
distribucion,Población,2020,Hombres,Sin discapacidad,Nuevo León,45-59,470153.0,87088830.0,26392.0,,"Censo de Población y Vivienda, cuestionario ampliado (INEGI)",Personas de 18 años o más,censo
distribucion,Población,2020,Hombres,Sin discapacidad,Nuevo León,60+,266989.0,87088830.0,16198.0,,"Censo de Población y Vivienda, cuestionario ampliado (INEGI)",Personas de 18 años o más,censo
distribucion,Población,2020,Hombres,Sin discapacidad,Oaxaca,18-29,344344.0,87088830.0,155985.0,,"Censo de Población y Vivienda, cuestionario ampliado (INEGI)",Personas de 18 años o más,censo
distribucion,Población,2020,Hombres,Sin discapacidad,Oaxaca,30-44,366778.0,87088830.0,162764.0,,"Censo de Población y Vivienda, cuestionario ampliado (INEGI)",Personas de 18 años o más,censo
distribucion,Población,2020,Hombres,Sin discapacidad,Oaxaca,45-59,265385.0,87088830.0,119663.0,,"Censo de Población y Vivienda, cuestionario ampliado (INEGI)",Personas de 18 años o más,censo
distribucion,Población,2020,Hombres,Sin discapacidad,Oaxaca,60+,191371.0,87088830.0,92971.0,,"Censo de Población y Vivienda, cuestionario ampliado (INEGI)",Personas de 18 años o más,censo
distribucion,Población,2020,Hombres,Sin discapacidad,Puebla,18-29,631281.0,87088830.0,115675.0,,"Censo de Población y Vivienda, cuestionario ampliado (INEGI)",Personas de 18 años o más,censo
distribucion,Población,2020,Hombres,Sin discapacidad,Puebla,30-44,611301.0,87088830.0,111239.0,,"Censo de Población y Vivienda, cuestionario ampliado (INEGI)",Personas de 18 años o más,censo
distribucion,Población,2020,Hombres,Sin discapacidad,Puebla,45-59,429724.0,87088830.0,77810.0,,"Censo de Población y Vivienda, cuestionario ampliado (INEGI)",Personas de 18 años o más,censo
distribucion,Población,2020,Hombres,Sin discapacidad,Puebla,60+,267080.0,87088830.0,55113.0,,"Censo de Población y Vivienda, cuestionario ampliado (INEGI)",Personas de 18 años o más,censo
distribucion,Población,2020,Hombres,Sin discapacidad,Querétaro,18-29,242675.0,87088830.0,14355.0,,"Censo de Población y Vivienda, cuestionario ampliado (INEGI)",Personas de 18 años o más,censo
distribucion,Población,2020,Hombres,Sin discapacidad,Querétaro,30-44,254762.0,87088830.0,14571.0,,"Censo de Población y Vivienda, cuestionario ampliado (INEGI)",Personas de 18 años o más,censo
distribucion,Población,2020,Hombres,Sin discapacidad,Querétaro,45-59,166968.0,87088830.0,9657.0,,"Censo de Población y Vivienda, cuestionario ampliado (INEGI)",Personas de 18 años o más,censo
distribucion,Población,2020,Hombres,Sin discapacidad,Querétaro,60+,95290.0,87088830.0,5821.0,,"Censo de Población y Vivienda, cuestionario ampliado (INEGI)",Personas de 18 años o más,censo
distribucion,Población,2020,Hombres,Sin discapacidad,Quintana Roo,18-29,202696.0,87088830.0,8220.0,,"Censo de Población y Vivienda, cuestionario ampliado (INEGI)",Personas de 18 años o más,censo
distribucion,Población,2020,Hombres,Sin discapacidad,Quintana Roo,30-44,229462.0,87088830.0,9042.0,,"Censo de Población y Vivienda, cuestionario ampliado (INEGI)",Personas de 18 años o más,censo
distribucion,Población,2020,Hombres,Sin discapacidad,Quintana Roo,45-59,135065.0,87088830.0,5478.0,,"Censo de Población y Vivienda, cuestionario ampliado (INEGI)",Personas de 18 años o más,censo
distribucion,Población,2020,Hombres,Sin discapacidad,Quintana Roo,60+,55725.0,87088830.0,2687.0,,"Censo de Población y Vivienda, cuestionario ampliado (INEGI)",Personas de 18 años o más,censo
distribucion,Población,2020,Hombres,Sin discapacidad,San Luis Potosí,18-29,264095.0,87088830.0,31051.0,,"Censo de Población y Vivienda, cuestionario ampliado (INEGI)",Personas de 18 años o más,censo
distribucion,Población,2020,Hombres,Sin discapacidad,San Luis Potosí,30-44,267167.0,87088830.0,31183.0,,"Censo de Población y Vivienda, cuestionario ampliado (INEGI)",Personas de 18 años o más,censo
distribucion,Población,2020,Hombres,Sin discapacidad,San Luis Potosí,45-59,195895.0,87088830.0,24549.0,,"Censo de Población y Vivienda, cuestionario ampliado (INEGI)",Personas de 18 años o más,censo
distribucion,Población,2020,Hombres,Sin discapacidad,San Luis Potosí,60+,139455.0,87088830.0,19944.0,,"Censo de Población y Vivienda, cuestionario ampliado (INEGI)",Personas de 18 años o más,censo
distribucion,Población,2020,Hombres,Sin discapacidad,Sinaloa,18-29,283698.0,87088830.0,15039.0,,"Censo de Población y Vivienda, cuestionario ampliado (INEGI)",Personas de 18 años o más,censo
distribucion,Población,2020,Hombres,Sin discapacidad,Sinaloa,30-44,285036.0,87088830.0,15395.0,,"Censo de Población y Vivienda, cuestionario ampliado (INEGI)",Personas de 18 años o más,censo
distribucion,Población,2020,Hombres,Sin discapacidad,Sinaloa,45-59,228997.0,87088830.0,12719.0,,"Censo de Población y Vivienda, cuestionario ampliado (INEGI)",Personas de 18 años o más,censo
distribucion,Población,2020,Hombres,Sin discapacidad,Sinaloa,60+,150991.0,87088830.0,9061.0,,"Censo de Población y Vivienda, cuestionario ampliado (INEGI)",Personas de 18 años o más,censo
distribucion,Población,2020,Hombres,Sin discapacidad,Sonora,18-29,275301.0,87088830.0,22845.0,,"Censo de Población y Vivienda, cuestionario ampliado (INEGI)",Personas de 18 años o más,censo
distribucion,Población,2020,Hombres,Sin discapacidad,Sonora,30-44,302378.0,87088830.0,25465.0,,"Censo de Población y Vivienda, cuestionario ampliado (INEGI)",Personas de 18 años o más,censo
distribucion,Población,2020,Hombres,Sin discapacidad,Sonora,45-59,232241.0,87088830.0,21673.0,,"Censo de Población y Vivienda, cuestionario ampliado (INEGI)",Personas de 18 años o más,censo
distribucion,Población,2020,Hombres,Sin discapacidad,Sonora,60+,138889.0,87088830.0,15468.0,,"Censo de Población y Vivienda, cuestionario ampliado (INEGI)",Personas de 18 años o más,censo
distribucion,Población,2020,Hombres,Sin discapacidad,Tabasco,18-29,210452.0,87088830.0,13669.0,,"Censo de Población y Vivienda, cuestionario ampliado (INEGI)",Personas de 18 años o más,censo
distribucion,Población,2020,Hombres,Sin discapacidad,Tabasco,30-44,240192.0,87088830.0,15384.0,,"Censo de Población y Vivienda, cuestionario ampliado (INEGI)",Personas de 18 años o más,censo
distribucion,Población,2020,Hombres,Sin discapacidad,Tabasco,45-59,168972.0,87088830.0,11301.0,,"Censo de Población y Vivienda, cuestionario ampliado (INEGI)",Personas de 18 años o más,censo
distribucion,Población,2020,Hombres,Sin discapacidad,Tabasco,60+,96543.0,87088830.0,6459.0,,"Censo de Población y Vivienda, cuestionario ampliado (INEGI)",Personas de 18 años o más,censo
distribucion,Población,2020,Hombres,Sin discapacidad,Tamaulipas,18-29,334565.0,87088830.0,21136.0,,"Censo de Población y Vivienda, cuestionario ampliado (INEGI)",Personas de 18 años o más,censo
distribucion,Población,2020,Hombres,Sin discapacidad,Tamaulipas,30-44,357164.0,87088830.0,24103.0,,"Censo de Población y Vivienda, cuestionario ampliado (INEGI)",Personas de 18 años o más,censo
distribucion,Población,2020,Hombres,Sin discapacidad,Tamaulipas,45-59,279952.0,87088830.0,20478.0,,"Censo de Población y Vivienda, cuestionario ampliado (INEGI)",Personas de 18 años o más,censo
distribucion,Población,2020,Hombres,Sin discapacidad,Tamaulipas,60+,162741.0,87088830.0,14964.0,,"Censo de Población y Vivienda, cuestionario ampliado (INEGI)",Personas de 18 años o más,censo
distribucion,Población,2020,Hombres,Sin discapacidad,Tlaxcala,18-29,129513.0,87088830.0,33685.0,,"Censo de Población y Vivienda, cuestionario ampliado (INEGI)",Personas de 18 años o más,censo
distribucion,Población,2020,Hombres,Sin discapacidad,Tlaxcala,30-44,129960.0,87088830.0,33027.0,,"Censo de Población y Vivienda, cuestionario ampliado (INEGI)",Personas de 18 años o más,censo
distribucion,Población,2020,Hombres,Sin discapacidad,Tlaxcala,45-59,93455.0,87088830.0,24050.0,,"Censo de Población y Vivienda, cuestionario ampliado (INEGI)",Personas de 18 años o más,censo
distribucion,Población,2020,Hombres,Sin discapacidad,Tlaxcala,60+,56380.0,87088830.0,14939.0,,"Censo de Población y Vivienda, cuestionario ampliado (INEGI)",Personas de 18 años o más,censo
distribucion,Población,2020,Hombres,Sin discapacidad,Veracruz,18-29,674081.0,87088830.0,119519.0,,"Censo de Población y Vivienda, cuestionario ampliado (INEGI)",Personas de 18 años o más,censo
distribucion,Población,2020,Hombres,Sin discapacidad,Veracruz,30-44,737392.0,87088830.0,125785.0,,"Censo de Población y Vivienda, cuestionario ampliado (INEGI)",Personas de 18 años o más,censo
distribucion,Población,2020,Hombres,Sin discapacidad,Veracruz,45-59,619588.0,87088830.0,99832.0,,"Censo de Población y Vivienda, cuestionario ampliado (INEGI)",Personas de 18 años o más,censo
distribucion,Población,2020,Hombres,Sin discapacidad,Veracruz,60+,432883.0,87088830.0,70346.0,,"Censo de Población y Vivienda, cuestionario ampliado (INEGI)",Personas de 18 años o más,censo
distribucion,Población,2020,Hombres,Sin discapacidad,Yucatán,18-29,228941.0,87088830.0,46627.0,,"Censo de Población y Vivienda, cuestionario ampliado (INEGI)",Personas de 18 años o más,censo
distribucion,Población,2020,Hombres,Sin discapacidad,Yucatán,30-44,245426.0,87088830.0,48508.0,,"Censo de Población y Vivienda, cuestionario ampliado (INEGI)",Personas de 18 años o más,censo
distribucion,Población,2020,Hombres,Sin discapacidad,Yucatán,45-59,165964.0,87088830.0,31757.0,,"Censo de Población y Vivienda, cuestionario ampliado (INEGI)",Personas de 18 años o más,censo
distribucion,Población,2020,Hombres,Sin discapacidad,Yucatán,60+,108241.0,87088830.0,23150.0,,"Censo de Población y Vivienda, cuestionario ampliado (INEGI)",Personas de 18 años o más,censo
distribucion,Población,2020,Hombres,Sin discapacidad,Zacatecas,18-29,140817.0,87088830.0,24513.0,,"Censo de Población y Vivienda, cuestionario ampliado (INEGI)",Personas de 18 años o más,censo
distribucion,Población,2020,Hombres,Sin discapacidad,Zacatecas,30-44,149859.0,87088830.0,26162.0,,"Censo de Población y Vivienda, cuestionario ampliado (INEGI)",Personas de 18 años o más,censo
distribucion,Población,2020,Hombres,Sin discapacidad,Zacatecas,45-59,110925.0,87088830.0,20369.0,,"Censo de Población y Vivienda, cuestionario ampliado (INEGI)",Personas de 18 años o más,censo
distribucion,Población,2020,Hombres,Sin discapacidad,Zacatecas,60+,72453.0,87088830.0,15103.0,,"Censo de Población y Vivienda, cuestionario ampliado (INEGI)",Personas de 18 años o más,censo
distribucion,Población,2020,Mujeres,Con discapacidad,Aguascalientes,18-29,3506.0,87088830.0,217.0,,"Censo de Población y Vivienda, cuestionario ampliado (INEGI)",Personas de 18 años o más,censo
distribucion,Población,2020,Mujeres,Con discapacidad,Aguascalientes,30-44,4696.0,87088830.0,267.0,,"Censo de Población y Vivienda, cuestionario ampliado (INEGI)",Personas de 18 años o más,censo
distribucion,Población,2020,Mujeres,Con discapacidad,Aguascalientes,45-59,8947.0,87088830.0,531.0,,"Censo de Población y Vivienda, cuestionario ampliado (INEGI)",Personas de 18 años o más,censo
distribucion,Población,2020,Mujeres,Con discapacidad,Aguascalientes,60+,18099.0,87088830.0,1219.0,,"Censo de Población y Vivienda, cuestionario ampliado (INEGI)",Personas de 18 años o más,censo
distribucion,Población,2020,Mujeres,Con discapacidad,Baja California,18-29,8274.0,87088830.0,167.0,,"Censo de Población y Vivienda, cuestionario ampliado (INEGI)",Personas de 18 años o más,censo
distribucion,Población,2020,Mujeres,Con discapacidad,Baja California,30-44,9732.0,87088830.0,201.0,,"Censo de Población y Vivienda, cuestionario ampliado (INEGI)",Personas de 18 años o más,censo
distribucion,Población,2020,Mujeres,Con discapacidad,Baja California,45-59,20331.0,87088830.0,431.0,,"Censo de Población y Vivienda, cuestionario ampliado (INEGI)",Personas de 18 años o más,censo
distribucion,Población,2020,Mujeres,Con discapacidad,Baja California,60+,41033.0,87088830.0,903.0,,"Censo de Población y Vivienda, cuestionario ampliado (INEGI)",Personas de 18 años o más,censo
distribucion,Población,2020,Mujeres,Con discapacidad,Baja California Sur,18-29,1222.0,87088830.0,72.0,,"Censo de Población y Vivienda, cuestionario ampliado (INEGI)",Personas de 18 años o más,censo
distribucion,Población,2020,Mujeres,Con discapacidad,Baja California Sur,30-44,2030.0,87088830.0,121.0,,"Censo de Población y Vivienda, cuestionario ampliado (INEGI)",Personas de 18 años o más,censo
distribucion,Población,2020,Mujeres,Con discapacidad,Baja California Sur,45-59,3560.0,87088830.0,224.0,,"Censo de Población y Vivienda, cuestionario ampliado (INEGI)",Personas de 18 años o más,censo
distribucion,Población,2020,Mujeres,Con discapacidad,Baja California Sur,60+,7964.0,87088830.0,532.0,,"Censo de Población y Vivienda, cuestionario ampliado (INEGI)",Personas de 18 años o más,censo
distribucion,Población,2020,Mujeres,Con discapacidad,Campeche,18-29,1843.0,87088830.0,159.0,,"Censo de Población y Vivienda, cuestionario ampliado (INEGI)",Personas de 18 años o más,censo
distribucion,Población,2020,Mujeres,Con discapacidad,Campeche,30-44,3226.0,87088830.0,253.0,,"Censo de Población y Vivienda, cuestionario ampliado (INEGI)",Personas de 18 años o más,censo
distribucion,Población,2020,Mujeres,Con discapacidad,Campeche,45-59,6312.0,87088830.0,499.0,,"Censo de Población y Vivienda, cuestionario ampliado (INEGI)",Personas de 18 años o más,censo
distribucion,Población,2020,Mujeres,Con discapacidad,Campeche,60+,13958.0,87088830.0,1200.0,,"Censo de Población y Vivienda, cuestionario ampliado (INEGI)",Personas de 18 años o más,censo
distribucion,Población,2020,Mujeres,Con discapacidad,Chiapas,18-29,7278.0,87088830.0,1544.0,,"Censo de Población y Vivienda, cuestionario ampliado (INEGI)",Personas de 18 años o más,censo
distribucion,Población,2020,Mujeres,Con discapacidad,Chiapas,30-44,10596.0,87088830.0,2212.0,,"Censo de Población y Vivienda, cuestionario ampliado (INEGI)",Personas de 18 años o más,censo
distribucion,Población,2020,Mujeres,Con discapacidad,Chiapas,45-59,22210.0,87088830.0,4219.0,,"Censo de Población y Vivienda, cuestionario ampliado (INEGI)",Personas de 18 años o más,censo
distribucion,Población,2020,Mujeres,Con discapacidad,Chiapas,60+,54873.0,87088830.0,11188.0,,"Censo de Población y Vivienda, cuestionario ampliado (INEGI)",Personas de 18 años o más,censo
distribucion,Población,2020,Mujeres,Con discapacidad,Chihuahua,18-29,5126.0,87088830.0,445.0,,"Censo de Población y Vivienda, cuestionario ampliado (INEGI)",Personas de 18 años o más,censo
distribucion,Población,2020,Mujeres,Con discapacidad,Chihuahua,30-44,7681.0,87088830.0,613.0,,"Censo de Población y Vivienda, cuestionario ampliado (INEGI)",Personas de 18 años o más,censo
distribucion,Población,2020,Mujeres,Con discapacidad,Chihuahua,45-59,16252.0,87088830.0,1366.0,,"Censo de Población y Vivienda, cuestionario ampliado (INEGI)",Personas de 18 años o más,censo
distribucion,Población,2020,Mujeres,Con discapacidad,Chihuahua,60+,49111.0,87088830.0,4786.0,,"Censo de Población y Vivienda, cuestionario ampliado (INEGI)",Personas de 18 años o más,censo
distribucion,Población,2020,Mujeres,Con discapacidad,Ciudad de México,18-29,17464.0,87088830.0,550.0,,"Censo de Población y Vivienda, cuestionario ampliado (INEGI)",Personas de 18 años o más,censo
distribucion,Población,2020,Mujeres,Con discapacidad,Ciudad de México,30-44,22651.0,87088830.0,728.0,,"Censo de Población y Vivienda, cuestionario ampliado (INEGI)",Personas de 18 años o más,censo
distribucion,Población,2020,Mujeres,Con discapacidad,Ciudad de México,45-59,53090.0,87088830.0,1623.0,,"Censo de Población y Vivienda, cuestionario ampliado (INEGI)",Personas de 18 años o más,censo
distribucion,Población,2020,Mujeres,Con discapacidad,Ciudad de México,60+,165757.0,87088830.0,4812.0,,"Censo de Población y Vivienda, cuestionario ampliado (INEGI)",Personas de 18 años o más,censo
distribucion,Población,2020,Mujeres,Con discapacidad,Coahuila,18-29,4815.0,87088830.0,385.0,,"Censo de Población y Vivienda, cuestionario ampliado (INEGI)",Personas de 18 años o más,censo
distribucion,Población,2020,Mujeres,Con discapacidad,Coahuila,30-44,5170.0,87088830.0,456.0,,"Censo de Población y Vivienda, cuestionario ampliado (INEGI)",Personas de 18 años o más,censo
distribucion,Población,2020,Mujeres,Con discapacidad,Coahuila,45-59,12672.0,87088830.0,1134.0,,"Censo de Población y Vivienda, cuestionario ampliado (INEGI)",Personas de 18 años o más,censo
distribucion,Población,2020,Mujeres,Con discapacidad,Coahuila,60+,32709.0,87088830.0,2815.0,,"Censo de Población y Vivienda, cuestionario ampliado (INEGI)",Personas de 18 años o más,censo
distribucion,Población,2020,Mujeres,Con discapacidad,Colima,18-29,1257.0,87088830.0,106.0,,"Censo de Población y Vivienda, cuestionario ampliado (INEGI)",Personas de 18 años o más,censo
distribucion,Población,2020,Mujeres,Con discapacidad,Colima,30-44,1889.0,87088830.0,155.0,,"Censo de Población y Vivienda, cuestionario ampliado (INEGI)",Personas de 18 años o más,censo
distribucion,Población,2020,Mujeres,Con discapacidad,Colima,45-59,4341.0,87088830.0,364.0,,"Censo de Población y Vivienda, cuestionario ampliado (INEGI)",Personas de 18 años o más,censo
distribucion,Población,2020,Mujeres,Con discapacidad,Colima,60+,10575.0,87088830.0,1008.0,,"Censo de Población y Vivienda, cuestionario ampliado (INEGI)",Personas de 18 años o más,censo
distribucion,Población,2020,Mujeres,Con discapacidad,Durango,18-29,3464.0,87088830.0,459.0,,"Censo de Población y Vivienda, cuestionario ampliado (INEGI)",Personas de 18 años o más,censo
distribucion,Población,2020,Mujeres,Con discapacidad,Durango,30-44,4402.0,87088830.0,638.0,,"Censo de Población y Vivienda, cuestionario ampliado (INEGI)",Personas de 18 años o más,censo
distribucion,Población,2020,Mujeres,Con discapacidad,Durango,45-59,9358.0,87088830.0,1328.0,,"Censo de Población y Vivienda, cuestionario ampliado (INEGI)",Personas de 18 años o más,censo
distribucion,Población,2020,Mujeres,Con discapacidad,Durango,60+,25741.0,87088830.0,4075.0,,"Censo de Población y Vivienda, cuestionario ampliado (INEGI)",Personas de 18 años o más,censo
distribucion,Población,2020,Mujeres,Con discapacidad,Guanajuato,18-29,11513.0,87088830.0,730.0,,"Censo de Población y Vivienda, cuestionario ampliado (INEGI)",Personas de 18 años o más,censo
distribucion,Población,2020,Mujeres,Con discapacidad,Guanajuato,30-44,15505.0,87088830.0,999.0,,"Censo de Población y Vivienda, cuestionario ampliado (INEGI)",Personas de 18 años o más,censo
distribucion,Población,2020,Mujeres,Con discapacidad,Guanajuato,45-59,29945.0,87088830.0,1937.0,,"Censo de Población y Vivienda, cuestionario ampliado (INEGI)",Personas de 18 años o más,censo
distribucion,Población,2020,Mujeres,Con discapacidad,Guanajuato,60+,78634.0,87088830.0,5980.0,,"Censo de Población y Vivienda, cuestionario ampliado (INEGI)",Personas de 18 años o más,censo
distribucion,Población,2020,Mujeres,Con discapacidad,Guerrero,18-29,6754.0,87088830.0,1454.0,,"Censo de Población y Vivienda, cuestionario ampliado (INEGI)",Personas de 18 años o más,censo
distribucion,Población,2020,Mujeres,Con discapacidad,Guerrero,30-44,9595.0,87088830.0,2081.0,,"Censo de Población y Vivienda, cuestionario ampliado (INEGI)",Personas de 18 años o más,censo
distribucion,Población,2020,Mujeres,Con discapacidad,Guerrero,45-59,20441.0,87088830.0,4163.0,,"Censo de Población y Vivienda, cuestionario ampliado (INEGI)",Personas de 18 años o más,censo
distribucion,Población,2020,Mujeres,Con discapacidad,Guerrero,60+,63558.0,87088830.0,12862.0,,"Censo de Población y Vivienda, cuestionario ampliado (INEGI)",Personas de 18 años o más,censo
distribucion,Población,2020,Mujeres,Con discapacidad,Hidalgo,18-29,6022.0,87088830.0,946.0,,"Censo de Población y Vivienda, cuestionario ampliado (INEGI)",Personas de 18 años o más,censo
distribucion,Población,2020,Mujeres,Con discapacidad,Hidalgo,30-44,9341.0,87088830.0,1480.0,,"Censo de Población y Vivienda, cuestionario ampliado (INEGI)",Personas de 18 años o más,censo
distribucion,Población,2020,Mujeres,Con discapacidad,Hidalgo,45-59,16418.0,87088830.0,2693.0,,"Censo de Población y Vivienda, cuestionario ampliado (INEGI)",Personas de 18 años o más,censo
distribucion,Población,2020,Mujeres,Con discapacidad,Hidalgo,60+,46197.0,87088830.0,8310.0,,"Censo de Población y Vivienda, cuestionario ampliado (INEGI)",Personas de 18 años o más,censo
distribucion,Población,2020,Mujeres,Con discapacidad,Jalisco,18-29,12293.0,87088830.0,1268.0,,"Censo de Población y Vivienda, cuestionario ampliado (INEGI)",Personas de 18 años o más,censo
distribucion,Población,2020,Mujeres,Con discapacidad,Jalisco,30-44,17416.0,87088830.0,1854.0,,"Censo de Población y Vivienda, cuestionario ampliado (INEGI)",Personas de 18 años o más,censo
distribucion,Población,2020,Mujeres,Con discapacidad,Jalisco,45-59,39239.0,87088830.0,3938.0,,"Censo de Población y Vivienda, cuestionario ampliado (INEGI)",Personas de 18 años o más,censo
distribucion,Población,2020,Mujeres,Con discapacidad,Jalisco,60+,114952.0,87088830.0,12376.0,,"Censo de Población y Vivienda, cuestionario ampliado (INEGI)",Personas de 18 años o más,censo
distribucion,Población,2020,Mujeres,Con discapacidad,Michoacán,18-29,8783.0,87088830.0,1202.0,,"Censo de Población y Vivienda, cuestionario ampliado (INEGI)",Personas de 18 años o más,censo
distribucion,Población,2020,Mujeres,Con discapacidad,Michoacán,30-44,12461.0,87088830.0,1835.0,,"Censo de Población y Vivienda, cuestionario ampliado (INEGI)",Personas de 18 años o más,censo
distribucion,Población,2020,Mujeres,Con discapacidad,Michoacán,45-59,24334.0,87088830.0,3855.0,,"Censo de Población y Vivienda, cuestionario ampliado (INEGI)",Personas de 18 años o más,censo
distribucion,Población,2020,Mujeres,Con discapacidad,Michoacán,60+,76684.0,87088830.0,12845.0,,"Censo de Población y Vivienda, cuestionario ampliado (INEGI)",Personas de 18 años o más,censo
distribucion,Población,2020,Mujeres,Con discapacidad,Morelos,18-29,3675.0,87088830.0,425.0,,"Censo de Población y Vivienda, cuestionario ampliado (INEGI)",Personas de 18 años o más,censo
distribucion,Población,2020,Mujeres,Con discapacidad,Morelos,30-44,5276.0,87088830.0,602.0,,"Censo de Población y Vivienda, cuestionario ampliado (INEGI)",Personas de 18 años o más,censo
distribucion,Población,2020,Mujeres,Con discapacidad,Morelos,45-59,11197.0,87088830.0,1326.0,,"Censo de Población y Vivienda, cuestionario ampliado (INEGI)",Personas de 18 años o más,censo
distribucion,Población,2020,Mujeres,Con discapacidad,Morelos,60+,31334.0,87088830.0,3700.0,,"Censo de Población y Vivienda, cuestionario ampliado (INEGI)",Personas de 18 años o más,censo
distribucion,Población,2020,Mujeres,Con discapacidad,México,18-29,29632.0,87088830.0,2085.0,,"Censo de Población y Vivienda, cuestionario ampliado (INEGI)",Personas de 18 años o más,censo
distribucion,Población,2020,Mujeres,Con discapacidad,México,30-44,40067.0,87088830.0,2807.0,,"Censo de Población y Vivienda, cuestionario ampliado (INEGI)",Personas de 18 años o más,censo
distribucion,Población,2020,Mujeres,Con discapacidad,México,45-59,80658.0,87088830.0,5498.0,,"Censo de Población y Vivienda, cuestionario ampliado (INEGI)",Personas de 18 años o más,censo
distribucion,Población,2020,Mujeres,Con discapacidad,México,60+,193790.0,87088830.0,13467.0,,"Censo de Población y Vivienda, cuestionario ampliado (INEGI)",Personas de 18 años o más,censo
distribucion,Población,2020,Mujeres,Con discapacidad,Nayarit,18-29,2480.0,87088830.0,315.0,,"Censo de Población y Vivienda, cuestionario ampliado (INEGI)",Personas de 18 años o más,censo
distribucion,Población,2020,Mujeres,Con discapacidad,Nayarit,30-44,3190.0,87088830.0,432.0,,"Censo de Población y Vivienda, cuestionario ampliado (INEGI)",Personas de 18 años o más,censo
distribucion,Población,2020,Mujeres,Con discapacidad,Nayarit,45-59,6120.0,87088830.0,873.0,,"Censo de Población y Vivienda, cuestionario ampliado (INEGI)",Personas de 18 años o más,censo
distribucion,Población,2020,Mujeres,Con discapacidad,Nayarit,60+,19117.0,87088830.0,2673.0,,"Censo de Población y Vivienda, cuestionario ampliado (INEGI)",Personas de 18 años o más,censo
distribucion,Población,2020,Mujeres,Con discapacidad,Nuevo León,18-29,8856.0,87088830.0,561.0,,"Censo de Población y Vivienda, cuestionario ampliado (INEGI)",Personas de 18 años o más,censo
distribucion,Población,2020,Mujeres,Con discapacidad,Nuevo León,30-44,9407.0,87088830.0,657.0,,"Censo de Población y Vivienda, cuestionario ampliado (INEGI)",Personas de 18 años o más,censo
distribucion,Población,2020,Mujeres,Con discapacidad,Nuevo León,45-59,20549.0,87088830.0,1375.0,,"Censo de Población y Vivienda, cuestionario ampliado (INEGI)",Personas de 18 años o más,censo
distribucion,Población,2020,Mujeres,Con discapacidad,Nuevo León,60+,58677.0,87088830.0,3869.0,,"Censo de Población y Vivienda, cuestionario ampliado (INEGI)",Personas de 18 años o más,censo
distribucion,Población,2020,Mujeres,Con discapacidad,Oaxaca,18-29,8385.0,87088830.0,4213.0,,"Censo de Población y Vivienda, cuestionario ampliado (INEGI)",Personas de 18 años o más,censo
distribucion,Población,2020,Mujeres,Con discapacidad,Oaxaca,30-44,13259.0,87088830.0,6389.0,,"Censo de Población y Vivienda, cuestionario ampliado (INEGI)",Personas de 18 años o más,censo
distribucion,Población,2020,Mujeres,Con discapacidad,Oaxaca,45-59,26339.0,87088830.0,12854.0,,"Censo de Población y Vivienda, cuestionario ampliado (INEGI)",Personas de 18 años o más,censo
distribucion,Población,2020,Mujeres,Con discapacidad,Oaxaca,60+,79019.0,87088830.0,41760.0,,"Censo de Población y Vivienda, cuestionario ampliado (INEGI)",Personas de 18 años o más,censo
distribucion,Población,2020,Mujeres,Con discapacidad,Puebla,18-29,11486.0,87088830.0,2420.0,,"Censo de Población y Vivienda, cuestionario ampliado (INEGI)",Personas de 18 años o más,censo
distribucion,Población,2020,Mujeres,Con discapacidad,Puebla,30-44,15867.0,87088830.0,3375.0,,"Censo de Población y Vivienda, cuestionario ampliado (INEGI)",Personas de 18 años o más,censo
distribucion,Población,2020,Mujeres,Con discapacidad,Puebla,45-59,27458.0,87088830.0,6111.0,,"Censo de Población y Vivienda, cuestionario ampliado (INEGI)",Personas de 18 años o más,censo
distribucion,Población,2020,Mujeres,Con discapacidad,Puebla,60+,85414.0,87088830.0,20397.0,,"Censo de Población y Vivienda, cuestionario ampliado (INEGI)",Personas de 18 años o más,censo
distribucion,Población,2020,Mujeres,Con discapacidad,Querétaro,18-29,3752.0,87088830.0,266.0,,"Censo de Población y Vivienda, cuestionario ampliado (INEGI)",Personas de 18 años o más,censo
distribucion,Población,2020,Mujeres,Con discapacidad,Querétaro,30-44,4522.0,87088830.0,336.0,,"Censo de Población y Vivienda, cuestionario ampliado (INEGI)",Personas de 18 años o más,censo
distribucion,Población,2020,Mujeres,Con discapacidad,Querétaro,45-59,9722.0,87088830.0,655.0,,"Censo de Población y Vivienda, cuestionario ampliado (INEGI)",Personas de 18 años o más,censo
distribucion,Población,2020,Mujeres,Con discapacidad,Querétaro,60+,25287.0,87088830.0,1949.0,,"Censo de Población y Vivienda, cuestionario ampliado (INEGI)",Personas de 18 años o más,censo
distribucion,Población,2020,Mujeres,Con discapacidad,Quintana Roo,18-29,4273.0,87088830.0,162.0,,"Censo de Población y Vivienda, cuestionario ampliado (INEGI)",Personas de 18 años o más,censo
distribucion,Población,2020,Mujeres,Con discapacidad,Quintana Roo,30-44,3877.0,87088830.0,186.0,,"Censo de Población y Vivienda, cuestionario ampliado (INEGI)",Personas de 18 años o más,censo
distribucion,Población,2020,Mujeres,Con discapacidad,Quintana Roo,45-59,7981.0,87088830.0,328.0,,"Censo de Población y Vivienda, cuestionario ampliado (INEGI)",Personas de 18 años o más,censo
distribucion,Población,2020,Mujeres,Con discapacidad,Quintana Roo,60+,10406.0,87088830.0,579.0,,"Censo de Población y Vivienda, cuestionario ampliado (INEGI)",Personas de 18 años o más,censo
distribucion,Población,2020,Mujeres,Con discapacidad,San Luis Potosí,18-29,4834.0,87088830.0,649.0,,"Censo de Población y Vivienda, cuestionario ampliado (INEGI)",Personas de 18 años o más,censo
distribucion,Población,2020,Mujeres,Con discapacidad,San Luis Potosí,30-44,6746.0,87088830.0,869.0,,"Censo de Población y Vivienda, cuestionario ampliado (INEGI)",Personas de 18 años o más,censo
distribucion,Población,2020,Mujeres,Con discapacidad,San Luis Potosí,45-59,12861.0,87088830.0,1877.0,,"Censo de Población y Vivienda, cuestionario ampliado (INEGI)",Personas de 18 años o más,censo
distribucion,Población,2020,Mujeres,Con discapacidad,San Luis Potosí,60+,41201.0,87088830.0,6317.0,,"Censo de Población y Vivienda, cuestionario ampliado (INEGI)",Personas de 18 años o más,censo
distribucion,Población,2020,Mujeres,Con discapacidad,Sinaloa,18-29,4942.0,87088830.0,285.0,,"Censo de Población y Vivienda, cuestionario ampliado (INEGI)",Personas de 18 años o más,censo
distribucion,Población,2020,Mujeres,Con discapacidad,Sinaloa,30-44,6985.0,87088830.0,413.0,,"Censo de Población y Vivienda, cuestionario ampliado (INEGI)",Personas de 18 años o más,censo
distribucion,Población,2020,Mujeres,Con discapacidad,Sinaloa,45-59,15730.0,87088830.0,915.0,,"Censo de Población y Vivienda, cuestionario ampliado (INEGI)",Personas de 18 años o más,censo
distribucion,Población,2020,Mujeres,Con discapacidad,Sinaloa,60+,46790.0,87088830.0,2762.0,,"Censo de Población y Vivienda, cuestionario ampliado (INEGI)",Personas de 18 años o más,censo
distribucion,Población,2020,Mujeres,Con discapacidad,Sonora,18-29,5553.0,87088830.0,510.0,,"Censo de Población y Vivienda, cuestionario ampliado (INEGI)",Personas de 18 años o más,censo
distribucion,Población,2020,Mujeres,Con discapacidad,Sonora,30-44,7180.0,87088830.0,630.0,,"Censo de Población y Vivienda, cuestionario ampliado (INEGI)",Personas de 18 años o más,censo
distribucion,Población,2020,Mujeres,Con discapacidad,Sonora,45-59,16085.0,87088830.0,1612.0,,"Censo de Población y Vivienda, cuestionario ampliado (INEGI)",Personas de 18 años o más,censo
distribucion,Población,2020,Mujeres,Con discapacidad,Sonora,60+,40252.0,87088830.0,4506.0,,"Censo de Población y Vivienda, cuestionario ampliado (INEGI)",Personas de 18 años o más,censo
distribucion,Población,2020,Mujeres,Con discapacidad,Tabasco,18-29,5731.0,87088830.0,338.0,,"Censo de Población y Vivienda, cuestionario ampliado (INEGI)",Personas de 18 años o más,censo
distribucion,Población,2020,Mujeres,Con discapacidad,Tabasco,30-44,7812.0,87088830.0,471.0,,"Censo de Población y Vivienda, cuestionario ampliado (INEGI)",Personas de 18 años o más,censo
distribucion,Población,2020,Mujeres,Con discapacidad,Tabasco,45-59,17157.0,87088830.0,1085.0,,"Censo de Población y Vivienda, cuestionario ampliado (INEGI)",Personas de 18 años o más,censo
distribucion,Población,2020,Mujeres,Con discapacidad,Tabasco,60+,38455.0,87088830.0,2646.0,,"Censo de Población y Vivienda, cuestionario ampliado (INEGI)",Personas de 18 años o más,censo
distribucion,Población,2020,Mujeres,Con discapacidad,Tamaulipas,18-29,4736.0,87088830.0,302.0,,"Censo de Población y Vivienda, cuestionario ampliado (INEGI)",Personas de 18 años o más,censo
distribucion,Población,2020,Mujeres,Con discapacidad,Tamaulipas,30-44,7450.0,87088830.0,507.0,,"Censo de Población y Vivienda, cuestionario ampliado (INEGI)",Personas de 18 años o más,censo
distribucion,Población,2020,Mujeres,Con discapacidad,Tamaulipas,45-59,19450.0,87088830.0,1347.0,,"Censo de Población y Vivienda, cuestionario ampliado (INEGI)",Personas de 18 años o más,censo
distribucion,Población,2020,Mujeres,Con discapacidad,Tamaulipas,60+,48814.0,87088830.0,3975.0,,"Censo de Población y Vivienda, cuestionario ampliado (INEGI)",Personas de 18 años o más,censo
distribucion,Población,2020,Mujeres,Con discapacidad,Tlaxcala,18-29,2216.0,87088830.0,549.0,,"Censo de Población y Vivienda, cuestionario ampliado (INEGI)",Personas de 18 años o más,censo
distribucion,Población,2020,Mujeres,Con discapacidad,Tlaxcala,30-44,3094.0,87088830.0,734.0,,"Censo de Población y Vivienda, cuestionario ampliado (INEGI)",Personas de 18 años o más,censo
distribucion,Población,2020,Mujeres,Con discapacidad,Tlaxcala,45-59,5511.0,87088830.0,1372.0,,"Censo de Población y Vivienda, cuestionario ampliado (INEGI)",Personas de 18 años o más,censo
distribucion,Población,2020,Mujeres,Con discapacidad,Tlaxcala,60+,15298.0,87088830.0,3793.0,,"Censo de Población y Vivienda, cuestionario ampliado (INEGI)",Personas de 18 años o más,censo
distribucion,Población,2020,Mujeres,Con discapacidad,Veracruz,18-29,13567.0,87088830.0,2429.0,,"Censo de Población y Vivienda, cuestionario ampliado (INEGI)",Personas de 18 años o más,censo
distribucion,Población,2020,Mujeres,Con discapacidad,Veracruz,30-44,20792.0,87088830.0,3754.0,,"Censo de Población y Vivienda, cuestionario ampliado (INEGI)",Personas de 18 años o más,censo
distribucion,Población,2020,Mujeres,Con discapacidad,Veracruz,45-59,47807.0,87088830.0,8255.0,,"Censo de Población y Vivienda, cuestionario ampliado (INEGI)",Personas de 18 años o más,censo
distribucion,Población,2020,Mujeres,Con discapacidad,Veracruz,60+,137828.0,87088830.0,22413.0,,"Censo de Población y Vivienda, cuestionario ampliado (INEGI)",Personas de 18 años o más,censo
distribucion,Población,2020,Mujeres,Con discapacidad,Yucatán,18-29,4797.0,87088830.0,823.0,,"Censo de Población y Vivienda, cuestionario ampliado (INEGI)",Personas de 18 años o más,censo
distribucion,Población,2020,Mujeres,Con discapacidad,Yucatán,30-44,6343.0,87088830.0,1272.0,,"Censo de Población y Vivienda, cuestionario ampliado (INEGI)",Personas de 18 años o más,censo
distribucion,Población,2020,Mujeres,Con discapacidad,Yucatán,45-59,13921.0,87088830.0,2733.0,,"Censo de Población y Vivienda, cuestionario ampliado (INEGI)",Personas de 18 años o más,censo
distribucion,Población,2020,Mujeres,Con discapacidad,Yucatán,60+,37588.0,87088830.0,7493.0,,"Censo de Población y Vivienda, cuestionario ampliado (INEGI)",Personas de 18 años o más,censo
distribucion,Población,2020,Mujeres,Con discapacidad,Zacatecas,18-29,3326.0,87088830.0,621.0,,"Censo de Población y Vivienda, cuestionario ampliado (INEGI)",Personas de 18 años o más,censo
distribucion,Población,2020,Mujeres,Con discapacidad,Zacatecas,30-44,4141.0,87088830.0,813.0,,"Censo de Población y Vivienda, cuestionario ampliado (INEGI)",Personas de 18 años o más,censo
distribucion,Población,2020,Mujeres,Con discapacidad,Zacatecas,45-59,9235.0,87088830.0,1705.0,,"Censo de Población y Vivienda, cuestionario ampliado (INEGI)",Personas de 18 años o más,censo
distribucion,Población,2020,Mujeres,Con discapacidad,Zacatecas,60+,26281.0,87088830.0,5519.0,,"Censo de Población y Vivienda, cuestionario ampliado (INEGI)",Personas de 18 años o más,censo
distribucion,Población,2020,Mujeres,Sin discapacidad,Aguascalientes,18-29,148529.0,87088830.0,10020.0,,"Censo de Población y Vivienda, cuestionario ampliado (INEGI)",Personas de 18 años o más,censo
distribucion,Población,2020,Mujeres,Sin discapacidad,Aguascalientes,30-44,151515.0,87088830.0,9930.0,,"Censo de Población y Vivienda, cuestionario ampliado (INEGI)",Personas de 18 años o más,censo
distribucion,Población,2020,Mujeres,Sin discapacidad,Aguascalientes,45-59,104648.0,87088830.0,6446.0,,"Censo de Población y Vivienda, cuestionario ampliado (INEGI)",Personas de 18 años o más,censo
distribucion,Población,2020,Mujeres,Sin discapacidad,Aguascalientes,60+,58539.0,87088830.0,3575.0,,"Censo de Población y Vivienda, cuestionario ampliado (INEGI)",Personas de 18 años o más,censo
distribucion,Población,2020,Mujeres,Sin discapacidad,Baja California,18-29,380241.0,87088830.0,7956.0,,"Censo de Población y Vivienda, cuestionario ampliado (INEGI)",Personas de 18 años o más,censo
distribucion,Población,2020,Mujeres,Sin discapacidad,Baja California,30-44,421916.0,87088830.0,8677.0,,"Censo de Población y Vivienda, cuestionario ampliado (INEGI)",Personas de 18 años o más,censo
distribucion,Población,2020,Mujeres,Sin discapacidad,Baja California,45-59,289274.0,87088830.0,6166.0,,"Censo de Población y Vivienda, cuestionario ampliado (INEGI)",Personas de 18 años o más,censo
distribucion,Población,2020,Mujeres,Sin discapacidad,Baja California,60+,153857.0,87088830.0,3423.0,,"Censo de Población y Vivienda, cuestionario ampliado (INEGI)",Personas de 18 años o más,censo
distribucion,Población,2020,Mujeres,Sin discapacidad,Baja California Sur,18-29,77468.0,87088830.0,4312.0,,"Censo de Población y Vivienda, cuestionario ampliado (INEGI)",Personas de 18 años o más,censo
distribucion,Población,2020,Mujeres,Sin discapacidad,Baja California Sur,30-44,93087.0,87088830.0,5324.0,,"Censo de Población y Vivienda, cuestionario ampliado (INEGI)",Personas de 18 años o más,censo
distribucion,Población,2020,Mujeres,Sin discapacidad,Baja California Sur,45-59,60352.0,87088830.0,3628.0,,"Censo de Población y Vivienda, cuestionario ampliado (INEGI)",Personas de 18 años o más,censo
distribucion,Población,2020,Mujeres,Sin discapacidad,Baja California Sur,60+,30683.0,87088830.0,1958.0,,"Censo de Población y Vivienda, cuestionario ampliado (INEGI)",Personas de 18 años o más,censo
distribucion,Población,2020,Mujeres,Sin discapacidad,Campeche,18-29,88174.0,87088830.0,8013.0,,"Censo de Población y Vivienda, cuestionario ampliado (INEGI)",Personas de 18 años o más,censo
distribucion,Población,2020,Mujeres,Sin discapacidad,Campeche,30-44,104631.0,87088830.0,9321.0,,"Censo de Población y Vivienda, cuestionario ampliado (INEGI)",Personas de 18 años o más,censo
distribucion,Población,2020,Mujeres,Sin discapacidad,Campeche,45-59,72172.0,87088830.0,6137.0,,"Censo de Población y Vivienda, cuestionario ampliado (INEGI)",Personas de 18 años o más,censo
distribucion,Población,2020,Mujeres,Sin discapacidad,Campeche,60+,38031.0,87088830.0,3404.0,,"Censo de Población y Vivienda, cuestionario ampliado (INEGI)",Personas de 18 años o más,censo
distribucion,Población,2020,Mujeres,Sin discapacidad,Chiapas,18-29,566105.0,87088830.0,130795.0,,"Censo de Población y Vivienda, cuestionario ampliado (INEGI)",Personas de 18 años o más,censo
distribucion,Población,2020,Mujeres,Sin discapacidad,Chiapas,30-44,565343.0,87088830.0,121922.0,,"Censo de Población y Vivienda, cuestionario ampliado (INEGI)",Personas de 18 años o más,censo
distribucion,Población,2020,Mujeres,Sin discapacidad,Chiapas,45-59,357341.0,87088830.0,71248.0,,"Censo de Población y Vivienda, cuestionario ampliado (INEGI)",Personas de 18 años o más,censo
distribucion,Población,2020,Mujeres,Sin discapacidad,Chiapas,60+,200785.0,87088830.0,40622.0,,"Censo de Población y Vivienda, cuestionario ampliado (INEGI)",Personas de 18 años o más,censo
distribucion,Población,2020,Mujeres,Sin discapacidad,Chihuahua,18-29,366014.0,87088830.0,27423.0,,"Censo de Población y Vivienda, cuestionario ampliado (INEGI)",Personas de 18 años o más,censo
distribucion,Población,2020,Mujeres,Sin discapacidad,Chihuahua,30-44,391083.0,87088830.0,29809.0,,"Censo de Población y Vivienda, cuestionario ampliado (INEGI)",Personas de 18 años o más,censo
distribucion,Población,2020,Mujeres,Sin discapacidad,Chihuahua,45-59,303690.0,87088830.0,23809.0,,"Censo de Población y Vivienda, cuestionario ampliado (INEGI)",Personas de 18 años o más,censo
distribucion,Población,2020,Mujeres,Sin discapacidad,Chihuahua,60+,173136.0,87088830.0,16871.0,,"Censo de Población y Vivienda, cuestionario ampliado (INEGI)",Personas de 18 años o más,censo
distribucion,Población,2020,Mujeres,Sin discapacidad,Ciudad de México,18-29,847934.0,87088830.0,25792.0,,"Censo de Población y Vivienda, cuestionario ampliado (INEGI)",Personas de 18 años o más,censo
distribucion,Población,2020,Mujeres,Sin discapacidad,Ciudad de México,30-44,1060657.0,87088830.0,31915.0,,"Censo de Población y Vivienda, cuestionario ampliado (INEGI)",Personas de 18 años o más,censo
distribucion,Población,2020,Mujeres,Sin discapacidad,Ciudad de México,45-59,918162.0,87088830.0,27482.0,,"Censo de Población y Vivienda, cuestionario ampliado (INEGI)",Personas de 18 años o más,censo
distribucion,Población,2020,Mujeres,Sin discapacidad,Ciudad de México,60+,696301.0,87088830.0,20368.0,,"Censo de Población y Vivienda, cuestionario ampliado (INEGI)",Personas de 18 años o más,censo
distribucion,Población,2020,Mujeres,Sin discapacidad,Coahuila,18-29,302274.0,87088830.0,20494.0,,"Censo de Población y Vivienda, cuestionario ampliado (INEGI)",Personas de 18 años o más,censo
distribucion,Población,2020,Mujeres,Sin discapacidad,Coahuila,30-44,322269.0,87088830.0,21777.0,,"Censo de Población y Vivienda, cuestionario ampliado (INEGI)",Personas de 18 años o más,censo
distribucion,Población,2020,Mujeres,Sin discapacidad,Coahuila,45-59,257675.0,87088830.0,17778.0,,"Censo de Población y Vivienda, cuestionario ampliado (INEGI)",Personas de 18 años o más,censo
distribucion,Población,2020,Mujeres,Sin discapacidad,Coahuila,60+,155171.0,87088830.0,10744.0,,"Censo de Población y Vivienda, cuestionario ampliado (INEGI)",Personas de 18 años o más,censo
distribucion,Población,2020,Mujeres,Sin discapacidad,Colima,18-29,70081.0,87088830.0,5685.0,,"Censo de Población y Vivienda, cuestionario ampliado (INEGI)",Personas de 18 años o más,censo
distribucion,Población,2020,Mujeres,Sin discapacidad,Colima,30-44,82602.0,87088830.0,6517.0,,"Censo de Población y Vivienda, cuestionario ampliado (INEGI)",Personas de 18 años o más,censo
distribucion,Población,2020,Mujeres,Sin discapacidad,Colima,45-59,58378.0,87088830.0,4769.0,,"Censo de Población y Vivienda, cuestionario ampliado (INEGI)",Personas de 18 años o más,censo
distribucion,Población,2020,Mujeres,Sin discapacidad,Colima,60+,36430.0,87088830.0,3103.0,,"Censo de Población y Vivienda, cuestionario ampliado (INEGI)",Personas de 18 años o más,censo
distribucion,Población,2020,Mujeres,Sin discapacidad,Durango,18-29,178761.0,87088830.0,23501.0,,"Censo de Población y Vivienda, cuestionario ampliado (INEGI)",Personas de 18 años o más,censo
distribucion,Población,2020,Mujeres,Sin discapacidad,Durango,30-44,180395.0,87088830.0,23451.0,,"Censo de Población y Vivienda, cuestionario ampliado (INEGI)",Personas de 18 años o más,censo
distribucion,Población,2020,Mujeres,Sin discapacidad,Durango,45-59,140201.0,87088830.0,17095.0,,"Censo de Población y Vivienda, cuestionario ampliado (INEGI)",Personas de 18 años o más,censo
distribucion,Población,2020,Mujeres,Sin discapacidad,Durango,60+,78709.0,87088830.0,11007.0,,"Censo de Población y Vivienda, cuestionario ampliado (INEGI)",Personas de 18 años o más,censo
distribucion,Población,2020,Mujeres,Sin discapacidad,Guanajuato,18-29,635020.0,87088830.0,42759.0,,"Censo de Población y Vivienda, cuestionario ampliado (INEGI)",Personas de 18 años o más,censo
distribucion,Población,2020,Mujeres,Sin discapacidad,Guanajuato,30-44,664978.0,87088830.0,45431.0,,"Censo de Población y Vivienda, cuestionario ampliado (INEGI)",Personas de 18 años o más,censo
distribucion,Población,2020,Mujeres,Sin discapacidad,Guanajuato,45-59,465486.0,87088830.0,31850.0,,"Censo de Población y Vivienda, cuestionario ampliado (INEGI)",Personas de 18 años o más,censo
distribucion,Población,2020,Mujeres,Sin discapacidad,Guanajuato,60+,274087.0,87088830.0,20073.0,,"Censo de Población y Vivienda, cuestionario ampliado (INEGI)",Personas de 18 años o más,censo
distribucion,Población,2020,Mujeres,Sin discapacidad,Guerrero,18-29,344099.0,87088830.0,71786.0,,"Censo de Población y Vivienda, cuestionario ampliado (INEGI)",Personas de 18 años o más,censo
distribucion,Población,2020,Mujeres,Sin discapacidad,Guerrero,30-44,350035.0,87088830.0,66333.0,,"Censo de Población y Vivienda, cuestionario ampliado (INEGI)",Personas de 18 años o más,censo
distribucion,Población,2020,Mujeres,Sin discapacidad,Guerrero,45-59,253549.0,87088830.0,46296.0,,"Censo de Población y Vivienda, cuestionario ampliado (INEGI)",Personas de 18 años o más,censo
distribucion,Población,2020,Mujeres,Sin discapacidad,Guerrero,60+,172210.0,87088830.0,33562.0,,"Censo de Población y Vivienda, cuestionario ampliado (INEGI)",Personas de 18 años o más,censo
distribucion,Población,2020,Mujeres,Sin discapacidad,Hidalgo,18-29,289535.0,87088830.0,46357.0,,"Censo de Población y Vivienda, cuestionario ampliado (INEGI)",Personas de 18 años o más,censo
distribucion,Población,2020,Mujeres,Sin discapacidad,Hidalgo,30-44,342027.0,87088830.0,53892.0,,"Censo de Población y Vivienda, cuestionario ampliado (INEGI)",Personas de 18 años o más,censo
distribucion,Población,2020,Mujeres,Sin discapacidad,Hidalgo,45-59,254170.0,87088830.0,40403.0,,"Censo de Población y Vivienda, cuestionario ampliado (INEGI)",Personas de 18 años o más,censo
distribucion,Población,2020,Mujeres,Sin discapacidad,Hidalgo,60+,161056.0,87088830.0,27614.0,,"Censo de Población y Vivienda, cuestionario ampliado (INEGI)",Personas de 18 años o más,censo
distribucion,Población,2020,Mujeres,Sin discapacidad,Jalisco,18-29,829119.0,87088830.0,72988.0,,"Censo de Población y Vivienda, cuestionario ampliado (INEGI)",Personas de 18 años o más,censo
distribucion,Población,2020,Mujeres,Sin discapacidad,Jalisco,30-44,894798.0,87088830.0,80353.0,,"Censo de Población y Vivienda, cuestionario ampliado (INEGI)",Personas de 18 años o más,censo
distribucion,Población,2020,Mujeres,Sin discapacidad,Jalisco,45-59,649020.0,87088830.0,57235.0,,"Censo de Población y Vivienda, cuestionario ampliado (INEGI)",Personas de 18 años o más,censo
distribucion,Población,2020,Mujeres,Sin discapacidad,Jalisco,60+,429626.0,87088830.0,40956.0,,"Censo de Población y Vivienda, cuestionario ampliado (INEGI)",Personas de 18 años o más,censo
distribucion,Población,2020,Mujeres,Sin discapacidad,Michoacán,18-29,462779.0,87088830.0,67365.0,,"Censo de Población y Vivienda, cuestionario ampliado (INEGI)",Personas de 18 años o más,censo
distribucion,Población,2020,Mujeres,Sin discapacidad,Michoacán,30-44,483129.0,87088830.0,70461.0,,"Censo de Población y Vivienda, cuestionario ampliado (INEGI)",Personas de 18 años o más,censo
distribucion,Población,2020,Mujeres,Sin discapacidad,Michoacán,45-59,362357.0,87088830.0,51154.0,,"Censo de Población y Vivienda, cuestionario ampliado (INEGI)",Personas de 18 años o más,censo
distribucion,Población,2020,Mujeres,Sin discapacidad,Michoacán,60+,249815.0,87088830.0,38048.0,,"Censo de Población y Vivienda, cuestionario ampliado (INEGI)",Personas de 18 años o más,censo
distribucion,Población,2020,Mujeres,Sin discapacidad,Morelos,18-29,190255.0,87088830.0,23506.0,,"Censo de Población y Vivienda, cuestionario ampliado (INEGI)",Personas de 18 años o más,censo
distribucion,Población,2020,Mujeres,Sin discapacidad,Morelos,30-44,210539.0,87088830.0,25477.0,,"Censo de Población y Vivienda, cuestionario ampliado (INEGI)",Personas de 18 años o más,censo
distribucion,Población,2020,Mujeres,Sin discapacidad,Morelos,45-59,171132.0,87088830.0,19660.0,,"Censo de Población y Vivienda, cuestionario ampliado (INEGI)",Personas de 18 años o más,censo
distribucion,Población,2020,Mujeres,Sin discapacidad,Morelos,60+,110259.0,87088830.0,12691.0,,"Censo de Población y Vivienda, cuestionario ampliado (INEGI)",Personas de 18 años o más,censo
distribucion,Población,2020,Mujeres,Sin discapacidad,México,18-29,1674305.0,87088830.0,122448.0,,"Censo de Población y Vivienda, cuestionario ampliado (INEGI)",Personas de 18 años o más,censo
distribucion,Población,2020,Mujeres,Sin discapacidad,México,30-44,1891708.0,87088830.0,136071.0,,"Censo de Población y Vivienda, cuestionario ampliado (INEGI)",Personas de 18 años o más,censo
distribucion,Población,2020,Mujeres,Sin discapacidad,México,45-59,1483753.0,87088830.0,99581.0,,"Censo de Población y Vivienda, cuestionario ampliado (INEGI)",Personas de 18 años o más,censo
distribucion,Población,2020,Mujeres,Sin discapacidad,México,60+,861180.0,87088830.0,56534.0,,"Censo de Población y Vivienda, cuestionario ampliado (INEGI)",Personas de 18 años o más,censo
distribucion,Población,2020,Mujeres,Sin discapacidad,Nayarit,18-29,113136.0,87088830.0,16758.0,,"Censo de Población y Vivienda, cuestionario ampliado (INEGI)",Personas de 18 años o más,censo
distribucion,Población,2020,Mujeres,Sin discapacidad,Nayarit,30-44,127083.0,87088830.0,17084.0,,"Censo de Población y Vivienda, cuestionario ampliado (INEGI)",Personas de 18 años o más,censo
distribucion,Población,2020,Mujeres,Sin discapacidad,Nayarit,45-59,94032.0,87088830.0,12231.0,,"Censo de Población y Vivienda, cuestionario ampliado (INEGI)",Personas de 18 años o más,censo
distribucion,Población,2020,Mujeres,Sin discapacidad,Nayarit,60+,61247.0,87088830.0,8311.0,,"Censo de Población y Vivienda, cuestionario ampliado (INEGI)",Personas de 18 años o más,censo
distribucion,Población,2020,Mujeres,Sin discapacidad,Nuevo León,18-29,568850.0,87088830.0,32051.0,,"Censo de Población y Vivienda, cuestionario ampliado (INEGI)",Personas de 18 años o más,censo
distribucion,Población,2020,Mujeres,Sin discapacidad,Nuevo León,30-44,620273.0,87088830.0,35315.0,,"Censo de Población y Vivienda, cuestionario ampliado (INEGI)",Personas de 18 años o más,censo
distribucion,Población,2020,Mujeres,Sin discapacidad,Nuevo León,45-59,480091.0,87088830.0,26196.0,,"Censo de Población y Vivienda, cuestionario ampliado (INEGI)",Personas de 18 años o más,censo
distribucion,Población,2020,Mujeres,Sin discapacidad,Nuevo León,60+,305822.0,87088830.0,17081.0,,"Censo de Población y Vivienda, cuestionario ampliado (INEGI)",Personas de 18 años o más,censo
distribucion,Población,2020,Mujeres,Sin discapacidad,Oaxaca,18-29,383596.0,87088830.0,177455.0,,"Censo de Población y Vivienda, cuestionario ampliado (INEGI)",Personas de 18 años o más,censo
distribucion,Población,2020,Mujeres,Sin discapacidad,Oaxaca,30-44,431140.0,87088830.0,190347.0,,"Censo de Población y Vivienda, cuestionario ampliado (INEGI)",Personas de 18 años o más,censo
distribucion,Población,2020,Mujeres,Sin discapacidad,Oaxaca,45-59,310221.0,87088830.0,136980.0,,"Censo de Población y Vivienda, cuestionario ampliado (INEGI)",Personas de 18 años o más,censo
distribucion,Población,2020,Mujeres,Sin discapacidad,Oaxaca,60+,219695.0,87088830.0,106277.0,,"Censo de Población y Vivienda, cuestionario ampliado (INEGI)",Personas de 18 años o más,censo
distribucion,Población,2020,Mujeres,Sin discapacidad,Puebla,18-29,665445.0,87088830.0,125980.0,,"Censo de Población y Vivienda, cuestionario ampliado (INEGI)",Personas de 18 años o más,censo
distribucion,Población,2020,Mujeres,Sin discapacidad,Puebla,30-44,714262.0,87088830.0,129599.0,,"Censo de Población y Vivienda, cuestionario ampliado (INEGI)",Personas de 18 años o más,censo
distribucion,Población,2020,Mujeres,Sin discapacidad,Puebla,45-59,497146.0,87088830.0,89295.0,,"Censo de Población y Vivienda, cuestionario ampliado (INEGI)",Personas de 18 años o más,censo
distribucion,Población,2020,Mujeres,Sin discapacidad,Puebla,60+,323441.0,87088830.0,63791.0,,"Censo de Población y Vivienda, cuestionario ampliado (INEGI)",Personas de 18 años o más,censo
distribucion,Población,2020,Mujeres,Sin discapacidad,Querétaro,18-29,244730.0,87088830.0,15199.0,,"Censo de Población y Vivienda, cuestionario ampliado (INEGI)",Personas de 18 años o más,censo
distribucion,Población,2020,Mujeres,Sin discapacidad,Querétaro,30-44,277018.0,87088830.0,16412.0,,"Censo de Población y Vivienda, cuestionario ampliado (INEGI)",Personas de 18 años o más,censo
distribucion,Población,2020,Mujeres,Sin discapacidad,Querétaro,45-59,187669.0,87088830.0,10809.0,,"Censo de Población y Vivienda, cuestionario ampliado (INEGI)",Personas de 18 años o más,censo
distribucion,Población,2020,Mujeres,Sin discapacidad,Querétaro,60+,110060.0,87088830.0,6542.0,,"Censo de Población y Vivienda, cuestionario ampliado (INEGI)",Personas de 18 años o más,censo
distribucion,Población,2020,Mujeres,Sin discapacidad,Quintana Roo,18-29,196174.0,87088830.0,8042.0,,"Censo de Población y Vivienda, cuestionario ampliado (INEGI)",Personas de 18 años o más,censo
distribucion,Población,2020,Mujeres,Sin discapacidad,Quintana Roo,30-44,234187.0,87088830.0,9168.0,,"Censo de Población y Vivienda, cuestionario ampliado (INEGI)",Personas de 18 años o más,censo
distribucion,Población,2020,Mujeres,Sin discapacidad,Quintana Roo,45-59,129316.0,87088830.0,5238.0,,"Censo de Población y Vivienda, cuestionario ampliado (INEGI)",Personas de 18 años o más,censo
distribucion,Población,2020,Mujeres,Sin discapacidad,Quintana Roo,60+,59105.0,87088830.0,2639.0,,"Censo de Población y Vivienda, cuestionario ampliado (INEGI)",Personas de 18 años o más,censo
distribucion,Población,2020,Mujeres,Sin discapacidad,San Luis Potosí,18-29,275011.0,87088830.0,33609.0,,"Censo de Población y Vivienda, cuestionario ampliado (INEGI)",Personas de 18 años o más,censo
distribucion,Población,2020,Mujeres,Sin discapacidad,San Luis Potosí,30-44,299113.0,87088830.0,35499.0,,"Censo de Población y Vivienda, cuestionario ampliado (INEGI)",Personas de 18 años o más,censo
distribucion,Población,2020,Mujeres,Sin discapacidad,San Luis Potosí,45-59,218280.0,87088830.0,26035.0,,"Censo de Población y Vivienda, cuestionario ampliado (INEGI)",Personas de 18 años o más,censo
distribucion,Población,2020,Mujeres,Sin discapacidad,San Luis Potosí,60+,151915.0,87088830.0,19939.0,,"Censo de Población y Vivienda, cuestionario ampliado (INEGI)",Personas de 18 años o más,censo
distribucion,Población,2020,Mujeres,Sin discapacidad,Sinaloa,18-29,294581.0,87088830.0,15396.0,,"Censo de Población y Vivienda, cuestionario ampliado (INEGI)",Personas de 18 años o más,censo
distribucion,Población,2020,Mujeres,Sin discapacidad,Sinaloa,30-44,305464.0,87088830.0,16202.0,,"Censo de Población y Vivienda, cuestionario ampliado (INEGI)",Personas de 18 años o más,censo
distribucion,Población,2020,Mujeres,Sin discapacidad,Sinaloa,45-59,246117.0,87088830.0,13186.0,,"Censo de Población y Vivienda, cuestionario ampliado (INEGI)",Personas de 18 años o más,censo
distribucion,Población,2020,Mujeres,Sin discapacidad,Sinaloa,60+,161780.0,87088830.0,9191.0,,"Censo de Población y Vivienda, cuestionario ampliado (INEGI)",Personas de 18 años o más,censo
distribucion,Población,2020,Mujeres,Sin discapacidad,Sonora,18-29,278940.0,87088830.0,22531.0,,"Censo de Población y Vivienda, cuestionario ampliado (INEGI)",Personas de 18 años o más,censo
distribucion,Población,2020,Mujeres,Sin discapacidad,Sonora,30-44,304757.0,87088830.0,25406.0,,"Censo de Población y Vivienda, cuestionario ampliado (INEGI)",Personas de 18 años o más,censo
distribucion,Población,2020,Mujeres,Sin discapacidad,Sonora,45-59,236775.0,87088830.0,20952.0,,"Censo de Población y Vivienda, cuestionario ampliado (INEGI)",Personas de 18 años o más,censo
distribucion,Población,2020,Mujeres,Sin discapacidad,Sonora,60+,152176.0,87088830.0,14520.0,,"Censo de Población y Vivienda, cuestionario ampliado (INEGI)",Personas de 18 años o más,censo
distribucion,Población,2020,Mujeres,Sin discapacidad,Tabasco,18-29,226678.0,87088830.0,14622.0,,"Censo de Población y Vivienda, cuestionario ampliado (INEGI)",Personas de 18 años o más,censo
distribucion,Población,2020,Mujeres,Sin discapacidad,Tabasco,30-44,272786.0,87088830.0,17671.0,,"Censo de Población y Vivienda, cuestionario ampliado (INEGI)",Personas de 18 años o más,censo
distribucion,Población,2020,Mujeres,Sin discapacidad,Tabasco,45-59,184270.0,87088830.0,12452.0,,"Censo de Población y Vivienda, cuestionario ampliado (INEGI)",Personas de 18 años o más,censo
distribucion,Población,2020,Mujeres,Sin discapacidad,Tabasco,60+,97448.0,87088830.0,6769.0,,"Censo de Población y Vivienda, cuestionario ampliado (INEGI)",Personas de 18 años o más,censo
distribucion,Población,2020,Mujeres,Sin discapacidad,Tamaulipas,18-29,333809.0,87088830.0,21456.0,,"Censo de Población y Vivienda, cuestionario ampliado (INEGI)",Personas de 18 años o más,censo
distribucion,Población,2020,Mujeres,Sin discapacidad,Tamaulipas,30-44,378378.0,87088830.0,25376.0,,"Censo de Población y Vivienda, cuestionario ampliado (INEGI)",Personas de 18 años o más,censo
distribucion,Población,2020,Mujeres,Sin discapacidad,Tamaulipas,45-59,300628.0,87088830.0,20909.0,,"Censo de Población y Vivienda, cuestionario ampliado (INEGI)",Personas de 18 años o más,censo
distribucion,Población,2020,Mujeres,Sin discapacidad,Tamaulipas,60+,180218.0,87088830.0,14706.0,,"Censo de Población y Vivienda, cuestionario ampliado (INEGI)",Personas de 18 años o más,censo
distribucion,Población,2020,Mujeres,Sin discapacidad,Tlaxcala,18-29,133782.0,87088830.0,34913.0,,"Censo de Población y Vivienda, cuestionario ampliado (INEGI)",Personas de 18 años o más,censo
distribucion,Población,2020,Mujeres,Sin discapacidad,Tlaxcala,30-44,149130.0,87088830.0,37836.0,,"Censo de Población y Vivienda, cuestionario ampliado (INEGI)",Personas de 18 años o más,censo
distribucion,Población,2020,Mujeres,Sin discapacidad,Tlaxcala,45-59,108938.0,87088830.0,27485.0,,"Censo de Población y Vivienda, cuestionario ampliado (INEGI)",Personas de 18 años o más,censo
distribucion,Población,2020,Mujeres,Sin discapacidad,Tlaxcala,60+,63747.0,87088830.0,16782.0,,"Censo de Población y Vivienda, cuestionario ampliado (INEGI)",Personas de 18 años o más,censo
distribucion,Población,2020,Mujeres,Sin discapacidad,Veracruz,18-29,735320.0,87088830.0,130536.0,,"Censo de Población y Vivienda, cuestionario ampliado (INEGI)",Personas de 18 años o más,censo
distribucion,Población,2020,Mujeres,Sin discapacidad,Veracruz,30-44,867965.0,87088830.0,146063.0,,"Censo de Población y Vivienda, cuestionario ampliado (INEGI)",Personas de 18 años o más,censo
distribucion,Población,2020,Mujeres,Sin discapacidad,Veracruz,45-59,703752.0,87088830.0,110609.0,,"Censo de Población y Vivienda, cuestionario ampliado (INEGI)",Personas de 18 años o más,censo
distribucion,Población,2020,Mujeres,Sin discapacidad,Veracruz,60+,482486.0,87088830.0,74996.0,,"Censo de Población y Vivienda, cuestionario ampliado (INEGI)",Personas de 18 años o más,censo
distribucion,Población,2020,Mujeres,Sin discapacidad,Yucatán,18-29,228835.0,87088830.0,46012.0,,"Censo de Población y Vivienda, cuestionario ampliado (INEGI)",Personas de 18 años o más,censo
distribucion,Población,2020,Mujeres,Sin discapacidad,Yucatán,30-44,256066.0,87088830.0,50643.0,,"Censo de Población y Vivienda, cuestionario ampliado (INEGI)",Personas de 18 años o más,censo
distribucion,Población,2020,Mujeres,Sin discapacidad,Yucatán,45-59,183082.0,87088830.0,32898.0,,"Censo de Población y Vivienda, cuestionario ampliado (INEGI)",Personas de 18 años o más,censo
distribucion,Población,2020,Mujeres,Sin discapacidad,Yucatán,60+,115363.0,87088830.0,21240.0,,"Censo de Población y Vivienda, cuestionario ampliado (INEGI)",Personas de 18 años o más,censo
distribucion,Población,2020,Mujeres,Sin discapacidad,Zacatecas,18-29,153050.0,87088830.0,26401.0,,"Censo de Población y Vivienda, cuestionario ampliado (INEGI)",Personas de 18 años o más,censo
distribucion,Población,2020,Mujeres,Sin discapacidad,Zacatecas,30-44,168926.0,87088830.0,29217.0,,"Censo de Población y Vivienda, cuestionario ampliado (INEGI)",Personas de 18 años o más,censo
distribucion,Población,2020,Mujeres,Sin discapacidad,Zacatecas,45-59,120789.0,87088830.0,21539.0,,"Censo de Población y Vivienda, cuestionario ampliado (INEGI)",Personas de 18 años o más,censo
distribucion,Población,2020,Mujeres,Sin discapacidad,Zacatecas,60+,74099.0,87088830.0,15246.0,,"Censo de Población y Vivienda, cuestionario ampliado (INEGI)",Personas de 18 años o más,censo
distribucion,Prevalencia de discapacidad,2020,Hombres,Total,Aguascalientes,18-29,3461.0,143530.0,9762.0,,"Censo de Población y Vivienda, cuestionario ampliado (INEGI)",Personas de 18 años o más,censo
distribucion,Prevalencia de discapacidad,2020,Hombres,Total,Aguascalientes,30-44,5243.0,143150.0,9162.0,,"Censo de Población y Vivienda, cuestionario ampliado (INEGI)",Personas de 18 años o más,censo
distribucion,Prevalencia de discapacidad,2020,Hombres,Total,Aguascalientes,45-59,6333.0,101163.0,6413.0,,"Censo de Población y Vivienda, cuestionario ampliado (INEGI)",Personas de 18 años o más,censo
distribucion,Prevalencia de discapacidad,2020,Hombres,Total,Aguascalientes,60+,13270.0,65148.0,4324.0,,"Censo de Población y Vivienda, cuestionario ampliado (INEGI)",Personas de 18 años o más,censo
distribucion,Prevalencia de discapacidad,2020,Hombres,Total,Baja California,18-29,8010.0,407724.0,8482.0,,"Censo de Población y Vivienda, cuestionario ampliado (INEGI)",Personas de 18 años o más,censo
distribucion,Prevalencia de discapacidad,2020,Hombres,Total,Baja California,30-44,9875.0,428963.0,8678.0,,"Censo de Población y Vivienda, cuestionario ampliado (INEGI)",Personas de 18 años o más,censo
distribucion,Prevalencia de discapacidad,2020,Hombres,Total,Baja California,45-59,15222.0,327409.0,6881.0,,"Censo de Población y Vivienda, cuestionario ampliado (INEGI)",Personas de 18 años o más,censo
distribucion,Prevalencia de discapacidad,2020,Hombres,Total,Baja California,60+,29937.0,170085.0,3822.0,,"Censo de Población y Vivienda, cuestionario ampliado (INEGI)",Personas de 18 años o más,censo
distribucion,Prevalencia de discapacidad,2020,Hombres,Total,Baja California Sur,18-29,1233.0,78813.0,4458.0,,"Censo de Población y Vivienda, cuestionario ampliado (INEGI)",Personas de 18 años o más,censo
distribucion,Prevalencia de discapacidad,2020,Hombres,Total,Baja California Sur,30-44,1996.0,98496.0,5478.0,,"Censo de Población y Vivienda, cuestionario ampliado (INEGI)",Personas de 18 años o más,censo
distribucion,Prevalencia de discapacidad,2020,Hombres,Total,Baja California Sur,45-59,3105.0,63709.0,3892.0,,"Censo de Población y Vivienda, cuestionario ampliado (INEGI)",Personas de 18 años o más,censo
distribucion,Prevalencia de discapacidad,2020,Hombres,Total,Baja California Sur,60+,6334.0,35854.0,2315.0,,"Censo de Población y Vivienda, cuestionario ampliado (INEGI)",Personas de 18 años o más,censo
distribucion,Prevalencia de discapacidad,2020,Hombres,Total,Campeche,18-29,2019.0,87878.0,8026.0,,"Censo de Población y Vivienda, cuestionario ampliado (INEGI)",Personas de 18 años o más,censo
distribucion,Prevalencia de discapacidad,2020,Hombres,Total,Campeche,30-44,2332.0,98272.0,8782.0,,"Censo de Población y Vivienda, cuestionario ampliado (INEGI)",Personas de 18 años o más,censo
distribucion,Prevalencia de discapacidad,2020,Hombres,Total,Campeche,45-59,4824.0,74448.0,6401.0,,"Censo de Población y Vivienda, cuestionario ampliado (INEGI)",Personas de 18 años o más,censo
distribucion,Prevalencia de discapacidad,2020,Hombres,Total,Campeche,60+,11431.0,49117.0,4670.0,,"Censo de Población y Vivienda, cuestionario ampliado (INEGI)",Personas de 18 años o más,censo
distribucion,Prevalencia de discapacidad,2020,Hombres,Total,Chiapas,18-29,8941.0,523766.0,119425.0,,"Censo de Población y Vivienda, cuestionario ampliado (INEGI)",Personas de 18 años o más,censo
distribucion,Prevalencia de discapacidad,2020,Hombres,Total,Chiapas,30-44,11129.0,509161.0,109755.0,,"Censo de Población y Vivienda, cuestionario ampliado (INEGI)",Personas de 18 años o más,censo
distribucion,Prevalencia de discapacidad,2020,Hombres,Total,Chiapas,45-59,17642.0,343938.0,69544.0,,"Censo de Población y Vivienda, cuestionario ampliado (INEGI)",Personas de 18 años o más,censo
distribucion,Prevalencia de discapacidad,2020,Hombres,Total,Chiapas,60+,49681.0,248055.0,50734.0,,"Censo de Población y Vivienda, cuestionario ampliado (INEGI)",Personas de 18 años o más,censo
distribucion,Prevalencia de discapacidad,2020,Hombres,Total,Chihuahua,18-29,6278.0,370496.0,27030.0,,"Censo de Población y Vivienda, cuestionario ampliado (INEGI)",Personas de 18 años o más,censo
distribucion,Prevalencia de discapacidad,2020,Hombres,Total,Chihuahua,30-44,7379.0,382796.0,29055.0,,"Censo de Población y Vivienda, cuestionario ampliado (INEGI)",Personas de 18 años o más,censo
distribucion,Prevalencia de discapacidad,2020,Hombres,Total,Chihuahua,45-59,15419.0,310269.0,25360.0,,"Censo de Población y Vivienda, cuestionario ampliado (INEGI)",Personas de 18 años o más,censo
distribucion,Prevalencia de discapacidad,2020,Hombres,Total,Chihuahua,60+,32345.0,193149.0,21967.0,,"Censo de Población y Vivienda, cuestionario ampliado (INEGI)",Personas de 18 años o más,censo
distribucion,Prevalencia de discapacidad,2020,Hombres,Total,Ciudad de México,18-29,18282.0,855081.0,25861.0,,"Censo de Población y Vivienda, cuestionario ampliado (INEGI)",Personas de 18 años o más,censo
distribucion,Prevalencia de discapacidad,2020,Hombres,Total,Ciudad de México,30-44,22825.0,1004219.0,30220.0,,"Censo de Población y Vivienda, cuestionario ampliado (INEGI)",Personas de 18 años o más,censo
distribucion,Prevalencia de discapacidad,2020,Hombres,Total,Ciudad de México,45-59,41893.0,822249.0,24709.0,,"Censo de Población y Vivienda, cuestionario ampliado (INEGI)",Personas de 18 años o más,censo
distribucion,Prevalencia de discapacidad,2020,Hombres,Total,Ciudad de México,60+,103507.0,653881.0,19125.0,,"Censo de Población y Vivienda, cuestionario ampliado (INEGI)",Personas de 18 años o más,censo
distribucion,Prevalencia de discapacidad,2020,Hombres,Total,Coahuila,18-29,4932.0,309833.0,20786.0,,"Censo de Población y Vivienda, cuestionario ampliado (INEGI)",Personas de 18 años o más,censo
distribucion,Prevalencia de discapacidad,2020,Hombres,Total,Coahuila,30-44,7443.0,324733.0,21859.0,,"Censo de Población y Vivienda, cuestionario ampliado (INEGI)",Personas de 18 años o más,censo
distribucion,Prevalencia de discapacidad,2020,Hombres,Total,Coahuila,45-59,12133.0,254650.0,18581.0,,"Censo de Población y Vivienda, cuestionario ampliado (INEGI)",Personas de 18 años o más,censo
distribucion,Prevalencia de discapacidad,2020,Hombres,Total,Coahuila,60+,27208.0,173166.0,13488.0,,"Censo de Población y Vivienda, cuestionario ampliado (INEGI)",Personas de 18 años o más,censo
distribucion,Prevalencia de discapacidad,2020,Hombres,Total,Colima,18-29,1195.0,70083.0,5835.0,,"Censo de Población y Vivienda, cuestionario ampliado (INEGI)",Personas de 18 años o más,censo
distribucion,Prevalencia de discapacidad,2020,Hombres,Total,Colima,30-44,2026.0,79356.0,6431.0,,"Censo de Población y Vivienda, cuestionario ampliado (INEGI)",Personas de 18 años o más,censo
distribucion,Prevalencia de discapacidad,2020,Hombres,Total,Colima,45-59,3275.0,59779.0,5102.0,,"Censo de Población y Vivienda, cuestionario ampliado (INEGI)",Personas de 18 años o más,censo
distribucion,Prevalencia de discapacidad,2020,Hombres,Total,Colima,60+,8441.0,42465.0,3994.0,,"Censo de Población y Vivienda, cuestionario ampliado (INEGI)",Personas de 18 años o más,censo
distribucion,Prevalencia de discapacidad,2020,Hombres,Total,Durango,18-29,4148.0,177811.0,23060.0,,"Censo de Población y Vivienda, cuestionario ampliado (INEGI)",Personas de 18 años o más,censo
distribucion,Prevalencia de discapacidad,2020,Hombres,Total,Durango,30-44,5312.0,171019.0,22797.0,,"Censo de Población y Vivienda, cuestionario ampliado (INEGI)",Personas de 18 años o más,censo
distribucion,Prevalencia de discapacidad,2020,Hombres,Total,Durango,45-59,7987.0,135267.0,17985.0,,"Censo de Población y Vivienda, cuestionario ampliado (INEGI)",Personas de 18 años o más,censo
distribucion,Prevalencia de discapacidad,2020,Hombres,Total,Durango,60+,21066.0,96765.0,15253.0,,"Censo de Población y Vivienda, cuestionario ampliado (INEGI)",Personas de 18 años o más,censo
distribucion,Prevalencia de discapacidad,2020,Hombres,Total,Guanajuato,18-29,12356.0,619969.0,41163.0,,"Censo de Población y Vivienda, cuestionario ampliado (INEGI)",Personas de 18 años o más,censo
distribucion,Prevalencia de discapacidad,2020,Hombres,Total,Guanajuato,30-44,16482.0,607775.0,40413.0,,"Censo de Población y Vivienda, cuestionario ampliado (INEGI)",Personas de 18 años o más,censo
distribucion,Prevalencia de discapacidad,2020,Hombres,Total,Guanajuato,45-59,23789.0,435123.0,29338.0,,"Censo de Población y Vivienda, cuestionario ampliado (INEGI)",Personas de 18 años o más,censo
distribucion,Prevalencia de discapacidad,2020,Hombres,Total,Guanajuato,60+,58849.0,307448.0,22570.0,,"Censo de Población y Vivienda, cuestionario ampliado (INEGI)",Personas de 18 años o más,censo
distribucion,Prevalencia de discapacidad,2020,Hombres,Total,Guerrero,18-29,7064.0,310922.0,63086.0,,"Censo de Población y Vivienda, cuestionario ampliado (INEGI)",Personas de 18 años o más,censo
distribucion,Prevalencia de discapacidad,2020,Hombres,Total,Guerrero,30-44,10808.0,307359.0,58509.0,,"Censo de Población y Vivienda, cuestionario ampliado (INEGI)",Personas de 18 años o más,censo
distribucion,Prevalencia de discapacidad,2020,Hombres,Total,Guerrero,45-59,17388.0,240443.0,43992.0,,"Censo de Población y Vivienda, cuestionario ampliado (INEGI)",Personas de 18 años o más,censo
distribucion,Prevalencia de discapacidad,2020,Hombres,Total,Guerrero,60+,50415.0,205720.0,41072.0,,"Censo de Población y Vivienda, cuestionario ampliado (INEGI)",Personas de 18 años o más,censo
distribucion,Prevalencia de discapacidad,2020,Hombres,Total,Hidalgo,18-29,6424.0,277774.0,43866.0,,"Censo de Población y Vivienda, cuestionario ampliado (INEGI)",Personas de 18 años o más,censo
distribucion,Prevalencia de discapacidad,2020,Hombres,Total,Hidalgo,30-44,7747.0,296594.0,46542.0,,"Censo de Población y Vivienda, cuestionario ampliado (INEGI)",Personas de 18 años o más,censo
distribucion,Prevalencia de discapacidad,2020,Hombres,Total,Hidalgo,45-59,13990.0,235784.0,38172.0,,"Censo de Población y Vivienda, cuestionario ampliado (INEGI)",Personas de 18 años o más,censo
distribucion,Prevalencia de discapacidad,2020,Hombres,Total,Hidalgo,60+,36669.0,179965.0,32421.0,,"Censo de Población y Vivienda, cuestionario ampliado (INEGI)",Personas de 18 años o más,censo
distribucion,Prevalencia de discapacidad,2020,Hombres,Total,Jalisco,18-29,13492.0,815107.0,71521.0,,"Censo de Población y Vivienda, cuestionario ampliado (INEGI)",Personas de 18 años o más,censo
distribucion,Prevalencia de discapacidad,2020,Hombres,Total,Jalisco,30-44,20557.0,860567.0,75829.0,,"Censo de Población y Vivienda, cuestionario ampliado (INEGI)",Personas de 18 años o más,censo
distribucion,Prevalencia de discapacidad,2020,Hombres,Total,Jalisco,45-59,32987.0,630396.0,57241.0,,"Censo de Población y Vivienda, cuestionario ampliado (INEGI)",Personas de 18 años o más,censo
distribucion,Prevalencia de discapacidad,2020,Hombres,Total,Jalisco,60+,82156.0,456005.0,48941.0,,"Censo de Población y Vivienda, cuestionario ampliado (INEGI)",Personas de 18 años o más,censo
distribucion,Prevalencia de discapacidad,2020,Hombres,Total,Michoacán,18-29,8489.0,447706.0,64611.0,,"Censo de Población y Vivienda, cuestionario ampliado (INEGI)",Personas de 18 años o más,censo
distribucion,Prevalencia de discapacidad,2020,Hombres,Total,Michoacán,30-44,12662.0,444637.0,65227.0,,"Censo de Población y Vivienda, cuestionario ampliado (INEGI)",Personas de 18 años o más,censo
distribucion,Prevalencia de discapacidad,2020,Hombres,Total,Michoacán,45-59,20204.0,338758.0,49657.0,,"Censo de Población y Vivienda, cuestionario ampliado (INEGI)",Personas de 18 años o más,censo
distribucion,Prevalencia de discapacidad,2020,Hombres,Total,Michoacán,60+,59611.0,287320.0,45941.0,,"Censo de Población y Vivienda, cuestionario ampliado (INEGI)",Personas de 18 años o más,censo
distribucion,Prevalencia de discapacidad,2020,Hombres,Total,Morelos,18-29,3472.0,189624.0,23107.0,,"Censo de Población y Vivienda, cuestionario ampliado (INEGI)",Personas de 18 años o más,censo
distribucion,Prevalencia de discapacidad,2020,Hombres,Total,Morelos,30-44,5472.0,189514.0,23042.0,,"Censo de Población y Vivienda, cuestionario ampliado (INEGI)",Personas de 18 años o más,censo
distribucion,Prevalencia de discapacidad,2020,Hombres,Total,Morelos,45-59,9318.0,156766.0,18549.0,,"Censo de Población y Vivienda, cuestionario ampliado (INEGI)",Personas de 18 años o más,censo
distribucion,Prevalencia de discapacidad,2020,Hombres,Total,Morelos,60+,25720.0,124846.0,14971.0,,"Censo de Población y Vivienda, cuestionario ampliado (INEGI)",Personas de 18 años o más,censo
distribucion,Prevalencia de discapacidad,2020,Hombres,Total,México,18-29,32467.0,1656525.0,120031.0,,"Censo de Población y Vivienda, cuestionario ampliado (INEGI)",Personas de 18 años o más,censo
distribucion,Prevalencia de discapacidad,2020,Hombres,Total,México,30-44,42276.0,1745097.0,124487.0,,"Censo de Población y Vivienda, cuestionario ampliado (INEGI)",Personas de 18 años o más,censo
distribucion,Prevalencia de discapacidad,2020,Hombres,Total,México,45-59,69088.0,1385210.0,94275.0,,"Censo de Población y Vivienda, cuestionario ampliado (INEGI)",Personas de 18 años o más,censo
distribucion,Prevalencia de discapacidad,2020,Hombres,Total,México,60+,140681.0,882387.0,60401.0,,"Censo de Población y Vivienda, cuestionario ampliado (INEGI)",Personas de 18 años o más,censo
distribucion,Prevalencia de discapacidad,2020,Hombres,Total,Nayarit,18-29,2943.0,112896.0,16402.0,,"Censo de Población y Vivienda, cuestionario ampliado (INEGI)",Personas de 18 años o más,censo
distribucion,Prevalencia de discapacidad,2020,Hombres,Total,Nayarit,30-44,2981.0,121104.0,16625.0,,"Censo de Población y Vivienda, cuestionario ampliado (INEGI)",Personas de 18 años o más,censo
distribucion,Prevalencia de discapacidad,2020,Hombres,Total,Nayarit,45-59,5234.0,93302.0,12697.0,,"Censo de Población y Vivienda, cuestionario ampliado (INEGI)",Personas de 18 años o más,censo
distribucion,Prevalencia de discapacidad,2020,Hombres,Total,Nayarit,60+,14896.0,75828.0,10691.0,,"Censo de Población y Vivienda, cuestionario ampliado (INEGI)",Personas de 18 años o más,censo
distribucion,Prevalencia de discapacidad,2020,Hombres,Total,Nuevo León,18-29,9098.0,603844.0,33268.0,,"Censo de Población y Vivienda, cuestionario ampliado (INEGI)",Personas de 18 años o más,censo
distribucion,Prevalencia de discapacidad,2020,Hombres,Total,Nuevo León,30-44,10415.0,639067.0,36516.0,,"Censo de Población y Vivienda, cuestionario ampliado (INEGI)",Personas de 18 años o más,censo
distribucion,Prevalencia de discapacidad,2020,Hombres,Total,Nuevo León,45-59,19101.0,489254.0,27706.0,,"Censo de Población y Vivienda, cuestionario ampliado (INEGI)",Personas de 18 años o más,censo
distribucion,Prevalencia de discapacidad,2020,Hombres,Total,Nuevo León,60+,42986.0,309975.0,19464.0,,"Censo de Población y Vivienda, cuestionario ampliado (INEGI)",Personas de 18 años o más,censo
distribucion,Prevalencia de discapacidad,2020,Hombres,Total,Oaxaca,18-29,9352.0,353696.0,160683.0,,"Censo de Población y Vivienda, cuestionario ampliado (INEGI)",Personas de 18 años o más,censo
distribucion,Prevalencia de discapacidad,2020,Hombres,Total,Oaxaca,30-44,13352.0,380130.0,169334.0,,"Censo de Población y Vivienda, cuestionario ampliado (INEGI)",Personas de 18 años o más,censo
distribucion,Prevalencia de discapacidad,2020,Hombres,Total,Oaxaca,45-59,20984.0,286369.0,130258.0,,"Censo de Población y Vivienda, cuestionario ampliado (INEGI)",Personas de 18 años o más,censo
distribucion,Prevalencia de discapacidad,2020,Hombres,Total,Oaxaca,60+,65118.0,256489.0,128124.0,,"Censo de Población y Vivienda, cuestionario ampliado (INEGI)",Personas de 18 años o más,censo
distribucion,Prevalencia de discapacidad,2020,Hombres,Total,Puebla,18-29,13898.0,645179.0,118429.0,,"Censo de Población y Vivienda, cuestionario ampliado (INEGI)",Personas de 18 años o más,censo
distribucion,Prevalencia de discapacidad,2020,Hombres,Total,Puebla,30-44,15408.0,626709.0,114808.0,,"Censo de Población y Vivienda, cuestionario ampliado (INEGI)",Personas de 18 años o más,censo
distribucion,Prevalencia de discapacidad,2020,Hombres,Total,Puebla,45-59,24320.0,454044.0,83116.0,,"Censo de Población y Vivienda, cuestionario ampliado (INEGI)",Personas de 18 años o más,censo
distribucion,Prevalencia de discapacidad,2020,Hombres,Total,Puebla,60+,65208.0,332288.0,71612.0,,"Censo de Población y Vivienda, cuestionario ampliado (INEGI)",Personas de 18 años o más,censo
distribucion,Prevalencia de discapacidad,2020,Hombres,Total,Querétaro,18-29,3711.0,246386.0,14657.0,,"Censo de Población y Vivienda, cuestionario ampliado (INEGI)",Personas de 18 años o más,censo
distribucion,Prevalencia de discapacidad,2020,Hombres,Total,Querétaro,30-44,5237.0,259999.0,14936.0,,"Censo de Población y Vivienda, cuestionario ampliado (INEGI)",Personas de 18 años o más,censo
distribucion,Prevalencia de discapacidad,2020,Hombres,Total,Querétaro,45-59,8548.0,175516.0,10229.0,,"Censo de Población y Vivienda, cuestionario ampliado (INEGI)",Personas de 18 años o más,censo
distribucion,Prevalencia de discapacidad,2020,Hombres,Total,Querétaro,60+,20519.0,115809.0,7401.0,,"Censo de Población y Vivienda, cuestionario ampliado (INEGI)",Personas de 18 años o más,censo
distribucion,Prevalencia de discapacidad,2020,Hombres,Total,Quintana Roo,18-29,3141.0,205837.0,8349.0,,"Censo de Población y Vivienda, cuestionario ampliado (INEGI)",Personas de 18 años o más,censo
distribucion,Prevalencia de discapacidad,2020,Hombres,Total,Quintana Roo,30-44,4420.0,233882.0,9245.0,,"Censo de Población y Vivienda, cuestionario ampliado (INEGI)",Personas de 18 años o más,censo
distribucion,Prevalencia de discapacidad,2020,Hombres,Total,Quintana Roo,45-59,5573.0,140638.0,5756.0,,"Censo de Población y Vivienda, cuestionario ampliado (INEGI)",Personas de 18 años o más,censo
distribucion,Prevalencia de discapacidad,2020,Hombres,Total,Quintana Roo,60+,10885.0,66610.0,3314.0,,"Censo de Población y Vivienda, cuestionario ampliado (INEGI)",Personas de 18 años o más,censo
distribucion,Prevalencia de discapacidad,2020,Hombres,Total,San Luis Potosí,18-29,4768.0,268863.0,31771.0,,"Censo de Población y Vivienda, cuestionario ampliado (INEGI)",Personas de 18 años o más,censo
distribucion,Prevalencia de discapacidad,2020,Hombres,Total,San Luis Potosí,30-44,6817.0,273984.0,32191.0,,"Censo de Población y Vivienda, cuestionario ampliado (INEGI)",Personas de 18 años o más,censo
distribucion,Prevalencia de discapacidad,2020,Hombres,Total,San Luis Potosí,45-59,11288.0,207183.0,26307.0,,"Censo de Población y Vivienda, cuestionario ampliado (INEGI)",Personas de 18 años o más,censo
distribucion,Prevalencia de discapacidad,2020,Hombres,Total,San Luis Potosí,60+,34998.0,174453.0,25778.0,,"Censo de Población y Vivienda, cuestionario ampliado (INEGI)",Personas de 18 años o más,censo
distribucion,Prevalencia de discapacidad,2020,Hombres,Total,Sinaloa,18-29,5405.0,289103.0,15338.0,,"Censo de Población y Vivienda, cuestionario ampliado (INEGI)",Personas de 18 años o más,censo
distribucion,Prevalencia de discapacidad,2020,Hombres,Total,Sinaloa,30-44,7793.0,292829.0,15894.0,,"Censo de Población y Vivienda, cuestionario ampliado (INEGI)",Personas de 18 años o más,censo
distribucion,Prevalencia de discapacidad,2020,Hombres,Total,Sinaloa,45-59,13197.0,242194.0,13509.0,,"Censo de Población y Vivienda, cuestionario ampliado (INEGI)",Personas de 18 años o más,censo
distribucion,Prevalencia de discapacidad,2020,Hombres,Total,Sinaloa,60+,35296.0,186287.0,11327.0,,"Censo de Población y Vivienda, cuestionario ampliado (INEGI)",Personas de 18 años o más,censo
distribucion,Prevalencia de discapacidad,2020,Hombres,Total,Sonora,18-29,6167.0,281468.0,23359.0,,"Censo de Población y Vivienda, cuestionario ampliado (INEGI)",Personas de 18 años o más,censo
distribucion,Prevalencia de discapacidad,2020,Hombres,Total,Sonora,30-44,7395.0,309773.0,26144.0,,"Censo de Población y Vivienda, cuestionario ampliado (INEGI)",Personas de 18 años o más,censo
distribucion,Prevalencia de discapacidad,2020,Hombres,Total,Sonora,45-59,12111.0,244352.0,22977.0,,"Censo de Población y Vivienda, cuestionario ampliado (INEGI)",Personas de 18 años o más,censo
distribucion,Prevalencia de discapacidad,2020,Hombres,Total,Sonora,60+,31569.0,170458.0,19250.0,,"Censo de Población y Vivienda, cuestionario ampliado (INEGI)",Personas de 18 años o más,censo
distribucion,Prevalencia de discapacidad,2020,Hombres,Total,Tabasco,18-29,6530.0,216982.0,14031.0,,"Censo de Población y Vivienda, cuestionario ampliado (INEGI)",Personas de 18 años o más,censo
distribucion,Prevalencia de discapacidad,2020,Hombres,Total,Tabasco,30-44,7619.0,247811.0,15914.0,,"Censo de Población y Vivienda, cuestionario ampliado (INEGI)",Personas de 18 años o más,censo
distribucion,Prevalencia de discapacidad,2020,Hombres,Total,Tabasco,45-59,13996.0,182968.0,12221.0,,"Censo de Población y Vivienda, cuestionario ampliado (INEGI)",Personas de 18 años o más,censo
distribucion,Prevalencia de discapacidad,2020,Hombres,Total,Tabasco,60+,30592.0,127135.0,8573.0,,"Censo de Población y Vivienda, cuestionario ampliado (INEGI)",Personas de 18 años o más,censo
distribucion,Prevalencia de discapacidad,2020,Hombres,Total,Tamaulipas,18-29,5668.0,340233.0,21522.0,,"Censo de Población y Vivienda, cuestionario ampliado (INEGI)",Personas de 18 años o más,censo
distribucion,Prevalencia de discapacidad,2020,Hombres,Total,Tamaulipas,30-44,7779.0,364943.0,24677.0,,"Censo de Población y Vivienda, cuestionario ampliado (INEGI)",Personas de 18 años o más,censo
distribucion,Prevalencia de discapacidad,2020,Hombres,Total,Tamaulipas,45-59,15816.0,295768.0,21627.0,,"Censo de Población y Vivienda, cuestionario ampliado (INEGI)",Personas de 18 años o más,censo
distribucion,Prevalencia de discapacidad,2020,Hombres,Total,Tamaulipas,60+,37158.0,199899.0,18519.0,,"Censo de Población y Vivienda, cuestionario ampliado (INEGI)",Personas de 18 años o más,censo
distribucion,Prevalencia de discapacidad,2020,Hombres,Total,Tlaxcala,18-29,2584.0,132097.0,34323.0,,"Censo de Población y Vivienda, cuestionario ampliado (INEGI)",Personas de 18 años o más,censo
distribucion,Prevalencia de discapacidad,2020,Hombres,Total,Tlaxcala,30-44,2996.0,132956.0,33760.0,,"Censo de Población y Vivienda, cuestionario ampliado (INEGI)",Personas de 18 años o más,censo
distribucion,Prevalencia de discapacidad,2020,Hombres,Total,Tlaxcala,45-59,4199.0,97654.0,25132.0,,"Censo de Población y Vivienda, cuestionario ampliado (INEGI)",Personas de 18 años o más,censo
distribucion,Prevalencia de discapacidad,2020,Hombres,Total,Tlaxcala,60+,11957.0,68337.0,18056.0,,"Censo de Población y Vivienda, cuestionario ampliado (INEGI)",Personas de 18 años o más,censo
distribucion,Prevalencia de discapacidad,2020,Hombres,Total,Veracruz,18-29,14981.0,689062.0,122295.0,,"Censo de Población y Vivienda, cuestionario ampliado (INEGI)",Personas de 18 años o más,censo
distribucion,Prevalencia de discapacidad,2020,Hombres,Total,Veracruz,30-44,20980.0,758372.0,129716.0,,"Censo de Población y Vivienda, cuestionario ampliado (INEGI)",Personas de 18 años o más,censo
distribucion,Prevalencia de discapacidad,2020,Hombres,Total,Veracruz,45-59,39133.0,658721.0,106654.0,,"Censo de Población y Vivienda, cuestionario ampliado (INEGI)",Personas de 18 años o más,censo
distribucion,Prevalencia de discapacidad,2020,Hombres,Total,Veracruz,60+,108670.0,541553.0,89326.0,,"Censo de Población y Vivienda, cuestionario ampliado (INEGI)",Personas de 18 años o más,censo
distribucion,Prevalencia de discapacidad,2020,Hombres,Total,Yucatán,18-29,4723.0,233664.0,47658.0,,"Censo de Población y Vivienda, cuestionario ampliado (INEGI)",Personas de 18 años o más,censo
distribucion,Prevalencia de discapacidad,2020,Hombres,Total,Yucatán,30-44,6207.0,251633.0,49972.0,,"Censo de Población y Vivienda, cuestionario ampliado (INEGI)",Personas de 18 años o más,censo
distribucion,Prevalencia de discapacidad,2020,Hombres,Total,Yucatán,45-59,10974.0,176938.0,34113.0,,"Censo de Población y Vivienda, cuestionario ampliado (INEGI)",Personas de 18 años o más,censo
distribucion,Prevalencia de discapacidad,2020,Hombres,Total,Yucatán,60+,30468.0,138709.0,30353.0,,"Censo de Población y Vivienda, cuestionario ampliado (INEGI)",Personas de 18 años o más,censo
distribucion,Prevalencia de discapacidad,2020,Hombres,Total,Zacatecas,18-29,3341.0,144158.0,25096.0,,"Censo de Población y Vivienda, cuestionario ampliado (INEGI)",Personas de 18 años o más,censo
distribucion,Prevalencia de discapacidad,2020,Hombres,Total,Zacatecas,30-44,4546.0,154405.0,27012.0,,"Censo de Población y Vivienda, cuestionario ampliado (INEGI)",Personas de 18 años o más,censo
distribucion,Prevalencia de discapacidad,2020,Hombres,Total,Zacatecas,45-59,7061.0,117986.0,21773.0,,"Censo de Población y Vivienda, cuestionario ampliado (INEGI)",Personas de 18 años o más,censo
distribucion,Prevalencia de discapacidad,2020,Hombres,Total,Zacatecas,60+,21794.0,94247.0,19863.0,,"Censo de Población y Vivienda, cuestionario ampliado (INEGI)",Personas de 18 años o más,censo
distribucion,Prevalencia de discapacidad,2020,Mujeres,Total,Aguascalientes,18-29,3506.0,152035.0,10237.0,,"Censo de Población y Vivienda, cuestionario ampliado (INEGI)",Personas de 18 años o más,censo
distribucion,Prevalencia de discapacidad,2020,Mujeres,Total,Aguascalientes,30-44,4696.0,156211.0,10197.0,,"Censo de Población y Vivienda, cuestionario ampliado (INEGI)",Personas de 18 años o más,censo
distribucion,Prevalencia de discapacidad,2020,Mujeres,Total,Aguascalientes,45-59,8947.0,113595.0,6977.0,,"Censo de Población y Vivienda, cuestionario ampliado (INEGI)",Personas de 18 años o más,censo
distribucion,Prevalencia de discapacidad,2020,Mujeres,Total,Aguascalientes,60+,18099.0,76638.0,4794.0,,"Censo de Población y Vivienda, cuestionario ampliado (INEGI)",Personas de 18 años o más,censo
distribucion,Prevalencia de discapacidad,2020,Mujeres,Total,Baja California,18-29,8274.0,388515.0,8123.0,,"Censo de Población y Vivienda, cuestionario ampliado (INEGI)",Personas de 18 años o más,censo
distribucion,Prevalencia de discapacidad,2020,Mujeres,Total,Baja California,30-44,9732.0,431648.0,8878.0,,"Censo de Población y Vivienda, cuestionario ampliado (INEGI)",Personas de 18 años o más,censo
distribucion,Prevalencia de discapacidad,2020,Mujeres,Total,Baja California,45-59,20331.0,309605.0,6597.0,,"Censo de Población y Vivienda, cuestionario ampliado (INEGI)",Personas de 18 años o más,censo
distribucion,Prevalencia de discapacidad,2020,Mujeres,Total,Baja California,60+,41033.0,194890.0,4326.0,,"Censo de Población y Vivienda, cuestionario ampliado (INEGI)",Personas de 18 años o más,censo
distribucion,Prevalencia de discapacidad,2020,Mujeres,Total,Baja California Sur,18-29,1222.0,78690.0,4384.0,,"Censo de Población y Vivienda, cuestionario ampliado (INEGI)",Personas de 18 años o más,censo
distribucion,Prevalencia de discapacidad,2020,Mujeres,Total,Baja California Sur,30-44,2030.0,95117.0,5445.0,,"Censo de Población y Vivienda, cuestionario ampliado (INEGI)",Personas de 18 años o más,censo
distribucion,Prevalencia de discapacidad,2020,Mujeres,Total,Baja California Sur,45-59,3560.0,63912.0,3852.0,,"Censo de Población y Vivienda, cuestionario ampliado (INEGI)",Personas de 18 años o más,censo
distribucion,Prevalencia de discapacidad,2020,Mujeres,Total,Baja California Sur,60+,7964.0,38647.0,2490.0,,"Censo de Población y Vivienda, cuestionario ampliado (INEGI)",Personas de 18 años o más,censo
distribucion,Prevalencia de discapacidad,2020,Mujeres,Total,Campeche,18-29,1843.0,90017.0,8172.0,,"Censo de Población y Vivienda, cuestionario ampliado (INEGI)",Personas de 18 años o más,censo
distribucion,Prevalencia de discapacidad,2020,Mujeres,Total,Campeche,30-44,3226.0,107857.0,9574.0,,"Censo de Población y Vivienda, cuestionario ampliado (INEGI)",Personas de 18 años o más,censo
distribucion,Prevalencia de discapacidad,2020,Mujeres,Total,Campeche,45-59,6312.0,78484.0,6636.0,,"Censo de Población y Vivienda, cuestionario ampliado (INEGI)",Personas de 18 años o más,censo
distribucion,Prevalencia de discapacidad,2020,Mujeres,Total,Campeche,60+,13958.0,51989.0,4604.0,,"Censo de Población y Vivienda, cuestionario ampliado (INEGI)",Personas de 18 años o más,censo
distribucion,Prevalencia de discapacidad,2020,Mujeres,Total,Chiapas,18-29,7278.0,573383.0,132339.0,,"Censo de Población y Vivienda, cuestionario ampliado (INEGI)",Personas de 18 años o más,censo
distribucion,Prevalencia de discapacidad,2020,Mujeres,Total,Chiapas,30-44,10596.0,575939.0,124134.0,,"Censo de Población y Vivienda, cuestionario ampliado (INEGI)",Personas de 18 años o más,censo
distribucion,Prevalencia de discapacidad,2020,Mujeres,Total,Chiapas,45-59,22210.0,379551.0,75467.0,,"Censo de Población y Vivienda, cuestionario ampliado (INEGI)",Personas de 18 años o más,censo
distribucion,Prevalencia de discapacidad,2020,Mujeres,Total,Chiapas,60+,54873.0,255658.0,51810.0,,"Censo de Población y Vivienda, cuestionario ampliado (INEGI)",Personas de 18 años o más,censo
distribucion,Prevalencia de discapacidad,2020,Mujeres,Total,Chihuahua,18-29,5126.0,371140.0,27868.0,,"Censo de Población y Vivienda, cuestionario ampliado (INEGI)",Personas de 18 años o más,censo
distribucion,Prevalencia de discapacidad,2020,Mujeres,Total,Chihuahua,30-44,7681.0,398764.0,30422.0,,"Censo de Población y Vivienda, cuestionario ampliado (INEGI)",Personas de 18 años o más,censo
distribucion,Prevalencia de discapacidad,2020,Mujeres,Total,Chihuahua,45-59,16252.0,319942.0,25175.0,,"Censo de Población y Vivienda, cuestionario ampliado (INEGI)",Personas de 18 años o más,censo
distribucion,Prevalencia de discapacidad,2020,Mujeres,Total,Chihuahua,60+,49111.0,222247.0,21657.0,,"Censo de Población y Vivienda, cuestionario ampliado (INEGI)",Personas de 18 años o más,censo
distribucion,Prevalencia de discapacidad,2020,Mujeres,Total,Ciudad de México,18-29,17464.0,865398.0,26342.0,,"Censo de Población y Vivienda, cuestionario ampliado (INEGI)",Personas de 18 años o más,censo
distribucion,Prevalencia de discapacidad,2020,Mujeres,Total,Ciudad de México,30-44,22651.0,1083308.0,32643.0,,"Censo de Población y Vivienda, cuestionario ampliado (INEGI)",Personas de 18 años o más,censo
distribucion,Prevalencia de discapacidad,2020,Mujeres,Total,Ciudad de México,45-59,53090.0,971252.0,29105.0,,"Censo de Población y Vivienda, cuestionario ampliado (INEGI)",Personas de 18 años o más,censo
distribucion,Prevalencia de discapacidad,2020,Mujeres,Total,Ciudad de México,60+,165757.0,862058.0,25180.0,,"Censo de Población y Vivienda, cuestionario ampliado (INEGI)",Personas de 18 años o más,censo
distribucion,Prevalencia de discapacidad,2020,Mujeres,Total,Coahuila,18-29,4815.0,307089.0,20879.0,,"Censo de Población y Vivienda, cuestionario ampliado (INEGI)",Personas de 18 años o más,censo
distribucion,Prevalencia de discapacidad,2020,Mujeres,Total,Coahuila,30-44,5170.0,327439.0,22233.0,,"Censo de Población y Vivienda, cuestionario ampliado (INEGI)",Personas de 18 años o más,censo
distribucion,Prevalencia de discapacidad,2020,Mujeres,Total,Coahuila,45-59,12672.0,270347.0,18912.0,,"Censo de Población y Vivienda, cuestionario ampliado (INEGI)",Personas de 18 años o más,censo
distribucion,Prevalencia de discapacidad,2020,Mujeres,Total,Coahuila,60+,32709.0,187880.0,13559.0,,"Censo de Población y Vivienda, cuestionario ampliado (INEGI)",Personas de 18 años o más,censo
distribucion,Prevalencia de discapacidad,2020,Mujeres,Total,Colima,18-29,1257.0,71338.0,5791.0,,"Censo de Población y Vivienda, cuestionario ampliado (INEGI)",Personas de 18 años o más,censo
distribucion,Prevalencia de discapacidad,2020,Mujeres,Total,Colima,30-44,1889.0,84491.0,6672.0,,"Censo de Población y Vivienda, cuestionario ampliado (INEGI)",Personas de 18 años o más,censo
distribucion,Prevalencia de discapacidad,2020,Mujeres,Total,Colima,45-59,4341.0,62719.0,5133.0,,"Censo de Población y Vivienda, cuestionario ampliado (INEGI)",Personas de 18 años o más,censo
distribucion,Prevalencia de discapacidad,2020,Mujeres,Total,Colima,60+,10575.0,47005.0,4111.0,,"Censo de Población y Vivienda, cuestionario ampliado (INEGI)",Personas de 18 años o más,censo
distribucion,Prevalencia de discapacidad,2020,Mujeres,Total,Durango,18-29,3464.0,182225.0,23960.0,,"Censo de Población y Vivienda, cuestionario ampliado (INEGI)",Personas de 18 años o más,censo
distribucion,Prevalencia de discapacidad,2020,Mujeres,Total,Durango,30-44,4402.0,184797.0,24089.0,,"Censo de Población y Vivienda, cuestionario ampliado (INEGI)",Personas de 18 años o más,censo
distribucion,Prevalencia de discapacidad,2020,Mujeres,Total,Durango,45-59,9358.0,149559.0,18423.0,,"Censo de Población y Vivienda, cuestionario ampliado (INEGI)",Personas de 18 años o más,censo
distribucion,Prevalencia de discapacidad,2020,Mujeres,Total,Durango,60+,25741.0,104450.0,15082.0,,"Censo de Población y Vivienda, cuestionario ampliado (INEGI)",Personas de 18 años o más,censo
distribucion,Prevalencia de discapacidad,2020,Mujeres,Total,Guanajuato,18-29,11513.0,646533.0,43489.0,,"Censo de Población y Vivienda, cuestionario ampliado (INEGI)",Personas de 18 años o más,censo
distribucion,Prevalencia de discapacidad,2020,Mujeres,Total,Guanajuato,30-44,15505.0,680483.0,46430.0,,"Censo de Población y Vivienda, cuestionario ampliado (INEGI)",Personas de 18 años o más,censo
distribucion,Prevalencia de discapacidad,2020,Mujeres,Total,Guanajuato,45-59,29945.0,495431.0,33787.0,,"Censo de Población y Vivienda, cuestionario ampliado (INEGI)",Personas de 18 años o más,censo
distribucion,Prevalencia de discapacidad,2020,Mujeres,Total,Guanajuato,60+,78634.0,352721.0,26053.0,,"Censo de Población y Vivienda, cuestionario ampliado (INEGI)",Personas de 18 años o más,censo
distribucion,Prevalencia de discapacidad,2020,Mujeres,Total,Guerrero,18-29,6754.0,350853.0,73240.0,,"Censo de Población y Vivienda, cuestionario ampliado (INEGI)",Personas de 18 años o más,censo
distribucion,Prevalencia de discapacidad,2020,Mujeres,Total,Guerrero,30-44,9595.0,359630.0,68414.0,,"Censo de Población y Vivienda, cuestionario ampliado (INEGI)",Personas de 18 años o más,censo
distribucion,Prevalencia de discapacidad,2020,Mujeres,Total,Guerrero,45-59,20441.0,273990.0,50459.0,,"Censo de Población y Vivienda, cuestionario ampliado (INEGI)",Personas de 18 años o más,censo
distribucion,Prevalencia de discapacidad,2020,Mujeres,Total,Guerrero,60+,63558.0,235768.0,46424.0,,"Censo de Población y Vivienda, cuestionario ampliado (INEGI)",Personas de 18 años o más,censo
distribucion,Prevalencia de discapacidad,2020,Mujeres,Total,Hidalgo,18-29,6022.0,295557.0,47303.0,,"Censo de Población y Vivienda, cuestionario ampliado (INEGI)",Personas de 18 años o más,censo
distribucion,Prevalencia de discapacidad,2020,Mujeres,Total,Hidalgo,30-44,9341.0,351368.0,55372.0,,"Censo de Población y Vivienda, cuestionario ampliado (INEGI)",Personas de 18 años o más,censo
distribucion,Prevalencia de discapacidad,2020,Mujeres,Total,Hidalgo,45-59,16418.0,270588.0,43096.0,,"Censo de Población y Vivienda, cuestionario ampliado (INEGI)",Personas de 18 años o más,censo
distribucion,Prevalencia de discapacidad,2020,Mujeres,Total,Hidalgo,60+,46197.0,207253.0,35924.0,,"Censo de Población y Vivienda, cuestionario ampliado (INEGI)",Personas de 18 años o más,censo
distribucion,Prevalencia de discapacidad,2020,Mujeres,Total,Jalisco,18-29,12293.0,841412.0,74256.0,,"Censo de Población y Vivienda, cuestionario ampliado (INEGI)",Personas de 18 años o más,censo
distribucion,Prevalencia de discapacidad,2020,Mujeres,Total,Jalisco,30-44,17416.0,912214.0,82207.0,,"Censo de Población y Vivienda, cuestionario ampliado (INEGI)",Personas de 18 años o más,censo
distribucion,Prevalencia de discapacidad,2020,Mujeres,Total,Jalisco,45-59,39239.0,688259.0,61173.0,,"Censo de Población y Vivienda, cuestionario ampliado (INEGI)",Personas de 18 años o más,censo
distribucion,Prevalencia de discapacidad,2020,Mujeres,Total,Jalisco,60+,114952.0,544578.0,53332.0,,"Censo de Población y Vivienda, cuestionario ampliado (INEGI)",Personas de 18 años o más,censo
distribucion,Prevalencia de discapacidad,2020,Mujeres,Total,Michoacán,18-29,8783.0,471562.0,68567.0,,"Censo de Población y Vivienda, cuestionario ampliado (INEGI)",Personas de 18 años o más,censo
distribucion,Prevalencia de discapacidad,2020,Mujeres,Total,Michoacán,30-44,12461.0,495590.0,72296.0,,"Censo de Población y Vivienda, cuestionario ampliado (INEGI)",Personas de 18 años o más,censo
distribucion,Prevalencia de discapacidad,2020,Mujeres,Total,Michoacán,45-59,24334.0,386691.0,55009.0,,"Censo de Población y Vivienda, cuestionario ampliado (INEGI)",Personas de 18 años o más,censo
distribucion,Prevalencia de discapacidad,2020,Mujeres,Total,Michoacán,60+,76684.0,326499.0,50893.0,,"Censo de Población y Vivienda, cuestionario ampliado (INEGI)",Personas de 18 años o más,censo
distribucion,Prevalencia de discapacidad,2020,Mujeres,Total,Morelos,18-29,3675.0,193930.0,23931.0,,"Censo de Población y Vivienda, cuestionario ampliado (INEGI)",Personas de 18 años o más,censo
distribucion,Prevalencia de discapacidad,2020,Mujeres,Total,Morelos,30-44,5276.0,215815.0,26079.0,,"Censo de Población y Vivienda, cuestionario ampliado (INEGI)",Personas de 18 años o más,censo
distribucion,Prevalencia de discapacidad,2020,Mujeres,Total,Morelos,45-59,11197.0,182329.0,20986.0,,"Censo de Población y Vivienda, cuestionario ampliado (INEGI)",Personas de 18 años o más,censo
distribucion,Prevalencia de discapacidad,2020,Mujeres,Total,Morelos,60+,31334.0,141593.0,16391.0,,"Censo de Población y Vivienda, cuestionario ampliado (INEGI)",Personas de 18 años o más,censo
distribucion,Prevalencia de discapacidad,2020,Mujeres,Total,México,18-29,29632.0,1703937.0,124533.0,,"Censo de Población y Vivienda, cuestionario ampliado (INEGI)",Personas de 18 años o más,censo
distribucion,Prevalencia de discapacidad,2020,Mujeres,Total,México,30-44,40067.0,1931775.0,138878.0,,"Censo de Población y Vivienda, cuestionario ampliado (INEGI)",Personas de 18 años o más,censo
distribucion,Prevalencia de discapacidad,2020,Mujeres,Total,México,45-59,80658.0,1564411.0,105079.0,,"Censo de Población y Vivienda, cuestionario ampliado (INEGI)",Personas de 18 años o más,censo
distribucion,Prevalencia de discapacidad,2020,Mujeres,Total,México,60+,193790.0,1054970.0,70001.0,,"Censo de Población y Vivienda, cuestionario ampliado (INEGI)",Personas de 18 años o más,censo
distribucion,Prevalencia de discapacidad,2020,Mujeres,Total,Nayarit,18-29,2480.0,115616.0,17073.0,,"Censo de Población y Vivienda, cuestionario ampliado (INEGI)",Personas de 18 años o más,censo
distribucion,Prevalencia de discapacidad,2020,Mujeres,Total,Nayarit,30-44,3190.0,130273.0,17516.0,,"Censo de Población y Vivienda, cuestionario ampliado (INEGI)",Personas de 18 años o más,censo
distribucion,Prevalencia de discapacidad,2020,Mujeres,Total,Nayarit,45-59,6120.0,100152.0,13104.0,,"Censo de Población y Vivienda, cuestionario ampliado (INEGI)",Personas de 18 años o más,censo
distribucion,Prevalencia de discapacidad,2020,Mujeres,Total,Nayarit,60+,19117.0,80364.0,10984.0,,"Censo de Población y Vivienda, cuestionario ampliado (INEGI)",Personas de 18 años o más,censo
distribucion,Prevalencia de discapacidad,2020,Mujeres,Total,Nuevo León,18-29,8856.0,577706.0,32612.0,,"Censo de Población y Vivienda, cuestionario ampliado (INEGI)",Personas de 18 años o más,censo
distribucion,Prevalencia de discapacidad,2020,Mujeres,Total,Nuevo León,30-44,9407.0,629680.0,35972.0,,"Censo de Población y Vivienda, cuestionario ampliado (INEGI)",Personas de 18 años o más,censo
distribucion,Prevalencia de discapacidad,2020,Mujeres,Total,Nuevo León,45-59,20549.0,500640.0,27571.0,,"Censo de Población y Vivienda, cuestionario ampliado (INEGI)",Personas de 18 años o más,censo
distribucion,Prevalencia de discapacidad,2020,Mujeres,Total,Nuevo León,60+,58677.0,364499.0,20950.0,,"Censo de Población y Vivienda, cuestionario ampliado (INEGI)",Personas de 18 años o más,censo
distribucion,Prevalencia de discapacidad,2020,Mujeres,Total,Oaxaca,18-29,8385.0,391981.0,181668.0,,"Censo de Población y Vivienda, cuestionario ampliado (INEGI)",Personas de 18 años o más,censo
distribucion,Prevalencia de discapacidad,2020,Mujeres,Total,Oaxaca,30-44,13259.0,444399.0,196736.0,,"Censo de Población y Vivienda, cuestionario ampliado (INEGI)",Personas de 18 años o más,censo
distribucion,Prevalencia de discapacidad,2020,Mujeres,Total,Oaxaca,45-59,26339.0,336560.0,149834.0,,"Censo de Población y Vivienda, cuestionario ampliado (INEGI)",Personas de 18 años o más,censo
distribucion,Prevalencia de discapacidad,2020,Mujeres,Total,Oaxaca,60+,79019.0,298714.0,148037.0,,"Censo de Población y Vivienda, cuestionario ampliado (INEGI)",Personas de 18 años o más,censo
distribucion,Prevalencia de discapacidad,2020,Mujeres,Total,Puebla,18-29,11486.0,676931.0,128400.0,,"Censo de Población y Vivienda, cuestionario ampliado (INEGI)",Personas de 18 años o más,censo
distribucion,Prevalencia de discapacidad,2020,Mujeres,Total,Puebla,30-44,15867.0,730129.0,132974.0,,"Censo de Población y Vivienda, cuestionario ampliado (INEGI)",Personas de 18 años o más,censo
distribucion,Prevalencia de discapacidad,2020,Mujeres,Total,Puebla,45-59,27458.0,524604.0,95406.0,,"Censo de Población y Vivienda, cuestionario ampliado (INEGI)",Personas de 18 años o más,censo
distribucion,Prevalencia de discapacidad,2020,Mujeres,Total,Puebla,60+,85414.0,408855.0,84188.0,,"Censo de Población y Vivienda, cuestionario ampliado (INEGI)",Personas de 18 años o más,censo
distribucion,Prevalencia de discapacidad,2020,Mujeres,Total,Querétaro,18-29,3752.0,248482.0,15465.0,,"Censo de Población y Vivienda, cuestionario ampliado (INEGI)",Personas de 18 años o más,censo
distribucion,Prevalencia de discapacidad,2020,Mujeres,Total,Querétaro,30-44,4522.0,281540.0,16748.0,,"Censo de Población y Vivienda, cuestionario ampliado (INEGI)",Personas de 18 años o más,censo
distribucion,Prevalencia de discapacidad,2020,Mujeres,Total,Querétaro,45-59,9722.0,197391.0,11464.0,,"Censo de Población y Vivienda, cuestionario ampliado (INEGI)",Personas de 18 años o más,censo
distribucion,Prevalencia de discapacidad,2020,Mujeres,Total,Querétaro,60+,25287.0,135347.0,8491.0,,"Censo de Población y Vivienda, cuestionario ampliado (INEGI)",Personas de 18 años o más,censo
distribucion,Prevalencia de discapacidad,2020,Mujeres,Total,Quintana Roo,18-29,4273.0,200447.0,8204.0,,"Censo de Población y Vivienda, cuestionario ampliado (INEGI)",Personas de 18 años o más,censo
distribucion,Prevalencia de discapacidad,2020,Mujeres,Total,Quintana Roo,30-44,3877.0,238064.0,9354.0,,"Censo de Población y Vivienda, cuestionario ampliado (INEGI)",Personas de 18 años o más,censo
distribucion,Prevalencia de discapacidad,2020,Mujeres,Total,Quintana Roo,45-59,7981.0,137297.0,5566.0,,"Censo de Población y Vivienda, cuestionario ampliado (INEGI)",Personas de 18 años o más,censo
distribucion,Prevalencia de discapacidad,2020,Mujeres,Total,Quintana Roo,60+,10406.0,69511.0,3218.0,,"Censo de Población y Vivienda, cuestionario ampliado (INEGI)",Personas de 18 años o más,censo
distribucion,Prevalencia de discapacidad,2020,Mujeres,Total,San Luis Potosí,18-29,4834.0,279845.0,34258.0,,"Censo de Población y Vivienda, cuestionario ampliado (INEGI)",Personas de 18 años o más,censo
distribucion,Prevalencia de discapacidad,2020,Mujeres,Total,San Luis Potosí,30-44,6746.0,305859.0,36368.0,,"Censo de Población y Vivienda, cuestionario ampliado (INEGI)",Personas de 18 años o más,censo
distribucion,Prevalencia de discapacidad,2020,Mujeres,Total,San Luis Potosí,45-59,12861.0,231141.0,27912.0,,"Censo de Población y Vivienda, cuestionario ampliado (INEGI)",Personas de 18 años o más,censo
distribucion,Prevalencia de discapacidad,2020,Mujeres,Total,San Luis Potosí,60+,41201.0,193116.0,26256.0,,"Censo de Población y Vivienda, cuestionario ampliado (INEGI)",Personas de 18 años o más,censo
distribucion,Prevalencia de discapacidad,2020,Mujeres,Total,Sinaloa,18-29,4942.0,299523.0,15681.0,,"Censo de Población y Vivienda, cuestionario ampliado (INEGI)",Personas de 18 años o más,censo
distribucion,Prevalencia de discapacidad,2020,Mujeres,Total,Sinaloa,30-44,6985.0,312449.0,16615.0,,"Censo de Población y Vivienda, cuestionario ampliado (INEGI)",Personas de 18 años o más,censo
distribucion,Prevalencia de discapacidad,2020,Mujeres,Total,Sinaloa,45-59,15730.0,261847.0,14101.0,,"Censo de Población y Vivienda, cuestionario ampliado (INEGI)",Personas de 18 años o más,censo
distribucion,Prevalencia de discapacidad,2020,Mujeres,Total,Sinaloa,60+,46790.0,208570.0,11953.0,,"Censo de Población y Vivienda, cuestionario ampliado (INEGI)",Personas de 18 años o más,censo
distribucion,Prevalencia de discapacidad,2020,Mujeres,Total,Sonora,18-29,5553.0,284493.0,23041.0,,"Censo de Población y Vivienda, cuestionario ampliado (INEGI)",Personas de 18 años o más,censo
distribucion,Prevalencia de discapacidad,2020,Mujeres,Total,Sonora,30-44,7180.0,311937.0,26036.0,,"Censo de Población y Vivienda, cuestionario ampliado (INEGI)",Personas de 18 años o más,censo
distribucion,Prevalencia de discapacidad,2020,Mujeres,Total,Sonora,45-59,16085.0,252860.0,22564.0,,"Censo de Población y Vivienda, cuestionario ampliado (INEGI)",Personas de 18 años o más,censo
distribucion,Prevalencia de discapacidad,2020,Mujeres,Total,Sonora,60+,40252.0,192428.0,19026.0,,"Censo de Población y Vivienda, cuestionario ampliado (INEGI)",Personas de 18 años o más,censo
distribucion,Prevalencia de discapacidad,2020,Mujeres,Total,Tabasco,18-29,5731.0,232409.0,14960.0,,"Censo de Población y Vivienda, cuestionario ampliado (INEGI)",Personas de 18 años o más,censo
distribucion,Prevalencia de discapacidad,2020,Mujeres,Total,Tabasco,30-44,7812.0,280598.0,18142.0,,"Censo de Población y Vivienda, cuestionario ampliado (INEGI)",Personas de 18 años o más,censo
distribucion,Prevalencia de discapacidad,2020,Mujeres,Total,Tabasco,45-59,17157.0,201427.0,13537.0,,"Censo de Población y Vivienda, cuestionario ampliado (INEGI)",Personas de 18 años o más,censo
distribucion,Prevalencia de discapacidad,2020,Mujeres,Total,Tabasco,60+,38455.0,135903.0,9415.0,,"Censo de Población y Vivienda, cuestionario ampliado (INEGI)",Personas de 18 años o más,censo
distribucion,Prevalencia de discapacidad,2020,Mujeres,Total,Tamaulipas,18-29,4736.0,338545.0,21758.0,,"Censo de Población y Vivienda, cuestionario ampliado (INEGI)",Personas de 18 años o más,censo
distribucion,Prevalencia de discapacidad,2020,Mujeres,Total,Tamaulipas,30-44,7450.0,385828.0,25883.0,,"Censo de Población y Vivienda, cuestionario ampliado (INEGI)",Personas de 18 años o más,censo
distribucion,Prevalencia de discapacidad,2020,Mujeres,Total,Tamaulipas,45-59,19450.0,320078.0,22256.0,,"Censo de Población y Vivienda, cuestionario ampliado (INEGI)",Personas de 18 años o más,censo
distribucion,Prevalencia de discapacidad,2020,Mujeres,Total,Tamaulipas,60+,48814.0,229032.0,18681.0,,"Censo de Población y Vivienda, cuestionario ampliado (INEGI)",Personas de 18 años o más,censo
distribucion,Prevalencia de discapacidad,2020,Mujeres,Total,Tlaxcala,18-29,2216.0,135998.0,35462.0,,"Censo de Población y Vivienda, cuestionario ampliado (INEGI)",Personas de 18 años o más,censo
distribucion,Prevalencia de discapacidad,2020,Mujeres,Total,Tlaxcala,30-44,3094.0,152224.0,38570.0,,"Censo de Población y Vivienda, cuestionario ampliado (INEGI)",Personas de 18 años o más,censo
distribucion,Prevalencia de discapacidad,2020,Mujeres,Total,Tlaxcala,45-59,5511.0,114449.0,28857.0,,"Censo de Población y Vivienda, cuestionario ampliado (INEGI)",Personas de 18 años o más,censo
distribucion,Prevalencia de discapacidad,2020,Mujeres,Total,Tlaxcala,60+,15298.0,79045.0,20575.0,,"Censo de Población y Vivienda, cuestionario ampliado (INEGI)",Personas de 18 años o más,censo
distribucion,Prevalencia de discapacidad,2020,Mujeres,Total,Veracruz,18-29,13567.0,748887.0,132965.0,,"Censo de Población y Vivienda, cuestionario ampliado (INEGI)",Personas de 18 años o más,censo
distribucion,Prevalencia de discapacidad,2020,Mujeres,Total,Veracruz,30-44,20792.0,888757.0,149817.0,,"Censo de Población y Vivienda, cuestionario ampliado (INEGI)",Personas de 18 años o más,censo
distribucion,Prevalencia de discapacidad,2020,Mujeres,Total,Veracruz,45-59,47807.0,751559.0,118864.0,,"Censo de Población y Vivienda, cuestionario ampliado (INEGI)",Personas de 18 años o más,censo
distribucion,Prevalencia de discapacidad,2020,Mujeres,Total,Veracruz,60+,137828.0,620314.0,97409.0,,"Censo de Población y Vivienda, cuestionario ampliado (INEGI)",Personas de 18 años o más,censo
distribucion,Prevalencia de discapacidad,2020,Mujeres,Total,Yucatán,18-29,4797.0,233632.0,46835.0,,"Censo de Población y Vivienda, cuestionario ampliado (INEGI)",Personas de 18 años o más,censo
distribucion,Prevalencia de discapacidad,2020,Mujeres,Total,Yucatán,30-44,6343.0,262409.0,51915.0,,"Censo de Población y Vivienda, cuestionario ampliado (INEGI)",Personas de 18 años o más,censo
distribucion,Prevalencia de discapacidad,2020,Mujeres,Total,Yucatán,45-59,13921.0,197003.0,35631.0,,"Censo de Población y Vivienda, cuestionario ampliado (INEGI)",Personas de 18 años o más,censo
distribucion,Prevalencia de discapacidad,2020,Mujeres,Total,Yucatán,60+,37588.0,152951.0,28733.0,,"Censo de Población y Vivienda, cuestionario ampliado (INEGI)",Personas de 18 años o más,censo
distribucion,Prevalencia de discapacidad,2020,Mujeres,Total,Zacatecas,18-29,3326.0,156376.0,27022.0,,"Censo de Población y Vivienda, cuestionario ampliado (INEGI)",Personas de 18 años o más,censo
distribucion,Prevalencia de discapacidad,2020,Mujeres,Total,Zacatecas,30-44,4141.0,173067.0,30030.0,,"Censo de Población y Vivienda, cuestionario ampliado (INEGI)",Personas de 18 años o más,censo
distribucion,Prevalencia de discapacidad,2020,Mujeres,Total,Zacatecas,45-59,9235.0,130024.0,23244.0,,"Censo de Población y Vivienda, cuestionario ampliado (INEGI)",Personas de 18 años o más,censo
distribucion,Prevalencia de discapacidad,2020,Mujeres,Total,Zacatecas,60+,26281.0,100380.0,20765.0,,"Censo de Población y Vivienda, cuestionario ampliado (INEGI)",Personas de 18 años o más,censo
