tema,indicador,anio,sexo,disc,entidad,rango_edad,num,den,casos,ee,fuente,universo,encuesta
educacion,No sabe leer ni escribir,2017,Hombres,Con discapacidad,Aguascalientes,18-29,1505.0,2320.0,4.0,,ENADIS (INEGI),Personas de 18 años o más,enadis
educacion,No sabe leer ni escribir,2017,Hombres,Con discapacidad,Aguascalientes,30-44,0.0,1131.0,5.0,,ENADIS (INEGI),Personas de 18 años o más,enadis
educacion,No sabe leer ni escribir,2017,Hombres,Con discapacidad,Aguascalientes,45-59,168.0,607.0,3.0,,ENADIS (INEGI),Personas de 18 años o más,enadis
educacion,No sabe leer ni escribir,2017,Hombres,Con discapacidad,Aguascalientes,60+,2199.0,6556.0,26.0,,ENADIS (INEGI),Personas de 18 años o más,enadis
educacion,No sabe leer ni escribir,2017,Hombres,Con discapacidad,Baja California,18-29,968.0,968.0,1.0,,ENADIS (INEGI),Personas de 18 años o más,enadis
educacion,No sabe leer ni escribir,2017,Hombres,Con discapacidad,Baja California,30-44,0.0,6967.0,7.0,,ENADIS (INEGI),Personas de 18 años o más,enadis
educacion,No sabe leer ni escribir,2017,Hombres,Con discapacidad,Baja California,45-59,806.0,4180.0,5.0,,ENADIS (INEGI),Personas de 18 años o más,enadis
educacion,No sabe leer ni escribir,2017,Hombres,Con discapacidad,Baja California,60+,2997.0,31913.0,41.0,,ENADIS (INEGI),Personas de 18 años o más,enadis
educacion,No sabe leer ni escribir,2017,Hombres,Con discapacidad,Baja California Sur,18-29,149.0,766.0,2.0,,ENADIS (INEGI),Personas de 18 años o más,enadis
educacion,No sabe leer ni escribir,2017,Hombres,Con discapacidad,Baja California Sur,30-44,259.0,639.0,3.0,,ENADIS (INEGI),Personas de 18 años o más,enadis
educacion,No sabe leer ni escribir,2017,Hombres,Con discapacidad,Baja California Sur,45-59,680.0,2134.0,8.0,,ENADIS (INEGI),Personas de 18 años o más,enadis
educacion,No sabe leer ni escribir,2017,Hombres,Con discapacidad,Baja California Sur,60+,1354.0,8225.0,39.0,,ENADIS (INEGI),Personas de 18 años o más,enadis
educacion,No sabe leer ni escribir,2017,Hombres,Con discapacidad,Campeche,18-29,1529.0,1529.0,4.0,,ENADIS (INEGI),Personas de 18 años o más,enadis
educacion,No sabe leer ni escribir,2017,Hombres,Con discapacidad,Campeche,30-44,206.0,1133.0,4.0,,ENADIS (INEGI),Personas de 18 años o más,enadis
educacion,No sabe leer ni escribir,2017,Hombres,Con discapacidad,Campeche,45-59,1316.0,2911.0,10.0,,ENADIS (INEGI),Personas de 18 años o más,enadis
educacion,No sabe leer ni escribir,2017,Hombres,Con discapacidad,Campeche,60+,3576.0,8872.0,42.0,,ENADIS (INEGI),Personas de 18 años o más,enadis
educacion,No sabe leer ni escribir,2017,Hombres,Con discapacidad,Chiapas,18-29,8219.0,8432.0,4.0,,ENADIS (INEGI),Personas de 18 años o más,enadis
educacion,No sabe leer ni escribir,2017,Hombres,Con discapacidad,Chiapas,30-44,1641.0,2573.0,2.0,,ENADIS (INEGI),Personas de 18 años o más,enadis
educacion,No sabe leer ni escribir,2017,Hombres,Con discapacidad,Chiapas,45-59,3664.0,14751.0,8.0,,ENADIS (INEGI),Personas de 18 años o más,enadis
educacion,No sabe leer ni escribir,2017,Hombres,Con discapacidad,Chiapas,60+,16249.0,27853.0,34.0,,ENADIS (INEGI),Personas de 18 años o más,enadis
educacion,No sabe leer ni escribir,2017,Hombres,Con discapacidad,Chihuahua,18-29,5931.0,6446.0,3.0,,ENADIS (INEGI),Personas de 18 años o más,enadis
educacion,No sabe leer ni escribir,2017,Hombres,Con discapacidad,Chihuahua,30-44,0.0,2658.0,2.0,,ENADIS (INEGI),Personas de 18 años o más,enadis
educacion,No sabe leer ni escribir,2017,Hombres,Con discapacidad,Chihuahua,45-59,1481.0,5485.0,5.0,,ENADIS (INEGI),Personas de 18 años o más,enadis
educacion,No sabe leer ni escribir,2017,Hombres,Con discapacidad,Chihuahua,60+,1365.0,26342.0,30.0,,ENADIS (INEGI),Personas de 18 años o más,enadis
educacion,No sabe leer ni escribir,2017,Hombres,Con discapacidad,Ciudad de México,18-29,1805.0,1805.0,1.0,,ENADIS (INEGI),Personas de 18 años o más,enadis
educacion,No sabe leer ni escribir,2017,Hombres,Con discapacidad,Ciudad de México,45-59,4187.0,12264.0,6.0,,ENADIS (INEGI),Personas de 18 años o más,enadis
educacion,No sabe leer ni escribir,2017,Hombres,Con discapacidad,Ciudad de México,60+,5580.0,71771.0,37.0,,ENADIS (INEGI),Personas de 18 años o más,enadis
educacion,No sabe leer ni escribir,2017,Hombres,Con discapacidad,Coahuila,18-29,901.0,1444.0,3.0,,ENADIS (INEGI),Personas de 18 años o más,enadis
educacion,No sabe leer ni escribir,2017,Hombres,Con discapacidad,Coahuila,30-44,4047.0,5029.0,4.0,,ENADIS (INEGI),Personas de 18 años o más,enadis
educacion,No sabe leer ni escribir,2017,Hombres,Con discapacidad,Coahuila,60+,3277.0,12890.0,20.0,,ENADIS (INEGI),Personas de 18 años o más,enadis
educacion,No sabe leer ni escribir,2017,Hombres,Con discapacidad,Colima,18-29,302.0,444.0,3.0,,ENADIS (INEGI),Personas de 18 años o más,enadis
educacion,No sabe leer ni escribir,2017,Hombres,Con discapacidad,Colima,30-44,147.0,1171.0,4.0,,ENADIS (INEGI),Personas de 18 años o más,enadis
educacion,No sabe leer ni escribir,2017,Hombres,Con discapacidad,Colima,45-59,1117.0,2462.0,6.0,,ENADIS (INEGI),Personas de 18 años o más,enadis
educacion,No sabe leer ni escribir,2017,Hombres,Con discapacidad,Colima,60+,1811.0,4924.0,23.0,,ENADIS (INEGI),Personas de 18 años o más,enadis
educacion,No sabe leer ni escribir,2017,Hombres,Con discapacidad,Durango,18-29,170.0,170.0,1.0,,ENADIS (INEGI),Personas de 18 años o más,enadis
educacion,No sabe leer ni escribir,2017,Hombres,Con discapacidad,Durango,30-44,332.0,2129.0,4.0,,ENADIS (INEGI),Personas de 18 años o más,enadis
educacion,No sabe leer ni escribir,2017,Hombres,Con discapacidad,Durango,45-59,0.0,3095.0,4.0,,ENADIS (INEGI),Personas de 18 años o más,enadis
educacion,No sabe leer ni escribir,2017,Hombres,Con discapacidad,Durango,60+,600.0,10468.0,27.0,,ENADIS (INEGI),Personas de 18 años o más,enadis
educacion,No sabe leer ni escribir,2017,Hombres,Con discapacidad,Guanajuato,18-29,568.0,2810.0,9.0,,ENADIS (INEGI),Personas de 18 años o más,enadis
educacion,No sabe leer ni escribir,2017,Hombres,Con discapacidad,Guanajuato,30-44,747.0,3305.0,14.0,,ENADIS (INEGI),Personas de 18 años o más,enadis
educacion,No sabe leer ni escribir,2017,Hombres,Con discapacidad,Guanajuato,45-59,2140.0,7845.0,11.0,,ENADIS (INEGI),Personas de 18 años o más,enadis
educacion,No sabe leer ni escribir,2017,Hombres,Con discapacidad,Guanajuato,60+,9673.0,29151.0,60.0,,ENADIS (INEGI),Personas de 18 años o más,enadis
educacion,No sabe leer ni escribir,2017,Hombres,Con discapacidad,Guerrero,18-29,3067.0,6854.0,4.0,,ENADIS (INEGI),Personas de 18 años o más,enadis
educacion,No sabe leer ni escribir,2017,Hombres,Con discapacidad,Guerrero,30-44,1869.0,3159.0,5.0,,ENADIS (INEGI),Personas de 18 años o más,enadis
educacion,No sabe leer ni escribir,2017,Hombres,Con discapacidad,Guerrero,45-59,1144.0,9259.0,6.0,,ENADIS (INEGI),Personas de 18 años o más,enadis
educacion,No sabe leer ni escribir,2017,Hombres,Con discapacidad,Guerrero,60+,19880.0,39517.0,48.0,,ENADIS (INEGI),Personas de 18 años o más,enadis
educacion,No sabe leer ni escribir,2017,Hombres,Con discapacidad,Hidalgo,18-29,3979.0,4605.0,10.0,,ENADIS (INEGI),Personas de 18 años o más,enadis
educacion,No sabe leer ni escribir,2017,Hombres,Con discapacidad,Hidalgo,30-44,468.0,3097.0,8.0,,ENADIS (INEGI),Personas de 18 años o más,enadis
educacion,No sabe leer ni escribir,2017,Hombres,Con discapacidad,Hidalgo,45-59,1699.0,6533.0,15.0,,ENADIS (INEGI),Personas de 18 años o más,enadis
educacion,No sabe leer ni escribir,2017,Hombres,Con discapacidad,Hidalgo,60+,7884.0,24364.0,86.0,,ENADIS (INEGI),Personas de 18 años o más,enadis
educacion,No sabe leer ni escribir,2017,Hombres,Con discapacidad,Jalisco,18-29,1599.0,2785.0,2.0,,ENADIS (INEGI),Personas de 18 años o más,enadis
educacion,No sabe leer ni escribir,2017,Hombres,Con discapacidad,Jalisco,30-44,0.0,15873.0,6.0,,ENADIS (INEGI),Personas de 18 años o más,enadis
educacion,No sabe leer ni escribir,2017,Hombres,Con discapacidad,Jalisco,45-59,5835.0,13110.0,7.0,,ENADIS (INEGI),Personas de 18 años o más,enadis
educacion,No sabe leer ni escribir,2017,Hombres,Con discapacidad,Jalisco,60+,7930.0,115983.0,29.0,,ENADIS (INEGI),Personas de 18 años o más,enadis
educacion,No sabe leer ni escribir,2017,Hombres,Con discapacidad,Michoacán,18-29,4547.0,6289.0,4.0,,ENADIS (INEGI),Personas de 18 años o más,enadis
educacion,No sabe leer ni escribir,2017,Hombres,Con discapacidad,Michoacán,30-44,4124.0,11295.0,8.0,,ENADIS (INEGI),Personas de 18 años o más,enadis
educacion,No sabe leer ni escribir,2017,Hombres,Con discapacidad,Michoacán,45-59,3106.0,7819.0,10.0,,ENADIS (INEGI),Personas de 18 años o más,enadis
educacion,No sabe leer ni escribir,2017,Hombres,Con discapacidad,Michoacán,60+,27384.0,63843.0,69.0,,ENADIS (INEGI),Personas de 18 años o más,enadis
educacion,No sabe leer ni escribir,2017,Hombres,Con discapacidad,Morelos,18-29,1406.0,1904.0,4.0,,ENADIS (INEGI),Personas de 18 años o más,enadis
educacion,No sabe leer ni escribir,2017,Hombres,Con discapacidad,Morelos,30-44,1103.0,1683.0,7.0,,ENADIS (INEGI),Personas de 18 años o más,enadis
educacion,No sabe leer ni escribir,2017,Hombres,Con discapacidad,Morelos,45-59,156.0,3500.0,6.0,,ENADIS (INEGI),Personas de 18 años o más,enadis
educacion,No sabe leer ni escribir,2017,Hombres,Con discapacidad,Morelos,60+,3784.0,18906.0,53.0,,ENADIS (INEGI),Personas de 18 años o más,enadis
educacion,No sabe leer ni escribir,2017,Hombres,Con discapacidad,México,18-29,2404.0,4846.0,4.0,,ENADIS (INEGI),Personas de 18 años o más,enadis
educacion,No sabe leer ni escribir,2017,Hombres,Con discapacidad,México,30-44,1730.0,11207.0,2.0,,ENADIS (INEGI),Personas de 18 años o más,enadis
educacion,No sabe leer ni escribir,2017,Hombres,Con discapacidad,México,45-59,1712.0,9503.0,6.0,,ENADIS (INEGI),Personas de 18 años o más,enadis
educacion,No sabe leer ni escribir,2017,Hombres,Con discapacidad,México,60+,19634.0,125058.0,41.0,,ENADIS (INEGI),Personas de 18 años o más,enadis
educacion,No sabe leer ni escribir,2017,Hombres,Con discapacidad,Nayarit,18-29,377.0,377.0,1.0,,ENADIS (INEGI),Personas de 18 años o más,enadis
educacion,No sabe leer ni escribir,2017,Hombres,Con discapacidad,Nayarit,30-44,716.0,1705.0,7.0,,ENADIS (INEGI),Personas de 18 años o más,enadis
educacion,No sabe leer ni escribir,2017,Hombres,Con discapacidad,Nayarit,45-59,105.0,222.0,2.0,,ENADIS (INEGI),Personas de 18 años o más,enadis
educacion,No sabe leer ni escribir,2017,Hombres,Con discapacidad,Nayarit,60+,3323.0,9504.0,33.0,,ENADIS (INEGI),Personas de 18 años o más,enadis
educacion,No sabe leer ni escribir,2017,Hombres,Con discapacidad,Nuevo León,18-29,1573.0,1573.0,1.0,,ENADIS (INEGI),Personas de 18 años o más,enadis
educacion,No sabe leer ni escribir,2017,Hombres,Con discapacidad,Nuevo León,30-44,2802.0,3623.0,3.0,,ENADIS (INEGI),Personas de 18 años o más,enadis
educacion,No sabe leer ni escribir,2017,Hombres,Con discapacidad,Nuevo León,45-59,4971.0,6159.0,4.0,,ENADIS (INEGI),Personas de 18 años o más,enadis
educacion,No sabe leer ni escribir,2017,Hombres,Con discapacidad,Nuevo León,60+,6244.0,47190.0,31.0,,ENADIS (INEGI),Personas de 18 años o más,enadis
educacion,No sabe leer ni escribir,2017,Hombres,Con discapacidad,Oaxaca,18-29,5538.0,8895.0,6.0,,ENADIS (INEGI),Personas de 18 años o más,enadis
educacion,No sabe leer ni escribir,2017,Hombres,Con discapacidad,Oaxaca,30-44,10338.0,12510.0,12.0,,ENADIS (INEGI),Personas de 18 años o más,enadis
educacion,No sabe leer ni escribir,2017,Hombres,Con discapacidad,Oaxaca,45-59,2024.0,11422.0,11.0,,ENADIS (INEGI),Personas de 18 años o más,enadis
educacion,No sabe leer ni escribir,2017,Hombres,Con discapacidad,Oaxaca,60+,15431.0,36473.0,47.0,,ENADIS (INEGI),Personas de 18 años o más,enadis
educacion,No sabe leer ni escribir,2017,Hombres,Con discapacidad,Puebla,18-29,15162.0,15694.0,4.0,,ENADIS (INEGI),Personas de 18 años o más,enadis
educacion,No sabe leer ni escribir,2017,Hombres,Con discapacidad,Puebla,30-44,5413.0,15894.0,6.0,,ENADIS (INEGI),Personas de 18 años o más,enadis
educacion,No sabe leer ni escribir,2017,Hombres,Con discapacidad,Puebla,45-59,0.0,3735.0,1.0,,ENADIS (INEGI),Personas de 18 años o más,enadis
educacion,No sabe leer ni escribir,2017,Hombres,Con discapacidad,Puebla,60+,22008.0,54204.0,39.0,,ENADIS (INEGI),Personas de 18 años o más,enadis
educacion,No sabe leer ni escribir,2017,Hombres,Con discapacidad,Querétaro,18-29,1443.0,1443.0,2.0,,ENADIS (INEGI),Personas de 18 años o más,enadis
educacion,No sabe leer ni escribir,2017,Hombres,Con discapacidad,Querétaro,30-44,147.0,2453.0,3.0,,ENADIS (INEGI),Personas de 18 años o más,enadis
educacion,No sabe leer ni escribir,2017,Hombres,Con discapacidad,Querétaro,45-59,173.0,8538.0,6.0,,ENADIS (INEGI),Personas de 18 años o más,enadis
educacion,No sabe leer ni escribir,2017,Hombres,Con discapacidad,Querétaro,60+,7659.0,12995.0,26.0,,ENADIS (INEGI),Personas de 18 años o más,enadis
educacion,No sabe leer ni escribir,2017,Hombres,Con discapacidad,Quintana Roo,18-29,4057.0,4468.0,2.0,,ENADIS (INEGI),Personas de 18 años o más,enadis
educacion,No sabe leer ni escribir,2017,Hombres,Con discapacidad,Quintana Roo,30-44,3379.0,5244.0,7.0,,ENADIS (INEGI),Personas de 18 años o más,enadis
educacion,No sabe leer ni escribir,2017,Hombres,Con discapacidad,Quintana Roo,45-59,0.0,3432.0,5.0,,ENADIS (INEGI),Personas de 18 años o más,enadis
educacion,No sabe leer ni escribir,2017,Hombres,Con discapacidad,Quintana Roo,60+,1959.0,6119.0,18.0,,ENADIS (INEGI),Personas de 18 años o más,enadis
educacion,No sabe leer ni escribir,2017,Hombres,Con discapacidad,San Luis Potosí,30-44,1990.0,2150.0,3.0,,ENADIS (INEGI),Personas de 18 años o más,enadis
educacion,No sabe leer ni escribir,2017,Hombres,Con discapacidad,San Luis Potosí,60+,3193.0,24348.0,26.0,,ENADIS (INEGI),Personas de 18 años o más,enadis
educacion,No sabe leer ni escribir,2017,Hombres,Con discapacidad,Sinaloa,18-29,1107.0,1107.0,2.0,,ENADIS (INEGI),Personas de 18 años o más,enadis
educacion,No sabe leer ni escribir,2017,Hombres,Con discapacidad,Sinaloa,30-44,6982.0,9119.0,4.0,,ENADIS (INEGI),Personas de 18 años o más,enadis
educacion,No sabe leer ni escribir,2017,Hombres,Con discapacidad,Sinaloa,45-59,481.0,1010.0,3.0,,ENADIS (INEGI),Personas de 18 años o más,enadis
educacion,No sabe leer ni escribir,2017,Hombres,Con discapacidad,Sinaloa,60+,8470.0,19422.0,21.0,,ENADIS (INEGI),Personas de 18 años o más,enadis
educacion,No sabe leer ni escribir,2017,Hombres,Con discapacidad,Sonora,18-29,0.0,2309.0,2.0,,ENADIS (INEGI),Personas de 18 años o más,enadis
educacion,No sabe leer ni escribir,2017,Hombres,Con discapacidad,Sonora,30-44,1971.0,1971.0,2.0,,ENADIS (INEGI),Personas de 18 años o más,enadis
educacion,No sabe leer ni escribir,2017,Hombres,Con discapacidad,Sonora,45-59,853.0,1353.0,2.0,,ENADIS (INEGI),Personas de 18 años o más,enadis
educacion,No sabe leer ni escribir,2017,Hombres,Con discapacidad,Sonora,60+,3616.0,22743.0,23.0,,ENADIS (INEGI),Personas de 18 años o más,enadis
educacion,No sabe leer ni escribir,2017,Hombres,Con discapacidad,Tabasco,18-29,1315.0,2302.0,5.0,,ENADIS (INEGI),Personas de 18 años o más,enadis
educacion,No sabe leer ni escribir,2017,Hombres,Con discapacidad,Tabasco,30-44,2559.0,2690.0,6.0,,ENADIS (INEGI),Personas de 18 años o más,enadis
educacion,No sabe leer ni escribir,2017,Hombres,Con discapacidad,Tabasco,45-59,0.0,2828.0,4.0,,ENADIS (INEGI),Personas de 18 años o más,enadis
educacion,No sabe leer ni escribir,2017,Hombres,Con discapacidad,Tabasco,60+,3940.0,28167.0,70.0,,ENADIS (INEGI),Personas de 18 años o más,enadis
educacion,No sabe leer ni escribir,2017,Hombres,Con discapacidad,Tamaulipas,18-29,198.0,7732.0,3.0,,ENADIS (INEGI),Personas de 18 años o más,enadis
educacion,No sabe leer ni escribir,2017,Hombres,Con discapacidad,Tamaulipas,30-44,3310.0,4062.0,4.0,,ENADIS (INEGI),Personas de 18 años o más,enadis
educacion,No sabe leer ni escribir,2017,Hombres,Con discapacidad,Tamaulipas,45-59,254.0,981.0,3.0,,ENADIS (INEGI),Personas de 18 años o más,enadis
educacion,No sabe leer ni escribir,2017,Hombres,Con discapacidad,Tamaulipas,60+,7588.0,36457.0,39.0,,ENADIS (INEGI),Personas de 18 años o más,enadis
educacion,No sabe leer ni escribir,2017,Hombres,Con discapacidad,Tlaxcala,18-29,851.0,1327.0,9.0,,ENADIS (INEGI),Personas de 18 años o más,enadis
educacion,No sabe leer ni escribir,2017,Hombres,Con discapacidad,Tlaxcala,30-44,137.0,357.0,9.0,,ENADIS (INEGI),Personas de 18 años o más,enadis
educacion,No sabe leer ni escribir,2017,Hombres,Con discapacidad,Tlaxcala,45-59,0.0,632.0,8.0,,ENADIS (INEGI),Personas de 18 años o más,enadis
educacion,No sabe leer ni escribir,2017,Hombres,Con discapacidad,Tlaxcala,60+,1044.0,11754.0,97.0,,ENADIS (INEGI),Personas de 18 años o más,enadis
educacion,No sabe leer ni escribir,2017,Hombres,Con discapacidad,Veracruz,18-29,3569.0,12353.0,3.0,,ENADIS (INEGI),Personas de 18 años o más,enadis
educacion,No sabe leer ni escribir,2017,Hombres,Con discapacidad,Veracruz,30-44,4662.0,7117.0,6.0,,ENADIS (INEGI),Personas de 18 años o más,enadis
educacion,No sabe leer ni escribir,2017,Hombres,Con discapacidad,Veracruz,45-59,2168.0,18178.0,7.0,,ENADIS (INEGI),Personas de 18 años o más,enadis
educacion,No sabe leer ni escribir,2017,Hombres,Con discapacidad,Veracruz,60+,23225.0,80623.0,56.0,,ENADIS (INEGI),Personas de 18 años o más,enadis
educacion,No sabe leer ni escribir,2017,Hombres,Con discapacidad,Yucatán,18-29,2999.0,3626.0,3.0,,ENADIS (INEGI),Personas de 18 años o más,enadis
educacion,No sabe leer ni escribir,2017,Hombres,Con discapacidad,Yucatán,30-44,2368.0,5350.0,6.0,,ENADIS (INEGI),Personas de 18 años o más,enadis
educacion,No sabe leer ni escribir,2017,Hombres,Con discapacidad,Yucatán,45-59,2426.0,3835.0,5.0,,ENADIS (INEGI),Personas de 18 años o más,enadis
educacion,No sabe leer ni escribir,2017,Hombres,Con discapacidad,Yucatán,60+,13278.0,35994.0,55.0,,ENADIS (INEGI),Personas de 18 años o más,enadis
educacion,No sabe leer ni escribir,2017,Hombres,Con discapacidad,Zacatecas,18-29,1126.0,1240.0,4.0,,ENADIS (INEGI),Personas de 18 años o más,enadis
educacion,No sabe leer ni escribir,2017,Hombres,Con discapacidad,Zacatecas,30-44,910.0,1832.0,5.0,,ENADIS (INEGI),Personas de 18 años o más,enadis
educacion,No sabe leer ni escribir,2017,Hombres,Con discapacidad,Zacatecas,45-59,0.0,3102.0,5.0,,ENADIS (INEGI),Personas de 18 años o más,enadis
educacion,No sabe leer ni escribir,2017,Hombres,Con discapacidad,Zacatecas,60+,4708.0,22859.0,56.0,,ENADIS (INEGI),Personas de 18 años o más,enadis
educacion,No sabe leer ni escribir,2017,Hombres,Sin discapacidad,Aguascalientes,18-29,138.0,17075.0,29.0,,ENADIS (INEGI),Personas de 18 años o más,enadis
educacion,No sabe leer ni escribir,2017,Hombres,Sin discapacidad,Aguascalientes,30-44,674.0,26927.0,62.0,,ENADIS (INEGI),Personas de 18 años o más,enadis
educacion,No sabe leer ni escribir,2017,Hombres,Sin discapacidad,Aguascalientes,45-59,4198.0,33621.0,68.0,,ENADIS (INEGI),Personas de 18 años o más,enadis
educacion,No sabe leer ni escribir,2017,Hombres,Sin discapacidad,Aguascalientes,60+,1597.0,31157.0,94.0,,ENADIS (INEGI),Personas de 18 años o más,enadis
educacion,No sabe leer ni escribir,2017,Hombres,Sin discapacidad,Baja California,18-29,0.0,11987.0,14.0,,ENADIS (INEGI),Personas de 18 años o más,enadis
educacion,No sabe leer ni escribir,2017,Hombres,Sin discapacidad,Baja California,30-44,9647.0,79386.0,58.0,,ENADIS (INEGI),Personas de 18 años o más,enadis
educacion,No sabe leer ni escribir,2017,Hombres,Sin discapacidad,Baja California,45-59,1941.0,87961.0,54.0,,ENADIS (INEGI),Personas de 18 años o más,enadis
educacion,No sabe leer ni escribir,2017,Hombres,Sin discapacidad,Baja California,60+,16461.0,71167.0,67.0,,ENADIS (INEGI),Personas de 18 años o más,enadis
educacion,No sabe leer ni escribir,2017,Hombres,Sin discapacidad,Baja California Sur,18-29,0.0,9649.0,19.0,,ENADIS (INEGI),Personas de 18 años o más,enadis
educacion,No sabe leer ni escribir,2017,Hombres,Sin discapacidad,Baja California Sur,30-44,1605.0,21126.0,53.0,,ENADIS (INEGI),Personas de 18 años o más,enadis
educacion,No sabe leer ni escribir,2017,Hombres,Sin discapacidad,Baja California Sur,45-59,757.0,19322.0,53.0,,ENADIS (INEGI),Personas de 18 años o más,enadis
educacion,No sabe leer ni escribir,2017,Hombres,Sin discapacidad,Baja California Sur,60+,3491.0,16328.0,80.0,,ENADIS (INEGI),Personas de 18 años o más,enadis
educacion,No sabe leer ni escribir,2017,Hombres,Sin discapacidad,Campeche,18-29,3144.0,11891.0,31.0,,ENADIS (INEGI),Personas de 18 años o más,enadis
educacion,No sabe leer ni escribir,2017,Hombres,Sin discapacidad,Campeche,30-44,2463.0,19297.0,53.0,,ENADIS (INEGI),Personas de 18 años o más,enadis
educacion,No sabe leer ni escribir,2017,Hombres,Sin discapacidad,Campeche,45-59,4819.0,27781.0,68.0,,ENADIS (INEGI),Personas de 18 años o más,enadis
educacion,No sabe leer ni escribir,2017,Hombres,Sin discapacidad,Campeche,60+,6321.0,20042.0,98.0,,ENADIS (INEGI),Personas de 18 años o más,enadis
educacion,No sabe leer ni escribir,2017,Hombres,Sin discapacidad,Chiapas,18-29,16104.0,153673.0,80.0,,ENADIS (INEGI),Personas de 18 años o más,enadis
educacion,No sabe leer ni escribir,2017,Hombres,Sin discapacidad,Chiapas,30-44,41743.0,241495.0,133.0,,ENADIS (INEGI),Personas de 18 años o más,enadis
educacion,No sabe leer ni escribir,2017,Hombres,Sin discapacidad,Chiapas,45-59,33789.0,171059.0,92.0,,ENADIS (INEGI),Personas de 18 años o más,enadis
educacion,No sabe leer ni escribir,2017,Hombres,Sin discapacidad,Chiapas,60+,56834.0,147136.0,126.0,,ENADIS (INEGI),Personas de 18 años o más,enadis
educacion,No sabe leer ni escribir,2017,Hombres,Sin discapacidad,Chihuahua,18-29,5688.0,50577.0,29.0,,ENADIS (INEGI),Personas de 18 años o más,enadis
educacion,No sabe leer ni escribir,2017,Hombres,Sin discapacidad,Chihuahua,30-44,13659.0,118023.0,75.0,,ENADIS (INEGI),Personas de 18 años o más,enadis
educacion,No sabe leer ni escribir,2017,Hombres,Sin discapacidad,Chihuahua,45-59,12797.0,120767.0,75.0,,ENADIS (INEGI),Personas de 18 años o más,enadis
educacion,No sabe leer ni escribir,2017,Hombres,Sin discapacidad,Chihuahua,60+,13604.0,105275.0,101.0,,ENADIS (INEGI),Personas de 18 años o más,enadis
educacion,No sabe leer ni escribir,2017,Hombres,Sin discapacidad,Ciudad de México,18-29,0.0,22663.0,11.0,,ENADIS (INEGI),Personas de 18 años o más,enadis
educacion,No sabe leer ni escribir,2017,Hombres,Sin discapacidad,Ciudad de México,30-44,21643.0,130931.0,47.0,,ENADIS (INEGI),Personas de 18 años o más,enadis
educacion,No sabe leer ni escribir,2017,Hombres,Sin discapacidad,Ciudad de México,45-59,1510.0,68671.0,27.0,,ENADIS (INEGI),Personas de 18 años o más,enadis
educacion,No sabe leer ni escribir,2017,Hombres,Sin discapacidad,Ciudad de México,60+,9701.0,161902.0,75.0,,ENADIS (INEGI),Personas de 18 años o más,enadis
educacion,No sabe leer ni escribir,2017,Hombres,Sin discapacidad,Coahuila,18-29,0.0,14247.0,12.0,,ENADIS (INEGI),Personas de 18 años o más,enadis
educacion,No sabe leer ni escribir,2017,Hombres,Sin discapacidad,Coahuila,30-44,2800.0,49490.0,50.0,,ENADIS (INEGI),Personas de 18 años o más,enadis
educacion,No sabe leer ni escribir,2017,Hombres,Sin discapacidad,Coahuila,45-59,2314.0,61153.0,56.0,,ENADIS (INEGI),Personas de 18 años o más,enadis
educacion,No sabe leer ni escribir,2017,Hombres,Sin discapacidad,Coahuila,60+,10657.0,78262.0,112.0,,ENADIS (INEGI),Personas de 18 años o más,enadis
educacion,No sabe leer ni escribir,2017,Hombres,Sin discapacidad,Colima,18-29,575.0,6994.0,19.0,,ENADIS (INEGI),Personas de 18 años o más,enadis
educacion,No sabe leer ni escribir,2017,Hombres,Sin discapacidad,Colima,30-44,184.0,10288.0,50.0,,ENADIS (INEGI),Personas de 18 años o más,enadis
educacion,No sabe leer ni escribir,2017,Hombres,Sin discapacidad,Colima,45-59,1496.0,14026.0,47.0,,ENADIS (INEGI),Personas de 18 años o más,enadis
educacion,No sabe leer ni escribir,2017,Hombres,Sin discapacidad,Colima,60+,7473.0,27421.0,85.0,,ENADIS (INEGI),Personas de 18 años o más,enadis
educacion,No sabe leer ni escribir,2017,Hombres,Sin discapacidad,Durango,18-29,0.0,8386.0,8.0,,ENADIS (INEGI),Personas de 18 años o más,enadis
educacion,No sabe leer ni escribir,2017,Hombres,Sin discapacidad,Durango,30-44,2132.0,47652.0,63.0,,ENADIS (INEGI),Personas de 18 años o más,enadis
educacion,No sabe leer ni escribir,2017,Hombres,Sin discapacidad,Durango,45-59,6786.0,60130.0,65.0,,ENADIS (INEGI),Personas de 18 años o más,enadis
educacion,No sabe leer ni escribir,2017,Hombres,Sin discapacidad,Durango,60+,8140.0,61276.0,119.0,,ENADIS (INEGI),Personas de 18 años o más,enadis
educacion,No sabe leer ni escribir,2017,Hombres,Sin discapacidad,Guanajuato,18-29,1245.0,54844.0,98.0,,ENADIS (INEGI),Personas de 18 años o más,enadis
educacion,No sabe leer ni escribir,2017,Hombres,Sin discapacidad,Guanajuato,30-44,21288.0,173781.0,257.0,,ENADIS (INEGI),Personas de 18 años o más,enadis
educacion,No sabe leer ni escribir,2017,Hombres,Sin discapacidad,Guanajuato,45-59,11678.0,154340.0,188.0,,ENADIS (INEGI),Personas de 18 años o más,enadis
educacion,No sabe leer ni escribir,2017,Hombres,Sin discapacidad,Guanajuato,60+,44736.0,181195.0,374.0,,ENADIS (INEGI),Personas de 18 años o más,enadis
educacion,No sabe leer ni escribir,2017,Hombres,Sin discapacidad,Guerrero,18-29,7746.0,62036.0,40.0,,ENADIS (INEGI),Personas de 18 años o más,enadis
educacion,No sabe leer ni escribir,2017,Hombres,Sin discapacidad,Guerrero,30-44,24203.0,123610.0,82.0,,ENADIS (INEGI),Personas de 18 años o más,enadis
educacion,No sabe leer ni escribir,2017,Hombres,Sin discapacidad,Guerrero,45-59,28560.0,104864.0,74.0,,ENADIS (INEGI),Personas de 18 años o más,enadis
educacion,No sabe leer ni escribir,2017,Hombres,Sin discapacidad,Guerrero,60+,60390.0,120237.0,108.0,,ENADIS (INEGI),Personas de 18 años o más,enadis
educacion,No sabe leer ni escribir,2017,Hombres,Sin discapacidad,Hidalgo,18-29,3556.0,20029.0,41.0,,ENADIS (INEGI),Personas de 18 años o más,enadis
educacion,No sabe leer ni escribir,2017,Hombres,Sin discapacidad,Hidalgo,30-44,4705.0,66391.0,147.0,,ENADIS (INEGI),Personas de 18 años o más,enadis
educacion,No sabe leer ni escribir,2017,Hombres,Sin discapacidad,Hidalgo,45-59,11344.0,80092.0,163.0,,ENADIS (INEGI),Personas de 18 años o más,enadis
educacion,No sabe leer ni escribir,2017,Hombres,Sin discapacidad,Hidalgo,60+,27725.0,97351.0,312.0,,ENADIS (INEGI),Personas de 18 años o más,enadis
educacion,No sabe leer ni escribir,2017,Hombres,Sin discapacidad,Jalisco,18-29,10126.0,171183.0,43.0,,ENADIS (INEGI),Personas de 18 años o más,enadis
educacion,No sabe leer ni escribir,2017,Hombres,Sin discapacidad,Jalisco,30-44,38790.0,266077.0,71.0,,ENADIS (INEGI),Personas de 18 años o más,enadis
educacion,No sabe leer ni escribir,2017,Hombres,Sin discapacidad,Jalisco,45-59,24037.0,259685.0,81.0,,ENADIS (INEGI),Personas de 18 años o más,enadis
educacion,No sabe leer ni escribir,2017,Hombres,Sin discapacidad,Jalisco,60+,46356.0,232579.0,101.0,,ENADIS (INEGI),Personas de 18 años o más,enadis
educacion,No sabe leer ni escribir,2017,Hombres,Sin discapacidad,Michoacán,18-29,9378.0,80529.0,61.0,,ENADIS (INEGI),Personas de 18 años o más,enadis
educacion,No sabe leer ni escribir,2017,Hombres,Sin discapacidad,Michoacán,30-44,22430.0,168601.0,143.0,,ENADIS (INEGI),Personas de 18 años o más,enadis
educacion,No sabe leer ni escribir,2017,Hombres,Sin discapacidad,Michoacán,45-59,32386.0,114203.0,106.0,,ENADIS (INEGI),Personas de 18 años o más,enadis
educacion,No sabe leer ni escribir,2017,Hombres,Sin discapacidad,Michoacán,60+,38993.0,161969.0,197.0,,ENADIS (INEGI),Personas de 18 años o más,enadis
educacion,No sabe leer ni escribir,2017,Hombres,Sin discapacidad,Morelos,18-29,3216.0,19509.0,32.0,,ENADIS (INEGI),Personas de 18 años o más,enadis
educacion,No sabe leer ni escribir,2017,Hombres,Sin discapacidad,Morelos,30-44,6298.0,30465.0,78.0,,ENADIS (INEGI),Personas de 18 años o más,enadis
educacion,No sabe leer ni escribir,2017,Hombres,Sin discapacidad,Morelos,45-59,1321.0,36314.0,77.0,,ENADIS (INEGI),Personas de 18 años o más,enadis
educacion,No sabe leer ni escribir,2017,Hombres,Sin discapacidad,Morelos,60+,12505.0,61331.0,162.0,,ENADIS (INEGI),Personas de 18 años o más,enadis
educacion,No sabe leer ni escribir,2017,Hombres,Sin discapacidad,México,18-29,0.0,66046.0,15.0,,ENADIS (INEGI),Personas de 18 años o más,enadis
educacion,No sabe leer ni escribir,2017,Hombres,Sin discapacidad,México,30-44,0.0,239108.0,45.0,,ENADIS (INEGI),Personas de 18 años o más,enadis
educacion,No sabe leer ni escribir,2017,Hombres,Sin discapacidad,México,45-59,4525.0,260689.0,58.0,,ENADIS (INEGI),Personas de 18 años o más,enadis
educacion,No sabe leer ni escribir,2017,Hombres,Sin discapacidad,México,60+,48673.0,387772.0,107.0,,ENADIS (INEGI),Personas de 18 años o más,enadis
educacion,No sabe leer ni escribir,2017,Hombres,Sin discapacidad,Nayarit,18-29,0.0,12198.0,19.0,,ENADIS (INEGI),Personas de 18 años o más,enadis
educacion,No sabe leer ni escribir,2017,Hombres,Sin discapacidad,Nayarit,30-44,438.0,22688.0,48.0,,ENADIS (INEGI),Personas de 18 años o más,enadis
educacion,No sabe leer ni escribir,2017,Hombres,Sin discapacidad,Nayarit,45-59,1680.0,34014.0,55.0,,ENADIS (INEGI),Personas de 18 años o más,enadis
educacion,No sabe leer ni escribir,2017,Hombres,Sin discapacidad,Nayarit,60+,6419.0,42345.0,120.0,,ENADIS (INEGI),Personas de 18 años o más,enadis
educacion,No sabe leer ni escribir,2017,Hombres,Sin discapacidad,Nuevo León,18-29,4141.0,18434.0,16.0,,ENADIS (INEGI),Personas de 18 años o más,enadis
educacion,No sabe leer ni escribir,2017,Hombres,Sin discapacidad,Nuevo León,30-44,3329.0,77838.0,44.0,,ENADIS (INEGI),Personas de 18 años o más,enadis
educacion,No sabe leer ni escribir,2017,Hombres,Sin discapacidad,Nuevo León,45-59,8320.0,94446.0,52.0,,ENADIS (INEGI),Personas de 18 años o más,enadis
educacion,No sabe leer ni escribir,2017,Hombres,Sin discapacidad,Nuevo León,60+,25000.0,146745.0,101.0,,ENADIS (INEGI),Personas de 18 años o más,enadis
educacion,No sabe leer ni escribir,2017,Hombres,Sin discapacidad,Oaxaca,18-29,5160.0,53821.0,63.0,,ENADIS (INEGI),Personas de 18 años o más,enadis
educacion,No sabe leer ni escribir,2017,Hombres,Sin discapacidad,Oaxaca,30-44,20278.0,112701.0,126.0,,ENADIS (INEGI),Personas de 18 años o más,enadis
educacion,No sabe leer ni escribir,2017,Hombres,Sin discapacidad,Oaxaca,45-59,29203.0,152727.0,162.0,,ENADIS (INEGI),Personas de 18 años o más,enadis
educacion,No sabe leer ni escribir,2017,Hombres,Sin discapacidad,Oaxaca,60+,62671.0,193363.0,224.0,,ENADIS (INEGI),Personas de 18 años o más,enadis
educacion,No sabe leer ni escribir,2017,Hombres,Sin discapacidad,Puebla,18-29,2627.0,102182.0,41.0,,ENADIS (INEGI),Personas de 18 años o más,enadis
educacion,No sabe leer ni escribir,2017,Hombres,Sin discapacidad,Puebla,30-44,6503.0,139317.0,63.0,,ENADIS (INEGI),Personas de 18 años o más,enadis
educacion,No sabe leer ni escribir,2017,Hombres,Sin discapacidad,Puebla,45-59,27569.0,174772.0,69.0,,ENADIS (INEGI),Personas de 18 años o más,enadis
educacion,No sabe leer ni escribir,2017,Hombres,Sin discapacidad,Puebla,60+,54949.0,203946.0,116.0,,ENADIS (INEGI),Personas de 18 años o más,enadis
educacion,No sabe leer ni escribir,2017,Hombres,Sin discapacidad,Querétaro,18-29,1488.0,26820.0,20.0,,ENADIS (INEGI),Personas de 18 años o más,enadis
educacion,No sabe leer ni escribir,2017,Hombres,Sin discapacidad,Querétaro,30-44,6834.0,50462.0,57.0,,ENADIS (INEGI),Personas de 18 años o más,enadis
educacion,No sabe leer ni escribir,2017,Hombres,Sin discapacidad,Querétaro,45-59,2749.0,42200.0,47.0,,ENADIS (INEGI),Personas de 18 años o más,enadis
educacion,No sabe leer ni escribir,2017,Hombres,Sin discapacidad,Querétaro,60+,7327.0,37274.0,76.0,,ENADIS (INEGI),Personas de 18 años o más,enadis
educacion,No sabe leer ni escribir,2017,Hombres,Sin discapacidad,Quintana Roo,18-29,299.0,12458.0,26.0,,ENADIS (INEGI),Personas de 18 años o más,enadis
educacion,No sabe leer ni escribir,2017,Hombres,Sin discapacidad,Quintana Roo,30-44,4628.0,34807.0,50.0,,ENADIS (INEGI),Personas de 18 años o más,enadis
educacion,No sabe leer ni escribir,2017,Hombres,Sin discapacidad,Quintana Roo,45-59,5874.0,45667.0,55.0,,ENADIS (INEGI),Personas de 18 años o más,enadis
educacion,No sabe leer ni escribir,2017,Hombres,Sin discapacidad,Quintana Roo,60+,8680.0,32858.0,81.0,,ENADIS (INEGI),Personas de 18 años o más,enadis
educacion,No sabe leer ni escribir,2017,Hombres,Sin discapacidad,San Luis Potosí,18-29,6853.0,25779.0,26.0,,ENADIS (INEGI),Personas de 18 años o más,enadis
educacion,No sabe leer ni escribir,2017,Hombres,Sin discapacidad,San Luis Potosí,30-44,5184.0,66312.0,52.0,,ENADIS (INEGI),Personas de 18 años o más,enadis
educacion,No sabe leer ni escribir,2017,Hombres,Sin discapacidad,San Luis Potosí,45-59,8749.0,78882.0,60.0,,ENADIS (INEGI),Personas de 18 años o más,enadis
educacion,No sabe leer ni escribir,2017,Hombres,Sin discapacidad,San Luis Potosí,60+,42475.0,110193.0,133.0,,ENADIS (INEGI),Personas de 18 años o más,enadis
educacion,No sabe leer ni escribir,2017,Hombres,Sin discapacidad,Sinaloa,18-29,934.0,18174.0,18.0,,ENADIS (INEGI),Personas de 18 años o más,enadis
educacion,No sabe leer ni escribir,2017,Hombres,Sin discapacidad,Sinaloa,30-44,2222.0,74181.0,48.0,,ENADIS (INEGI),Personas de 18 años o más,enadis
educacion,No sabe leer ni escribir,2017,Hombres,Sin discapacidad,Sinaloa,45-59,4444.0,94182.0,71.0,,ENADIS (INEGI),Personas de 18 años o más,enadis
educacion,No sabe leer ni escribir,2017,Hombres,Sin discapacidad,Sinaloa,60+,19360.0,87335.0,103.0,,ENADIS (INEGI),Personas de 18 años o más,enadis
educacion,No sabe leer ni escribir,2017,Hombres,Sin discapacidad,Sonora,18-29,0.0,8956.0,8.0,,ENADIS (INEGI),Personas de 18 años o más,enadis
educacion,No sabe leer ni escribir,2017,Hombres,Sin discapacidad,Sonora,30-44,6185.0,55113.0,40.0,,ENADIS (INEGI),Personas de 18 años o más,enadis
educacion,No sabe leer ni escribir,2017,Hombres,Sin discapacidad,Sonora,45-59,4376.0,38980.0,44.0,,ENADIS (INEGI),Personas de 18 años o más,enadis
educacion,No sabe leer ni escribir,2017,Hombres,Sin discapacidad,Sonora,60+,10659.0,77344.0,91.0,,ENADIS (INEGI),Personas de 18 años o más,enadis
educacion,No sabe leer ni escribir,2017,Hombres,Sin discapacidad,Tabasco,18-29,1826.0,17425.0,21.0,,ENADIS (INEGI),Personas de 18 años o más,enadis
educacion,No sabe leer ni escribir,2017,Hombres,Sin discapacidad,Tabasco,30-44,2155.0,30447.0,72.0,,ENADIS (INEGI),Personas de 18 años o más,enadis
educacion,No sabe leer ni escribir,2017,Hombres,Sin discapacidad,Tabasco,45-59,6350.0,70325.0,109.0,,ENADIS (INEGI),Personas de 18 años o más,enadis
educacion,No sabe leer ni escribir,2017,Hombres,Sin discapacidad,Tabasco,60+,6701.0,63417.0,169.0,,ENADIS (INEGI),Personas de 18 años o más,enadis
educacion,No sabe leer ni escribir,2017,Hombres,Sin discapacidad,Tamaulipas,18-29,0.0,23322.0,15.0,,ENADIS (INEGI),Personas de 18 años o más,enadis
educacion,No sabe leer ni escribir,2017,Hombres,Sin discapacidad,Tamaulipas,30-44,1779.0,53116.0,35.0,,ENADIS (INEGI),Personas de 18 años o más,enadis
educacion,No sabe leer ni escribir,2017,Hombres,Sin discapacidad,Tamaulipas,45-59,3588.0,72911.0,52.0,,ENADIS (INEGI),Personas de 18 años o más,enadis
educacion,No sabe leer ni escribir,2017,Hombres,Sin discapacidad,Tamaulipas,60+,4747.0,104472.0,99.0,,ENADIS (INEGI),Personas de 18 años o más,enadis
educacion,No sabe leer ni escribir,2017,Hombres,Sin discapacidad,Tlaxcala,18-29,1395.0,7255.0,44.0,,ENADIS (INEGI),Personas de 18 años o más,enadis
educacion,No sabe leer ni escribir,2017,Hombres,Sin discapacidad,Tlaxcala,30-44,514.0,21728.0,140.0,,ENADIS (INEGI),Personas de 18 años o más,enadis
educacion,No sabe leer ni escribir,2017,Hombres,Sin discapacidad,Tlaxcala,45-59,2004.0,23484.0,133.0,,ENADIS (INEGI),Personas de 18 años o más,enadis
educacion,No sabe leer ni escribir,2017,Hombres,Sin discapacidad,Tlaxcala,60+,3025.0,34229.0,343.0,,ENADIS (INEGI),Personas de 18 años o más,enadis
educacion,No sabe leer ni escribir,2017,Hombres,Sin discapacidad,Veracruz,18-29,20307.0,91202.0,47.0,,ENADIS (INEGI),Personas de 18 años o más,enadis
educacion,No sabe leer ni escribir,2017,Hombres,Sin discapacidad,Veracruz,30-44,15558.0,221645.0,104.0,,ENADIS (INEGI),Personas de 18 años o más,enadis
educacion,No sabe leer ni escribir,2017,Hombres,Sin discapacidad,Veracruz,45-59,32053.0,326493.0,138.0,,ENADIS (INEGI),Personas de 18 años o más,enadis
educacion,No sabe leer ni escribir,2017,Hombres,Sin discapacidad,Veracruz,60+,61368.0,274280.0,172.0,,ENADIS (INEGI),Personas de 18 años o más,enadis
educacion,No sabe leer ni escribir,2017,Hombres,Sin discapacidad,Yucatán,18-29,1570.0,14177.0,19.0,,ENADIS (INEGI),Personas de 18 años o más,enadis
educacion,No sabe leer ni escribir,2017,Hombres,Sin discapacidad,Yucatán,30-44,6669.0,45392.0,81.0,,ENADIS (INEGI),Personas de 18 años o más,enadis
educacion,No sabe leer ni escribir,2017,Hombres,Sin discapacidad,Yucatán,45-59,13498.0,64354.0,68.0,,ENADIS (INEGI),Personas de 18 años o más,enadis
educacion,No sabe leer ni escribir,2017,Hombres,Sin discapacidad,Yucatán,60+,8660.0,56072.0,105.0,,ENADIS (INEGI),Personas de 18 años o más,enadis
educacion,No sabe leer ni escribir,2017,Hombres,Sin discapacidad,Zacatecas,18-29,512.0,15301.0,23.0,,ENADIS (INEGI),Personas de 18 años o más,enadis
educacion,No sabe leer ni escribir,2017,Hombres,Sin discapacidad,Zacatecas,30-44,4932.0,41143.0,75.0,,ENADIS (INEGI),Personas de 18 años o más,enadis
educacion,No sabe leer ni escribir,2017,Hombres,Sin discapacidad,Zacatecas,45-59,5456.0,51168.0,75.0,,ENADIS (INEGI),Personas de 18 años o más,enadis
educacion,No sabe leer ni escribir,2017,Hombres,Sin discapacidad,Zacatecas,60+,12264.0,52884.0,109.0,,ENADIS (INEGI),Personas de 18 años o más,enadis
educacion,No sabe leer ni escribir,2017,Mujeres,Con discapacidad,Aguascalientes,18-29,296.0,630.0,3.0,,ENADIS (INEGI),Personas de 18 años o más,enadis
educacion,No sabe leer ni escribir,2017,Mujeres,Con discapacidad,Aguascalientes,30-44,0.0,478.0,3.0,,ENADIS (INEGI),Personas de 18 años o más,enadis
educacion,No sabe leer ni escribir,2017,Mujeres,Con discapacidad,Aguascalientes,45-59,662.0,3168.0,11.0,,ENADIS (INEGI),Personas de 18 años o más,enadis
educacion,No sabe leer ni escribir,2017,Mujeres,Con discapacidad,Aguascalientes,60+,1824.0,13179.0,49.0,,ENADIS (INEGI),Personas de 18 años o más,enadis
educacion,No sabe leer ni escribir,2017,Mujeres,Con discapacidad,Baja California,18-29,625.0,8847.0,3.0,,ENADIS (INEGI),Personas de 18 años o más,enadis
educacion,No sabe leer ni escribir,2017,Mujeres,Con discapacidad,Baja California,30-44,2418.0,15033.0,4.0,,ENADIS (INEGI),Personas de 18 años o más,enadis
educacion,No sabe leer ni escribir,2017,Mujeres,Con discapacidad,Baja California,45-59,0.0,12631.0,11.0,,ENADIS (INEGI),Personas de 18 años o más,enadis
educacion,No sabe leer ni escribir,2017,Mujeres,Con discapacidad,Baja California,60+,12323.0,47683.0,70.0,,ENADIS (INEGI),Personas de 18 años o más,enadis
educacion,No sabe leer ni escribir,2017,Mujeres,Con discapacidad,Baja California Sur,18-29,253.0,253.0,1.0,,ENADIS (INEGI),Personas de 18 años o más,enadis
educacion,No sabe leer ni escribir,2017,Mujeres,Con discapacidad,Baja California Sur,30-44,0.0,442.0,2.0,,ENADIS (INEGI),Personas de 18 años o más,enadis
educacion,No sabe leer ni escribir,2017,Mujeres,Con discapacidad,Baja California Sur,45-59,74.0,1081.0,7.0,,ENADIS (INEGI),Personas de 18 años o más,enadis
educacion,No sabe leer ni escribir,2017,Mujeres,Con discapacidad,Baja California Sur,60+,3808.0,10886.0,58.0,,ENADIS (INEGI),Personas de 18 años o más,enadis
educacion,No sabe leer ni escribir,2017,Mujeres,Con discapacidad,Campeche,18-29,948.0,1981.0,5.0,,ENADIS (INEGI),Personas de 18 años o más,enadis
educacion,No sabe leer ni escribir,2017,Mujeres,Con discapacidad,Campeche,30-44,71.0,155.0,2.0,,ENADIS (INEGI),Personas de 18 años o más,enadis
educacion,No sabe leer ni escribir,2017,Mujeres,Con discapacidad,Campeche,45-59,133.0,2414.0,11.0,,ENADIS (INEGI),Personas de 18 años o más,enadis
educacion,No sabe leer ni escribir,2017,Mujeres,Con discapacidad,Campeche,60+,4344.0,11289.0,67.0,,ENADIS (INEGI),Personas de 18 años o más,enadis
educacion,No sabe leer ni escribir,2017,Mujeres,Con discapacidad,Chiapas,18-29,252.0,252.0,2.0,,ENADIS (INEGI),Personas de 18 años o más,enadis
educacion,No sabe leer ni escribir,2017,Mujeres,Con discapacidad,Chiapas,30-44,2625.0,2625.0,3.0,,ENADIS (INEGI),Personas de 18 años o más,enadis
educacion,No sabe leer ni escribir,2017,Mujeres,Con discapacidad,Chiapas,45-59,7405.0,12668.0,10.0,,ENADIS (INEGI),Personas de 18 años o más,enadis
educacion,No sabe leer ni escribir,2017,Mujeres,Con discapacidad,Chiapas,60+,36493.0,57714.0,63.0,,ENADIS (INEGI),Personas de 18 años o más,enadis
educacion,No sabe leer ni escribir,2017,Mujeres,Con discapacidad,Chihuahua,18-29,771.0,5265.0,3.0,,ENADIS (INEGI),Personas de 18 años o más,enadis
educacion,No sabe leer ni escribir,2017,Mujeres,Con discapacidad,Chihuahua,30-44,200.0,3913.0,3.0,,ENADIS (INEGI),Personas de 18 años o más,enadis
educacion,No sabe leer ni escribir,2017,Mujeres,Con discapacidad,Chihuahua,45-59,2588.0,6829.0,10.0,,ENADIS (INEGI),Personas de 18 años o más,enadis
educacion,No sabe leer ni escribir,2017,Mujeres,Con discapacidad,Chihuahua,60+,5184.0,36029.0,47.0,,ENADIS (INEGI),Personas de 18 años o más,enadis
educacion,No sabe leer ni escribir,2017,Mujeres,Con discapacidad,Ciudad de México,18-29,17338.0,20377.0,5.0,,ENADIS (INEGI),Personas de 18 años o más,enadis
educacion,No sabe leer ni escribir,2017,Mujeres,Con discapacidad,Ciudad de México,30-44,3352.0,11223.0,3.0,,ENADIS (INEGI),Personas de 18 años o más,enadis
educacion,No sabe leer ni escribir,2017,Mujeres,Con discapacidad,Ciudad de México,45-59,1595.0,38025.0,13.0,,ENADIS (INEGI),Personas de 18 años o más,enadis
educacion,No sabe leer ni escribir,2017,Mujeres,Con discapacidad,Ciudad de México,60+,22011.0,121397.0,64.0,,ENADIS (INEGI),Personas de 18 años o más,enadis
educacion,No sabe leer ni escribir,2017,Mujeres,Con discapacidad,Coahuila,30-44,0.0,1096.0,1.0,,ENADIS (INEGI),Personas de 18 años o más,enadis
educacion,No sabe leer ni escribir,2017,Mujeres,Con discapacidad,Coahuila,45-59,403.0,3707.0,4.0,,ENADIS (INEGI),Personas de 18 años o más,enadis
educacion,No sabe leer ni escribir,2017,Mujeres,Con discapacidad,Coahuila,60+,1575.0,11355.0,25.0,,ENADIS (INEGI),Personas de 18 años o más,enadis
educacion,No sabe leer ni escribir,2017,Mujeres,Con discapacidad,Colima,30-44,100.0,524.0,5.0,,ENADIS (INEGI),Personas de 18 años o más,enadis
educacion,No sabe leer ni escribir,2017,Mujeres,Con discapacidad,Colima,45-59,771.0,2225.0,10.0,,ENADIS (INEGI),Personas de 18 años o más,enadis
educacion,No sabe leer ni escribir,2017,Mujeres,Con discapacidad,Colima,60+,3384.0,10205.0,50.0,,ENADIS (INEGI),Personas de 18 años o más,enadis
educacion,No sabe leer ni escribir,2017,Mujeres,Con discapacidad,Durango,30-44,245.0,639.0,5.0,,ENADIS (INEGI),Personas de 18 años o más,enadis
educacion,No sabe leer ni escribir,2017,Mujeres,Con discapacidad,Durango,45-59,0.0,994.0,2.0,,ENADIS (INEGI),Personas de 18 años o más,enadis
educacion,No sabe leer ni escribir,2017,Mujeres,Con discapacidad,Durango,60+,3518.0,14582.0,37.0,,ENADIS (INEGI),Personas de 18 años o más,enadis
educacion,No sabe leer ni escribir,2017,Mujeres,Con discapacidad,Guanajuato,18-29,1383.0,1509.0,6.0,,ENADIS (INEGI),Personas de 18 años o más,enadis
educacion,No sabe leer ni escribir,2017,Mujeres,Con discapacidad,Guanajuato,30-44,1119.0,3611.0,11.0,,ENADIS (INEGI),Personas de 18 años o más,enadis
educacion,No sabe leer ni escribir,2017,Mujeres,Con discapacidad,Guanajuato,45-59,2475.0,7549.0,23.0,,ENADIS (INEGI),Personas de 18 años o más,enadis
educacion,No sabe leer ni escribir,2017,Mujeres,Con discapacidad,Guanajuato,60+,19646.0,44392.0,110.0,,ENADIS (INEGI),Personas de 18 años o más,enadis
educacion,No sabe leer ni escribir,2017,Mujeres,Con discapacidad,Guerrero,18-29,310.0,310.0,1.0,,ENADIS (INEGI),Personas de 18 años o más,enadis
educacion,No sabe leer ni escribir,2017,Mujeres,Con discapacidad,Guerrero,30-44,3207.0,3207.0,4.0,,ENADIS (INEGI),Personas de 18 años o más,enadis
educacion,No sabe leer ni escribir,2017,Mujeres,Con discapacidad,Guerrero,45-59,1137.0,1921.0,5.0,,ENADIS (INEGI),Personas de 18 años o más,enadis
educacion,No sabe leer ni escribir,2017,Mujeres,Con discapacidad,Guerrero,60+,22629.0,41263.0,66.0,,ENADIS (INEGI),Personas de 18 años o más,enadis
educacion,No sabe leer ni escribir,2017,Mujeres,Con discapacidad,Hidalgo,18-29,2091.0,3374.0,4.0,,ENADIS (INEGI),Personas de 18 años o más,enadis
educacion,No sabe leer ni escribir,2017,Mujeres,Con discapacidad,Hidalgo,30-44,1467.0,2776.0,8.0,,ENADIS (INEGI),Personas de 18 años o más,enadis
educacion,No sabe leer ni escribir,2017,Mujeres,Con discapacidad,Hidalgo,45-59,1328.0,4627.0,14.0,,ENADIS (INEGI),Personas de 18 años o más,enadis
educacion,No sabe leer ni escribir,2017,Mujeres,Con discapacidad,Hidalgo,60+,23152.0,42806.0,153.0,,ENADIS (INEGI),Personas de 18 años o más,enadis
educacion,No sabe leer ni escribir,2017,Mujeres,Con discapacidad,Jalisco,18-29,757.0,1069.0,2.0,,ENADIS (INEGI),Personas de 18 años o más,enadis
educacion,No sabe leer ni escribir,2017,Mujeres,Con discapacidad,Jalisco,30-44,1627.0,4532.0,5.0,,ENADIS (INEGI),Personas de 18 años o más,enadis
educacion,No sabe leer ni escribir,2017,Mujeres,Con discapacidad,Jalisco,45-59,2040.0,22114.0,10.0,,ENADIS (INEGI),Personas de 18 años o más,enadis
educacion,No sabe leer ni escribir,2017,Mujeres,Con discapacidad,Jalisco,60+,15302.0,99194.0,59.0,,ENADIS (INEGI),Personas de 18 años o más,enadis
educacion,No sabe leer ni escribir,2017,Mujeres,Con discapacidad,Michoacán,18-29,1921.0,3372.0,3.0,,ENADIS (INEGI),Personas de 18 años o más,enadis
educacion,No sabe leer ni escribir,2017,Mujeres,Con discapacidad,Michoacán,30-44,6648.0,13028.0,7.0,,ENADIS (INEGI),Personas de 18 años o más,enadis
educacion,No sabe leer ni escribir,2017,Mujeres,Con discapacidad,Michoacán,45-59,7320.0,16724.0,18.0,,ENADIS (INEGI),Personas de 18 años o más,enadis
educacion,No sabe leer ni escribir,2017,Mujeres,Con discapacidad,Michoacán,60+,32162.0,79382.0,104.0,,ENADIS (INEGI),Personas de 18 años o más,enadis
educacion,No sabe leer ni escribir,2017,Mujeres,Con discapacidad,Morelos,18-29,174.0,174.0,1.0,,ENADIS (INEGI),Personas de 18 años o más,enadis
educacion,No sabe leer ni escribir,2017,Mujeres,Con discapacidad,Morelos,30-44,1640.0,2613.0,7.0,,ENADIS (INEGI),Personas de 18 años o más,enadis
educacion,No sabe leer ni escribir,2017,Mujeres,Con discapacidad,Morelos,45-59,1564.0,5801.0,12.0,,ENADIS (INEGI),Personas de 18 años o más,enadis
educacion,No sabe leer ni escribir,2017,Mujeres,Con discapacidad,Morelos,60+,15526.0,34903.0,89.0,,ENADIS (INEGI),Personas de 18 años o más,enadis
educacion,No sabe leer ni escribir,2017,Mujeres,Con discapacidad,México,18-29,37491.0,39552.0,4.0,,ENADIS (INEGI),Personas de 18 años o más,enadis
educacion,No sabe leer ni escribir,2017,Mujeres,Con discapacidad,México,30-44,0.0,5816.0,2.0,,ENADIS (INEGI),Personas de 18 años o más,enadis
educacion,No sabe leer ni escribir,2017,Mujeres,Con discapacidad,México,45-59,4441.0,12845.0,7.0,,ENADIS (INEGI),Personas de 18 años o más,enadis
educacion,No sabe leer ni escribir,2017,Mujeres,Con discapacidad,México,60+,40922.0,181834.0,62.0,,ENADIS (INEGI),Personas de 18 años o más,enadis
educacion,No sabe leer ni escribir,2017,Mujeres,Con discapacidad,Nayarit,18-29,97.0,97.0,1.0,,ENADIS (INEGI),Personas de 18 años o más,enadis
educacion,No sabe leer ni escribir,2017,Mujeres,Con discapacidad,Nayarit,30-44,745.0,1298.0,4.0,,ENADIS (INEGI),Personas de 18 años o más,enadis
educacion,No sabe leer ni escribir,2017,Mujeres,Con discapacidad,Nayarit,45-59,4074.0,9536.0,12.0,,ENADIS (INEGI),Personas de 18 años o más,enadis
educacion,No sabe leer ni escribir,2017,Mujeres,Con discapacidad,Nayarit,60+,891.0,13178.0,62.0,,ENADIS (INEGI),Personas de 18 años o más,enadis
educacion,No sabe leer ni escribir,2017,Mujeres,Con discapacidad,Nuevo León,30-44,2676.0,2676.0,3.0,,ENADIS (INEGI),Personas de 18 años o más,enadis
educacion,No sabe leer ni escribir,2017,Mujeres,Con discapacidad,Nuevo León,45-59,1297.0,18304.0,14.0,,ENADIS (INEGI),Personas de 18 años o más,enadis
educacion,No sabe leer ni escribir,2017,Mujeres,Con discapacidad,Nuevo León,60+,10495.0,60967.0,51.0,,ENADIS (INEGI),Personas de 18 años o más,enadis
educacion,No sabe leer ni escribir,2017,Mujeres,Con discapacidad,Oaxaca,18-29,4838.0,6010.0,4.0,,ENADIS (INEGI),Personas de 18 años o más,enadis
educacion,No sabe leer ni escribir,2017,Mujeres,Con discapacidad,Oaxaca,30-44,1356.0,5268.0,7.0,,ENADIS (INEGI),Personas de 18 años o más,enadis
educacion,No sabe leer ni escribir,2017,Mujeres,Con discapacidad,Oaxaca,45-59,1564.0,9319.0,12.0,,ENADIS (INEGI),Personas de 18 años o más,enadis
educacion,No sabe leer ni escribir,2017,Mujeres,Con discapacidad,Oaxaca,60+,22044.0,42256.0,73.0,,ENADIS (INEGI),Personas de 18 años o más,enadis
educacion,No sabe leer ni escribir,2017,Mujeres,Con discapacidad,Puebla,18-29,1034.0,1186.0,2.0,,ENADIS (INEGI),Personas de 18 años o más,enadis
educacion,No sabe leer ni escribir,2017,Mujeres,Con discapacidad,Puebla,30-44,354.0,354.0,1.0,,ENADIS (INEGI),Personas de 18 años o más,enadis
educacion,No sabe leer ni escribir,2017,Mujeres,Con discapacidad,Puebla,45-59,2859.0,12765.0,10.0,,ENADIS (INEGI),Personas de 18 años o más,enadis
educacion,No sabe leer ni escribir,2017,Mujeres,Con discapacidad,Puebla,60+,33329.0,61636.0,58.0,,ENADIS (INEGI),Personas de 18 años o más,enadis
educacion,No sabe leer ni escribir,2017,Mujeres,Con discapacidad,Querétaro,30-44,5547.0,9903.0,4.0,,ENADIS (INEGI),Personas de 18 años o más,enadis
educacion,No sabe leer ni escribir,2017,Mujeres,Con discapacidad,Querétaro,45-59,726.0,1736.0,4.0,,ENADIS (INEGI),Personas de 18 años o más,enadis
educacion,No sabe leer ni escribir,2017,Mujeres,Con discapacidad,Querétaro,60+,18006.0,34510.0,59.0,,ENADIS (INEGI),Personas de 18 años o más,enadis
educacion,No sabe leer ni escribir,2017,Mujeres,Con discapacidad,Quintana Roo,30-44,78.0,387.0,3.0,,ENADIS (INEGI),Personas de 18 años o más,enadis
educacion,No sabe leer ni escribir,2017,Mujeres,Con discapacidad,Quintana Roo,45-59,1730.0,6164.0,14.0,,ENADIS (INEGI),Personas de 18 años o más,enadis
educacion,No sabe leer ni escribir,2017,Mujeres,Con discapacidad,Quintana Roo,60+,5427.0,15491.0,40.0,,ENADIS (INEGI),Personas de 18 años o más,enadis
educacion,No sabe leer ni escribir,2017,Mujeres,Con discapacidad,San Luis Potosí,18-29,2882.0,3052.0,4.0,,ENADIS (INEGI),Personas de 18 años o más,enadis
educacion,No sabe leer ni escribir,2017,Mujeres,Con discapacidad,San Luis Potosí,30-44,1605.0,4319.0,3.0,,ENADIS (INEGI),Personas de 18 años o más,enadis
educacion,No sabe leer ni escribir,2017,Mujeres,Con discapacidad,San Luis Potosí,45-59,4295.0,5183.0,5.0,,ENADIS (INEGI),Personas de 18 años o más,enadis
educacion,No sabe leer ni escribir,2017,Mujeres,Con discapacidad,San Luis Potosí,60+,8977.0,34810.0,49.0,,ENADIS (INEGI),Personas de 18 años o más,enadis
educacion,No sabe leer ni escribir,2017,Mujeres,Con discapacidad,Sinaloa,18-29,0.0,214.0,1.0,,ENADIS (INEGI),Personas de 18 años o más,enadis
educacion,No sabe leer ni escribir,2017,Mujeres,Con discapacidad,Sinaloa,30-44,923.0,3614.0,5.0,,ENADIS (INEGI),Personas de 18 años o más,enadis
educacion,No sabe leer ni escribir,2017,Mujeres,Con discapacidad,Sinaloa,45-59,5394.0,7045.0,5.0,,ENADIS (INEGI),Personas de 18 años o más,enadis
educacion,No sabe leer ni escribir,2017,Mujeres,Con discapacidad,Sinaloa,60+,14763.0,38897.0,44.0,,ENADIS (INEGI),Personas de 18 años o más,enadis
educacion,No sabe leer ni escribir,2017,Mujeres,Con discapacidad,Sonora,18-29,935.0,935.0,1.0,,ENADIS (INEGI),Personas de 18 años o más,enadis
educacion,No sabe leer ni escribir,2017,Mujeres,Con discapacidad,Sonora,30-44,2893.0,5235.0,4.0,,ENADIS (INEGI),Personas de 18 años o más,enadis
educacion,No sabe leer ni escribir,2017,Mujeres,Con discapacidad,Sonora,45-59,469.0,4335.0,4.0,,ENADIS (INEGI),Personas de 18 años o más,enadis
educacion,No sabe leer ni escribir,2017,Mujeres,Con discapacidad,Sonora,60+,3674.0,27076.0,45.0,,ENADIS (INEGI),Personas de 18 años o más,enadis
educacion,No sabe leer ni escribir,2017,Mujeres,Con discapacidad,Tabasco,18-29,342.0,476.0,3.0,,ENADIS (INEGI),Personas de 18 años o más,enadis
educacion,No sabe leer ni escribir,2017,Mujeres,Con discapacidad,Tabasco,30-44,961.0,2310.0,7.0,,ENADIS (INEGI),Personas de 18 años o más,enadis
educacion,No sabe leer ni escribir,2017,Mujeres,Con discapacidad,Tabasco,45-59,1706.0,11581.0,16.0,,ENADIS (INEGI),Personas de 18 años o más,enadis
educacion,No sabe leer ni escribir,2017,Mujeres,Con discapacidad,Tabasco,60+,11685.0,32032.0,97.0,,ENADIS (INEGI),Personas de 18 años o más,enadis
educacion,No sabe leer ni escribir,2017,Mujeres,Con discapacidad,Tamaulipas,18-29,4446.0,8225.0,4.0,,ENADIS (INEGI),Personas de 18 años o más,enadis
educacion,No sabe leer ni escribir,2017,Mujeres,Con discapacidad,Tamaulipas,30-44,8516.0,9279.0,6.0,,ENADIS (INEGI),Personas de 18 años o más,enadis
educacion,No sabe leer ni escribir,2017,Mujeres,Con discapacidad,Tamaulipas,45-59,327.0,3080.0,7.0,,ENADIS (INEGI),Personas de 18 años o más,enadis
educacion,No sabe leer ni escribir,2017,Mujeres,Con discapacidad,Tamaulipas,60+,14551.0,63908.0,76.0,,ENADIS (INEGI),Personas de 18 años o más,enadis
educacion,No sabe leer ni escribir,2017,Mujeres,Con discapacidad,Tlaxcala,18-29,0.0,80.0,2.0,,ENADIS (INEGI),Personas de 18 años o más,enadis
educacion,No sabe leer ni escribir,2017,Mujeres,Con discapacidad,Tlaxcala,30-44,467.0,1083.0,9.0,,ENADIS (INEGI),Personas de 18 años o más,enadis
educacion,No sabe leer ni escribir,2017,Mujeres,Con discapacidad,Tlaxcala,45-59,488.0,2244.0,21.0,,ENADIS (INEGI),Personas de 18 años o más,enadis
educacion,No sabe leer ni escribir,2017,Mujeres,Con discapacidad,Tlaxcala,60+,4546.0,11426.0,119.0,,ENADIS (INEGI),Personas de 18 años o más,enadis
educacion,No sabe leer ni escribir,2017,Mujeres,Con discapacidad,Veracruz,18-29,104.0,104.0,1.0,,ENADIS (INEGI),Personas de 18 años o más,enadis
educacion,No sabe leer ni escribir,2017,Mujeres,Con discapacidad,Veracruz,30-44,621.0,9344.0,7.0,,ENADIS (INEGI),Personas de 18 años o más,enadis
educacion,No sabe leer ni escribir,2017,Mujeres,Con discapacidad,Veracruz,45-59,14595.0,36867.0,20.0,,ENADIS (INEGI),Personas de 18 años o más,enadis
educacion,No sabe leer ni escribir,2017,Mujeres,Con discapacidad,Veracruz,60+,42444.0,117098.0,95.0,,ENADIS (INEGI),Personas de 18 años o más,enadis
educacion,No sabe leer ni escribir,2017,Mujeres,Con discapacidad,Yucatán,18-29,1579.0,1825.0,2.0,,ENADIS (INEGI),Personas de 18 años o más,enadis
educacion,No sabe leer ni escribir,2017,Mujeres,Con discapacidad,Yucatán,30-44,662.0,921.0,4.0,,ENADIS (INEGI),Personas de 18 años o más,enadis
educacion,No sabe leer ni escribir,2017,Mujeres,Con discapacidad,Yucatán,45-59,3233.0,8081.0,15.0,,ENADIS (INEGI),Personas de 18 años o más,enadis
educacion,No sabe leer ni escribir,2017,Mujeres,Con discapacidad,Yucatán,60+,7135.0,39902.0,91.0,,ENADIS (INEGI),Personas de 18 años o más,enadis
educacion,No sabe leer ni escribir,2017,Mujeres,Con discapacidad,Zacatecas,18-29,123.0,262.0,2.0,,ENADIS (INEGI),Personas de 18 años o más,enadis
educacion,No sabe leer ni escribir,2017,Mujeres,Con discapacidad,Zacatecas,30-44,853.0,3839.0,4.0,,ENADIS (INEGI),Personas de 18 años o más,enadis
educacion,No sabe leer ni escribir,2017,Mujeres,Con discapacidad,Zacatecas,45-59,1166.0,5935.0,13.0,,ENADIS (INEGI),Personas de 18 años o más,enadis
educacion,No sabe leer ni escribir,2017,Mujeres,Con discapacidad,Zacatecas,60+,7576.0,35963.0,86.0,,ENADIS (INEGI),Personas de 18 años o más,enadis
educacion,No sabe leer ni escribir,2017,Mujeres,Sin discapacidad,Aguascalientes,18-29,1128.0,9349.0,19.0,,ENADIS (INEGI),Personas de 18 años o más,enadis
educacion,No sabe leer ni escribir,2017,Mujeres,Sin discapacidad,Aguascalientes,30-44,0.0,18766.0,49.0,,ENADIS (INEGI),Personas de 18 años o más,enadis
educacion,No sabe leer ni escribir,2017,Mujeres,Sin discapacidad,Aguascalientes,45-59,1805.0,40109.0,99.0,,ENADIS (INEGI),Personas de 18 años o más,enadis
educacion,No sabe leer ni escribir,2017,Mujeres,Sin discapacidad,Aguascalientes,60+,3932.0,37733.0,123.0,,ENADIS (INEGI),Personas de 18 años o más,enadis
educacion,No sabe leer ni escribir,2017,Mujeres,Sin discapacidad,Baja California,18-29,0.0,24833.0,10.0,,ENADIS (INEGI),Personas de 18 años o más,enadis
educacion,No sabe leer ni escribir,2017,Mujeres,Sin discapacidad,Baja California,30-44,5251.0,79470.0,59.0,,ENADIS (INEGI),Personas de 18 años o más,enadis
educacion,No sabe leer ni escribir,2017,Mujeres,Sin discapacidad,Baja California,45-59,10954.0,93173.0,56.0,,ENADIS (INEGI),Personas de 18 años o más,enadis
educacion,No sabe leer ni escribir,2017,Mujeres,Sin discapacidad,Baja California,60+,6329.0,62789.0,91.0,,ENADIS (INEGI),Personas de 18 años o más,enadis
educacion,No sabe leer ni escribir,2017,Mujeres,Sin discapacidad,Baja California Sur,18-29,0.0,5766.0,9.0,,ENADIS (INEGI),Personas de 18 años o más,enadis
educacion,No sabe leer ni escribir,2017,Mujeres,Sin discapacidad,Baja California Sur,30-44,1737.0,11699.0,31.0,,ENADIS (INEGI),Personas de 18 años o más,enadis
educacion,No sabe leer ni escribir,2017,Mujeres,Sin discapacidad,Baja California Sur,45-59,2969.0,26850.0,63.0,,ENADIS (INEGI),Personas de 18 años o más,enadis
educacion,No sabe leer ni escribir,2017,Mujeres,Sin discapacidad,Baja California Sur,60+,2021.0,18332.0,104.0,,ENADIS (INEGI),Personas de 18 años o más,enadis
educacion,No sabe leer ni escribir,2017,Mujeres,Sin discapacidad,Campeche,18-29,3830.0,13662.0,24.0,,ENADIS (INEGI),Personas de 18 años o más,enadis
educacion,No sabe leer ni escribir,2017,Mujeres,Sin discapacidad,Campeche,30-44,4350.0,24806.0,61.0,,ENADIS (INEGI),Personas de 18 años o más,enadis
educacion,No sabe leer ni escribir,2017,Mujeres,Sin discapacidad,Campeche,45-59,3387.0,26731.0,90.0,,ENADIS (INEGI),Personas de 18 años o más,enadis
educacion,No sabe leer ni escribir,2017,Mujeres,Sin discapacidad,Campeche,60+,8770.0,28338.0,133.0,,ENADIS (INEGI),Personas de 18 años o más,enadis
educacion,No sabe leer ni escribir,2017,Mujeres,Sin discapacidad,Chiapas,18-29,26136.0,226389.0,108.0,,ENADIS (INEGI),Personas de 18 años o más,enadis
educacion,No sabe leer ni escribir,2017,Mujeres,Sin discapacidad,Chiapas,30-44,83796.0,305793.0,184.0,,ENADIS (INEGI),Personas de 18 años o más,enadis
educacion,No sabe leer ni escribir,2017,Mujeres,Sin discapacidad,Chiapas,45-59,87701.0,235080.0,140.0,,ENADIS (INEGI),Personas de 18 años o más,enadis
educacion,No sabe leer ni escribir,2017,Mujeres,Sin discapacidad,Chiapas,60+,85602.0,165303.0,146.0,,ENADIS (INEGI),Personas de 18 años o más,enadis
educacion,No sabe leer ni escribir,2017,Mujeres,Sin discapacidad,Chihuahua,18-29,0.0,23086.0,21.0,,ENADIS (INEGI),Personas de 18 años o más,enadis
educacion,No sabe leer ni escribir,2017,Mujeres,Sin discapacidad,Chihuahua,30-44,4685.0,61519.0,51.0,,ENADIS (INEGI),Personas de 18 años o más,enadis
educacion,No sabe leer ni escribir,2017,Mujeres,Sin discapacidad,Chihuahua,45-59,15790.0,123552.0,73.0,,ENADIS (INEGI),Personas de 18 años o más,enadis
educacion,No sabe leer ni escribir,2017,Mujeres,Sin discapacidad,Chihuahua,60+,2038.0,118543.0,118.0,,ENADIS (INEGI),Personas de 18 años o más,enadis
educacion,No sabe leer ni escribir,2017,Mujeres,Sin discapacidad,Ciudad de México,18-29,0.0,15600.0,7.0,,ENADIS (INEGI),Personas de 18 años o más,enadis
educacion,No sabe leer ni escribir,2017,Mujeres,Sin discapacidad,Ciudad de México,30-44,17668.0,66636.0,36.0,,ENADIS (INEGI),Personas de 18 años o más,enadis
educacion,No sabe leer ni escribir,2017,Mujeres,Sin discapacidad,Ciudad de México,45-59,5682.0,112230.0,57.0,,ENADIS (INEGI),Personas de 18 años o más,enadis
educacion,No sabe leer ni escribir,2017,Mujeres,Sin discapacidad,Ciudad de México,60+,41244.0,268186.0,136.0,,ENADIS (INEGI),Personas de 18 años o más,enadis
educacion,No sabe leer ni escribir,2017,Mujeres,Sin discapacidad,Coahuila,18-29,0.0,9261.0,8.0,,ENADIS (INEGI),Personas de 18 años o más,enadis
educacion,No sabe leer ni escribir,2017,Mujeres,Sin discapacidad,Coahuila,30-44,568.0,31862.0,47.0,,ENADIS (INEGI),Personas de 18 años o más,enadis
educacion,No sabe leer ni escribir,2017,Mujeres,Sin discapacidad,Coahuila,45-59,4011.0,84891.0,84.0,,ENADIS (INEGI),Personas de 18 años o más,enadis
educacion,No sabe leer ni escribir,2017,Mujeres,Sin discapacidad,Coahuila,60+,8786.0,124147.0,160.0,,ENADIS (INEGI),Personas de 18 años o más,enadis
educacion,No sabe leer ni escribir,2017,Mujeres,Sin discapacidad,Colima,18-29,700.0,4406.0,12.0,,ENADIS (INEGI),Personas de 18 años o más,enadis
educacion,No sabe leer ni escribir,2017,Mujeres,Sin discapacidad,Colima,30-44,1044.0,14673.0,52.0,,ENADIS (INEGI),Personas de 18 años o más,enadis
educacion,No sabe leer ni escribir,2017,Mujeres,Sin discapacidad,Colima,45-59,285.0,18480.0,54.0,,ENADIS (INEGI),Personas de 18 años o más,enadis
educacion,No sabe leer ni escribir,2017,Mujeres,Sin discapacidad,Colima,60+,2967.0,21072.0,107.0,,ENADIS (INEGI),Personas de 18 años o más,enadis
educacion,No sabe leer ni escribir,2017,Mujeres,Sin discapacidad,Durango,18-29,135.0,14370.0,14.0,,ENADIS (INEGI),Personas de 18 años o más,enadis
educacion,No sabe leer ni escribir,2017,Mujeres,Sin discapacidad,Durango,30-44,625.0,27423.0,44.0,,ENADIS (INEGI),Personas de 18 años o más,enadis
educacion,No sabe leer ni escribir,2017,Mujeres,Sin discapacidad,Durango,45-59,1571.0,53868.0,78.0,,ENADIS (INEGI),Personas de 18 años o más,enadis
educacion,No sabe leer ni escribir,2017,Mujeres,Sin discapacidad,Durango,60+,6592.0,69324.0,162.0,,ENADIS (INEGI),Personas de 18 años o más,enadis
educacion,No sabe leer ni escribir,2017,Mujeres,Sin discapacidad,Guanajuato,18-29,3859.0,76473.0,91.0,,ENADIS (INEGI),Personas de 18 años o más,enadis
educacion,No sabe leer ni escribir,2017,Mujeres,Sin discapacidad,Guanajuato,30-44,6651.0,188178.0,278.0,,ENADIS (INEGI),Personas de 18 años o más,enadis
educacion,No sabe leer ni escribir,2017,Mujeres,Sin discapacidad,Guanajuato,45-59,34368.0,216192.0,283.0,,ENADIS (INEGI),Personas de 18 años o más,enadis
educacion,No sabe leer ni escribir,2017,Mujeres,Sin discapacidad,Guanajuato,60+,82343.0,239427.0,485.0,,ENADIS (INEGI),Personas de 18 años o más,enadis
educacion,No sabe leer ni escribir,2017,Mujeres,Sin discapacidad,Guerrero,18-29,17127.0,74839.0,47.0,,ENADIS (INEGI),Personas de 18 años o más,enadis
educacion,No sabe leer ni escribir,2017,Mujeres,Sin discapacidad,Guerrero,30-44,52505.0,152397.0,103.0,,ENADIS (INEGI),Personas de 18 años o más,enadis
educacion,No sabe leer ni escribir,2017,Mujeres,Sin discapacidad,Guerrero,45-59,41298.0,137145.0,108.0,,ENADIS (INEGI),Personas de 18 años o más,enadis
educacion,No sabe leer ni escribir,2017,Mujeres,Sin discapacidad,Guerrero,60+,85559.0,158591.0,155.0,,ENADIS (INEGI),Personas de 18 años o más,enadis
educacion,No sabe leer ni escribir,2017,Mujeres,Sin discapacidad,Hidalgo,18-29,493.0,16243.0,31.0,,ENADIS (INEGI),Personas de 18 años o más,enadis
educacion,No sabe leer ni escribir,2017,Mujeres,Sin discapacidad,Hidalgo,30-44,11878.0,77030.0,172.0,,ENADIS (INEGI),Personas de 18 años o más,enadis
educacion,No sabe leer ni escribir,2017,Mujeres,Sin discapacidad,Hidalgo,45-59,39978.0,114357.0,264.0,,ENADIS (INEGI),Personas de 18 años o más,enadis
educacion,No sabe leer ni escribir,2017,Mujeres,Sin discapacidad,Hidalgo,60+,45357.0,103573.0,376.0,,ENADIS (INEGI),Personas de 18 años o más,enadis
educacion,No sabe leer ni escribir,2017,Mujeres,Sin discapacidad,Jalisco,18-29,0.0,96434.0,28.0,,ENADIS (INEGI),Personas de 18 años o más,enadis
educacion,No sabe leer ni escribir,2017,Mujeres,Sin discapacidad,Jalisco,30-44,13113.0,102862.0,52.0,,ENADIS (INEGI),Personas de 18 años o más,enadis
educacion,No sabe leer ni escribir,2017,Mujeres,Sin discapacidad,Jalisco,45-59,59965.0,273176.0,95.0,,ENADIS (INEGI),Personas de 18 años o más,enadis
educacion,No sabe leer ni escribir,2017,Mujeres,Sin discapacidad,Jalisco,60+,58983.0,275678.0,137.0,,ENADIS (INEGI),Personas de 18 años o más,enadis
educacion,No sabe leer ni escribir,2017,Mujeres,Sin discapacidad,Michoacán,18-29,0.0,69444.0,54.0,,ENADIS (INEGI),Personas de 18 años o más,enadis
educacion,No sabe leer ni escribir,2017,Mujeres,Sin discapacidad,Michoacán,30-44,11615.0,193628.0,170.0,,ENADIS (INEGI),Personas de 18 años o más,enadis
educacion,No sabe leer ni escribir,2017,Mujeres,Sin discapacidad,Michoacán,45-59,23202.0,185598.0,180.0,,ENADIS (INEGI),Personas de 18 años o más,enadis
educacion,No sabe leer ni escribir,2017,Mujeres,Sin discapacidad,Michoacán,60+,64451.0,183286.0,240.0,,ENADIS (INEGI),Personas de 18 años o más,enadis
educacion,No sabe leer ni escribir,2017,Mujeres,Sin discapacidad,Morelos,18-29,1616.0,12186.0,29.0,,ENADIS (INEGI),Personas de 18 años o más,enadis
educacion,No sabe leer ni escribir,2017,Mujeres,Sin discapacidad,Morelos,30-44,6587.0,34914.0,77.0,,ENADIS (INEGI),Personas de 18 años o más,enadis
educacion,No sabe leer ni escribir,2017,Mujeres,Sin discapacidad,Morelos,45-59,11938.0,55559.0,121.0,,ENADIS (INEGI),Personas de 18 años o más,enadis
educacion,No sabe leer ni escribir,2017,Mujeres,Sin discapacidad,Morelos,60+,19798.0,69140.0,232.0,,ENADIS (INEGI),Personas de 18 años o más,enadis
educacion,No sabe leer ni escribir,2017,Mujeres,Sin discapacidad,México,18-29,0.0,82592.0,23.0,,ENADIS (INEGI),Personas de 18 años o más,enadis
educacion,No sabe leer ni escribir,2017,Mujeres,Sin discapacidad,México,30-44,11321.0,287269.0,53.0,,ENADIS (INEGI),Personas de 18 años o más,enadis
educacion,No sabe leer ni escribir,2017,Mujeres,Sin discapacidad,México,45-59,26590.0,485302.0,101.0,,ENADIS (INEGI),Personas de 18 años o más,enadis
educacion,No sabe leer ni escribir,2017,Mujeres,Sin discapacidad,México,60+,59148.0,433253.0,136.0,,ENADIS (INEGI),Personas de 18 años o más,enadis
educacion,No sabe leer ni escribir,2017,Mujeres,Sin discapacidad,Nayarit,18-29,70.0,2369.0,7.0,,ENADIS (INEGI),Personas de 18 años o más,enadis
educacion,No sabe leer ni escribir,2017,Mujeres,Sin discapacidad,Nayarit,30-44,5104.0,24304.0,53.0,,ENADIS (INEGI),Personas de 18 años o más,enadis
educacion,No sabe leer ni escribir,2017,Mujeres,Sin discapacidad,Nayarit,45-59,3546.0,30198.0,50.0,,ENADIS (INEGI),Personas de 18 años o más,enadis
educacion,No sabe leer ni escribir,2017,Mujeres,Sin discapacidad,Nayarit,60+,12479.0,53051.0,149.0,,ENADIS (INEGI),Personas de 18 años o más,enadis
educacion,No sabe leer ni escribir,2017,Mujeres,Sin discapacidad,Nuevo León,18-29,0.0,20755.0,15.0,,ENADIS (INEGI),Personas de 18 años o más,enadis
educacion,No sabe leer ni escribir,2017,Mujeres,Sin discapacidad,Nuevo León,30-44,2148.0,103879.0,48.0,,ENADIS (INEGI),Personas de 18 años o más,enadis
educacion,No sabe leer ni escribir,2017,Mujeres,Sin discapacidad,Nuevo León,45-59,2984.0,100059.0,62.0,,ENADIS (INEGI),Personas de 18 años o más,enadis
educacion,No sabe leer ni escribir,2017,Mujeres,Sin discapacidad,Nuevo León,60+,24956.0,177639.0,125.0,,ENADIS (INEGI),Personas de 18 años o más,enadis
educacion,No sabe leer ni escribir,2017,Mujeres,Sin discapacidad,Oaxaca,18-29,1737.0,60820.0,80.0,,ENADIS (INEGI),Personas de 18 años o más,enadis
educacion,No sabe leer ni escribir,2017,Mujeres,Sin discapacidad,Oaxaca,30-44,20862.0,163868.0,190.0,,ENADIS (INEGI),Personas de 18 años o más,enadis
educacion,No sabe leer ni escribir,2017,Mujeres,Sin discapacidad,Oaxaca,45-59,81264.0,227761.0,246.0,,ENADIS (INEGI),Personas de 18 años o más,enadis
educacion,No sabe leer ni escribir,2017,Mujeres,Sin discapacidad,Oaxaca,60+,123974.0,237660.0,297.0,,ENADIS (INEGI),Personas de 18 años o más,enadis
educacion,No sabe leer ni escribir,2017,Mujeres,Sin discapacidad,Puebla,18-29,5129.0,52938.0,29.0,,ENADIS (INEGI),Personas de 18 años o más,enadis
educacion,No sabe leer ni escribir,2017,Mujeres,Sin discapacidad,Puebla,30-44,9189.0,185133.0,95.0,,ENADIS (INEGI),Personas de 18 años o más,enadis
educacion,No sabe leer ni escribir,2017,Mujeres,Sin discapacidad,Puebla,45-59,51149.0,221084.0,88.0,,ENADIS (INEGI),Personas de 18 años o más,enadis
educacion,No sabe leer ni escribir,2017,Mujeres,Sin discapacidad,Puebla,60+,111720.0,317168.0,195.0,,ENADIS (INEGI),Personas de 18 años o más,enadis
educacion,No sabe leer ni escribir,2017,Mujeres,Sin discapacidad,Querétaro,18-29,2732.0,16222.0,18.0,,ENADIS (INEGI),Personas de 18 años o más,enadis
educacion,No sabe leer ni escribir,2017,Mujeres,Sin discapacidad,Querétaro,30-44,2178.0,57095.0,57.0,,ENADIS (INEGI),Personas de 18 años o más,enadis
educacion,No sabe leer ni escribir,2017,Mujeres,Sin discapacidad,Querétaro,45-59,5022.0,56013.0,73.0,,ENADIS (INEGI),Personas de 18 años o más,enadis
educacion,No sabe leer ni escribir,2017,Mujeres,Sin discapacidad,Querétaro,60+,15042.0,49931.0,110.0,,ENADIS (INEGI),Personas de 18 años o más,enadis
educacion,No sabe leer ni escribir,2017,Mujeres,Sin discapacidad,Quintana Roo,18-29,1597.0,18029.0,22.0,,ENADIS (INEGI),Personas de 18 años o más,enadis
educacion,No sabe leer ni escribir,2017,Mujeres,Sin discapacidad,Quintana Roo,30-44,2162.0,56581.0,80.0,,ENADIS (INEGI),Personas de 18 años o más,enadis
educacion,No sabe leer ni escribir,2017,Mujeres,Sin discapacidad,Quintana Roo,45-59,10319.0,44105.0,77.0,,ENADIS (INEGI),Personas de 18 años o más,enadis
educacion,No sabe leer ni escribir,2017,Mujeres,Sin discapacidad,Quintana Roo,60+,8062.0,36718.0,99.0,,ENADIS (INEGI),Personas de 18 años o más,enadis
educacion,No sabe leer ni escribir,2017,Mujeres,Sin discapacidad,San Luis Potosí,18-29,179.0,33921.0,18.0,,ENADIS (INEGI),Personas de 18 años o más,enadis
educacion,No sabe leer ni escribir,2017,Mujeres,Sin discapacidad,San Luis Potosí,30-44,7800.0,60602.0,64.0,,ENADIS (INEGI),Personas de 18 años o más,enadis
educacion,No sabe leer ni escribir,2017,Mujeres,Sin discapacidad,San Luis Potosí,45-59,26583.0,98381.0,86.0,,ENADIS (INEGI),Personas de 18 años o más,enadis
educacion,No sabe leer ni escribir,2017,Mujeres,Sin discapacidad,San Luis Potosí,60+,24396.0,99613.0,164.0,,ENADIS (INEGI),Personas de 18 años o más,enadis
educacion,No sabe leer ni escribir,2017,Mujeres,Sin discapacidad,Sinaloa,18-29,0.0,8254.0,10.0,,ENADIS (INEGI),Personas de 18 años o más,enadis
educacion,No sabe leer ni escribir,2017,Mujeres,Sin discapacidad,Sinaloa,30-44,3750.0,50727.0,45.0,,ENADIS (INEGI),Personas de 18 años o más,enadis
educacion,No sabe leer ni escribir,2017,Mujeres,Sin discapacidad,Sinaloa,45-59,6905.0,100910.0,84.0,,ENADIS (INEGI),Personas de 18 años o más,enadis
educacion,No sabe leer ni escribir,2017,Mujeres,Sin discapacidad,Sinaloa,60+,20684.0,126839.0,159.0,,ENADIS (INEGI),Personas de 18 años o más,enadis
educacion,No sabe leer ni escribir,2017,Mujeres,Sin discapacidad,Sonora,18-29,0.0,4207.0,6.0,,ENADIS (INEGI),Personas de 18 años o más,enadis
educacion,No sabe leer ni escribir,2017,Mujeres,Sin discapacidad,Sonora,30-44,2693.0,43052.0,35.0,,ENADIS (INEGI),Personas de 18 años o más,enadis
educacion,No sabe leer ni escribir,2017,Mujeres,Sin discapacidad,Sonora,45-59,3129.0,53054.0,49.0,,ENADIS (INEGI),Personas de 18 años o más,enadis
educacion,No sabe leer ni escribir,2017,Mujeres,Sin discapacidad,Sonora,60+,5267.0,129041.0,139.0,,ENADIS (INEGI),Personas de 18 años o más,enadis
educacion,No sabe leer ni escribir,2017,Mujeres,Sin discapacidad,Tabasco,18-29,3271.0,23937.0,35.0,,ENADIS (INEGI),Personas de 18 años o más,enadis
educacion,No sabe leer ni escribir,2017,Mujeres,Sin discapacidad,Tabasco,30-44,3828.0,75133.0,114.0,,ENADIS (INEGI),Personas de 18 años o más,enadis
educacion,No sabe leer ni escribir,2017,Mujeres,Sin discapacidad,Tabasco,45-59,13509.0,83151.0,132.0,,ENADIS (INEGI),Personas de 18 años o más,enadis
educacion,No sabe leer ni escribir,2017,Mujeres,Sin discapacidad,Tabasco,60+,22118.0,75802.0,227.0,,ENADIS (INEGI),Personas de 18 años o más,enadis
educacion,No sabe leer ni escribir,2017,Mujeres,Sin discapacidad,Tamaulipas,18-29,0.0,7911.0,11.0,,ENADIS (INEGI),Personas de 18 años o más,enadis
educacion,No sabe leer ni escribir,2017,Mujeres,Sin discapacidad,Tamaulipas,30-44,770.0,47295.0,37.0,,ENADIS (INEGI),Personas de 18 años o más,enadis
educacion,No sabe leer ni escribir,2017,Mujeres,Sin discapacidad,Tamaulipas,45-59,6534.0,69805.0,62.0,,ENADIS (INEGI),Personas de 18 años o más,enadis
educacion,No sabe leer ni escribir,2017,Mujeres,Sin discapacidad,Tamaulipas,60+,11169.0,114004.0,130.0,,ENADIS (INEGI),Personas de 18 años o más,enadis
educacion,No sabe leer ni escribir,2017,Mujeres,Sin discapacidad,Tlaxcala,18-29,91.0,8646.0,52.0,,ENADIS (INEGI),Personas de 18 años o más,enadis
educacion,No sabe leer ni escribir,2017,Mujeres,Sin discapacidad,Tlaxcala,30-44,703.0,25190.0,169.0,,ENADIS (INEGI),Personas de 18 años o más,enadis
educacion,No sabe leer ni escribir,2017,Mujeres,Sin discapacidad,Tlaxcala,45-59,4565.0,40940.0,244.0,,ENADIS (INEGI),Personas de 18 años o más,enadis
educacion,No sabe leer ni escribir,2017,Mujeres,Sin discapacidad,Tlaxcala,60+,10111.0,46032.0,505.0,,ENADIS (INEGI),Personas de 18 años o más,enadis
educacion,No sabe leer ni escribir,2017,Mujeres,Sin discapacidad,Veracruz,18-29,12939.0,102481.0,43.0,,ENADIS (INEGI),Personas de 18 años o más,enadis
educacion,No sabe leer ni escribir,2017,Mujeres,Sin discapacidad,Veracruz,30-44,53806.0,327254.0,139.0,,ENADIS (INEGI),Personas de 18 años o más,enadis
educacion,No sabe leer ni escribir,2017,Mujeres,Sin discapacidad,Veracruz,45-59,123561.0,424801.0,189.0,,ENADIS (INEGI),Personas de 18 años o más,enadis
educacion,No sabe leer ni escribir,2017,Mujeres,Sin discapacidad,Veracruz,60+,112260.0,330932.0,258.0,,ENADIS (INEGI),Personas de 18 años o más,enadis
educacion,No sabe leer ni escribir,2017,Mujeres,Sin discapacidad,Yucatán,18-29,615.0,19730.0,23.0,,ENADIS (INEGI),Personas de 18 años o más,enadis
educacion,No sabe leer ni escribir,2017,Mujeres,Sin discapacidad,Yucatán,30-44,5587.0,68985.0,86.0,,ENADIS (INEGI),Personas de 18 años o más,enadis
educacion,No sabe leer ni escribir,2017,Mujeres,Sin discapacidad,Yucatán,45-59,6331.0,63732.0,81.0,,ENADIS (INEGI),Personas de 18 años o más,enadis
educacion,No sabe leer ni escribir,2017,Mujeres,Sin discapacidad,Yucatán,60+,22946.0,68997.0,115.0,,ENADIS (INEGI),Personas de 18 años o más,enadis
educacion,No sabe leer ni escribir,2017,Mujeres,Sin discapacidad,Zacatecas,18-29,864.0,6982.0,18.0,,ENADIS (INEGI),Personas de 18 años o más,enadis
educacion,No sabe leer ni escribir,2017,Mujeres,Sin discapacidad,Zacatecas,30-44,3751.0,36505.0,65.0,,ENADIS (INEGI),Personas de 18 años o más,enadis
educacion,No sabe leer ni escribir,2017,Mujeres,Sin discapacidad,Zacatecas,45-59,3361.0,39765.0,69.0,,ENADIS (INEGI),Personas de 18 años o más,enadis
educacion,No sabe leer ni escribir,2017,Mujeres,Sin discapacidad,Zacatecas,60+,5135.0,46507.0,120.0,,ENADIS (INEGI),Personas de 18 años o más,enadis
trabajo,Población ocupada,2017,Hombres,Con discapacidad,Aguascalientes,18-29,981.0,3055.0,7.0,,ENADIS (INEGI),Personas de 18 años o más,enadis
trabajo,Población ocupada,2017,Hombres,Con discapacidad,Aguascalientes,30-44,1991.0,2444.0,9.0,,ENADIS (INEGI),Personas de 18 años o más,enadis
trabajo,Población ocupada,2017,Hombres,Con discapacidad,Aguascalientes,45-59,2365.0,3620.0,7.0,,ENADIS (INEGI),Personas de 18 años o más,enadis
trabajo,Población ocupada,2017,Hombres,Con discapacidad,Aguascalientes,60+,1259.0,8354.0,36.0,,ENADIS (INEGI),Personas de 18 años o más,enadis
trabajo,Población ocupada,2017,Hombres,Con discapacidad,Baja California,18-29,1942.0,7441.0,8.0,,ENADIS (INEGI),Personas de 18 años o más,enadis
trabajo,Población ocupada,2017,Hombres,Con discapacidad,Baja California,30-44,2626.0,8918.0,10.0,,ENADIS (INEGI),Personas de 18 años o más,enadis
trabajo,Población ocupada,2017,Hombres,Con discapacidad,Baja California,45-59,7333.0,14887.0,15.0,,ENADIS (INEGI),Personas de 18 años o más,enadis
trabajo,Población ocupada,2017,Hombres,Con discapacidad,Baja California,60+,11953.0,43382.0,56.0,,ENADIS (INEGI),Personas de 18 años o más,enadis
trabajo,Población ocupada,2017,Hombres,Con discapacidad,Baja California Sur,18-29,45.0,1629.0,6.0,,ENADIS (INEGI),Personas de 18 años o más,enadis
trabajo,Población ocupada,2017,Hombres,Con discapacidad,Baja California Sur,30-44,2034.0,2746.0,6.0,,ENADIS (INEGI),Personas de 18 años o más,enadis
trabajo,Población ocupada,2017,Hombres,Con discapacidad,Baja California Sur,45-59,1550.0,4151.0,13.0,,ENADIS (INEGI),Personas de 18 años o más,enadis
trabajo,Población ocupada,2017,Hombres,Con discapacidad,Baja California Sur,60+,1354.0,9764.0,53.0,,ENADIS (INEGI),Personas de 18 años o más,enadis
trabajo,Población ocupada,2017,Hombres,Con discapacidad,Campeche,18-29,426.0,2554.0,8.0,,ENADIS (INEGI),Personas de 18 años o más,enadis
trabajo,Población ocupada,2017,Hombres,Con discapacidad,Campeche,30-44,1570.0,3248.0,7.0,,ENADIS (INEGI),Personas de 18 años o más,enadis
trabajo,Población ocupada,2017,Hombres,Con discapacidad,Campeche,45-59,1847.0,4856.0,17.0,,ENADIS (INEGI),Personas de 18 años o más,enadis
trabajo,Población ocupada,2017,Hombres,Con discapacidad,Campeche,60+,1580.0,10610.0,53.0,,ENADIS (INEGI),Personas de 18 años o más,enadis
trabajo,Población ocupada,2017,Hombres,Con discapacidad,Chiapas,18-29,403.0,9167.0,7.0,,ENADIS (INEGI),Personas de 18 años o más,enadis
trabajo,Población ocupada,2017,Hombres,Con discapacidad,Chiapas,30-44,3908.0,7017.0,6.0,,ENADIS (INEGI),Personas de 18 años o más,enadis
trabajo,Población ocupada,2017,Hombres,Con discapacidad,Chiapas,45-59,8641.0,15265.0,10.0,,ENADIS (INEGI),Personas de 18 años o más,enadis
trabajo,Población ocupada,2017,Hombres,Con discapacidad,Chiapas,60+,16048.0,32426.0,41.0,,ENADIS (INEGI),Personas de 18 años o más,enadis
trabajo,Población ocupada,2017,Hombres,Con discapacidad,Chihuahua,18-29,2137.0,10421.0,5.0,,ENADIS (INEGI),Personas de 18 años o más,enadis
trabajo,Población ocupada,2017,Hombres,Con discapacidad,Chihuahua,30-44,5837.0,7215.0,7.0,,ENADIS (INEGI),Personas de 18 años o más,enadis
trabajo,Población ocupada,2017,Hombres,Con discapacidad,Chihuahua,45-59,2736.0,8382.0,7.0,,ENADIS (INEGI),Personas de 18 años o más,enadis
trabajo,Población ocupada,2017,Hombres,Con discapacidad,Chihuahua,60+,1553.0,29290.0,36.0,,ENADIS (INEGI),Personas de 18 años o más,enadis
trabajo,Población ocupada,2017,Hombres,Con discapacidad,Ciudad de México,18-29,5014.0,9954.0,5.0,,ENADIS (INEGI),Personas de 18 años o más,enadis
trabajo,Población ocupada,2017,Hombres,Con discapacidad,Ciudad de México,30-44,8106.0,8106.0,3.0,,ENADIS (INEGI),Personas de 18 años o más,enadis
trabajo,Población ocupada,2017,Hombres,Con discapacidad,Ciudad de México,45-59,28012.0,44941.0,15.0,,ENADIS (INEGI),Personas de 18 años o más,enadis
trabajo,Población ocupada,2017,Hombres,Con discapacidad,Ciudad de México,60+,19278.0,115501.0,57.0,,ENADIS (INEGI),Personas de 18 años o más,enadis
trabajo,Población ocupada,2017,Hombres,Con discapacidad,Coahuila,18-29,0.0,1957.0,4.0,,ENADIS (INEGI),Personas de 18 años o más,enadis
trabajo,Población ocupada,2017,Hombres,Con discapacidad,Coahuila,30-44,982.0,6216.0,6.0,,ENADIS (INEGI),Personas de 18 años o más,enadis
trabajo,Población ocupada,2017,Hombres,Con discapacidad,Coahuila,45-59,0.0,2845.0,2.0,,ENADIS (INEGI),Personas de 18 años o más,enadis
trabajo,Población ocupada,2017,Hombres,Con discapacidad,Coahuila,60+,1538.0,21356.0,31.0,,ENADIS (INEGI),Personas de 18 años o más,enadis
trabajo,Población ocupada,2017,Hombres,Con discapacidad,Colima,18-29,86.0,949.0,7.0,,ENADIS (INEGI),Personas de 18 años o más,enadis
trabajo,Población ocupada,2017,Hombres,Con discapacidad,Colima,30-44,1041.0,1786.0,10.0,,ENADIS (INEGI),Personas de 18 años o más,enadis
trabajo,Población ocupada,2017,Hombres,Con discapacidad,Colima,45-59,1132.0,3790.0,12.0,,ENADIS (INEGI),Personas de 18 años o más,enadis
trabajo,Población ocupada,2017,Hombres,Con discapacidad,Colima,60+,357.0,7061.0,40.0,,ENADIS (INEGI),Personas de 18 años o más,enadis
trabajo,Población ocupada,2017,Hombres,Con discapacidad,Durango,18-29,151.0,1057.0,3.0,,ENADIS (INEGI),Personas de 18 años o más,enadis
trabajo,Población ocupada,2017,Hombres,Con discapacidad,Durango,30-44,3929.0,4185.0,10.0,,ENADIS (INEGI),Personas de 18 años o más,enadis
trabajo,Población ocupada,2017,Hombres,Con discapacidad,Durango,45-59,736.0,5215.0,8.0,,ENADIS (INEGI),Personas de 18 años o más,enadis
trabajo,Población ocupada,2017,Hombres,Con discapacidad,Durango,60+,797.0,11352.0,31.0,,ENADIS (INEGI),Personas de 18 años o más,enadis
trabajo,Población ocupada,2017,Hombres,Con discapacidad,Guanajuato,18-29,133.0,8674.0,13.0,,ENADIS (INEGI),Personas de 18 años o más,enadis
trabajo,Población ocupada,2017,Hombres,Con discapacidad,Guanajuato,30-44,4966.0,7178.0,21.0,,ENADIS (INEGI),Personas de 18 años o más,enadis
trabajo,Población ocupada,2017,Hombres,Con discapacidad,Guanajuato,45-59,4717.0,13429.0,14.0,,ENADIS (INEGI),Personas de 18 años o más,enadis
trabajo,Población ocupada,2017,Hombres,Con discapacidad,Guanajuato,60+,3634.0,33649.0,78.0,,ENADIS (INEGI),Personas de 18 años o más,enadis
trabajo,Población ocupada,2017,Hombres,Con discapacidad,Guerrero,18-29,1659.0,10951.0,7.0,,ENADIS (INEGI),Personas de 18 años o más,enadis
trabajo,Población ocupada,2017,Hombres,Con discapacidad,Guerrero,30-44,0.0,5555.0,8.0,,ENADIS (INEGI),Personas de 18 años o más,enadis
trabajo,Población ocupada,2017,Hombres,Con discapacidad,Guerrero,45-59,6033.0,14500.0,11.0,,ENADIS (INEGI),Personas de 18 años o más,enadis
trabajo,Población ocupada,2017,Hombres,Con discapacidad,Guerrero,60+,10892.0,47067.0,55.0,,ENADIS (INEGI),Personas de 18 años o más,enadis
trabajo,Población ocupada,2017,Hombres,Con discapacidad,Hidalgo,18-29,4072.0,10137.0,20.0,,ENADIS (INEGI),Personas de 18 años o más,enadis
trabajo,Población ocupada,2017,Hombres,Con discapacidad,Hidalgo,30-44,8491.0,12400.0,30.0,,ENADIS (INEGI),Personas de 18 años o más,enadis
trabajo,Población ocupada,2017,Hombres,Con discapacidad,Hidalgo,45-59,6741.0,14206.0,34.0,,ENADIS (INEGI),Personas de 18 años o más,enadis
trabajo,Población ocupada,2017,Hombres,Con discapacidad,Hidalgo,60+,5705.0,31285.0,114.0,,ENADIS (INEGI),Personas de 18 años o más,enadis
trabajo,Población ocupada,2017,Hombres,Con discapacidad,Jalisco,18-29,5532.0,9006.0,5.0,,ENADIS (INEGI),Personas de 18 años o más,enadis
trabajo,Población ocupada,2017,Hombres,Con discapacidad,Jalisco,30-44,1836.0,17199.0,7.0,,ENADIS (INEGI),Personas de 18 años o más,enadis
trabajo,Población ocupada,2017,Hombres,Con discapacidad,Jalisco,45-59,26060.0,35253.0,17.0,,ENADIS (INEGI),Personas de 18 años o más,enadis
trabajo,Población ocupada,2017,Hombres,Con discapacidad,Jalisco,60+,32957.0,153670.0,39.0,,ENADIS (INEGI),Personas de 18 años o más,enadis
trabajo,Población ocupada,2017,Hombres,Con discapacidad,Michoacán,18-29,911.0,15395.0,10.0,,ENADIS (INEGI),Personas de 18 años o más,enadis
trabajo,Población ocupada,2017,Hombres,Con discapacidad,Michoacán,30-44,12225.0,17093.0,16.0,,ENADIS (INEGI),Personas de 18 años o más,enadis
trabajo,Población ocupada,2017,Hombres,Con discapacidad,Michoacán,45-59,3412.0,9698.0,15.0,,ENADIS (INEGI),Personas de 18 años o más,enadis
trabajo,Población ocupada,2017,Hombres,Con discapacidad,Michoacán,60+,20964.0,70181.0,82.0,,ENADIS (INEGI),Personas de 18 años o más,enadis
trabajo,Población ocupada,2017,Hombres,Con discapacidad,Morelos,18-29,2926.0,4735.0,10.0,,ENADIS (INEGI),Personas de 18 años o más,enadis
trabajo,Población ocupada,2017,Hombres,Con discapacidad,Morelos,30-44,2357.0,6416.0,16.0,,ENADIS (INEGI),Personas de 18 años o más,enadis
trabajo,Población ocupada,2017,Hombres,Con discapacidad,Morelos,45-59,4207.0,6045.0,15.0,,ENADIS (INEGI),Personas de 18 años o más,enadis
trabajo,Población ocupada,2017,Hombres,Con discapacidad,Morelos,60+,6214.0,23367.0,70.0,,ENADIS (INEGI),Personas de 18 años o más,enadis
trabajo,Población ocupada,2017,Hombres,Con discapacidad,México,18-29,7690.0,30679.0,11.0,,ENADIS (INEGI),Personas de 18 años o más,enadis
trabajo,Población ocupada,2017,Hombres,Con discapacidad,México,30-44,25558.0,58820.0,12.0,,ENADIS (INEGI),Personas de 18 años o más,enadis
trabajo,Población ocupada,2017,Hombres,Con discapacidad,México,45-59,4994.0,11942.0,7.0,,ENADIS (INEGI),Personas de 18 años o más,enadis
trabajo,Población ocupada,2017,Hombres,Con discapacidad,México,60+,50386.0,151140.0,51.0,,ENADIS (INEGI),Personas de 18 años o más,enadis
trabajo,Población ocupada,2017,Hombres,Con discapacidad,Nayarit,18-29,1491.0,1630.0,5.0,,ENADIS (INEGI),Personas de 18 años o más,enadis
trabajo,Población ocupada,2017,Hombres,Con discapacidad,Nayarit,30-44,905.0,2049.0,11.0,,ENADIS (INEGI),Personas de 18 años o más,enadis
trabajo,Población ocupada,2017,Hombres,Con discapacidad,Nayarit,45-59,448.0,2246.0,5.0,,ENADIS (INEGI),Personas de 18 años o más,enadis
trabajo,Población ocupada,2017,Hombres,Con discapacidad,Nayarit,60+,2905.0,12028.0,46.0,,ENADIS (INEGI),Personas de 18 años o más,enadis
trabajo,Población ocupada,2017,Hombres,Con discapacidad,Nuevo León,18-29,0.0,4258.0,4.0,,ENADIS (INEGI),Personas de 18 años o más,enadis
trabajo,Población ocupada,2017,Hombres,Con discapacidad,Nuevo León,30-44,821.0,4438.0,4.0,,ENADIS (INEGI),Personas de 18 años o más,enadis
trabajo,Población ocupada,2017,Hombres,Con discapacidad,Nuevo León,45-59,5411.0,9661.0,7.0,,ENADIS (INEGI),Personas de 18 años o más,enadis
trabajo,Población ocupada,2017,Hombres,Con discapacidad,Nuevo León,60+,12930.0,69959.0,46.0,,ENADIS (INEGI),Personas de 18 años o más,enadis
trabajo,Población ocupada,2017,Hombres,Con discapacidad,Oaxaca,18-29,408.0,11422.0,11.0,,ENADIS (INEGI),Personas de 18 años o más,enadis
trabajo,Población ocupada,2017,Hombres,Con discapacidad,Oaxaca,30-44,4740.0,15372.0,18.0,,ENADIS (INEGI),Personas de 18 años o más,enadis
trabajo,Población ocupada,2017,Hombres,Con discapacidad,Oaxaca,45-59,4339.0,11793.0,13.0,,ENADIS (INEGI),Personas de 18 años o más,enadis
trabajo,Población ocupada,2017,Hombres,Con discapacidad,Oaxaca,60+,11377.0,40622.0,56.0,,ENADIS (INEGI),Personas de 18 años o más,enadis
trabajo,Población ocupada,2017,Hombres,Con discapacidad,Puebla,18-29,565.0,25083.0,10.0,,ENADIS (INEGI),Personas de 18 años o más,enadis
trabajo,Población ocupada,2017,Hombres,Con discapacidad,Puebla,30-44,645.0,16415.0,7.0,,ENADIS (INEGI),Personas de 18 años o más,enadis
trabajo,Población ocupada,2017,Hombres,Con discapacidad,Puebla,45-59,8300.0,11716.0,5.0,,ENADIS (INEGI),Personas de 18 años o más,enadis
trabajo,Población ocupada,2017,Hombres,Con discapacidad,Puebla,60+,9592.0,60405.0,47.0,,ENADIS (INEGI),Personas de 18 años o más,enadis
trabajo,Población ocupada,2017,Hombres,Con discapacidad,Querétaro,18-29,271.0,3243.0,5.0,,ENADIS (INEGI),Personas de 18 años o más,enadis
trabajo,Población ocupada,2017,Hombres,Con discapacidad,Querétaro,30-44,3619.0,4394.0,7.0,,ENADIS (INEGI),Personas de 18 años o más,enadis
trabajo,Población ocupada,2017,Hombres,Con discapacidad,Querétaro,45-59,9959.0,12421.0,10.0,,ENADIS (INEGI),Personas de 18 años o más,enadis
trabajo,Población ocupada,2017,Hombres,Con discapacidad,Querétaro,60+,1992.0,18270.0,43.0,,ENADIS (INEGI),Personas de 18 años o más,enadis
trabajo,Población ocupada,2017,Hombres,Con discapacidad,Quintana Roo,18-29,3251.0,7406.0,6.0,,ENADIS (INEGI),Personas de 18 años o más,enadis
trabajo,Población ocupada,2017,Hombres,Con discapacidad,Quintana Roo,30-44,6634.0,9314.0,13.0,,ENADIS (INEGI),Personas de 18 años o más,enadis
trabajo,Población ocupada,2017,Hombres,Con discapacidad,Quintana Roo,45-59,2072.0,4719.0,8.0,,ENADIS (INEGI),Personas de 18 años o más,enadis
trabajo,Población ocupada,2017,Hombres,Con discapacidad,Quintana Roo,60+,3492.0,9196.0,25.0,,ENADIS (INEGI),Personas de 18 años o más,enadis
trabajo,Población ocupada,2017,Hombres,Con discapacidad,San Luis Potosí,18-29,410.0,2327.0,4.0,,ENADIS (INEGI),Personas de 18 años o más,enadis
trabajo,Población ocupada,2017,Hombres,Con discapacidad,San Luis Potosí,30-44,2170.0,7073.0,10.0,,ENADIS (INEGI),Personas de 18 años o más,enadis
trabajo,Población ocupada,2017,Hombres,Con discapacidad,San Luis Potosí,45-59,1723.0,3231.0,6.0,,ENADIS (INEGI),Personas de 18 años o más,enadis
trabajo,Población ocupada,2017,Hombres,Con discapacidad,San Luis Potosí,60+,3078.0,28082.0,36.0,,ENADIS (INEGI),Personas de 18 años o más,enadis
trabajo,Población ocupada,2017,Hombres,Con discapacidad,Sinaloa,18-29,412.0,1635.0,4.0,,ENADIS (INEGI),Personas de 18 años o más,enadis
trabajo,Población ocupada,2017,Hombres,Con discapacidad,Sinaloa,30-44,1488.0,10607.0,6.0,,ENADIS (INEGI),Personas de 18 años o más,enadis
trabajo,Población ocupada,2017,Hombres,Con discapacidad,Sinaloa,45-59,2012.0,4639.0,8.0,,ENADIS (INEGI),Personas de 18 años o más,enadis
trabajo,Población ocupada,2017,Hombres,Con discapacidad,Sinaloa,60+,3725.0,21573.0,28.0,,ENADIS (INEGI),Personas de 18 años o más,enadis
trabajo,Población ocupada,2017,Hombres,Con discapacidad,Sonora,18-29,3489.0,3489.0,4.0,,ENADIS (INEGI),Personas de 18 años o más,enadis
trabajo,Población ocupada,2017,Hombres,Con discapacidad,Sonora,30-44,347.0,3597.0,5.0,,ENADIS (INEGI),Personas de 18 años o más,enadis
trabajo,Población ocupada,2017,Hombres,Con discapacidad,Sonora,45-59,114.0,1820.0,4.0,,ENADIS (INEGI),Personas de 18 años o más,enadis
trabajo,Población ocupada,2017,Hombres,Con discapacidad,Sonora,60+,1389.0,28740.0,34.0,,ENADIS (INEGI),Personas de 18 años o más,enadis
trabajo,Población ocupada,2017,Hombres,Con discapacidad,Tabasco,18-29,1100.0,6028.0,8.0,,ENADIS (INEGI),Personas de 18 años o más,enadis
trabajo,Población ocupada,2017,Hombres,Con discapacidad,Tabasco,30-44,867.0,7400.0,15.0,,ENADIS (INEGI),Personas de 18 años o más,enadis
trabajo,Población ocupada,2017,Hombres,Con discapacidad,Tabasco,45-59,6341.0,7994.0,19.0,,ENADIS (INEGI),Personas de 18 años o más,enadis
trabajo,Población ocupada,2017,Hombres,Con discapacidad,Tabasco,60+,5973.0,31291.0,86.0,,ENADIS (INEGI),Personas de 18 años o más,enadis
trabajo,Población ocupada,2017,Hombres,Con discapacidad,Tamaulipas,18-29,1911.0,9830.0,7.0,,ENADIS (INEGI),Personas de 18 años o más,enadis
trabajo,Población ocupada,2017,Hombres,Con discapacidad,Tamaulipas,30-44,780.0,10959.0,11.0,,ENADIS (INEGI),Personas de 18 años o más,enadis
trabajo,Población ocupada,2017,Hombres,Con discapacidad,Tamaulipas,45-59,2410.0,12639.0,9.0,,ENADIS (INEGI),Personas de 18 años o más,enadis
trabajo,Población ocupada,2017,Hombres,Con discapacidad,Tamaulipas,60+,8108.0,51229.0,56.0,,ENADIS (INEGI),Personas de 18 años o más,enadis
trabajo,Población ocupada,2017,Hombres,Con discapacidad,Tlaxcala,18-29,1120.0,2753.0,24.0,,ENADIS (INEGI),Personas de 18 años o más,enadis
trabajo,Población ocupada,2017,Hombres,Con discapacidad,Tlaxcala,30-44,1425.0,2504.0,27.0,,ENADIS (INEGI),Personas de 18 años o más,enadis
trabajo,Población ocupada,2017,Hombres,Con discapacidad,Tlaxcala,45-59,2317.0,3160.0,19.0,,ENADIS (INEGI),Personas de 18 años o más,enadis
trabajo,Población ocupada,2017,Hombres,Con discapacidad,Tlaxcala,60+,2496.0,13533.0,123.0,,ENADIS (INEGI),Personas de 18 años o más,enadis
trabajo,Población ocupada,2017,Hombres,Con discapacidad,Veracruz,18-29,3831.0,21469.0,9.0,,ENADIS (INEGI),Personas de 18 años o más,enadis
trabajo,Población ocupada,2017,Hombres,Con discapacidad,Veracruz,30-44,4874.0,14199.0,14.0,,ENADIS (INEGI),Personas de 18 años o más,enadis
trabajo,Población ocupada,2017,Hombres,Con discapacidad,Veracruz,45-59,20573.0,39300.0,15.0,,ENADIS (INEGI),Personas de 18 años o más,enadis
trabajo,Población ocupada,2017,Hombres,Con discapacidad,Veracruz,60+,17787.0,89514.0,68.0,,ENADIS (INEGI),Personas de 18 años o más,enadis
trabajo,Población ocupada,2017,Hombres,Con discapacidad,Yucatán,18-29,1388.0,5863.0,7.0,,ENADIS (INEGI),Personas de 18 años o más,enadis
trabajo,Población ocupada,2017,Hombres,Con discapacidad,Yucatán,30-44,4338.0,6706.0,11.0,,ENADIS (INEGI),Personas de 18 años o más,enadis
trabajo,Población ocupada,2017,Hombres,Con discapacidad,Yucatán,45-59,5433.0,7556.0,13.0,,ENADIS (INEGI),Personas de 18 años o más,enadis
trabajo,Población ocupada,2017,Hombres,Con discapacidad,Yucatán,60+,10136.0,44047.0,76.0,,ENADIS (INEGI),Personas de 18 años o más,enadis
trabajo,Población ocupada,2017,Hombres,Con discapacidad,Zacatecas,18-29,61.0,2455.0,8.0,,ENADIS (INEGI),Personas de 18 años o más,enadis
trabajo,Población ocupada,2017,Hombres,Con discapacidad,Zacatecas,30-44,2199.0,3382.0,12.0,,ENADIS (INEGI),Personas de 18 años o más,enadis
trabajo,Población ocupada,2017,Hombres,Con discapacidad,Zacatecas,45-59,7213.0,9232.0,15.0,,ENADIS (INEGI),Personas de 18 años o más,enadis
trabajo,Población ocupada,2017,Hombres,Con discapacidad,Zacatecas,60+,11065.0,25651.0,68.0,,ENADIS (INEGI),Personas de 18 años o más,enadis
trabajo,Población ocupada,2017,Hombres,Sin discapacidad,Aguascalientes,18-29,105365.0,145503.0,327.0,,ENADIS (INEGI),Personas de 18 años o más,enadis
trabajo,Población ocupada,2017,Hombres,Sin discapacidad,Aguascalientes,30-44,99964.0,110473.0,315.0,,ENADIS (INEGI),Personas de 18 años o más,enadis
trabajo,Población ocupada,2017,Hombres,Sin discapacidad,Aguascalientes,45-59,86354.0,93075.0,211.0,,ENADIS (INEGI),Personas de 18 años o más,enadis
trabajo,Población ocupada,2017,Hombres,Sin discapacidad,Aguascalientes,60+,25532.0,54676.0,187.0,,ENADIS (INEGI),Personas de 18 años o más,enadis
trabajo,Población ocupada,2017,Hombres,Sin discapacidad,Baja California,18-29,223930.0,280330.0,204.0,,ENADIS (INEGI),Personas de 18 años o más,enadis
trabajo,Población ocupada,2017,Hombres,Sin discapacidad,Baja California,30-44,388174.0,404966.0,322.0,,ENADIS (INEGI),Personas de 18 años o más,enadis
trabajo,Población ocupada,2017,Hombres,Sin discapacidad,Baja California,45-59,215400.0,228079.0,162.0,,ENADIS (INEGI),Personas de 18 años o más,enadis
trabajo,Población ocupada,2017,Hombres,Sin discapacidad,Baja California,60+,50670.0,126184.0,132.0,,ENADIS (INEGI),Personas de 18 años o más,enadis
trabajo,Población ocupada,2017,Hombres,Sin discapacidad,Baja California Sur,18-29,60729.0,80983.0,260.0,,ENADIS (INEGI),Personas de 18 años o más,enadis
trabajo,Población ocupada,2017,Hombres,Sin discapacidad,Baja California Sur,30-44,93810.0,104229.0,364.0,,ENADIS (INEGI),Personas de 18 años o más,enadis
trabajo,Población ocupada,2017,Hombres,Sin discapacidad,Baja California Sur,45-59,61533.0,70486.0,222.0,,ENADIS (INEGI),Personas de 18 años o más,enadis
trabajo,Población ocupada,2017,Hombres,Sin discapacidad,Baja California Sur,60+,12702.0,31178.0,177.0,,ENADIS (INEGI),Personas de 18 años o más,enadis
trabajo,Población ocupada,2017,Hombres,Sin discapacidad,Campeche,18-29,63063.0,91907.0,297.0,,ENADIS (INEGI),Personas de 18 años o más,enadis
trabajo,Población ocupada,2017,Hombres,Sin discapacidad,Campeche,30-44,80887.0,87342.0,341.0,,ENADIS (INEGI),Personas de 18 años o más,enadis
trabajo,Población ocupada,2017,Hombres,Sin discapacidad,Campeche,45-59,69173.0,74167.0,228.0,,ENADIS (INEGI),Personas de 18 años o más,enadis
trabajo,Población ocupada,2017,Hombres,Sin discapacidad,Campeche,60+,17824.0,33856.0,184.0,,ENADIS (INEGI),Personas de 18 años o más,enadis
trabajo,Población ocupada,2017,Hombres,Sin discapacidad,Chiapas,18-29,392591.0,498985.0,309.0,,ENADIS (INEGI),Personas de 18 años o más,enadis
trabajo,Población ocupada,2017,Hombres,Sin discapacidad,Chiapas,30-44,469172.0,491008.0,368.0,,ENADIS (INEGI),Personas de 18 años o más,enadis
trabajo,Población ocupada,2017,Hombres,Sin discapacidad,Chiapas,45-59,268027.0,298154.0,200.0,,ENADIS (INEGI),Personas de 18 años o más,enadis
trabajo,Población ocupada,2017,Hombres,Sin discapacidad,Chiapas,60+,133628.0,181258.0,181.0,,ENADIS (INEGI),Personas de 18 años o más,enadis
trabajo,Población ocupada,2017,Hombres,Sin discapacidad,Chihuahua,18-29,333789.0,408858.0,287.0,,ENADIS (INEGI),Personas de 18 años o más,enadis
trabajo,Población ocupada,2017,Hombres,Sin discapacidad,Chihuahua,30-44,385914.0,406001.0,335.0,,ENADIS (INEGI),Personas de 18 años o más,enadis
trabajo,Población ocupada,2017,Hombres,Sin discapacidad,Chihuahua,45-59,262994.0,271099.0,215.0,,ENADIS (INEGI),Personas de 18 años o más,enadis
trabajo,Población ocupada,2017,Hombres,Sin discapacidad,Chihuahua,60+,87538.0,151294.0,164.0,,ENADIS (INEGI),Personas de 18 años o más,enadis
trabajo,Población ocupada,2017,Hombres,Sin discapacidad,Ciudad de México,18-29,477105.0,776314.0,240.0,,ENADIS (INEGI),Personas de 18 años o más,enadis
trabajo,Población ocupada,2017,Hombres,Sin discapacidad,Ciudad de México,30-44,1005504.0,1050628.0,373.0,,ENADIS (INEGI),Personas de 18 años o más,enadis
trabajo,Población ocupada,2017,Hombres,Sin discapacidad,Ciudad de México,45-59,627443.0,698071.0,228.0,,ENADIS (INEGI),Personas de 18 años o más,enadis
trabajo,Población ocupada,2017,Hombres,Sin discapacidad,Ciudad de México,60+,240290.0,479504.0,194.0,,ENADIS (INEGI),Personas de 18 años o más,enadis
trabajo,Población ocupada,2017,Hombres,Sin discapacidad,Coahuila,18-29,170683.0,232520.0,234.0,,ENADIS (INEGI),Personas de 18 años o más,enadis
trabajo,Población ocupada,2017,Hombres,Sin discapacidad,Coahuila,30-44,304634.0,315505.0,350.0,,ENADIS (INEGI),Personas de 18 años o más,enadis
trabajo,Población ocupada,2017,Hombres,Sin discapacidad,Coahuila,45-59,225867.0,248548.0,223.0,,ENADIS (INEGI),Personas de 18 años o más,enadis
trabajo,Población ocupada,2017,Hombres,Sin discapacidad,Coahuila,60+,60814.0,138181.0,207.0,,ENADIS (INEGI),Personas de 18 años o más,enadis
trabajo,Población ocupada,2017,Hombres,Sin discapacidad,Colima,18-29,46191.0,62229.0,219.0,,ENADIS (INEGI),Personas de 18 años o más,enadis
trabajo,Población ocupada,2017,Hombres,Sin discapacidad,Colima,30-44,63556.0,65760.0,303.0,,ENADIS (INEGI),Personas de 18 años o más,enadis
trabajo,Población ocupada,2017,Hombres,Sin discapacidad,Colima,45-59,52461.0,58388.0,196.0,,ENADIS (INEGI),Personas de 18 años o más,enadis
trabajo,Población ocupada,2017,Hombres,Sin discapacidad,Colima,60+,19283.0,40927.0,158.0,,ENADIS (INEGI),Personas de 18 años o más,enadis
trabajo,Población ocupada,2017,Hombres,Sin discapacidad,Durango,18-29,114496.0,146667.0,283.0,,ENADIS (INEGI),Personas de 18 años o más,enadis
trabajo,Población ocupada,2017,Hombres,Sin discapacidad,Durango,30-44,159137.0,176876.0,330.0,,ENADIS (INEGI),Personas de 18 años o más,enadis
trabajo,Población ocupada,2017,Hombres,Sin discapacidad,Durango,45-59,114552.0,127938.0,199.0,,ENADIS (INEGI),Personas de 18 años o más,enadis
trabajo,Población ocupada,2017,Hombres,Sin discapacidad,Durango,60+,34690.0,87671.0,212.0,,ENADIS (INEGI),Personas de 18 años o más,enadis
trabajo,Población ocupada,2017,Hombres,Sin discapacidad,Guanajuato,18-29,412655.0,553098.0,789.0,,ENADIS (INEGI),Personas de 18 años o más,enadis
trabajo,Población ocupada,2017,Hombres,Sin discapacidad,Guanajuato,30-44,523653.0,552462.0,952.0,,ENADIS (INEGI),Personas de 18 años o más,enadis
trabajo,Población ocupada,2017,Hombres,Sin discapacidad,Guanajuato,45-59,325221.0,355537.0,483.0,,ENADIS (INEGI),Personas de 18 años o más,enadis
trabajo,Población ocupada,2017,Hombres,Sin discapacidad,Guanajuato,60+,124442.0,249971.0,551.0,,ENADIS (INEGI),Personas de 18 años o más,enadis
trabajo,Población ocupada,2017,Hombres,Sin discapacidad,Guerrero,18-29,234391.0,294211.0,245.0,,ENADIS (INEGI),Personas de 18 años o más,enadis
trabajo,Población ocupada,2017,Hombres,Sin discapacidad,Guerrero,30-44,308586.0,339602.0,312.0,,ENADIS (INEGI),Personas de 18 años o más,enadis
trabajo,Población ocupada,2017,Hombres,Sin discapacidad,Guerrero,45-59,164993.0,188063.0,167.0,,ENADIS (INEGI),Personas de 18 años o más,enadis
trabajo,Población ocupada,2017,Hombres,Sin discapacidad,Guerrero,60+,121396.0,174422.0,167.0,,ENADIS (INEGI),Personas de 18 años o más,enadis
trabajo,Población ocupada,2017,Hombres,Sin discapacidad,Hidalgo,18-29,154240.0,219363.0,546.0,,ENADIS (INEGI),Personas de 18 años o más,enadis
trabajo,Población ocupada,2017,Hombres,Sin discapacidad,Hidalgo,30-44,236827.0,257909.0,738.0,,ENADIS (INEGI),Personas de 18 años o más,enadis
trabajo,Población ocupada,2017,Hombres,Sin discapacidad,Hidalgo,45-59,170803.0,199696.0,505.0,,ENADIS (INEGI),Personas de 18 años o más,enadis
trabajo,Población ocupada,2017,Hombres,Sin discapacidad,Hidalgo,60+,74565.0,126462.0,485.0,,ENADIS (INEGI),Personas de 18 años o más,enadis
trabajo,Población ocupada,2017,Hombres,Sin discapacidad,Jalisco,18-29,642121.0,820876.0,301.0,,ENADIS (INEGI),Personas de 18 años o más,enadis
trabajo,Población ocupada,2017,Hombres,Sin discapacidad,Jalisco,30-44,786522.0,824682.0,337.0,,ENADIS (INEGI),Personas de 18 años o más,enadis
trabajo,Población ocupada,2017,Hombres,Sin discapacidad,Jalisco,45-59,539209.0,595313.0,221.0,,ENADIS (INEGI),Personas de 18 años o más,enadis
trabajo,Población ocupada,2017,Hombres,Sin discapacidad,Jalisco,60+,180595.0,346894.0,175.0,,ENADIS (INEGI),Personas de 18 años o más,enadis
trabajo,Población ocupada,2017,Hombres,Sin discapacidad,Michoacán,18-29,291451.0,371077.0,393.0,,ENADIS (INEGI),Personas de 18 años o más,enadis
trabajo,Población ocupada,2017,Hombres,Sin discapacidad,Michoacán,30-44,390695.0,422446.0,482.0,,ENADIS (INEGI),Personas de 18 años o más,enadis
trabajo,Población ocupada,2017,Hombres,Sin discapacidad,Michoacán,45-59,244395.0,273942.0,292.0,,ENADIS (INEGI),Personas de 18 años o más,enadis
trabajo,Población ocupada,2017,Hombres,Sin discapacidad,Michoacán,60+,129761.0,225610.0,312.0,,ENADIS (INEGI),Personas de 18 años o más,enadis
trabajo,Población ocupada,2017,Hombres,Sin discapacidad,Morelos,18-29,119538.0,176961.0,399.0,,ENADIS (INEGI),Personas de 18 años o más,enadis
trabajo,Población ocupada,2017,Hombres,Sin discapacidad,Morelos,30-44,167045.0,184417.0,468.0,,ENADIS (INEGI),Personas de 18 años o más,enadis
trabajo,Población ocupada,2017,Hombres,Sin discapacidad,Morelos,45-59,119036.0,137854.0,309.0,,ENADIS (INEGI),Personas de 18 años o más,enadis
trabajo,Población ocupada,2017,Hombres,Sin discapacidad,Morelos,60+,52156.0,97780.0,281.0,,ENADIS (INEGI),Personas de 18 años o más,enadis
trabajo,Población ocupada,2017,Hombres,Sin discapacidad,México,18-29,1267650.0,1869695.0,268.0,,ENADIS (INEGI),Personas de 18 años o más,enadis
trabajo,Población ocupada,2017,Hombres,Sin discapacidad,México,30-44,1625844.0,1673430.0,370.0,,ENADIS (INEGI),Personas de 18 años o más,enadis
trabajo,Población ocupada,2017,Hombres,Sin discapacidad,México,45-59,1184451.0,1269467.0,240.0,,ENADIS (INEGI),Personas de 18 años o más,enadis
trabajo,Población ocupada,2017,Hombres,Sin discapacidad,México,60+,367306.0,744403.0,185.0,,ENADIS (INEGI),Personas de 18 años o más,enadis
trabajo,Población ocupada,2017,Hombres,Sin discapacidad,Nayarit,18-29,68022.0,93013.0,222.0,,ENADIS (INEGI),Personas de 18 años o más,enadis
trabajo,Población ocupada,2017,Hombres,Sin discapacidad,Nayarit,30-44,123158.0,128789.0,343.0,,ENADIS (INEGI),Personas de 18 años o más,enadis
trabajo,Población ocupada,2017,Hombres,Sin discapacidad,Nayarit,45-59,84243.0,99300.0,201.0,,ENADIS (INEGI),Personas de 18 años o más,enadis
trabajo,Población ocupada,2017,Hombres,Sin discapacidad,Nayarit,60+,35275.0,61458.0,192.0,,ENADIS (INEGI),Personas de 18 años o más,enadis
trabajo,Población ocupada,2017,Hombres,Sin discapacidad,Nuevo León,18-29,382503.0,473568.0,257.0,,ENADIS (INEGI),Personas de 18 años o más,enadis
trabajo,Población ocupada,2017,Hombres,Sin discapacidad,Nuevo León,30-44,516474.0,549387.0,368.0,,ENADIS (INEGI),Personas de 18 años o más,enadis
trabajo,Población ocupada,2017,Hombres,Sin discapacidad,Nuevo León,45-59,387316.0,410956.0,242.0,,ENADIS (INEGI),Personas de 18 años o más,enadis
trabajo,Población ocupada,2017,Hombres,Sin discapacidad,Nuevo León,60+,111649.0,254916.0,182.0,,ENADIS (INEGI),Personas de 18 años o más,enadis
trabajo,Población ocupada,2017,Hombres,Sin discapacidad,Oaxaca,18-29,236254.0,342424.0,403.0,,ENADIS (INEGI),Personas de 18 años o más,enadis
trabajo,Población ocupada,2017,Hombres,Sin discapacidad,Oaxaca,30-44,287416.0,321487.0,450.0,,ENADIS (INEGI),Personas de 18 años o más,enadis
trabajo,Población ocupada,2017,Hombres,Sin discapacidad,Oaxaca,45-59,245478.0,287262.0,316.0,,ENADIS (INEGI),Personas de 18 años o más,enadis
trabajo,Población ocupada,2017,Hombres,Sin discapacidad,Oaxaca,60+,138564.0,241645.0,305.0,,ENADIS (INEGI),Personas de 18 años o más,enadis
trabajo,Población ocupada,2017,Hombres,Sin discapacidad,Puebla,18-29,402057.0,528648.0,245.0,,ENADIS (INEGI),Personas de 18 años o más,enadis
trabajo,Población ocupada,2017,Hombres,Sin discapacidad,Puebla,30-44,511082.0,531419.0,340.0,,ENADIS (INEGI),Personas de 18 años o más,enadis
trabajo,Población ocupada,2017,Hombres,Sin discapacidad,Puebla,45-59,411209.0,428927.0,208.0,,ENADIS (INEGI),Personas de 18 años o más,enadis
trabajo,Población ocupada,2017,Hombres,Sin discapacidad,Puebla,60+,170344.0,272245.0,194.0,,ENADIS (INEGI),Personas de 18 años o más,enadis
trabajo,Población ocupada,2017,Hombres,Sin discapacidad,Querétaro,18-29,154764.0,212941.0,275.0,,ENADIS (INEGI),Personas de 18 años o más,enadis
trabajo,Población ocupada,2017,Hombres,Sin discapacidad,Querétaro,30-44,198436.0,208018.0,349.0,,ENADIS (INEGI),Personas de 18 años o más,enadis
trabajo,Población ocupada,2017,Hombres,Sin discapacidad,Querétaro,45-59,140247.0,152183.0,197.0,,ENADIS (INEGI),Personas de 18 años o más,enadis
trabajo,Población ocupada,2017,Hombres,Sin discapacidad,Querétaro,60+,45614.0,84375.0,183.0,,ENADIS (INEGI),Personas de 18 años o más,enadis
trabajo,Población ocupada,2017,Hombres,Sin discapacidad,Quintana Roo,18-29,129112.0,157598.0,263.0,,ENADIS (INEGI),Personas de 18 años o más,enadis
trabajo,Población ocupada,2017,Hombres,Sin discapacidad,Quintana Roo,30-44,170054.0,176110.0,341.0,,ENADIS (INEGI),Personas de 18 años o más,enadis
trabajo,Población ocupada,2017,Hombres,Sin discapacidad,Quintana Roo,45-59,128207.0,131463.0,175.0,,ENADIS (INEGI),Personas de 18 años o más,enadis
trabajo,Población ocupada,2017,Hombres,Sin discapacidad,Quintana Roo,60+,30091.0,48423.0,151.0,,ENADIS (INEGI),Personas de 18 años o más,enadis
trabajo,Población ocupada,2017,Hombres,Sin discapacidad,San Luis Potosí,18-29,169928.0,220484.0,244.0,,ENADIS (INEGI),Personas de 18 años o más,enadis
trabajo,Población ocupada,2017,Hombres,Sin discapacidad,San Luis Potosí,30-44,241158.0,267151.0,337.0,,ENADIS (INEGI),Personas de 18 años o más,enadis
trabajo,Población ocupada,2017,Hombres,Sin discapacidad,San Luis Potosí,45-59,166335.0,180762.0,193.0,,ENADIS (INEGI),Personas de 18 años o más,enadis
trabajo,Población ocupada,2017,Hombres,Sin discapacidad,San Luis Potosí,60+,92585.0,151727.0,202.0,,ENADIS (INEGI),Personas de 18 años o más,enadis
trabajo,Población ocupada,2017,Hombres,Sin discapacidad,Sinaloa,18-29,175620.0,223947.0,235.0,,ENADIS (INEGI),Personas de 18 años o más,enadis
trabajo,Población ocupada,2017,Hombres,Sin discapacidad,Sinaloa,30-44,250574.0,267887.0,324.0,,ENADIS (INEGI),Personas de 18 años o más,enadis
trabajo,Población ocupada,2017,Hombres,Sin discapacidad,Sinaloa,45-59,229053.0,245831.0,221.0,,ENADIS (INEGI),Personas de 18 años o más,enadis
trabajo,Población ocupada,2017,Hombres,Sin discapacidad,Sinaloa,60+,66172.0,144271.0,187.0,,ENADIS (INEGI),Personas de 18 años o más,enadis
trabajo,Población ocupada,2017,Hombres,Sin discapacidad,Sonora,18-29,163715.0,239342.0,232.0,,ENADIS (INEGI),Personas de 18 años o más,enadis
trabajo,Población ocupada,2017,Hombres,Sin discapacidad,Sonora,30-44,320607.0,348900.0,352.0,,ENADIS (INEGI),Personas de 18 años o más,enadis
trabajo,Población ocupada,2017,Hombres,Sin discapacidad,Sonora,45-59,174601.0,185731.0,186.0,,ENADIS (INEGI),Personas de 18 años o más,enadis
trabajo,Población ocupada,2017,Hombres,Sin discapacidad,Sonora,60+,69244.0,129629.0,172.0,,ENADIS (INEGI),Personas de 18 años o más,enadis
trabajo,Población ocupada,2017,Hombres,Sin discapacidad,Tabasco,18-29,148685.0,206120.0,380.0,,ENADIS (INEGI),Personas de 18 años o más,enadis
trabajo,Población ocupada,2017,Hombres,Sin discapacidad,Tabasco,30-44,191644.0,211766.0,507.0,,ENADIS (INEGI),Personas de 18 años o más,enadis
trabajo,Población ocupada,2017,Hombres,Sin discapacidad,Tabasco,45-59,151876.0,184065.0,321.0,,ENADIS (INEGI),Personas de 18 años o más,enadis
trabajo,Población ocupada,2017,Hombres,Sin discapacidad,Tabasco,60+,49525.0,84191.0,267.0,,ENADIS (INEGI),Personas de 18 años o más,enadis
trabajo,Población ocupada,2017,Hombres,Sin discapacidad,Tamaulipas,18-29,245019.0,347558.0,212.0,,ENADIS (INEGI),Personas de 18 años o más,enadis
trabajo,Población ocupada,2017,Hombres,Sin discapacidad,Tamaulipas,30-44,325412.0,339050.0,303.0,,ENADIS (INEGI),Personas de 18 años o más,enadis
trabajo,Población ocupada,2017,Hombres,Sin discapacidad,Tamaulipas,45-59,247570.0,276470.0,190.0,,ENADIS (INEGI),Personas de 18 años o más,enadis
trabajo,Población ocupada,2017,Hombres,Sin discapacidad,Tamaulipas,60+,73681.0,165986.0,162.0,,ENADIS (INEGI),Personas de 18 años o más,enadis
trabajo,Población ocupada,2017,Hombres,Sin discapacidad,Tlaxcala,18-29,87491.0,125245.0,717.0,,ENADIS (INEGI),Personas de 18 años o más,enadis
trabajo,Población ocupada,2017,Hombres,Sin discapacidad,Tlaxcala,30-44,113631.0,119463.0,919.0,,ENADIS (INEGI),Personas de 18 años o más,enadis
trabajo,Población ocupada,2017,Hombres,Sin discapacidad,Tlaxcala,45-59,79456.0,88044.0,498.0,,ENADIS (INEGI),Personas de 18 años o más,enadis
trabajo,Población ocupada,2017,Hombres,Sin discapacidad,Tlaxcala,60+,30230.0,50700.0,523.0,,ENADIS (INEGI),Personas de 18 años o más,enadis
trabajo,Población ocupada,2017,Hombres,Sin discapacidad,Veracruz,18-29,374542.0,578992.0,306.0,,ENADIS (INEGI),Personas de 18 años o más,enadis
trabajo,Población ocupada,2017,Hombres,Sin discapacidad,Veracruz,30-44,608336.0,687354.0,420.0,,ENADIS (INEGI),Personas de 18 años o más,enadis
trabajo,Población ocupada,2017,Hombres,Sin discapacidad,Veracruz,45-59,642042.0,693739.0,336.0,,ENADIS (INEGI),Personas de 18 años o más,enadis
trabajo,Población ocupada,2017,Hombres,Sin discapacidad,Veracruz,60+,236783.0,400118.0,278.0,,ENADIS (INEGI),Personas de 18 años o más,enadis
trabajo,Población ocupada,2017,Hombres,Sin discapacidad,Yucatán,18-29,155284.0,197868.0,281.0,,ENADIS (INEGI),Personas de 18 años o más,enadis
trabajo,Población ocupada,2017,Hombres,Sin discapacidad,Yucatán,30-44,210182.0,228288.0,355.0,,ENADIS (INEGI),Personas de 18 años o más,enadis
trabajo,Población ocupada,2017,Hombres,Sin discapacidad,Yucatán,45-59,143144.0,154167.0,222.0,,ENADIS (INEGI),Personas de 18 años o más,enadis
trabajo,Población ocupada,2017,Hombres,Sin discapacidad,Yucatán,60+,65052.0,93329.0,188.0,,ENADIS (INEGI),Personas de 18 años o más,enadis
trabajo,Población ocupada,2017,Hombres,Sin discapacidad,Zacatecas,18-29,107673.0,149398.0,288.0,,ENADIS (INEGI),Personas de 18 años o más,enadis
trabajo,Población ocupada,2017,Hombres,Sin discapacidad,Zacatecas,30-44,124470.0,133575.0,303.0,,ENADIS (INEGI),Personas de 18 años o más,enadis
trabajo,Población ocupada,2017,Hombres,Sin discapacidad,Zacatecas,45-59,100993.0,111160.0,196.0,,ENADIS (INEGI),Personas de 18 años o más,enadis
trabajo,Población ocupada,2017,Hombres,Sin discapacidad,Zacatecas,60+,46359.0,69146.0,177.0,,ENADIS (INEGI),Personas de 18 años o más,enadis
trabajo,Población ocupada,2017,Mujeres,Con discapacidad,Aguascalientes,18-29,3474.0,5689.0,10.0,,ENADIS (INEGI),Personas de 18 años o más,enadis
trabajo,Población ocupada,2017,Mujeres,Con discapacidad,Aguascalientes,30-44,1252.0,1873.0,8.0,,ENADIS (INEGI),Personas de 18 años o más,enadis
trabajo,Población ocupada,2017,Mujeres,Con discapacidad,Aguascalientes,45-59,1612.0,6181.0,18.0,,ENADIS (INEGI),Personas de 18 años o más,enadis
trabajo,Población ocupada,2017,Mujeres,Con discapacidad,Aguascalientes,60+,162.0,18674.0,71.0,,ENADIS (INEGI),Personas de 18 años o más,enadis
trabajo,Población ocupada,2017,Mujeres,Con discapacidad,Baja California,18-29,0.0,16771.0,7.0,,ENADIS (INEGI),Personas de 18 años o más,enadis
trabajo,Población ocupada,2017,Mujeres,Con discapacidad,Baja California,30-44,6385.0,18271.0,11.0,,ENADIS (INEGI),Personas de 18 años o más,enadis
trabajo,Población ocupada,2017,Mujeres,Con discapacidad,Baja California,45-59,12568.0,31207.0,28.0,,ENADIS (INEGI),Personas de 18 años o más,enadis
trabajo,Población ocupada,2017,Mujeres,Con discapacidad,Baja California,60+,8502.0,61835.0,84.0,,ENADIS (INEGI),Personas de 18 años o más,enadis
trabajo,Población ocupada,2017,Mujeres,Con discapacidad,Baja California Sur,18-29,0.0,1091.0,6.0,,ENADIS (INEGI),Personas de 18 años o más,enadis
trabajo,Población ocupada,2017,Mujeres,Con discapacidad,Baja California Sur,30-44,3072.0,3593.0,12.0,,ENADIS (INEGI),Personas de 18 años o más,enadis
trabajo,Población ocupada,2017,Mujeres,Con discapacidad,Baja California Sur,45-59,1837.0,4425.0,21.0,,ENADIS (INEGI),Personas de 18 años o más,enadis
trabajo,Población ocupada,2017,Mujeres,Con discapacidad,Baja California Sur,60+,825.0,12698.0,73.0,,ENADIS (INEGI),Personas de 18 años o más,enadis
trabajo,Población ocupada,2017,Mujeres,Con discapacidad,Campeche,18-29,312.0,2463.0,8.0,,ENADIS (INEGI),Personas de 18 años o más,enadis
trabajo,Población ocupada,2017,Mujeres,Con discapacidad,Campeche,30-44,536.0,659.0,4.0,,ENADIS (INEGI),Personas de 18 años o más,enadis
trabajo,Población ocupada,2017,Mujeres,Con discapacidad,Campeche,45-59,930.0,4816.0,19.0,,ENADIS (INEGI),Personas de 18 años o más,enadis
trabajo,Población ocupada,2017,Mujeres,Con discapacidad,Campeche,60+,398.0,12377.0,78.0,,ENADIS (INEGI),Personas de 18 años o más,enadis
trabajo,Población ocupada,2017,Mujeres,Con discapacidad,Chiapas,18-29,901.0,7827.0,5.0,,ENADIS (INEGI),Personas de 18 años o más,enadis
trabajo,Población ocupada,2017,Mujeres,Con discapacidad,Chiapas,30-44,765.0,3634.0,5.0,,ENADIS (INEGI),Personas de 18 años o más,enadis
trabajo,Población ocupada,2017,Mujeres,Con discapacidad,Chiapas,45-59,7508.0,17372.0,15.0,,ENADIS (INEGI),Personas de 18 años o más,enadis
trabajo,Población ocupada,2017,Mujeres,Con discapacidad,Chiapas,60+,3489.0,64254.0,75.0,,ENADIS (INEGI),Personas de 18 años o más,enadis
trabajo,Población ocupada,2017,Mujeres,Con discapacidad,Chihuahua,18-29,189.0,6763.0,4.0,,ENADIS (INEGI),Personas de 18 años o más,enadis
trabajo,Población ocupada,2017,Mujeres,Con discapacidad,Chihuahua,30-44,378.0,9030.0,9.0,,ENADIS (INEGI),Personas de 18 años o más,enadis
trabajo,Población ocupada,2017,Mujeres,Con discapacidad,Chihuahua,45-59,5760.0,19199.0,20.0,,ENADIS (INEGI),Personas de 18 años o más,enadis
trabajo,Población ocupada,2017,Mujeres,Con discapacidad,Chihuahua,60+,1667.0,47911.0,61.0,,ENADIS (INEGI),Personas de 18 años o más,enadis
trabajo,Población ocupada,2017,Mujeres,Con discapacidad,Ciudad de México,18-29,981.0,48930.0,13.0,,ENADIS (INEGI),Personas de 18 años o más,enadis
trabajo,Población ocupada,2017,Mujeres,Con discapacidad,Ciudad de México,30-44,981.0,12204.0,4.0,,ENADIS (INEGI),Personas de 18 años o más,enadis
trabajo,Población ocupada,2017,Mujeres,Con discapacidad,Ciudad de México,45-59,14350.0,58219.0,23.0,,ENADIS (INEGI),Personas de 18 años o más,enadis
trabajo,Población ocupada,2017,Mujeres,Con discapacidad,Ciudad de México,60+,24151.0,211071.0,95.0,,ENADIS (INEGI),Personas de 18 años o más,enadis
trabajo,Población ocupada,2017,Mujeres,Con discapacidad,Coahuila,18-29,469.0,3038.0,2.0,,ENADIS (INEGI),Personas de 18 años o más,enadis
trabajo,Población ocupada,2017,Mujeres,Con discapacidad,Coahuila,30-44,1096.0,3214.0,2.0,,ENADIS (INEGI),Personas de 18 años o más,enadis
trabajo,Población ocupada,2017,Mujeres,Con discapacidad,Coahuila,45-59,0.0,11117.0,9.0,,ENADIS (INEGI),Personas de 18 años o más,enadis
trabajo,Población ocupada,2017,Mujeres,Con discapacidad,Coahuila,60+,403.0,13851.0,31.0,,ENADIS (INEGI),Personas de 18 años o más,enadis
trabajo,Población ocupada,2017,Mujeres,Con discapacidad,Colima,18-29,1228.0,1228.0,3.0,,ENADIS (INEGI),Personas de 18 años o más,enadis
trabajo,Población ocupada,2017,Mujeres,Con discapacidad,Colima,30-44,1137.0,1953.0,10.0,,ENADIS (INEGI),Personas de 18 años o más,enadis
trabajo,Población ocupada,2017,Mujeres,Con discapacidad,Colima,45-59,1327.0,3774.0,19.0,,ENADIS (INEGI),Personas de 18 años o más,enadis
trabajo,Población ocupada,2017,Mujeres,Con discapacidad,Colima,60+,588.0,12667.0,63.0,,ENADIS (INEGI),Personas de 18 años o más,enadis
trabajo,Población ocupada,2017,Mujeres,Con discapacidad,Durango,18-29,0.0,133.0,1.0,,ENADIS (INEGI),Personas de 18 años o más,enadis
trabajo,Población ocupada,2017,Mujeres,Con discapacidad,Durango,30-44,907.0,2818.0,10.0,,ENADIS (INEGI),Personas de 18 años o más,enadis
trabajo,Población ocupada,2017,Mujeres,Con discapacidad,Durango,45-59,247.0,3684.0,11.0,,ENADIS (INEGI),Personas de 18 años o más,enadis
trabajo,Población ocupada,2017,Mujeres,Con discapacidad,Durango,60+,649.0,18242.0,48.0,,ENADIS (INEGI),Personas de 18 años o más,enadis
trabajo,Población ocupada,2017,Mujeres,Con discapacidad,Guanajuato,18-29,82.0,7457.0,12.0,,ENADIS (INEGI),Personas de 18 años o más,enadis
trabajo,Población ocupada,2017,Mujeres,Con discapacidad,Guanajuato,30-44,3532.0,9579.0,21.0,,ENADIS (INEGI),Personas de 18 años o más,enadis
trabajo,Población ocupada,2017,Mujeres,Con discapacidad,Guanajuato,45-59,4370.0,16331.0,42.0,,ENADIS (INEGI),Personas de 18 años o más,enadis
trabajo,Población ocupada,2017,Mujeres,Con discapacidad,Guanajuato,60+,1669.0,48768.0,127.0,,ENADIS (INEGI),Personas de 18 años o más,enadis
trabajo,Población ocupada,2017,Mujeres,Con discapacidad,Guerrero,18-29,160.0,5232.0,5.0,,ENADIS (INEGI),Personas de 18 años o más,enadis
trabajo,Población ocupada,2017,Mujeres,Con discapacidad,Guerrero,30-44,168.0,3569.0,6.0,,ENADIS (INEGI),Personas de 18 años o más,enadis
trabajo,Población ocupada,2017,Mujeres,Con discapacidad,Guerrero,45-59,1735.0,4337.0,10.0,,ENADIS (INEGI),Personas de 18 años o más,enadis
trabajo,Población ocupada,2017,Mujeres,Con discapacidad,Guerrero,60+,1257.0,44331.0,73.0,,ENADIS (INEGI),Personas de 18 años o más,enadis
trabajo,Población ocupada,2017,Mujeres,Con discapacidad,Hidalgo,18-29,0.0,4414.0,8.0,,ENADIS (INEGI),Personas de 18 años o más,enadis
trabajo,Población ocupada,2017,Mujeres,Con discapacidad,Hidalgo,30-44,1364.0,4466.0,23.0,,ENADIS (INEGI),Personas de 18 años o más,enadis
trabajo,Población ocupada,2017,Mujeres,Con discapacidad,Hidalgo,45-59,766.0,8565.0,33.0,,ENADIS (INEGI),Personas de 18 años o más,enadis
trabajo,Población ocupada,2017,Mujeres,Con discapacidad,Hidalgo,60+,3531.0,50567.0,189.0,,ENADIS (INEGI),Personas de 18 años o más,enadis
trabajo,Población ocupada,2017,Mujeres,Con discapacidad,Jalisco,18-29,917.0,10058.0,6.0,,ENADIS (INEGI),Personas de 18 años o más,enadis
trabajo,Población ocupada,2017,Mujeres,Con discapacidad,Jalisco,30-44,12085.0,17304.0,11.0,,ENADIS (INEGI),Personas de 18 años o más,enadis
trabajo,Población ocupada,2017,Mujeres,Con discapacidad,Jalisco,45-59,5617.0,39512.0,18.0,,ENADIS (INEGI),Personas de 18 años o más,enadis
trabajo,Población ocupada,2017,Mujeres,Con discapacidad,Jalisco,60+,7217.0,113851.0,75.0,,ENADIS (INEGI),Personas de 18 años o más,enadis
trabajo,Población ocupada,2017,Mujeres,Con discapacidad,Michoacán,18-29,1132.0,5488.0,9.0,,ENADIS (INEGI),Personas de 18 años o más,enadis
trabajo,Población ocupada,2017,Mujeres,Con discapacidad,Michoacán,30-44,2299.0,17559.0,14.0,,ENADIS (INEGI),Personas de 18 años o más,enadis
trabajo,Población ocupada,2017,Mujeres,Con discapacidad,Michoacán,45-59,9027.0,24448.0,30.0,,ENADIS (INEGI),Personas de 18 años o más,enadis
trabajo,Población ocupada,2017,Mujeres,Con discapacidad,Michoacán,60+,12722.0,87632.0,117.0,,ENADIS (INEGI),Personas de 18 años o más,enadis
trabajo,Población ocupada,2017,Mujeres,Con discapacidad,Morelos,18-29,375.0,962.0,6.0,,ENADIS (INEGI),Personas de 18 años o más,enadis
trabajo,Población ocupada,2017,Mujeres,Con discapacidad,Morelos,30-44,2373.0,6760.0,17.0,,ENADIS (INEGI),Personas de 18 años o más,enadis
trabajo,Población ocupada,2017,Mujeres,Con discapacidad,Morelos,45-59,2193.0,10930.0,22.0,,ENADIS (INEGI),Personas de 18 años o más,enadis
trabajo,Población ocupada,2017,Mujeres,Con discapacidad,Morelos,60+,7107.0,43485.0,116.0,,ENADIS (INEGI),Personas de 18 años o más,enadis
trabajo,Población ocupada,2017,Mujeres,Con discapacidad,México,18-29,6821.0,69408.0,7.0,,ENADIS (INEGI),Personas de 18 años o más,enadis
trabajo,Población ocupada,2017,Mujeres,Con discapacidad,México,30-44,5375.0,45990.0,8.0,,ENADIS (INEGI),Personas de 18 años o más,enadis
trabajo,Población ocupada,2017,Mujeres,Con discapacidad,México,45-59,18057.0,41316.0,14.0,,ENADIS (INEGI),Personas de 18 años o más,enadis
trabajo,Población ocupada,2017,Mujeres,Con discapacidad,México,60+,22165.0,216849.0,74.0,,ENADIS (INEGI),Personas de 18 años o más,enadis
trabajo,Población ocupada,2017,Mujeres,Con discapacidad,Nayarit,18-29,73.0,2205.0,3.0,,ENADIS (INEGI),Personas de 18 años o más,enadis
trabajo,Población ocupada,2017,Mujeres,Con discapacidad,Nayarit,30-44,1247.0,3076.0,10.0,,ENADIS (INEGI),Personas de 18 años o más,enadis
trabajo,Población ocupada,2017,Mujeres,Con discapacidad,Nayarit,45-59,5121.0,11236.0,18.0,,ENADIS (INEGI),Personas de 18 años o más,enadis
trabajo,Población ocupada,2017,Mujeres,Con discapacidad,Nayarit,60+,1337.0,16811.0,80.0,,ENADIS (INEGI),Personas de 18 años o más,enadis
trabajo,Población ocupada,2017,Mujeres,Con discapacidad,Nuevo León,18-29,0.0,5681.0,1.0,,ENADIS (INEGI),Personas de 18 años o más,enadis
trabajo,Población ocupada,2017,Mujeres,Con discapacidad,Nuevo León,30-44,2928.0,4888.0,5.0,,ENADIS (INEGI),Personas de 18 años o más,enadis
trabajo,Población ocupada,2017,Mujeres,Con discapacidad,Nuevo León,45-59,4975.0,28985.0,21.0,,ENADIS (INEGI),Personas de 18 años o más,enadis
trabajo,Población ocupada,2017,Mujeres,Con discapacidad,Nuevo León,60+,6450.0,80468.0,65.0,,ENADIS (INEGI),Personas de 18 años o más,enadis
trabajo,Población ocupada,2017,Mujeres,Con discapacidad,Oaxaca,18-29,0.0,6077.0,5.0,,ENADIS (INEGI),Personas de 18 años o más,enadis
trabajo,Población ocupada,2017,Mujeres,Con discapacidad,Oaxaca,30-44,2295.0,6719.0,11.0,,ENADIS (INEGI),Personas de 18 años o más,enadis
trabajo,Población ocupada,2017,Mujeres,Con discapacidad,Oaxaca,45-59,1355.0,14572.0,20.0,,ENADIS (INEGI),Personas de 18 años o más,enadis
trabajo,Población ocupada,2017,Mujeres,Con discapacidad,Oaxaca,60+,6723.0,45689.0,85.0,,ENADIS (INEGI),Personas de 18 años o más,enadis
trabajo,Población ocupada,2017,Mujeres,Con discapacidad,Puebla,18-29,204.0,1694.0,4.0,,ENADIS (INEGI),Personas de 18 años o más,enadis
trabajo,Población ocupada,2017,Mujeres,Con discapacidad,Puebla,30-44,413.0,4831.0,6.0,,ENADIS (INEGI),Personas de 18 años o más,enadis
trabajo,Población ocupada,2017,Mujeres,Con discapacidad,Puebla,45-59,0.0,12765.0,10.0,,ENADIS (INEGI),Personas de 18 años o más,enadis
trabajo,Población ocupada,2017,Mujeres,Con discapacidad,Puebla,60+,9206.0,64083.0,64.0,,ENADIS (INEGI),Personas de 18 años o más,enadis
trabajo,Población ocupada,2017,Mujeres,Con discapacidad,Querétaro,18-29,639.0,1661.0,3.0,,ENADIS (INEGI),Personas de 18 años o más,enadis
trabajo,Población ocupada,2017,Mujeres,Con discapacidad,Querétaro,30-44,6705.0,11645.0,9.0,,ENADIS (INEGI),Personas de 18 años o más,enadis
trabajo,Población ocupada,2017,Mujeres,Con discapacidad,Querétaro,45-59,1741.0,7345.0,12.0,,ENADIS (INEGI),Personas de 18 años o más,enadis
trabajo,Población ocupada,2017,Mujeres,Con discapacidad,Querétaro,60+,2453.0,44070.0,78.0,,ENADIS (INEGI),Personas de 18 años o más,enadis
trabajo,Población ocupada,2017,Mujeres,Con discapacidad,Quintana Roo,18-29,0.0,4765.0,1.0,,ENADIS (INEGI),Personas de 18 años o más,enadis
trabajo,Población ocupada,2017,Mujeres,Con discapacidad,Quintana Roo,30-44,2309.0,4412.0,9.0,,ENADIS (INEGI),Personas de 18 años o más,enadis
trabajo,Población ocupada,2017,Mujeres,Con discapacidad,Quintana Roo,45-59,3663.0,8604.0,19.0,,ENADIS (INEGI),Personas de 18 años o más,enadis
trabajo,Población ocupada,2017,Mujeres,Con discapacidad,Quintana Roo,60+,1936.0,17734.0,51.0,,ENADIS (INEGI),Personas de 18 años o más,enadis
trabajo,Población ocupada,2017,Mujeres,Con discapacidad,San Luis Potosí,18-29,1552.0,4923.0,6.0,,ENADIS (INEGI),Personas de 18 años o más,enadis
trabajo,Población ocupada,2017,Mujeres,Con discapacidad,San Luis Potosí,30-44,699.0,5663.0,5.0,,ENADIS (INEGI),Personas de 18 años o más,enadis
trabajo,Población ocupada,2017,Mujeres,Con discapacidad,San Luis Potosí,45-59,0.0,5978.0,8.0,,ENADIS (INEGI),Personas de 18 años o más,enadis
trabajo,Población ocupada,2017,Mujeres,Con discapacidad,San Luis Potosí,60+,2074.0,38731.0,57.0,,ENADIS (INEGI),Personas de 18 años o más,enadis
trabajo,Población ocupada,2017,Mujeres,Con discapacidad,Sinaloa,18-29,0.0,5250.0,5.0,,ENADIS (INEGI),Personas de 18 años o más,enadis
trabajo,Población ocupada,2017,Mujeres,Con discapacidad,Sinaloa,30-44,2752.0,5513.0,10.0,,ENADIS (INEGI),Personas de 18 años o más,enadis
trabajo,Población ocupada,2017,Mujeres,Con discapacidad,Sinaloa,45-59,3039.0,11140.0,11.0,,ENADIS (INEGI),Personas de 18 años o más,enadis
trabajo,Población ocupada,2017,Mujeres,Con discapacidad,Sinaloa,60+,361.0,43725.0,54.0,,ENADIS (INEGI),Personas de 18 años o más,enadis
trabajo,Población ocupada,2017,Mujeres,Con discapacidad,Sonora,18-29,146.0,1081.0,2.0,,ENADIS (INEGI),Personas de 18 años o más,enadis
trabajo,Población ocupada,2017,Mujeres,Con discapacidad,Sonora,30-44,166.0,9207.0,7.0,,ENADIS (INEGI),Personas de 18 años o más,enadis
trabajo,Población ocupada,2017,Mujeres,Con discapacidad,Sonora,45-59,5331.0,10860.0,12.0,,ENADIS (INEGI),Personas de 18 años o más,enadis
trabajo,Población ocupada,2017,Mujeres,Con discapacidad,Sonora,60+,602.0,34393.0,56.0,,ENADIS (INEGI),Personas de 18 años o más,enadis
trabajo,Población ocupada,2017,Mujeres,Con discapacidad,Tabasco,18-29,109.0,4030.0,11.0,,ENADIS (INEGI),Personas de 18 años o más,enadis
trabajo,Población ocupada,2017,Mujeres,Con discapacidad,Tabasco,30-44,985.0,4597.0,17.0,,ENADIS (INEGI),Personas de 18 años o más,enadis
trabajo,Población ocupada,2017,Mujeres,Con discapacidad,Tabasco,45-59,2950.0,17613.0,32.0,,ENADIS (INEGI),Personas de 18 años o más,enadis
trabajo,Población ocupada,2017,Mujeres,Con discapacidad,Tabasco,60+,2947.0,38741.0,124.0,,ENADIS (INEGI),Personas de 18 años o más,enadis
trabajo,Población ocupada,2017,Mujeres,Con discapacidad,Tamaulipas,18-29,2852.0,13167.0,6.0,,ENADIS (INEGI),Personas de 18 años o más,enadis
trabajo,Población ocupada,2017,Mujeres,Con discapacidad,Tamaulipas,30-44,602.0,9904.0,8.0,,ENADIS (INEGI),Personas de 18 años o más,enadis
trabajo,Población ocupada,2017,Mujeres,Con discapacidad,Tamaulipas,45-59,3081.0,20815.0,20.0,,ENADIS (INEGI),Personas de 18 años o más,enadis
trabajo,Población ocupada,2017,Mujeres,Con discapacidad,Tamaulipas,60+,6734.0,79928.0,92.0,,ENADIS (INEGI),Personas de 18 años o más,enadis
trabajo,Población ocupada,2017,Mujeres,Con discapacidad,Tlaxcala,18-29,280.0,1706.0,10.0,,ENADIS (INEGI),Personas de 18 años o más,enadis
trabajo,Población ocupada,2017,Mujeres,Con discapacidad,Tlaxcala,30-44,239.0,1941.0,18.0,,ENADIS (INEGI),Personas de 18 años o más,enadis
trabajo,Población ocupada,2017,Mujeres,Con discapacidad,Tlaxcala,45-59,1034.0,6742.0,46.0,,ENADIS (INEGI),Personas de 18 años o más,enadis
trabajo,Población ocupada,2017,Mujeres,Con discapacidad,Tlaxcala,60+,453.0,13003.0,145.0,,ENADIS (INEGI),Personas de 18 años o más,enadis
trabajo,Población ocupada,2017,Mujeres,Con discapacidad,Veracruz,18-29,0.0,14803.0,5.0,,ENADIS (INEGI),Personas de 18 años o más,enadis
trabajo,Población ocupada,2017,Mujeres,Con discapacidad,Veracruz,30-44,2298.0,13755.0,11.0,,ENADIS (INEGI),Personas de 18 años o más,enadis
trabajo,Población ocupada,2017,Mujeres,Con discapacidad,Veracruz,45-59,16872.0,49984.0,27.0,,ENADIS (INEGI),Personas de 18 años o más,enadis
trabajo,Población ocupada,2017,Mujeres,Con discapacidad,Veracruz,60+,9007.0,131131.0,116.0,,ENADIS (INEGI),Personas de 18 años o más,enadis
trabajo,Población ocupada,2017,Mujeres,Con discapacidad,Yucatán,18-29,154.0,3305.0,7.0,,ENADIS (INEGI),Personas de 18 años o más,enadis
trabajo,Población ocupada,2017,Mujeres,Con discapacidad,Yucatán,30-44,1036.0,3397.0,11.0,,ENADIS (INEGI),Personas de 18 años o más,enadis
trabajo,Población ocupada,2017,Mujeres,Con discapacidad,Yucatán,45-59,6632.0,17209.0,27.0,,ENADIS (INEGI),Personas de 18 años o más,enadis
trabajo,Población ocupada,2017,Mujeres,Con discapacidad,Yucatán,60+,4740.0,48788.0,118.0,,ENADIS (INEGI),Personas de 18 años o más,enadis
trabajo,Población ocupada,2017,Mujeres,Con discapacidad,Zacatecas,18-29,67.0,417.0,4.0,,ENADIS (INEGI),Personas de 18 años o más,enadis
trabajo,Población ocupada,2017,Mujeres,Con discapacidad,Zacatecas,30-44,3211.0,11510.0,20.0,,ENADIS (INEGI),Personas de 18 años o más,enadis
trabajo,Población ocupada,2017,Mujeres,Con discapacidad,Zacatecas,45-59,4211.0,14553.0,30.0,,ENADIS (INEGI),Personas de 18 años o más,enadis
trabajo,Población ocupada,2017,Mujeres,Con discapacidad,Zacatecas,60+,3455.0,43377.0,109.0,,ENADIS (INEGI),Personas de 18 años o más,enadis
trabajo,Población ocupada,2017,Mujeres,Sin discapacidad,Aguascalientes,18-29,60363.0,137317.0,305.0,,ENADIS (INEGI),Personas de 18 años o más,enadis
trabajo,Población ocupada,2017,Mujeres,Sin discapacidad,Aguascalientes,30-44,65382.0,124941.0,361.0,,ENADIS (INEGI),Personas de 18 años o más,enadis
trabajo,Población ocupada,2017,Mujeres,Sin discapacidad,Aguascalientes,45-59,53975.0,109060.0,271.0,,ENADIS (INEGI),Personas de 18 años o más,enadis
trabajo,Población ocupada,2017,Mujeres,Sin discapacidad,Aguascalientes,60+,8484.0,52613.0,187.0,,ENADIS (INEGI),Personas de 18 años o más,enadis
trabajo,Población ocupada,2017,Mujeres,Sin discapacidad,Baja California,18-29,171117.0,372024.0,222.0,,ENADIS (INEGI),Personas de 18 años o más,enadis
trabajo,Población ocupada,2017,Mujeres,Sin discapacidad,Baja California,30-44,245592.0,356950.0,323.0,,ENADIS (INEGI),Personas de 18 años o más,enadis
trabajo,Población ocupada,2017,Mujeres,Sin discapacidad,Baja California,45-59,146584.0,257784.0,179.0,,ENADIS (INEGI),Personas de 18 años o más,enadis
trabajo,Población ocupada,2017,Mujeres,Sin discapacidad,Baja California,60+,23845.0,124900.0,150.0,,ENADIS (INEGI),Personas de 18 años o más,enadis
trabajo,Población ocupada,2017,Mujeres,Sin discapacidad,Baja California Sur,18-29,34398.0,69512.0,227.0,,ENADIS (INEGI),Personas de 18 años o más,enadis
trabajo,Población ocupada,2017,Mujeres,Sin discapacidad,Baja California Sur,30-44,51326.0,87904.0,347.0,,ENADIS (INEGI),Personas de 18 años o más,enadis
trabajo,Población ocupada,2017,Mujeres,Sin discapacidad,Baja California Sur,45-59,31394.0,67830.0,222.0,,ENADIS (INEGI),Personas de 18 años o más,enadis
trabajo,Población ocupada,2017,Mujeres,Sin discapacidad,Baja California Sur,60+,8049.0,27412.0,175.0,,ENADIS (INEGI),Personas de 18 años o más,enadis
trabajo,Población ocupada,2017,Mujeres,Sin discapacidad,Campeche,18-29,30140.0,86970.0,271.0,,ENADIS (INEGI),Personas de 18 años o más,enadis
trabajo,Población ocupada,2017,Mujeres,Sin discapacidad,Campeche,30-44,46293.0,96506.0,391.0,,ENADIS (INEGI),Personas de 18 años o más,enadis
trabajo,Población ocupada,2017,Mujeres,Sin discapacidad,Campeche,45-59,35446.0,74374.0,253.0,,ENADIS (INEGI),Personas de 18 años o más,enadis
trabajo,Población ocupada,2017,Mujeres,Sin discapacidad,Campeche,60+,10064.0,41095.0,201.0,,ENADIS (INEGI),Personas de 18 años o más,enadis
trabajo,Población ocupada,2017,Mujeres,Sin discapacidad,Chiapas,18-29,166745.0,612842.0,371.0,,ENADIS (INEGI),Personas de 18 años o más,enadis
trabajo,Población ocupada,2017,Mujeres,Sin discapacidad,Chiapas,30-44,186223.0,532468.0,435.0,,ENADIS (INEGI),Personas de 18 años o más,enadis
trabajo,Población ocupada,2017,Mujeres,Sin discapacidad,Chiapas,45-59,92011.0,346561.0,235.0,,ENADIS (INEGI),Personas de 18 años o más,enadis
trabajo,Población ocupada,2017,Mujeres,Sin discapacidad,Chiapas,60+,25024.0,193502.0,183.0,,ENADIS (INEGI),Personas de 18 años o más,enadis
trabajo,Población ocupada,2017,Mujeres,Sin discapacidad,Chihuahua,18-29,131751.0,351540.0,257.0,,ENADIS (INEGI),Personas de 18 años o más,enadis
trabajo,Población ocupada,2017,Mujeres,Sin discapacidad,Chihuahua,30-44,218411.0,382411.0,357.0,,ENADIS (INEGI),Personas de 18 años o más,enadis
trabajo,Población ocupada,2017,Mujeres,Sin discapacidad,Chihuahua,45-59,156999.0,303547.0,203.0,,ENADIS (INEGI),Personas de 18 años o más,enadis
trabajo,Población ocupada,2017,Mujeres,Sin discapacidad,Chihuahua,60+,17543.0,169294.0,193.0,,ENADIS (INEGI),Personas de 18 años o más,enadis
trabajo,Población ocupada,2017,Mujeres,Sin discapacidad,Ciudad de México,18-29,458283.0,995521.0,275.0,,ENADIS (INEGI),Personas de 18 años o más,enadis
trabajo,Población ocupada,2017,Mujeres,Sin discapacidad,Ciudad de México,30-44,616123.0,965513.0,390.0,,ENADIS (INEGI),Personas de 18 años o más,enadis
trabajo,Población ocupada,2017,Mujeres,Sin discapacidad,Ciudad de México,45-59,369296.0,716161.0,258.0,,ENADIS (INEGI),Personas de 18 años o más,enadis
trabajo,Población ocupada,2017,Mujeres,Sin discapacidad,Ciudad de México,60+,191393.0,612699.0,252.0,,ENADIS (INEGI),Personas de 18 años o más,enadis
trabajo,Población ocupada,2017,Mujeres,Sin discapacidad,Coahuila,18-29,124150.0,268201.0,254.0,,ENADIS (INEGI),Personas de 18 años o más,enadis
trabajo,Población ocupada,2017,Mujeres,Sin discapacidad,Coahuila,30-44,190264.0,334264.0,389.0,,ENADIS (INEGI),Personas de 18 años o más,enadis
trabajo,Población ocupada,2017,Mujeres,Sin discapacidad,Coahuila,45-59,96794.0,254952.0,245.0,,ENADIS (INEGI),Personas de 18 años o más,enadis
trabajo,Población ocupada,2017,Mujeres,Sin discapacidad,Coahuila,60+,28843.0,173879.0,240.0,,ENADIS (INEGI),Personas de 18 años o más,enadis
trabajo,Población ocupada,2017,Mujeres,Sin discapacidad,Colima,18-29,29691.0,59542.0,219.0,,ENADIS (INEGI),Personas de 18 años o más,enadis
trabajo,Población ocupada,2017,Mujeres,Sin discapacidad,Colima,30-44,63516.0,93519.0,391.0,,ENADIS (INEGI),Personas de 18 años o más,enadis
trabajo,Población ocupada,2017,Mujeres,Sin discapacidad,Colima,45-59,34988.0,58707.0,202.0,,ENADIS (INEGI),Personas de 18 años o más,enadis
trabajo,Población ocupada,2017,Mujeres,Sin discapacidad,Colima,60+,9245.0,30180.0,170.0,,ENADIS (INEGI),Personas de 18 años o más,enadis
trabajo,Población ocupada,2017,Mujeres,Sin discapacidad,Durango,18-29,72585.0,181071.0,312.0,,ENADIS (INEGI),Personas de 18 años o más,enadis
trabajo,Población ocupada,2017,Mujeres,Sin discapacidad,Durango,30-44,77628.0,174875.0,369.0,,ENADIS (INEGI),Personas de 18 años o más,enadis
trabajo,Población ocupada,2017,Mujeres,Sin discapacidad,Durango,45-59,48880.0,141339.0,242.0,,ENADIS (INEGI),Personas de 18 años o más,enadis
trabajo,Población ocupada,2017,Mujeres,Sin discapacidad,Durango,60+,14914.0,91823.0,241.0,,ENADIS (INEGI),Personas de 18 años o más,enadis
trabajo,Población ocupada,2017,Mujeres,Sin discapacidad,Guanajuato,18-29,245792.0,632576.0,805.0,,ENADIS (INEGI),Personas de 18 años o más,enadis
trabajo,Población ocupada,2017,Mujeres,Sin discapacidad,Guanajuato,30-44,344018.0,666104.0,1166.0,,ENADIS (INEGI),Personas de 18 años o más,enadis
trabajo,Población ocupada,2017,Mujeres,Sin discapacidad,Guanajuato,45-59,167261.0,423112.0,613.0,,ENADIS (INEGI),Personas de 18 años o más,enadis
trabajo,Población ocupada,2017,Mujeres,Sin discapacidad,Guanajuato,60+,46858.0,301197.0,646.0,,ENADIS (INEGI),Personas de 18 años o más,enadis
trabajo,Población ocupada,2017,Mujeres,Sin discapacidad,Guerrero,18-29,129687.0,331293.0,281.0,,ENADIS (INEGI),Personas de 18 años o más,enadis
trabajo,Población ocupada,2017,Mujeres,Sin discapacidad,Guerrero,30-44,210679.0,391329.0,378.0,,ENADIS (INEGI),Personas de 18 años o más,enadis
trabajo,Población ocupada,2017,Mujeres,Sin discapacidad,Guerrero,45-59,129612.0,234643.0,216.0,,ENADIS (INEGI),Personas de 18 años o más,enadis
trabajo,Población ocupada,2017,Mujeres,Sin discapacidad,Guerrero,60+,78202.0,197060.0,204.0,,ENADIS (INEGI),Personas de 18 años o más,enadis
trabajo,Población ocupada,2017,Mujeres,Sin discapacidad,Hidalgo,18-29,85396.0,271999.0,683.0,,ENADIS (INEGI),Personas de 18 años o más,enadis
trabajo,Población ocupada,2017,Mujeres,Sin discapacidad,Hidalgo,30-44,166096.0,327698.0,982.0,,ENADIS (INEGI),Personas de 18 años o más,enadis
trabajo,Población ocupada,2017,Mujeres,Sin discapacidad,Hidalgo,45-59,86643.0,241460.0,647.0,,ENADIS (INEGI),Personas de 18 años o más,enadis
trabajo,Población ocupada,2017,Mujeres,Sin discapacidad,Hidalgo,60+,26408.0,138632.0,539.0,,ENADIS (INEGI),Personas de 18 años o más,enadis
trabajo,Población ocupada,2017,Mujeres,Sin discapacidad,Jalisco,18-29,462421.0,885904.0,284.0,,ENADIS (INEGI),Personas de 18 años o más,enadis
trabajo,Población ocupada,2017,Mujeres,Sin discapacidad,Jalisco,30-44,514724.0,779162.0,380.0,,ENADIS (INEGI),Personas de 18 años o más,enadis
trabajo,Población ocupada,2017,Mujeres,Sin discapacidad,Jalisco,45-59,287163.0,656319.0,246.0,,ENADIS (INEGI),Personas de 18 años o más,enadis
trabajo,Población ocupada,2017,Mujeres,Sin discapacidad,Jalisco,60+,61101.0,367737.0,206.0,,ENADIS (INEGI),Personas de 18 años o más,enadis
trabajo,Población ocupada,2017,Mujeres,Sin discapacidad,Michoacán,18-29,149517.0,419612.0,459.0,,ENADIS (INEGI),Personas de 18 años o más,enadis
trabajo,Población ocupada,2017,Mujeres,Sin discapacidad,Michoacán,30-44,251643.0,496038.0,621.0,,ENADIS (INEGI),Personas de 18 años o más,enadis
trabajo,Población ocupada,2017,Mujeres,Sin discapacidad,Michoacán,45-59,125377.0,326683.0,372.0,,ENADIS (INEGI),Personas de 18 años o más,enadis
trabajo,Población ocupada,2017,Mujeres,Sin discapacidad,Michoacán,60+,45719.0,245324.0,331.0,,ENADIS (INEGI),Personas de 18 años o más,enadis
trabajo,Población ocupada,2017,Mujeres,Sin discapacidad,Morelos,18-29,77092.0,186159.0,419.0,,ENADIS (INEGI),Personas de 18 años o más,enadis
trabajo,Población ocupada,2017,Mujeres,Sin discapacidad,Morelos,30-44,122566.0,207147.0,551.0,,ENADIS (INEGI),Personas de 18 años o más,enadis
trabajo,Población ocupada,2017,Mujeres,Sin discapacidad,Morelos,45-59,107018.0,184374.0,395.0,,ENADIS (INEGI),Personas de 18 años o más,enadis
trabajo,Población ocupada,2017,Mujeres,Sin discapacidad,Morelos,60+,24644.0,104206.0,348.0,,ENADIS (INEGI),Personas de 18 años o más,enadis
trabajo,Población ocupada,2017,Mujeres,Sin discapacidad,México,18-29,494047.0,1320631.0,256.0,,ENADIS (INEGI),Personas de 18 años o más,enadis
trabajo,Población ocupada,2017,Mujeres,Sin discapacidad,México,30-44,1149333.0,2176451.0,439.0,,ENADIS (INEGI),Personas de 18 años o más,enadis
trabajo,Población ocupada,2017,Mujeres,Sin discapacidad,México,45-59,765410.0,1495529.0,274.0,,ENADIS (INEGI),Personas de 18 años o más,enadis
trabajo,Población ocupada,2017,Mujeres,Sin discapacidad,México,60+,240538.0,759804.0,199.0,,ENADIS (INEGI),Personas de 18 años o más,enadis
trabajo,Población ocupada,2017,Mujeres,Sin discapacidad,Nayarit,18-29,46125.0,114590.0,256.0,,ENADIS (INEGI),Personas de 18 años o más,enadis
trabajo,Población ocupada,2017,Mujeres,Sin discapacidad,Nayarit,30-44,69875.0,134305.0,388.0,,ENADIS (INEGI),Personas de 18 años o más,enadis
trabajo,Población ocupada,2017,Mujeres,Sin discapacidad,Nayarit,45-59,40722.0,95396.0,210.0,,ENADIS (INEGI),Personas de 18 años o más,enadis
trabajo,Población ocupada,2017,Mujeres,Sin discapacidad,Nayarit,60+,13611.0,71438.0,233.0,,ENADIS (INEGI),Personas de 18 años o más,enadis
trabajo,Población ocupada,2017,Mujeres,Sin discapacidad,Nuevo León,18-29,247872.0,544082.0,314.0,,ENADIS (INEGI),Personas de 18 años o más,enadis
trabajo,Población ocupada,2017,Mujeres,Sin discapacidad,Nuevo León,30-44,301684.0,560804.0,400.0,,ENADIS (INEGI),Personas de 18 años o más,enadis
trabajo,Población ocupada,2017,Mujeres,Sin discapacidad,Nuevo León,45-59,202778.0,427596.0,254.0,,ENADIS (INEGI),Personas de 18 años o más,enadis
trabajo,Población ocupada,2017,Mujeres,Sin discapacidad,Nuevo León,60+,53712.0,260470.0,196.0,,ENADIS (INEGI),Personas de 18 años o más,enadis
trabajo,Población ocupada,2017,Mujeres,Sin discapacidad,Oaxaca,18-29,81055.0,344140.0,416.0,,ENADIS (INEGI),Personas de 18 años o más,enadis
trabajo,Población ocupada,2017,Mujeres,Sin discapacidad,Oaxaca,30-44,185745.0,422615.0,603.0,,ENADIS (INEGI),Personas de 18 años o más,enadis
trabajo,Población ocupada,2017,Mujeres,Sin discapacidad,Oaxaca,45-59,124100.0,364439.0,430.0,,ENADIS (INEGI),Personas de 18 años o más,enadis
trabajo,Población ocupada,2017,Mujeres,Sin discapacidad,Oaxaca,60+,25749.0,267090.0,368.0,,ENADIS (INEGI),Personas de 18 años o más,enadis
trabajo,Población ocupada,2017,Mujeres,Sin discapacidad,Puebla,18-29,239894.0,642476.0,300.0,,ENADIS (INEGI),Personas de 18 años o más,enadis
trabajo,Población ocupada,2017,Mujeres,Sin discapacidad,Puebla,30-44,346463.0,720237.0,451.0,,ENADIS (INEGI),Personas de 18 años o más,enadis
trabajo,Población ocupada,2017,Mujeres,Sin discapacidad,Puebla,45-59,181812.0,432804.0,222.0,,ENADIS (INEGI),Personas de 18 años o más,enadis
trabajo,Población ocupada,2017,Mujeres,Sin discapacidad,Puebla,60+,78508.0,373793.0,255.0,,ENADIS (INEGI),Personas de 18 años o más,enadis
trabajo,Población ocupada,2017,Mujeres,Sin discapacidad,Querétaro,18-29,99983.0,213749.0,300.0,,ENADIS (INEGI),Personas de 18 años o más,enadis
trabajo,Población ocupada,2017,Mujeres,Sin discapacidad,Querétaro,30-44,127227.0,226777.0,408.0,,ENADIS (INEGI),Personas de 18 años o más,enadis
trabajo,Población ocupada,2017,Mujeres,Sin discapacidad,Querétaro,45-59,87945.0,174612.0,237.0,,ENADIS (INEGI),Personas de 18 años o más,enadis
trabajo,Población ocupada,2017,Mujeres,Sin discapacidad,Querétaro,60+,10730.0,85487.0,197.0,,ENADIS (INEGI),Personas de 18 años o más,enadis
trabajo,Población ocupada,2017,Mujeres,Sin discapacidad,Quintana Roo,18-29,99116.0,177297.0,263.0,,ENADIS (INEGI),Personas de 18 años o más,enadis
trabajo,Población ocupada,2017,Mujeres,Sin discapacidad,Quintana Roo,30-44,144124.0,216627.0,377.0,,ENADIS (INEGI),Personas de 18 años o más,enadis
trabajo,Población ocupada,2017,Mujeres,Sin discapacidad,Quintana Roo,45-59,51891.0,103742.0,182.0,,ENADIS (INEGI),Personas de 18 años o más,enadis
trabajo,Población ocupada,2017,Mujeres,Sin discapacidad,Quintana Roo,60+,7242.0,51290.0,156.0,,ENADIS (INEGI),Personas de 18 años o más,enadis
trabajo,Población ocupada,2017,Mujeres,Sin discapacidad,San Luis Potosí,18-29,105066.0,317853.0,282.0,,ENADIS (INEGI),Personas de 18 años o más,enadis
trabajo,Población ocupada,2017,Mujeres,Sin discapacidad,San Luis Potosí,30-44,130674.0,298925.0,431.0,,ENADIS (INEGI),Personas de 18 años o más,enadis
trabajo,Población ocupada,2017,Mujeres,Sin discapacidad,San Luis Potosí,45-59,90948.0,220951.0,238.0,,ENADIS (INEGI),Personas de 18 años o más,enadis
trabajo,Población ocupada,2017,Mujeres,Sin discapacidad,San Luis Potosí,60+,23059.0,139391.0,245.0,,ENADIS (INEGI),Personas de 18 años o más,enadis
trabajo,Población ocupada,2017,Mujeres,Sin discapacidad,Sinaloa,18-29,128929.0,260627.0,272.0,,ENADIS (INEGI),Personas de 18 años o más,enadis
trabajo,Población ocupada,2017,Mujeres,Sin discapacidad,Sinaloa,30-44,160103.0,322992.0,409.0,,ENADIS (INEGI),Personas de 18 años o más,enadis
trabajo,Población ocupada,2017,Mujeres,Sin discapacidad,Sinaloa,45-59,128360.0,262287.0,257.0,,ENADIS (INEGI),Personas de 18 años o más,enadis
trabajo,Población ocupada,2017,Mujeres,Sin discapacidad,Sinaloa,60+,17435.0,163428.0,227.0,,ENADIS (INEGI),Personas de 18 años o más,enadis
trabajo,Población ocupada,2017,Mujeres,Sin discapacidad,Sonora,18-29,135689.0,247209.0,236.0,,ENADIS (INEGI),Personas de 18 años o más,enadis
trabajo,Población ocupada,2017,Mujeres,Sin discapacidad,Sonora,30-44,224836.0,335128.0,403.0,,ENADIS (INEGI),Personas de 18 años o más,enadis
trabajo,Población ocupada,2017,Mujeres,Sin discapacidad,Sonora,45-59,135610.0,245307.0,238.0,,ENADIS (INEGI),Personas de 18 años o más,enadis
trabajo,Población ocupada,2017,Mujeres,Sin discapacidad,Sonora,60+,33526.0,179523.0,215.0,,ENADIS (INEGI),Personas de 18 años o más,enadis
trabajo,Población ocupada,2017,Mujeres,Sin discapacidad,Tabasco,18-29,70233.0,233804.0,431.0,,ENADIS (INEGI),Personas de 18 años o más,enadis
trabajo,Población ocupada,2017,Mujeres,Sin discapacidad,Tabasco,30-44,121109.0,287252.0,626.0,,ENADIS (INEGI),Personas de 18 años o más,enadis
trabajo,Población ocupada,2017,Mujeres,Sin discapacidad,Tabasco,45-59,67864.0,180688.0,358.0,,ENADIS (INEGI),Personas de 18 años o más,enadis
trabajo,Población ocupada,2017,Mujeres,Sin discapacidad,Tabasco,60+,11085.0,93959.0,309.0,,ENADIS (INEGI),Personas de 18 años o más,enadis
trabajo,Población ocupada,2017,Mujeres,Sin discapacidad,Tamaulipas,18-29,131104.0,281815.0,199.0,,ENADIS (INEGI),Personas de 18 años o más,enadis
trabajo,Población ocupada,2017,Mujeres,Sin discapacidad,Tamaulipas,30-44,202363.0,399720.0,363.0,,ENADIS (INEGI),Personas de 18 años o más,enadis
trabajo,Población ocupada,2017,Mujeres,Sin discapacidad,Tamaulipas,45-59,172350.0,312500.0,223.0,,ENADIS (INEGI),Personas de 18 años o más,enadis
trabajo,Población ocupada,2017,Mujeres,Sin discapacidad,Tamaulipas,60+,29101.0,169301.0,189.0,,ENADIS (INEGI),Personas de 18 años o más,enadis
trabajo,Población ocupada,2017,Mujeres,Sin discapacidad,Tlaxcala,18-29,45998.0,128658.0,777.0,,ENADIS (INEGI),Personas de 18 años o más,enadis
trabajo,Población ocupada,2017,Mujeres,Sin discapacidad,Tlaxcala,30-44,85460.0,154864.0,1134.0,,ENADIS (INEGI),Personas de 18 años o más,enadis
trabajo,Población ocupada,2017,Mujeres,Sin discapacidad,Tlaxcala,45-59,47210.0,109561.0,626.0,,ENADIS (INEGI),Personas de 18 años o más,enadis
trabajo,Población ocupada,2017,Mujeres,Sin discapacidad,Tlaxcala,60+,12724.0,61467.0,647.0,,ENADIS (INEGI),Personas de 18 años o más,enadis
trabajo,Población ocupada,2017,Mujeres,Sin discapacidad,Veracruz,18-29,237625.0,742433.0,355.0,,ENADIS (INEGI),Personas de 18 años o más,enadis
trabajo,Población ocupada,2017,Mujeres,Sin discapacidad,Veracruz,30-44,357177.0,862687.0,545.0,,ENADIS (INEGI),Personas de 18 años o más,enadis
trabajo,Población ocupada,2017,Mujeres,Sin discapacidad,Veracruz,45-59,322918.0,817549.0,389.0,,ENADIS (INEGI),Personas de 18 años o más,enadis
trabajo,Población ocupada,2017,Mujeres,Sin discapacidad,Veracruz,60+,61872.0,429543.0,352.0,,ENADIS (INEGI),Personas de 18 años o más,enadis
trabajo,Población ocupada,2017,Mujeres,Sin discapacidad,Yucatán,18-29,95077.0,215031.0,291.0,,ENADIS (INEGI),Personas de 18 años o más,enadis
trabajo,Población ocupada,2017,Mujeres,Sin discapacidad,Yucatán,30-44,145544.0,267334.0,434.0,,ENADIS (INEGI),Personas de 18 años o más,enadis
trabajo,Población ocupada,2017,Mujeres,Sin discapacidad,Yucatán,45-59,70521.0,144156.0,233.0,,ENADIS (INEGI),Personas de 18 años o más,enadis
trabajo,Población ocupada,2017,Mujeres,Sin discapacidad,Yucatán,60+,15516.0,99722.0,181.0,,ENADIS (INEGI),Personas de 18 años o más,enadis
trabajo,Población ocupada,2017,Mujeres,Sin discapacidad,Zacatecas,18-29,51914.0,136036.0,250.0,,ENADIS (INEGI),Personas de 18 años o más,enadis
trabajo,Población ocupada,2017,Mujeres,Sin discapacidad,Zacatecas,30-44,71291.0,173188.0,399.0,,ENADIS (INEGI),Personas de 18 años o más,enadis
trabajo,Población ocupada,2017,Mujeres,Sin discapacidad,Zacatecas,45-59,48351.0,115150.0,220.0,,ENADIS (INEGI),Personas de 18 años o más,enadis
trabajo,Población ocupada,2017,Mujeres,Sin discapacidad,Zacatecas,60+,11109.0,63921.0,191.0,,ENADIS (INEGI),Personas de 18 años o más,enadis
trabajo,Se dedica a los quehaceres del hogar,2017,Hombres,Con discapacidad,Aguascalientes,18-29,0.0,3055.0,7.0,,ENADIS (INEGI),Personas de 18 años o más,enadis
trabajo,Se dedica a los quehaceres del hogar,2017,Hombres,Con discapacidad,Aguascalientes,30-44,0.0,2444.0,9.0,,ENADIS (INEGI),Personas de 18 años o más,enadis
trabajo,Se dedica a los quehaceres del hogar,2017,Hombres,Con discapacidad,Aguascalientes,45-59,0.0,3620.0,7.0,,ENADIS (INEGI),Personas de 18 años o más,enadis
trabajo,Se dedica a los quehaceres del hogar,2017,Hombres,Con discapacidad,Aguascalientes,60+,0.0,8354.0,36.0,,ENADIS (INEGI),Personas de 18 años o más,enadis
trabajo,Se dedica a los quehaceres del hogar,2017,Hombres,Con discapacidad,Baja California,18-29,0.0,7441.0,8.0,,ENADIS (INEGI),Personas de 18 años o más,enadis
trabajo,Se dedica a los quehaceres del hogar,2017,Hombres,Con discapacidad,Baja California,30-44,0.0,8918.0,10.0,,ENADIS (INEGI),Personas de 18 años o más,enadis
trabajo,Se dedica a los quehaceres del hogar,2017,Hombres,Con discapacidad,Baja California,45-59,0.0,14887.0,15.0,,ENADIS (INEGI),Personas de 18 años o más,enadis
trabajo,Se dedica a los quehaceres del hogar,2017,Hombres,Con discapacidad,Baja California,60+,696.0,43382.0,56.0,,ENADIS (INEGI),Personas de 18 años o más,enadis
trabajo,Se dedica a los quehaceres del hogar,2017,Hombres,Con discapacidad,Baja California Sur,18-29,0.0,1629.0,6.0,,ENADIS (INEGI),Personas de 18 años o más,enadis
trabajo,Se dedica a los quehaceres del hogar,2017,Hombres,Con discapacidad,Baja California Sur,30-44,0.0,2746.0,6.0,,ENADIS (INEGI),Personas de 18 años o más,enadis
trabajo,Se dedica a los quehaceres del hogar,2017,Hombres,Con discapacidad,Baja California Sur,45-59,0.0,4151.0,13.0,,ENADIS (INEGI),Personas de 18 años o más,enadis
trabajo,Se dedica a los quehaceres del hogar,2017,Hombres,Con discapacidad,Baja California Sur,60+,235.0,9764.0,53.0,,ENADIS (INEGI),Personas de 18 años o más,enadis
trabajo,Se dedica a los quehaceres del hogar,2017,Hombres,Con discapacidad,Campeche,18-29,0.0,2554.0,8.0,,ENADIS (INEGI),Personas de 18 años o más,enadis
trabajo,Se dedica a los quehaceres del hogar,2017,Hombres,Con discapacidad,Campeche,30-44,0.0,3248.0,7.0,,ENADIS (INEGI),Personas de 18 años o más,enadis
trabajo,Se dedica a los quehaceres del hogar,2017,Hombres,Con discapacidad,Campeche,45-59,0.0,4856.0,17.0,,ENADIS (INEGI),Personas de 18 años o más,enadis
trabajo,Se dedica a los quehaceres del hogar,2017,Hombres,Con discapacidad,Campeche,60+,132.0,10610.0,53.0,,ENADIS (INEGI),Personas de 18 años o más,enadis
trabajo,Se dedica a los quehaceres del hogar,2017,Hombres,Con discapacidad,Chiapas,18-29,0.0,9167.0,7.0,,ENADIS (INEGI),Personas de 18 años o más,enadis
trabajo,Se dedica a los quehaceres del hogar,2017,Hombres,Con discapacidad,Chiapas,30-44,0.0,7017.0,6.0,,ENADIS (INEGI),Personas de 18 años o más,enadis
trabajo,Se dedica a los quehaceres del hogar,2017,Hombres,Con discapacidad,Chiapas,45-59,0.0,15265.0,10.0,,ENADIS (INEGI),Personas de 18 años o más,enadis
trabajo,Se dedica a los quehaceres del hogar,2017,Hombres,Con discapacidad,Chiapas,60+,0.0,32426.0,41.0,,ENADIS (INEGI),Personas de 18 años o más,enadis
trabajo,Se dedica a los quehaceres del hogar,2017,Hombres,Con discapacidad,Chihuahua,18-29,0.0,10421.0,5.0,,ENADIS (INEGI),Personas de 18 años o más,enadis
trabajo,Se dedica a los quehaceres del hogar,2017,Hombres,Con discapacidad,Chihuahua,30-44,0.0,7215.0,7.0,,ENADIS (INEGI),Personas de 18 años o más,enadis
trabajo,Se dedica a los quehaceres del hogar,2017,Hombres,Con discapacidad,Chihuahua,45-59,0.0,8382.0,7.0,,ENADIS (INEGI),Personas de 18 años o más,enadis
trabajo,Se dedica a los quehaceres del hogar,2017,Hombres,Con discapacidad,Chihuahua,60+,0.0,29290.0,36.0,,ENADIS (INEGI),Personas de 18 años o más,enadis
trabajo,Se dedica a los quehaceres del hogar,2017,Hombres,Con discapacidad,Ciudad de México,18-29,0.0,9954.0,5.0,,ENADIS (INEGI),Personas de 18 años o más,enadis
trabajo,Se dedica a los quehaceres del hogar,2017,Hombres,Con discapacidad,Ciudad de México,30-44,0.0,8106.0,3.0,,ENADIS (INEGI),Personas de 18 años o más,enadis
trabajo,Se dedica a los quehaceres del hogar,2017,Hombres,Con discapacidad,Ciudad de México,45-59,0.0,44941.0,15.0,,ENADIS (INEGI),Personas de 18 años o más,enadis
trabajo,Se dedica a los quehaceres del hogar,2017,Hombres,Con discapacidad,Ciudad de México,60+,974.0,115501.0,57.0,,ENADIS (INEGI),Personas de 18 años o más,enadis
trabajo,Se dedica a los quehaceres del hogar,2017,Hombres,Con discapacidad,Coahuila,18-29,0.0,1957.0,4.0,,ENADIS (INEGI),Personas de 18 años o más,enadis
trabajo,Se dedica a los quehaceres del hogar,2017,Hombres,Con discapacidad,Coahuila,30-44,0.0,6216.0,6.0,,ENADIS (INEGI),Personas de 18 años o más,enadis
trabajo,Se dedica a los quehaceres del hogar,2017,Hombres,Con discapacidad,Coahuila,45-59,0.0,2845.0,2.0,,ENADIS (INEGI),Personas de 18 años o más,enadis
trabajo,Se dedica a los quehaceres del hogar,2017,Hombres,Con discapacidad,Coahuila,60+,0.0,21356.0,31.0,,ENADIS (INEGI),Personas de 18 años o más,enadis
trabajo,Se dedica a los quehaceres del hogar,2017,Hombres,Con discapacidad,Colima,18-29,52.0,949.0,7.0,,ENADIS (INEGI),Personas de 18 años o más,enadis
trabajo,Se dedica a los quehaceres del hogar,2017,Hombres,Con discapacidad,Colima,30-44,281.0,1786.0,10.0,,ENADIS (INEGI),Personas de 18 años o más,enadis
trabajo,Se dedica a los quehaceres del hogar,2017,Hombres,Con discapacidad,Colima,45-59,0.0,3790.0,12.0,,ENADIS (INEGI),Personas de 18 años o más,enadis
trabajo,Se dedica a los quehaceres del hogar,2017,Hombres,Con discapacidad,Colima,60+,568.0,7061.0,40.0,,ENADIS (INEGI),Personas de 18 años o más,enadis
trabajo,Se dedica a los quehaceres del hogar,2017,Hombres,Con discapacidad,Durango,18-29,0.0,1057.0,3.0,,ENADIS (INEGI),Personas de 18 años o más,enadis
trabajo,Se dedica a los quehaceres del hogar,2017,Hombres,Con discapacidad,Durango,30-44,0.0,4185.0,10.0,,ENADIS (INEGI),Personas de 18 años o más,enadis
trabajo,Se dedica a los quehaceres del hogar,2017,Hombres,Con discapacidad,Durango,45-59,0.0,5215.0,8.0,,ENADIS (INEGI),Personas de 18 años o más,enadis
trabajo,Se dedica a los quehaceres del hogar,2017,Hombres,Con discapacidad,Durango,60+,0.0,11352.0,31.0,,ENADIS (INEGI),Personas de 18 años o más,enadis
trabajo,Se dedica a los quehaceres del hogar,2017,Hombres,Con discapacidad,Guanajuato,18-29,0.0,8674.0,13.0,,ENADIS (INEGI),Personas de 18 años o más,enadis
trabajo,Se dedica a los quehaceres del hogar,2017,Hombres,Con discapacidad,Guanajuato,30-44,145.0,7178.0,21.0,,ENADIS (INEGI),Personas de 18 años o más,enadis
trabajo,Se dedica a los quehaceres del hogar,2017,Hombres,Con discapacidad,Guanajuato,45-59,663.0,13429.0,14.0,,ENADIS (INEGI),Personas de 18 años o más,enadis
trabajo,Se dedica a los quehaceres del hogar,2017,Hombres,Con discapacidad,Guanajuato,60+,555.0,33649.0,78.0,,ENADIS (INEGI),Personas de 18 años o más,enadis
trabajo,Se dedica a los quehaceres del hogar,2017,Hombres,Con discapacidad,Guerrero,18-29,0.0,10951.0,7.0,,ENADIS (INEGI),Personas de 18 años o más,enadis
trabajo,Se dedica a los quehaceres del hogar,2017,Hombres,Con discapacidad,Guerrero,30-44,0.0,5555.0,8.0,,ENADIS (INEGI),Personas de 18 años o más,enadis
trabajo,Se dedica a los quehaceres del hogar,2017,Hombres,Con discapacidad,Guerrero,45-59,808.0,14500.0,11.0,,ENADIS (INEGI),Personas de 18 años o más,enadis
trabajo,Se dedica a los quehaceres del hogar,2017,Hombres,Con discapacidad,Guerrero,60+,1571.0,47067.0,55.0,,ENADIS (INEGI),Personas de 18 años o más,enadis
trabajo,Se dedica a los quehaceres del hogar,2017,Hombres,Con discapacidad,Hidalgo,18-29,0.0,10137.0,20.0,,ENADIS (INEGI),Personas de 18 años o más,enadis
trabajo,Se dedica a los quehaceres del hogar,2017,Hombres,Con discapacidad,Hidalgo,30-44,0.0,12400.0,30.0,,ENADIS (INEGI),Personas de 18 años o más,enadis
trabajo,Se dedica a los quehaceres del hogar,2017,Hombres,Con discapacidad,Hidalgo,45-59,0.0,14206.0,34.0,,ENADIS (INEGI),Personas de 18 años o más,enadis
trabajo,Se dedica a los quehaceres del hogar,2017,Hombres,Con discapacidad,Hidalgo,60+,215.0,31285.0,114.0,,ENADIS (INEGI),Personas de 18 años o más,enadis
trabajo,Se dedica a los quehaceres del hogar,2017,Hombres,Con discapacidad,Jalisco,18-29,0.0,9006.0,5.0,,ENADIS (INEGI),Personas de 18 años o más,enadis
trabajo,Se dedica a los quehaceres del hogar,2017,Hombres,Con discapacidad,Jalisco,30-44,0.0,17199.0,7.0,,ENADIS (INEGI),Personas de 18 años o más,enadis
trabajo,Se dedica a los quehaceres del hogar,2017,Hombres,Con discapacidad,Jalisco,45-59,0.0,35253.0,17.0,,ENADIS (INEGI),Personas de 18 años o más,enadis
trabajo,Se dedica a los quehaceres del hogar,2017,Hombres,Con discapacidad,Jalisco,60+,0.0,153670.0,39.0,,ENADIS (INEGI),Personas de 18 años o más,enadis
trabajo,Se dedica a los quehaceres del hogar,2017,Hombres,Con discapacidad,Michoacán,18-29,0.0,15395.0,10.0,,ENADIS (INEGI),Personas de 18 años o más,enadis
trabajo,Se dedica a los quehaceres del hogar,2017,Hombres,Con discapacidad,Michoacán,30-44,0.0,17093.0,16.0,,ENADIS (INEGI),Personas de 18 años o más,enadis
trabajo,Se dedica a los quehaceres del hogar,2017,Hombres,Con discapacidad,Michoacán,45-59,0.0,9698.0,15.0,,ENADIS (INEGI),Personas de 18 años o más,enadis
trabajo,Se dedica a los quehaceres del hogar,2017,Hombres,Con discapacidad,Michoacán,60+,92.0,70181.0,82.0,,ENADIS (INEGI),Personas de 18 años o más,enadis
trabajo,Se dedica a los quehaceres del hogar,2017,Hombres,Con discapacidad,Morelos,18-29,859.0,4735.0,10.0,,ENADIS (INEGI),Personas de 18 años o más,enadis
trabajo,Se dedica a los quehaceres del hogar,2017,Hombres,Con discapacidad,Morelos,30-44,0.0,6416.0,16.0,,ENADIS (INEGI),Personas de 18 años o más,enadis
trabajo,Se dedica a los quehaceres del hogar,2017,Hombres,Con discapacidad,Morelos,45-59,0.0,6045.0,15.0,,ENADIS (INEGI),Personas de 18 años o más,enadis
trabajo,Se dedica a los quehaceres del hogar,2017,Hombres,Con discapacidad,Morelos,60+,354.0,23367.0,70.0,,ENADIS (INEGI),Personas de 18 años o más,enadis
trabajo,Se dedica a los quehaceres del hogar,2017,Hombres,Con discapacidad,México,18-29,0.0,30679.0,11.0,,ENADIS (INEGI),Personas de 18 años o más,enadis
trabajo,Se dedica a los quehaceres del hogar,2017,Hombres,Con discapacidad,México,30-44,0.0,58820.0,12.0,,ENADIS (INEGI),Personas de 18 años o más,enadis
trabajo,Se dedica a los quehaceres del hogar,2017,Hombres,Con discapacidad,México,45-59,0.0,11942.0,7.0,,ENADIS (INEGI),Personas de 18 años o más,enadis
trabajo,Se dedica a los quehaceres del hogar,2017,Hombres,Con discapacidad,México,60+,2421.0,151140.0,51.0,,ENADIS (INEGI),Personas de 18 años o más,enadis
trabajo,Se dedica a los quehaceres del hogar,2017,Hombres,Con discapacidad,Nayarit,18-29,0.0,1630.0,5.0,,ENADIS (INEGI),Personas de 18 años o más,enadis
trabajo,Se dedica a los quehaceres del hogar,2017,Hombres,Con discapacidad,Nayarit,30-44,0.0,2049.0,11.0,,ENADIS (INEGI),Personas de 18 años o más,enadis
trabajo,Se dedica a los quehaceres del hogar,2017,Hombres,Con discapacidad,Nayarit,45-59,0.0,2246.0,5.0,,ENADIS (INEGI),Personas de 18 años o más,enadis
trabajo,Se dedica a los quehaceres del hogar,2017,Hombres,Con discapacidad,Nayarit,60+,0.0,12028.0,46.0,,ENADIS (INEGI),Personas de 18 años o más,enadis
trabajo,Se dedica a los quehaceres del hogar,2017,Hombres,Con discapacidad,Nuevo León,18-29,0.0,4258.0,4.0,,ENADIS (INEGI),Personas de 18 años o más,enadis
trabajo,Se dedica a los quehaceres del hogar,2017,Hombres,Con discapacidad,Nuevo León,30-44,815.0,4438.0,4.0,,ENADIS (INEGI),Personas de 18 años o más,enadis
trabajo,Se dedica a los quehaceres del hogar,2017,Hombres,Con discapacidad,Nuevo León,45-59,0.0,9661.0,7.0,,ENADIS (INEGI),Personas de 18 años o más,enadis
trabajo,Se dedica a los quehaceres del hogar,2017,Hombres,Con discapacidad,Nuevo León,60+,0.0,69959.0,46.0,,ENADIS (INEGI),Personas de 18 años o más,enadis
trabajo,Se dedica a los quehaceres del hogar,2017,Hombres,Con discapacidad,Oaxaca,18-29,0.0,11422.0,11.0,,ENADIS (INEGI),Personas de 18 años o más,enadis
trabajo,Se dedica a los quehaceres del hogar,2017,Hombres,Con discapacidad,Oaxaca,30-44,0.0,15372.0,18.0,,ENADIS (INEGI),Personas de 18 años o más,enadis
trabajo,Se dedica a los quehaceres del hogar,2017,Hombres,Con discapacidad,Oaxaca,45-59,0.0,11793.0,13.0,,ENADIS (INEGI),Personas de 18 años o más,enadis
trabajo,Se dedica a los quehaceres del hogar,2017,Hombres,Con discapacidad,Oaxaca,60+,2587.0,40622.0,56.0,,ENADIS (INEGI),Personas de 18 años o más,enadis
trabajo,Se dedica a los quehaceres del hogar,2017,Hombres,Con discapacidad,Puebla,18-29,0.0,25083.0,10.0,,ENADIS (INEGI),Personas de 18 años o más,enadis
trabajo,Se dedica a los quehaceres del hogar,2017,Hombres,Con discapacidad,Puebla,30-44,0.0,16415.0,7.0,,ENADIS (INEGI),Personas de 18 años o más,enadis
trabajo,Se dedica a los quehaceres del hogar,2017,Hombres,Con discapacidad,Puebla,45-59,0.0,11716.0,5.0,,ENADIS (INEGI),Personas de 18 años o más,enadis
trabajo,Se dedica a los quehaceres del hogar,2017,Hombres,Con discapacidad,Puebla,60+,0.0,60405.0,47.0,,ENADIS (INEGI),Personas de 18 años o más,enadis
trabajo,Se dedica a los quehaceres del hogar,2017,Hombres,Con discapacidad,Querétaro,18-29,146.0,3243.0,5.0,,ENADIS (INEGI),Personas de 18 años o más,enadis
trabajo,Se dedica a los quehaceres del hogar,2017,Hombres,Con discapacidad,Querétaro,30-44,0.0,4394.0,7.0,,ENADIS (INEGI),Personas de 18 años o más,enadis
trabajo,Se dedica a los quehaceres del hogar,2017,Hombres,Con discapacidad,Querétaro,45-59,0.0,12421.0,10.0,,ENADIS (INEGI),Personas de 18 años o más,enadis
trabajo,Se dedica a los quehaceres del hogar,2017,Hombres,Con discapacidad,Querétaro,60+,919.0,18270.0,43.0,,ENADIS (INEGI),Personas de 18 años o más,enadis
trabajo,Se dedica a los quehaceres del hogar,2017,Hombres,Con discapacidad,Quintana Roo,18-29,0.0,7406.0,6.0,,ENADIS (INEGI),Personas de 18 años o más,enadis
trabajo,Se dedica a los quehaceres del hogar,2017,Hombres,Con discapacidad,Quintana Roo,30-44,0.0,9314.0,13.0,,ENADIS (INEGI),Personas de 18 años o más,enadis
trabajo,Se dedica a los quehaceres del hogar,2017,Hombres,Con discapacidad,Quintana Roo,45-59,0.0,4719.0,8.0,,ENADIS (INEGI),Personas de 18 años o más,enadis
trabajo,Se dedica a los quehaceres del hogar,2017,Hombres,Con discapacidad,Quintana Roo,60+,686.0,9196.0,25.0,,ENADIS (INEGI),Personas de 18 años o más,enadis
trabajo,Se dedica a los quehaceres del hogar,2017,Hombres,Con discapacidad,San Luis Potosí,18-29,0.0,2327.0,4.0,,ENADIS (INEGI),Personas de 18 años o más,enadis
trabajo,Se dedica a los quehaceres del hogar,2017,Hombres,Con discapacidad,San Luis Potosí,30-44,0.0,7073.0,10.0,,ENADIS (INEGI),Personas de 18 años o más,enadis
trabajo,Se dedica a los quehaceres del hogar,2017,Hombres,Con discapacidad,San Luis Potosí,45-59,0.0,3231.0,6.0,,ENADIS (INEGI),Personas de 18 años o más,enadis
trabajo,Se dedica a los quehaceres del hogar,2017,Hombres,Con discapacidad,San Luis Potosí,60+,0.0,28082.0,36.0,,ENADIS (INEGI),Personas de 18 años o más,enadis
trabajo,Se dedica a los quehaceres del hogar,2017,Hombres,Con discapacidad,Sinaloa,18-29,0.0,1635.0,4.0,,ENADIS (INEGI),Personas de 18 años o más,enadis
trabajo,Se dedica a los quehaceres del hogar,2017,Hombres,Con discapacidad,Sinaloa,30-44,0.0,10607.0,6.0,,ENADIS (INEGI),Personas de 18 años o más,enadis
trabajo,Se dedica a los quehaceres del hogar,2017,Hombres,Con discapacidad,Sinaloa,45-59,0.0,4639.0,8.0,,ENADIS (INEGI),Personas de 18 años o más,enadis
trabajo,Se dedica a los quehaceres del hogar,2017,Hombres,Con discapacidad,Sinaloa,60+,0.0,21573.0,28.0,,ENADIS (INEGI),Personas de 18 años o más,enadis
trabajo,Se dedica a los quehaceres del hogar,2017,Hombres,Con discapacidad,Sonora,18-29,0.0,3489.0,4.0,,ENADIS (INEGI),Personas de 18 años o más,enadis
trabajo,Se dedica a los quehaceres del hogar,2017,Hombres,Con discapacidad,Sonora,30-44,0.0,3597.0,5.0,,ENADIS (INEGI),Personas de 18 años o más,enadis
trabajo,Se dedica a los quehaceres del hogar,2017,Hombres,Con discapacidad,Sonora,45-59,0.0,1820.0,4.0,,ENADIS (INEGI),Personas de 18 años o más,enadis
trabajo,Se dedica a los quehaceres del hogar,2017,Hombres,Con discapacidad,Sonora,60+,0.0,28740.0,34.0,,ENADIS (INEGI),Personas de 18 años o más,enadis
trabajo,Se dedica a los quehaceres del hogar,2017,Hombres,Con discapacidad,Tabasco,18-29,0.0,6028.0,8.0,,ENADIS (INEGI),Personas de 18 años o más,enadis
trabajo,Se dedica a los quehaceres del hogar,2017,Hombres,Con discapacidad,Tabasco,30-44,0.0,7400.0,15.0,,ENADIS (INEGI),Personas de 18 años o más,enadis
trabajo,Se dedica a los quehaceres del hogar,2017,Hombres,Con discapacidad,Tabasco,45-59,0.0,7994.0,19.0,,ENADIS (INEGI),Personas de 18 años o más,enadis
trabajo,Se dedica a los quehaceres del hogar,2017,Hombres,Con discapacidad,Tabasco,60+,0.0,31291.0,86.0,,ENADIS (INEGI),Personas de 18 años o más,enadis
trabajo,Se dedica a los quehaceres del hogar,2017,Hombres,Con discapacidad,Tamaulipas,18-29,0.0,9830.0,7.0,,ENADIS (INEGI),Personas de 18 años o más,enadis
trabajo,Se dedica a los quehaceres del hogar,2017,Hombres,Con discapacidad,Tamaulipas,30-44,0.0,10959.0,11.0,,ENADIS (INEGI),Personas de 18 años o más,enadis
trabajo,Se dedica a los quehaceres del hogar,2017,Hombres,Con discapacidad,Tamaulipas,45-59,0.0,12639.0,9.0,,ENADIS (INEGI),Personas de 18 años o más,enadis
trabajo,Se dedica a los quehaceres del hogar,2017,Hombres,Con discapacidad,Tamaulipas,60+,0.0,51229.0,56.0,,ENADIS (INEGI),Personas de 18 años o más,enadis
trabajo,Se dedica a los quehaceres del hogar,2017,Hombres,Con discapacidad,Tlaxcala,18-29,0.0,2753.0,24.0,,ENADIS (INEGI),Personas de 18 años o más,enadis
trabajo,Se dedica a los quehaceres del hogar,2017,Hombres,Con discapacidad,Tlaxcala,30-44,0.0,2504.0,27.0,,ENADIS (INEGI),Personas de 18 años o más,enadis
trabajo,Se dedica a los quehaceres del hogar,2017,Hombres,Con discapacidad,Tlaxcala,45-59,33.0,3160.0,19.0,,ENADIS (INEGI),Personas de 18 años o más,enadis
trabajo,Se dedica a los quehaceres del hogar,2017,Hombres,Con discapacidad,Tlaxcala,60+,279.0,13533.0,123.0,,ENADIS (INEGI),Personas de 18 años o más,enadis
trabajo,Se dedica a los quehaceres del hogar,2017,Hombres,Con discapacidad,Veracruz,18-29,0.0,21469.0,9.0,,ENADIS (INEGI),Personas de 18 años o más,enadis
trabajo,Se dedica a los quehaceres del hogar,2017,Hombres,Con discapacidad,Veracruz,30-44,0.0,14199.0,14.0,,ENADIS (INEGI),Personas de 18 años o más,enadis
trabajo,Se dedica a los quehaceres del hogar,2017,Hombres,Con discapacidad,Veracruz,45-59,0.0,39300.0,15.0,,ENADIS (INEGI),Personas de 18 años o más,enadis
trabajo,Se dedica a los quehaceres del hogar,2017,Hombres,Con discapacidad,Veracruz,60+,0.0,89514.0,68.0,,ENADIS (INEGI),Personas de 18 años o más,enadis
trabajo,Se dedica a los quehaceres del hogar,2017,Hombres,Con discapacidad,Yucatán,18-29,0.0,5863.0,7.0,,ENADIS (INEGI),Personas de 18 años o más,enadis
trabajo,Se dedica a los quehaceres del hogar,2017,Hombres,Con discapacidad,Yucatán,30-44,0.0,6706.0,11.0,,ENADIS (INEGI),Personas de 18 años o más,enadis
trabajo,Se dedica a los quehaceres del hogar,2017,Hombres,Con discapacidad,Yucatán,45-59,0.0,7556.0,13.0,,ENADIS (INEGI),Personas de 18 años o más,enadis
trabajo,Se dedica a los quehaceres del hogar,2017,Hombres,Con discapacidad,Yucatán,60+,305.0,44047.0,76.0,,ENADIS (INEGI),Personas de 18 años o más,enadis
trabajo,Se dedica a los quehaceres del hogar,2017,Hombres,Con discapacidad,Zacatecas,18-29,0.0,2455.0,8.0,,ENADIS (INEGI),Personas de 18 años o más,enadis
trabajo,Se dedica a los quehaceres del hogar,2017,Hombres,Con discapacidad,Zacatecas,30-44,0.0,3382.0,12.0,,ENADIS (INEGI),Personas de 18 años o más,enadis
trabajo,Se dedica a los quehaceres del hogar,2017,Hombres,Con discapacidad,Zacatecas,45-59,0.0,9232.0,15.0,,ENADIS (INEGI),Personas de 18 años o más,enadis
trabajo,Se dedica a los quehaceres del hogar,2017,Hombres,Con discapacidad,Zacatecas,60+,490.0,25651.0,68.0,,ENADIS (INEGI),Personas de 18 años o más,enadis
trabajo,Se dedica a los quehaceres del hogar,2017,Hombres,Sin discapacidad,Aguascalientes,18-29,1044.0,145503.0,327.0,,ENADIS (INEGI),Personas de 18 años o más,enadis
trabajo,Se dedica a los quehaceres del hogar,2017,Hombres,Sin discapacidad,Aguascalientes,30-44,0.0,110473.0,315.0,,ENADIS (INEGI),Personas de 18 años o más,enadis
trabajo,Se dedica a los quehaceres del hogar,2017,Hombres,Sin discapacidad,Aguascalientes,45-59,0.0,93075.0,211.0,,ENADIS (INEGI),Personas de 18 años o más,enadis
trabajo,Se dedica a los quehaceres del hogar,2017,Hombres,Sin discapacidad,Aguascalientes,60+,1003.0,54676.0,187.0,,ENADIS (INEGI),Personas de 18 años o más,enadis
trabajo,Se dedica a los quehaceres del hogar,2017,Hombres,Sin discapacidad,Baja California,18-29,1270.0,280330.0,204.0,,ENADIS (INEGI),Personas de 18 años o más,enadis
trabajo,Se dedica a los quehaceres del hogar,2017,Hombres,Sin discapacidad,Baja California,30-44,0.0,404966.0,322.0,,ENADIS (INEGI),Personas de 18 años o más,enadis
trabajo,Se dedica a los quehaceres del hogar,2017,Hombres,Sin discapacidad,Baja California,45-59,0.0,228079.0,162.0,,ENADIS (INEGI),Personas de 18 años o más,enadis
trabajo,Se dedica a los quehaceres del hogar,2017,Hombres,Sin discapacidad,Baja California,60+,4598.0,126184.0,132.0,,ENADIS (INEGI),Personas de 18 años o más,enadis
trabajo,Se dedica a los quehaceres del hogar,2017,Hombres,Sin discapacidad,Baja California Sur,18-29,0.0,80983.0,260.0,,ENADIS (INEGI),Personas de 18 años o más,enadis
trabajo,Se dedica a los quehaceres del hogar,2017,Hombres,Sin discapacidad,Baja California Sur,30-44,2353.0,104229.0,364.0,,ENADIS (INEGI),Personas de 18 años o más,enadis
trabajo,Se dedica a los quehaceres del hogar,2017,Hombres,Sin discapacidad,Baja California Sur,45-59,103.0,70486.0,222.0,,ENADIS (INEGI),Personas de 18 años o más,enadis
trabajo,Se dedica a los quehaceres del hogar,2017,Hombres,Sin discapacidad,Baja California Sur,60+,0.0,31178.0,177.0,,ENADIS (INEGI),Personas de 18 años o más,enadis
trabajo,Se dedica a los quehaceres del hogar,2017,Hombres,Sin discapacidad,Campeche,18-29,0.0,91907.0,297.0,,ENADIS (INEGI),Personas de 18 años o más,enadis
trabajo,Se dedica a los quehaceres del hogar,2017,Hombres,Sin discapacidad,Campeche,30-44,0.0,87342.0,341.0,,ENADIS (INEGI),Personas de 18 años o más,enadis
trabajo,Se dedica a los quehaceres del hogar,2017,Hombres,Sin discapacidad,Campeche,45-59,144.0,74167.0,228.0,,ENADIS (INEGI),Personas de 18 años o más,enadis
trabajo,Se dedica a los quehaceres del hogar,2017,Hombres,Sin discapacidad,Campeche,60+,480.0,33856.0,184.0,,ENADIS (INEGI),Personas de 18 años o más,enadis
trabajo,Se dedica a los quehaceres del hogar,2017,Hombres,Sin discapacidad,Chiapas,18-29,207.0,498985.0,309.0,,ENADIS (INEGI),Personas de 18 años o más,enadis
trabajo,Se dedica a los quehaceres del hogar,2017,Hombres,Sin discapacidad,Chiapas,30-44,0.0,491008.0,368.0,,ENADIS (INEGI),Personas de 18 años o más,enadis
trabajo,Se dedica a los quehaceres del hogar,2017,Hombres,Sin discapacidad,Chiapas,45-59,0.0,298154.0,200.0,,ENADIS (INEGI),Personas de 18 años o más,enadis
trabajo,Se dedica a los quehaceres del hogar,2017,Hombres,Sin discapacidad,Chiapas,60+,1232.0,181258.0,181.0,,ENADIS (INEGI),Personas de 18 años o más,enadis
trabajo,Se dedica a los quehaceres del hogar,2017,Hombres,Sin discapacidad,Chihuahua,18-29,3135.0,408858.0,287.0,,ENADIS (INEGI),Personas de 18 años o más,enadis
trabajo,Se dedica a los quehaceres del hogar,2017,Hombres,Sin discapacidad,Chihuahua,30-44,0.0,406001.0,335.0,,ENADIS (INEGI),Personas de 18 años o más,enadis
trabajo,Se dedica a los quehaceres del hogar,2017,Hombres,Sin discapacidad,Chihuahua,45-59,413.0,271099.0,215.0,,ENADIS (INEGI),Personas de 18 años o más,enadis
trabajo,Se dedica a los quehaceres del hogar,2017,Hombres,Sin discapacidad,Chihuahua,60+,2804.0,151294.0,164.0,,ENADIS (INEGI),Personas de 18 años o más,enadis
trabajo,Se dedica a los quehaceres del hogar,2017,Hombres,Sin discapacidad,Ciudad de México,18-29,3094.0,776314.0,240.0,,ENADIS (INEGI),Personas de 18 años o más,enadis
trabajo,Se dedica a los quehaceres del hogar,2017,Hombres,Sin discapacidad,Ciudad de México,30-44,0.0,1050628.0,373.0,,ENADIS (INEGI),Personas de 18 años o más,enadis
trabajo,Se dedica a los quehaceres del hogar,2017,Hombres,Sin discapacidad,Ciudad de México,45-59,0.0,698071.0,228.0,,ENADIS (INEGI),Personas de 18 años o más,enadis
trabajo,Se dedica a los quehaceres del hogar,2017,Hombres,Sin discapacidad,Ciudad de México,60+,3651.0,479504.0,194.0,,ENADIS (INEGI),Personas de 18 años o más,enadis
trabajo,Se dedica a los quehaceres del hogar,2017,Hombres,Sin discapacidad,Coahuila,18-29,0.0,232520.0,234.0,,ENADIS (INEGI),Personas de 18 años o más,enadis
trabajo,Se dedica a los quehaceres del hogar,2017,Hombres,Sin discapacidad,Coahuila,30-44,116.0,315505.0,350.0,,ENADIS (INEGI),Personas de 18 años o más,enadis
trabajo,Se dedica a los quehaceres del hogar,2017,Hombres,Sin discapacidad,Coahuila,45-59,0.0,248548.0,223.0,,ENADIS (INEGI),Personas de 18 años o más,enadis
trabajo,Se dedica a los quehaceres del hogar,2017,Hombres,Sin discapacidad,Coahuila,60+,0.0,138181.0,207.0,,ENADIS (INEGI),Personas de 18 años o más,enadis
trabajo,Se dedica a los quehaceres del hogar,2017,Hombres,Sin discapacidad,Colima,18-29,0.0,62229.0,219.0,,ENADIS (INEGI),Personas de 18 años o más,enadis
trabajo,Se dedica a los quehaceres del hogar,2017,Hombres,Sin discapacidad,Colima,30-44,113.0,65760.0,303.0,,ENADIS (INEGI),Personas de 18 años o más,enadis
trabajo,Se dedica a los quehaceres del hogar,2017,Hombres,Sin discapacidad,Colima,45-59,0.0,58388.0,196.0,,ENADIS (INEGI),Personas de 18 años o más,enadis
trabajo,Se dedica a los quehaceres del hogar,2017,Hombres,Sin discapacidad,Colima,60+,590.0,40927.0,158.0,,ENADIS (INEGI),Personas de 18 años o más,enadis
trabajo,Se dedica a los quehaceres del hogar,2017,Hombres,Sin discapacidad,Durango,18-29,2866.0,146667.0,283.0,,ENADIS (INEGI),Personas de 18 años o más,enadis
trabajo,Se dedica a los quehaceres del hogar,2017,Hombres,Sin discapacidad,Durango,30-44,0.0,176876.0,330.0,,ENADIS (INEGI),Personas de 18 años o más,enadis
trabajo,Se dedica a los quehaceres del hogar,2017,Hombres,Sin discapacidad,Durango,45-59,223.0,127938.0,199.0,,ENADIS (INEGI),Personas de 18 años o más,enadis
trabajo,Se dedica a los quehaceres del hogar,2017,Hombres,Sin discapacidad,Durango,60+,0.0,87671.0,212.0,,ENADIS (INEGI),Personas de 18 años o más,enadis
trabajo,Se dedica a los quehaceres del hogar,2017,Hombres,Sin discapacidad,Guanajuato,18-29,4395.0,553098.0,789.0,,ENADIS (INEGI),Personas de 18 años o más,enadis
trabajo,Se dedica a los quehaceres del hogar,2017,Hombres,Sin discapacidad,Guanajuato,30-44,345.0,552462.0,952.0,,ENADIS (INEGI),Personas de 18 años o más,enadis
trabajo,Se dedica a los quehaceres del hogar,2017,Hombres,Sin discapacidad,Guanajuato,45-59,3377.0,355537.0,483.0,,ENADIS (INEGI),Personas de 18 años o más,enadis
trabajo,Se dedica a los quehaceres del hogar,2017,Hombres,Sin discapacidad,Guanajuato,60+,3290.0,249971.0,551.0,,ENADIS (INEGI),Personas de 18 años o más,enadis
trabajo,Se dedica a los quehaceres del hogar,2017,Hombres,Sin discapacidad,Guerrero,18-29,1056.0,294211.0,245.0,,ENADIS (INEGI),Personas de 18 años o más,enadis
trabajo,Se dedica a los quehaceres del hogar,2017,Hombres,Sin discapacidad,Guerrero,30-44,249.0,339602.0,312.0,,ENADIS (INEGI),Personas de 18 años o más,enadis
trabajo,Se dedica a los quehaceres del hogar,2017,Hombres,Sin discapacidad,Guerrero,45-59,0.0,188063.0,167.0,,ENADIS (INEGI),Personas de 18 años o más,enadis
trabajo,Se dedica a los quehaceres del hogar,2017,Hombres,Sin discapacidad,Guerrero,60+,3179.0,174422.0,167.0,,ENADIS (INEGI),Personas de 18 años o más,enadis
trabajo,Se dedica a los quehaceres del hogar,2017,Hombres,Sin discapacidad,Hidalgo,18-29,341.0,219363.0,546.0,,ENADIS (INEGI),Personas de 18 años o más,enadis
trabajo,Se dedica a los quehaceres del hogar,2017,Hombres,Sin discapacidad,Hidalgo,30-44,26.0,257909.0,738.0,,ENADIS (INEGI),Personas de 18 años o más,enadis
trabajo,Se dedica a los quehaceres del hogar,2017,Hombres,Sin discapacidad,Hidalgo,45-59,490.0,199696.0,505.0,,ENADIS (INEGI),Personas de 18 años o más,enadis
trabajo,Se dedica a los quehaceres del hogar,2017,Hombres,Sin discapacidad,Hidalgo,60+,655.0,126462.0,485.0,,ENADIS (INEGI),Personas de 18 años o más,enadis
trabajo,Se dedica a los quehaceres del hogar,2017,Hombres,Sin discapacidad,Jalisco,18-29,0.0,820876.0,301.0,,ENADIS (INEGI),Personas de 18 años o más,enadis
trabajo,Se dedica a los quehaceres del hogar,2017,Hombres,Sin discapacidad,Jalisco,30-44,0.0,824682.0,337.0,,ENADIS (INEGI),Personas de 18 años o más,enadis
trabajo,Se dedica a los quehaceres del hogar,2017,Hombres,Sin discapacidad,Jalisco,45-59,2203.0,595313.0,221.0,,ENADIS (INEGI),Personas de 18 años o más,enadis
trabajo,Se dedica a los quehaceres del hogar,2017,Hombres,Sin discapacidad,Jalisco,60+,1846.0,346894.0,175.0,,ENADIS (INEGI),Personas de 18 años o más,enadis
trabajo,Se dedica a los quehaceres del hogar,2017,Hombres,Sin discapacidad,Michoacán,18-29,1116.0,371077.0,393.0,,ENADIS (INEGI),Personas de 18 años o más,enadis
trabajo,Se dedica a los quehaceres del hogar,2017,Hombres,Sin discapacidad,Michoacán,30-44,0.0,422446.0,482.0,,ENADIS (INEGI),Personas de 18 años o más,enadis
trabajo,Se dedica a los quehaceres del hogar,2017,Hombres,Sin discapacidad,Michoacán,45-59,1620.0,273942.0,292.0,,ENADIS (INEGI),Personas de 18 años o más,enadis
trabajo,Se dedica a los quehaceres del hogar,2017,Hombres,Sin discapacidad,Michoacán,60+,3847.0,225610.0,312.0,,ENADIS (INEGI),Personas de 18 años o más,enadis
trabajo,Se dedica a los quehaceres del hogar,2017,Hombres,Sin discapacidad,Morelos,18-29,1013.0,176961.0,399.0,,ENADIS (INEGI),Personas de 18 años o más,enadis
trabajo,Se dedica a los quehaceres del hogar,2017,Hombres,Sin discapacidad,Morelos,30-44,0.0,184417.0,468.0,,ENADIS (INEGI),Personas de 18 años o más,enadis
trabajo,Se dedica a los quehaceres del hogar,2017,Hombres,Sin discapacidad,Morelos,45-59,487.0,137854.0,309.0,,ENADIS (INEGI),Personas de 18 años o más,enadis
trabajo,Se dedica a los quehaceres del hogar,2017,Hombres,Sin discapacidad,Morelos,60+,1788.0,97780.0,281.0,,ENADIS (INEGI),Personas de 18 años o más,enadis
trabajo,Se dedica a los quehaceres del hogar,2017,Hombres,Sin discapacidad,México,18-29,0.0,1869695.0,268.0,,ENADIS (INEGI),Personas de 18 años o más,enadis
trabajo,Se dedica a los quehaceres del hogar,2017,Hombres,Sin discapacidad,México,30-44,0.0,1673430.0,370.0,,ENADIS (INEGI),Personas de 18 años o más,enadis
trabajo,Se dedica a los quehaceres del hogar,2017,Hombres,Sin discapacidad,México,45-59,0.0,1269467.0,240.0,,ENADIS (INEGI),Personas de 18 años o más,enadis
trabajo,Se dedica a los quehaceres del hogar,2017,Hombres,Sin discapacidad,México,60+,9772.0,744403.0,185.0,,ENADIS (INEGI),Personas de 18 años o más,enadis
trabajo,Se dedica a los quehaceres del hogar,2017,Hombres,Sin discapacidad,Nayarit,18-29,537.0,93013.0,222.0,,ENADIS (INEGI),Personas de 18 años o más,enadis
trabajo,Se dedica a los quehaceres del hogar,2017,Hombres,Sin discapacidad,Nayarit,30-44,611.0,128789.0,343.0,,ENADIS (INEGI),Personas de 18 años o más,enadis
trabajo,Se dedica a los quehaceres del hogar,2017,Hombres,Sin discapacidad,Nayarit,45-59,3383.0,99300.0,201.0,,ENADIS (INEGI),Personas de 18 años o más,enadis
trabajo,Se dedica a los quehaceres del hogar,2017,Hombres,Sin discapacidad,Nayarit,60+,810.0,61458.0,192.0,,ENADIS (INEGI),Personas de 18 años o más,enadis
trabajo,Se dedica a los quehaceres del hogar,2017,Hombres,Sin discapacidad,Nuevo León,18-29,0.0,473568.0,257.0,,ENADIS (INEGI),Personas de 18 años o más,enadis
trabajo,Se dedica a los quehaceres del hogar,2017,Hombres,Sin discapacidad,Nuevo León,30-44,0.0,549387.0,368.0,,ENADIS (INEGI),Personas de 18 años o más,enadis
trabajo,Se dedica a los quehaceres del hogar,2017,Hombres,Sin discapacidad,Nuevo León,45-59,0.0,410956.0,242.0,,ENADIS (INEGI),Personas de 18 años o más,enadis
trabajo,Se dedica a los quehaceres del hogar,2017,Hombres,Sin discapacidad,Nuevo León,60+,0.0,254916.0,182.0,,ENADIS (INEGI),Personas de 18 años o más,enadis
trabajo,Se dedica a los quehaceres del hogar,2017,Hombres,Sin discapacidad,Oaxaca,18-29,0.0,342424.0,403.0,,ENADIS (INEGI),Personas de 18 años o más,enadis
trabajo,Se dedica a los quehaceres del hogar,2017,Hombres,Sin discapacidad,Oaxaca,30-44,0.0,321487.0,450.0,,ENADIS (INEGI),Personas de 18 años o más,enadis
trabajo,Se dedica a los quehaceres del hogar,2017,Hombres,Sin discapacidad,Oaxaca,45-59,0.0,287262.0,316.0,,ENADIS (INEGI),Personas de 18 años o más,enadis
trabajo,Se dedica a los quehaceres del hogar,2017,Hombres,Sin discapacidad,Oaxaca,60+,0.0,241645.0,305.0,,ENADIS (INEGI),Personas de 18 años o más,enadis
trabajo,Se dedica a los quehaceres del hogar,2017,Hombres,Sin discapacidad,Puebla,18-29,190.0,528648.0,245.0,,ENADIS (INEGI),Personas de 18 años o más,enadis
trabajo,Se dedica a los quehaceres del hogar,2017,Hombres,Sin discapacidad,Puebla,30-44,0.0,531419.0,340.0,,ENADIS (INEGI),Personas de 18 años o más,enadis
trabajo,Se dedica a los quehaceres del hogar,2017,Hombres,Sin discapacidad,Puebla,45-59,386.0,428927.0,208.0,,ENADIS (INEGI),Personas de 18 años o más,enadis
trabajo,Se dedica a los quehaceres del hogar,2017,Hombres,Sin discapacidad,Puebla,60+,2672.0,272245.0,194.0,,ENADIS (INEGI),Personas de 18 años o más,enadis
trabajo,Se dedica a los quehaceres del hogar,2017,Hombres,Sin discapacidad,Querétaro,18-29,208.0,212941.0,275.0,,ENADIS (INEGI),Personas de 18 años o más,enadis
trabajo,Se dedica a los quehaceres del hogar,2017,Hombres,Sin discapacidad,Querétaro,30-44,860.0,208018.0,349.0,,ENADIS (INEGI),Personas de 18 años o más,enadis
trabajo,Se dedica a los quehaceres del hogar,2017,Hombres,Sin discapacidad,Querétaro,45-59,0.0,152183.0,197.0,,ENADIS (INEGI),Personas de 18 años o más,enadis
trabajo,Se dedica a los quehaceres del hogar,2017,Hombres,Sin discapacidad,Querétaro,60+,949.0,84375.0,183.0,,ENADIS (INEGI),Personas de 18 años o más,enadis
trabajo,Se dedica a los quehaceres del hogar,2017,Hombres,Sin discapacidad,Quintana Roo,18-29,133.0,157598.0,263.0,,ENADIS (INEGI),Personas de 18 años o más,enadis
trabajo,Se dedica a los quehaceres del hogar,2017,Hombres,Sin discapacidad,Quintana Roo,30-44,1540.0,176110.0,341.0,,ENADIS (INEGI),Personas de 18 años o más,enadis
trabajo,Se dedica a los quehaceres del hogar,2017,Hombres,Sin discapacidad,Quintana Roo,45-59,0.0,131463.0,175.0,,ENADIS (INEGI),Personas de 18 años o más,enadis
trabajo,Se dedica a los quehaceres del hogar,2017,Hombres,Sin discapacidad,Quintana Roo,60+,0.0,48423.0,151.0,,ENADIS (INEGI),Personas de 18 años o más,enadis
trabajo,Se dedica a los quehaceres del hogar,2017,Hombres,Sin discapacidad,San Luis Potosí,18-29,330.0,220484.0,244.0,,ENADIS (INEGI),Personas de 18 años o más,enadis
trabajo,Se dedica a los quehaceres del hogar,2017,Hombres,Sin discapacidad,San Luis Potosí,30-44,3898.0,267151.0,337.0,,ENADIS (INEGI),Personas de 18 años o más,enadis
trabajo,Se dedica a los quehaceres del hogar,2017,Hombres,Sin discapacidad,San Luis Potosí,45-59,0.0,180762.0,193.0,,ENADIS (INEGI),Personas de 18 años o más,enadis
trabajo,Se dedica a los quehaceres del hogar,2017,Hombres,Sin discapacidad,San Luis Potosí,60+,1070.0,151727.0,202.0,,ENADIS (INEGI),Personas de 18 años o más,enadis
trabajo,Se dedica a los quehaceres del hogar,2017,Hombres,Sin discapacidad,Sinaloa,18-29,0.0,223947.0,235.0,,ENADIS (INEGI),Personas de 18 años o más,enadis
trabajo,Se dedica a los quehaceres del hogar,2017,Hombres,Sin discapacidad,Sinaloa,30-44,0.0,267887.0,324.0,,ENADIS (INEGI),Personas de 18 años o más,enadis
trabajo,Se dedica a los quehaceres del hogar,2017,Hombres,Sin discapacidad,Sinaloa,45-59,1021.0,245831.0,221.0,,ENADIS (INEGI),Personas de 18 años o más,enadis
trabajo,Se dedica a los quehaceres del hogar,2017,Hombres,Sin discapacidad,Sinaloa,60+,3539.0,144271.0,187.0,,ENADIS (INEGI),Personas de 18 años o más,enadis
trabajo,Se dedica a los quehaceres del hogar,2017,Hombres,Sin discapacidad,Sonora,18-29,5353.0,239342.0,232.0,,ENADIS (INEGI),Personas de 18 años o más,enadis
trabajo,Se dedica a los quehaceres del hogar,2017,Hombres,Sin discapacidad,Sonora,30-44,312.0,348900.0,352.0,,ENADIS (INEGI),Personas de 18 años o más,enadis
trabajo,Se dedica a los quehaceres del hogar,2017,Hombres,Sin discapacidad,Sonora,45-59,740.0,185731.0,186.0,,ENADIS (INEGI),Personas de 18 años o más,enadis
trabajo,Se dedica a los quehaceres del hogar,2017,Hombres,Sin discapacidad,Sonora,60+,494.0,129629.0,172.0,,ENADIS (INEGI),Personas de 18 años o más,enadis
trabajo,Se dedica a los quehaceres del hogar,2017,Hombres,Sin discapacidad,Tabasco,18-29,387.0,206120.0,380.0,,ENADIS (INEGI),Personas de 18 años o más,enadis
trabajo,Se dedica a los quehaceres del hogar,2017,Hombres,Sin discapacidad,Tabasco,30-44,3704.0,211766.0,507.0,,ENADIS (INEGI),Personas de 18 años o más,enadis
trabajo,Se dedica a los quehaceres del hogar,2017,Hombres,Sin discapacidad,Tabasco,45-59,0.0,184065.0,321.0,,ENADIS (INEGI),Personas de 18 años o más,enadis
trabajo,Se dedica a los quehaceres del hogar,2017,Hombres,Sin discapacidad,Tabasco,60+,99.0,84191.0,267.0,,ENADIS (INEGI),Personas de 18 años o más,enadis
trabajo,Se dedica a los quehaceres del hogar,2017,Hombres,Sin discapacidad,Tamaulipas,18-29,0.0,347558.0,212.0,,ENADIS (INEGI),Personas de 18 años o más,enadis
trabajo,Se dedica a los quehaceres del hogar,2017,Hombres,Sin discapacidad,Tamaulipas,30-44,0.0,339050.0,303.0,,ENADIS (INEGI),Personas de 18 años o más,enadis
trabajo,Se dedica a los quehaceres del hogar,2017,Hombres,Sin discapacidad,Tamaulipas,45-59,0.0,276470.0,190.0,,ENADIS (INEGI),Personas de 18 años o más,enadis
trabajo,Se dedica a los quehaceres del hogar,2017,Hombres,Sin discapacidad,Tamaulipas,60+,0.0,165986.0,162.0,,ENADIS (INEGI),Personas de 18 años o más,enadis
trabajo,Se dedica a los quehaceres del hogar,2017,Hombres,Sin discapacidad,Tlaxcala,18-29,88.0,125245.0,717.0,,ENADIS (INEGI),Personas de 18 años o más,enadis
trabajo,Se dedica a los quehaceres del hogar,2017,Hombres,Sin discapacidad,Tlaxcala,30-44,369.0,119463.0,919.0,,ENADIS (INEGI),Personas de 18 años o más,enadis
trabajo,Se dedica a los quehaceres del hogar,2017,Hombres,Sin discapacidad,Tlaxcala,45-59,43.0,88044.0,498.0,,ENADIS (INEGI),Personas de 18 años o más,enadis
trabajo,Se dedica a los quehaceres del hogar,2017,Hombres,Sin discapacidad,Tlaxcala,60+,845.0,50700.0,523.0,,ENADIS (INEGI),Personas de 18 años o más,enadis
trabajo,Se dedica a los quehaceres del hogar,2017,Hombres,Sin discapacidad,Veracruz,18-29,2439.0,578992.0,306.0,,ENADIS (INEGI),Personas de 18 años o más,enadis
trabajo,Se dedica a los quehaceres del hogar,2017,Hombres,Sin discapacidad,Veracruz,30-44,0.0,687354.0,420.0,,ENADIS (INEGI),Personas de 18 años o más,enadis
trabajo,Se dedica a los quehaceres del hogar,2017,Hombres,Sin discapacidad,Veracruz,45-59,3257.0,693739.0,336.0,,ENADIS (INEGI),Personas de 18 años o más,enadis
trabajo,Se dedica a los quehaceres del hogar,2017,Hombres,Sin discapacidad,Veracruz,60+,4749.0,400118.0,278.0,,ENADIS (INEGI),Personas de 18 años o más,enadis
trabajo,Se dedica a los quehaceres del hogar,2017,Hombres,Sin discapacidad,Yucatán,18-29,1410.0,197868.0,281.0,,ENADIS (INEGI),Personas de 18 años o más,enadis
trabajo,Se dedica a los quehaceres del hogar,2017,Hombres,Sin discapacidad,Yucatán,30-44,0.0,228288.0,355.0,,ENADIS (INEGI),Personas de 18 años o más,enadis
trabajo,Se dedica a los quehaceres del hogar,2017,Hombres,Sin discapacidad,Yucatán,45-59,1449.0,154167.0,222.0,,ENADIS (INEGI),Personas de 18 años o más,enadis
trabajo,Se dedica a los quehaceres del hogar,2017,Hombres,Sin discapacidad,Yucatán,60+,544.0,93329.0,188.0,,ENADIS (INEGI),Personas de 18 años o más,enadis
trabajo,Se dedica a los quehaceres del hogar,2017,Hombres,Sin discapacidad,Zacatecas,18-29,0.0,149398.0,288.0,,ENADIS (INEGI),Personas de 18 años o más,enadis
trabajo,Se dedica a los quehaceres del hogar,2017,Hombres,Sin discapacidad,Zacatecas,30-44,0.0,133575.0,303.0,,ENADIS (INEGI),Personas de 18 años o más,enadis
trabajo,Se dedica a los quehaceres del hogar,2017,Hombres,Sin discapacidad,Zacatecas,45-59,200.0,111160.0,196.0,,ENADIS (INEGI),Personas de 18 años o más,enadis
trabajo,Se dedica a los quehaceres del hogar,2017,Hombres,Sin discapacidad,Zacatecas,60+,0.0,69146.0,177.0,,ENADIS (INEGI),Personas de 18 años o más,enadis
trabajo,Se dedica a los quehaceres del hogar,2017,Mujeres,Con discapacidad,Aguascalientes,18-29,0.0,5689.0,10.0,,ENADIS (INEGI),Personas de 18 años o más,enadis
trabajo,Se dedica a los quehaceres del hogar,2017,Mujeres,Con discapacidad,Aguascalientes,30-44,249.0,1873.0,8.0,,ENADIS (INEGI),Personas de 18 años o más,enadis
trabajo,Se dedica a los quehaceres del hogar,2017,Mujeres,Con discapacidad,Aguascalientes,45-59,4372.0,6181.0,18.0,,ENADIS (INEGI),Personas de 18 años o más,enadis
trabajo,Se dedica a los quehaceres del hogar,2017,Mujeres,Con discapacidad,Aguascalientes,60+,9294.0,18674.0,71.0,,ENADIS (INEGI),Personas de 18 años o más,enadis
trabajo,Se dedica a los quehaceres del hogar,2017,Mujeres,Con discapacidad,Baja California,18-29,655.0,16771.0,7.0,,ENADIS (INEGI),Personas de 18 años o más,enadis
trabajo,Se dedica a los quehaceres del hogar,2017,Mujeres,Con discapacidad,Baja California,30-44,1419.0,18271.0,11.0,,ENADIS (INEGI),Personas de 18 años o más,enadis
trabajo,Se dedica a los quehaceres del hogar,2017,Mujeres,Con discapacidad,Baja California,45-59,5782.0,31207.0,28.0,,ENADIS (INEGI),Personas de 18 años o más,enadis
trabajo,Se dedica a los quehaceres del hogar,2017,Mujeres,Con discapacidad,Baja California,60+,20347.0,61835.0,84.0,,ENADIS (INEGI),Personas de 18 años o más,enadis
trabajo,Se dedica a los quehaceres del hogar,2017,Mujeres,Con discapacidad,Baja California Sur,18-29,534.0,1091.0,6.0,,ENADIS (INEGI),Personas de 18 años o más,enadis
trabajo,Se dedica a los quehaceres del hogar,2017,Mujeres,Con discapacidad,Baja California Sur,30-44,465.0,3593.0,12.0,,ENADIS (INEGI),Personas de 18 años o más,enadis
trabajo,Se dedica a los quehaceres del hogar,2017,Mujeres,Con discapacidad,Baja California Sur,45-59,2184.0,4425.0,21.0,,ENADIS (INEGI),Personas de 18 años o más,enadis
trabajo,Se dedica a los quehaceres del hogar,2017,Mujeres,Con discapacidad,Baja California Sur,60+,6854.0,12698.0,73.0,,ENADIS (INEGI),Personas de 18 años o más,enadis
trabajo,Se dedica a los quehaceres del hogar,2017,Mujeres,Con discapacidad,Campeche,18-29,385.0,2463.0,8.0,,ENADIS (INEGI),Personas de 18 años o más,enadis
trabajo,Se dedica a los quehaceres del hogar,2017,Mujeres,Con discapacidad,Campeche,30-44,71.0,659.0,4.0,,ENADIS (INEGI),Personas de 18 años o más,enadis
trabajo,Se dedica a los quehaceres del hogar,2017,Mujeres,Con discapacidad,Campeche,45-59,1954.0,4816.0,19.0,,ENADIS (INEGI),Personas de 18 años o más,enadis
trabajo,Se dedica a los quehaceres del hogar,2017,Mujeres,Con discapacidad,Campeche,60+,5829.0,12377.0,78.0,,ENADIS (INEGI),Personas de 18 años o más,enadis
trabajo,Se dedica a los quehaceres del hogar,2017,Mujeres,Con discapacidad,Chiapas,18-29,6674.0,7827.0,5.0,,ENADIS (INEGI),Personas de 18 años o más,enadis
trabajo,Se dedica a los quehaceres del hogar,2017,Mujeres,Con discapacidad,Chiapas,30-44,1707.0,3634.0,5.0,,ENADIS (INEGI),Personas de 18 años o más,enadis
trabajo,Se dedica a los quehaceres del hogar,2017,Mujeres,Con discapacidad,Chiapas,45-59,6370.0,17372.0,15.0,,ENADIS (INEGI),Personas de 18 años o más,enadis
trabajo,Se dedica a los quehaceres del hogar,2017,Mujeres,Con discapacidad,Chiapas,60+,34763.0,64254.0,75.0,,ENADIS (INEGI),Personas de 18 años o más,enadis
trabajo,Se dedica a los quehaceres del hogar,2017,Mujeres,Con discapacidad,Chihuahua,18-29,5803.0,6763.0,4.0,,ENADIS (INEGI),Personas de 18 años o más,enadis
trabajo,Se dedica a los quehaceres del hogar,2017,Mujeres,Con discapacidad,Chihuahua,30-44,1452.0,9030.0,9.0,,ENADIS (INEGI),Personas de 18 años o más,enadis
trabajo,Se dedica a los quehaceres del hogar,2017,Mujeres,Con discapacidad,Chihuahua,45-59,6529.0,19199.0,20.0,,ENADIS (INEGI),Personas de 18 años o más,enadis
trabajo,Se dedica a los quehaceres del hogar,2017,Mujeres,Con discapacidad,Chihuahua,60+,28034.0,47911.0,61.0,,ENADIS (INEGI),Personas de 18 años o más,enadis
trabajo,Se dedica a los quehaceres del hogar,2017,Mujeres,Con discapacidad,Ciudad de México,18-29,22040.0,48930.0,13.0,,ENADIS (INEGI),Personas de 18 años o más,enadis
trabajo,Se dedica a los quehaceres del hogar,2017,Mujeres,Con discapacidad,Ciudad de México,30-44,7871.0,12204.0,4.0,,ENADIS (INEGI),Personas de 18 años o más,enadis
trabajo,Se dedica a los quehaceres del hogar,2017,Mujeres,Con discapacidad,Ciudad de México,45-59,20690.0,58219.0,23.0,,ENADIS (INEGI),Personas de 18 años o más,enadis
trabajo,Se dedica a los quehaceres del hogar,2017,Mujeres,Con discapacidad,Ciudad de México,60+,85580.0,211071.0,95.0,,ENADIS (INEGI),Personas de 18 años o más,enadis
trabajo,Se dedica a los quehaceres del hogar,2017,Mujeres,Con discapacidad,Coahuila,18-29,0.0,3038.0,2.0,,ENADIS (INEGI),Personas de 18 años o más,enadis
trabajo,Se dedica a los quehaceres del hogar,2017,Mujeres,Con discapacidad,Coahuila,30-44,2118.0,3214.0,2.0,,ENADIS (INEGI),Personas de 18 años o más,enadis
trabajo,Se dedica a los quehaceres del hogar,2017,Mujeres,Con discapacidad,Coahuila,45-59,8527.0,11117.0,9.0,,ENADIS (INEGI),Personas de 18 años o más,enadis
trabajo,Se dedica a los quehaceres del hogar,2017,Mujeres,Con discapacidad,Coahuila,60+,7473.0,13851.0,31.0,,ENADIS (INEGI),Personas de 18 años o más,enadis
trabajo,Se dedica a los quehaceres del hogar,2017,Mujeres,Con discapacidad,Colima,18-29,0.0,1228.0,3.0,,ENADIS (INEGI),Personas de 18 años o más,enadis
trabajo,Se dedica a los quehaceres del hogar,2017,Mujeres,Con discapacidad,Colima,30-44,467.0,1953.0,10.0,,ENADIS (INEGI),Personas de 18 años o más,enadis
trabajo,Se dedica a los quehaceres del hogar,2017,Mujeres,Con discapacidad,Colima,45-59,1496.0,3774.0,19.0,,ENADIS (INEGI),Personas de 18 años o más,enadis
trabajo,Se dedica a los quehaceres del hogar,2017,Mujeres,Con discapacidad,Colima,60+,4126.0,12667.0,63.0,,ENADIS (INEGI),Personas de 18 años o más,enadis
trabajo,Se dedica a los quehaceres del hogar,2017,Mujeres,Con discapacidad,Durango,18-29,0.0,133.0,1.0,,ENADIS (INEGI),Personas de 18 años o más,enadis
trabajo,Se dedica a los quehaceres del hogar,2017,Mujeres,Con discapacidad,Durango,30-44,1518.0,2818.0,10.0,,ENADIS (INEGI),Personas de 18 años o más,enadis
trabajo,Se dedica a los quehaceres del hogar,2017,Mujeres,Con discapacidad,Durango,45-59,744.0,3684.0,11.0,,ENADIS (INEGI),Personas de 18 años o más,enadis
trabajo,Se dedica a los quehaceres del hogar,2017,Mujeres,Con discapacidad,Durango,60+,5889.0,18242.0,48.0,,ENADIS (INEGI),Personas de 18 años o más,enadis
trabajo,Se dedica a los quehaceres del hogar,2017,Mujeres,Con discapacidad,Guanajuato,18-29,2403.0,7457.0,12.0,,ENADIS (INEGI),Personas de 18 años o más,enadis
trabajo,Se dedica a los quehaceres del hogar,2017,Mujeres,Con discapacidad,Guanajuato,30-44,3974.0,9579.0,21.0,,ENADIS (INEGI),Personas de 18 años o más,enadis
trabajo,Se dedica a los quehaceres del hogar,2017,Mujeres,Con discapacidad,Guanajuato,45-59,10322.0,16331.0,42.0,,ENADIS (INEGI),Personas de 18 años o más,enadis
trabajo,Se dedica a los quehaceres del hogar,2017,Mujeres,Con discapacidad,Guanajuato,60+,23386.0,48768.0,127.0,,ENADIS (INEGI),Personas de 18 años o más,enadis
trabajo,Se dedica a los quehaceres del hogar,2017,Mujeres,Con discapacidad,Guerrero,18-29,4455.0,5232.0,5.0,,ENADIS (INEGI),Personas de 18 años o más,enadis
trabajo,Se dedica a los quehaceres del hogar,2017,Mujeres,Con discapacidad,Guerrero,30-44,1301.0,3569.0,6.0,,ENADIS (INEGI),Personas de 18 años o más,enadis
trabajo,Se dedica a los quehaceres del hogar,2017,Mujeres,Con discapacidad,Guerrero,45-59,2112.0,4337.0,10.0,,ENADIS (INEGI),Personas de 18 años o más,enadis
trabajo,Se dedica a los quehaceres del hogar,2017,Mujeres,Con discapacidad,Guerrero,60+,18865.0,44331.0,73.0,,ENADIS (INEGI),Personas de 18 años o más,enadis
trabajo,Se dedica a los quehaceres del hogar,2017,Mujeres,Con discapacidad,Hidalgo,18-29,827.0,4414.0,8.0,,ENADIS (INEGI),Personas de 18 años o más,enadis
trabajo,Se dedica a los quehaceres del hogar,2017,Mujeres,Con discapacidad,Hidalgo,30-44,776.0,4466.0,23.0,,ENADIS (INEGI),Personas de 18 años o más,enadis
trabajo,Se dedica a los quehaceres del hogar,2017,Mujeres,Con discapacidad,Hidalgo,45-59,5557.0,8565.0,33.0,,ENADIS (INEGI),Personas de 18 años o más,enadis
trabajo,Se dedica a los quehaceres del hogar,2017,Mujeres,Con discapacidad,Hidalgo,60+,24148.0,50567.0,189.0,,ENADIS (INEGI),Personas de 18 años o más,enadis
trabajo,Se dedica a los quehaceres del hogar,2017,Mujeres,Con discapacidad,Jalisco,18-29,3354.0,10058.0,6.0,,ENADIS (INEGI),Personas de 18 años o más,enadis
trabajo,Se dedica a los quehaceres del hogar,2017,Mujeres,Con discapacidad,Jalisco,30-44,2520.0,17304.0,11.0,,ENADIS (INEGI),Personas de 18 años o más,enadis
trabajo,Se dedica a los quehaceres del hogar,2017,Mujeres,Con discapacidad,Jalisco,45-59,26750.0,39512.0,18.0,,ENADIS (INEGI),Personas de 18 años o más,enadis
trabajo,Se dedica a los quehaceres del hogar,2017,Mujeres,Con discapacidad,Jalisco,60+,63993.0,113851.0,75.0,,ENADIS (INEGI),Personas de 18 años o más,enadis
trabajo,Se dedica a los quehaceres del hogar,2017,Mujeres,Con discapacidad,Michoacán,18-29,295.0,5488.0,9.0,,ENADIS (INEGI),Personas de 18 años o más,enadis
trabajo,Se dedica a los quehaceres del hogar,2017,Mujeres,Con discapacidad,Michoacán,30-44,8768.0,17559.0,14.0,,ENADIS (INEGI),Personas de 18 años o más,enadis
trabajo,Se dedica a los quehaceres del hogar,2017,Mujeres,Con discapacidad,Michoacán,45-59,10638.0,24448.0,30.0,,ENADIS (INEGI),Personas de 18 años o más,enadis
trabajo,Se dedica a los quehaceres del hogar,2017,Mujeres,Con discapacidad,Michoacán,60+,46085.0,87632.0,117.0,,ENADIS (INEGI),Personas de 18 años o más,enadis
trabajo,Se dedica a los quehaceres del hogar,2017,Mujeres,Con discapacidad,Morelos,18-29,129.0,962.0,6.0,,ENADIS (INEGI),Personas de 18 años o más,enadis
trabajo,Se dedica a los quehaceres del hogar,2017,Mujeres,Con discapacidad,Morelos,30-44,1553.0,6760.0,17.0,,ENADIS (INEGI),Personas de 18 años o más,enadis
trabajo,Se dedica a los quehaceres del hogar,2017,Mujeres,Con discapacidad,Morelos,45-59,7440.0,10930.0,22.0,,ENADIS (INEGI),Personas de 18 años o más,enadis
trabajo,Se dedica a los quehaceres del hogar,2017,Mujeres,Con discapacidad,Morelos,60+,16704.0,43485.0,116.0,,ENADIS (INEGI),Personas de 18 años o más,enadis
trabajo,Se dedica a los quehaceres del hogar,2017,Mujeres,Con discapacidad,México,18-29,25096.0,69408.0,7.0,,ENADIS (INEGI),Personas de 18 años o más,enadis
trabajo,Se dedica a los quehaceres del hogar,2017,Mujeres,Con discapacidad,México,30-44,39034.0,45990.0,8.0,,ENADIS (INEGI),Personas de 18 años o más,enadis
trabajo,Se dedica a los quehaceres del hogar,2017,Mujeres,Con discapacidad,México,45-59,19084.0,41316.0,14.0,,ENADIS (INEGI),Personas de 18 años o más,enadis
trabajo,Se dedica a los quehaceres del hogar,2017,Mujeres,Con discapacidad,México,60+,132439.0,216849.0,74.0,,ENADIS (INEGI),Personas de 18 años o más,enadis
trabajo,Se dedica a los quehaceres del hogar,2017,Mujeres,Con discapacidad,Nayarit,18-29,2035.0,2205.0,3.0,,ENADIS (INEGI),Personas de 18 años o más,enadis
trabajo,Se dedica a los quehaceres del hogar,2017,Mujeres,Con discapacidad,Nayarit,30-44,1182.0,3076.0,10.0,,ENADIS (INEGI),Personas de 18 años o más,enadis
trabajo,Se dedica a los quehaceres del hogar,2017,Mujeres,Con discapacidad,Nayarit,45-59,3220.0,11236.0,18.0,,ENADIS (INEGI),Personas de 18 años o más,enadis
trabajo,Se dedica a los quehaceres del hogar,2017,Mujeres,Con discapacidad,Nayarit,60+,7315.0,16811.0,80.0,,ENADIS (INEGI),Personas de 18 años o más,enadis
trabajo,Se dedica a los quehaceres del hogar,2017,Mujeres,Con discapacidad,Nuevo León,18-29,0.0,5681.0,1.0,,ENADIS (INEGI),Personas de 18 años o más,enadis
trabajo,Se dedica a los quehaceres del hogar,2017,Mujeres,Con discapacidad,Nuevo León,30-44,0.0,4888.0,5.0,,ENADIS (INEGI),Personas de 18 años o más,enadis
trabajo,Se dedica a los quehaceres del hogar,2017,Mujeres,Con discapacidad,Nuevo León,45-59,22713.0,28985.0,21.0,,ENADIS (INEGI),Personas de 18 años o más,enadis
trabajo,Se dedica a los quehaceres del hogar,2017,Mujeres,Con discapacidad,Nuevo León,60+,45135.0,80468.0,65.0,,ENADIS (INEGI),Personas de 18 años o más,enadis
trabajo,Se dedica a los quehaceres del hogar,2017,Mujeres,Con discapacidad,Oaxaca,18-29,1172.0,6077.0,5.0,,ENADIS (INEGI),Personas de 18 años o más,enadis
trabajo,Se dedica a los quehaceres del hogar,2017,Mujeres,Con discapacidad,Oaxaca,30-44,442.0,6719.0,11.0,,ENADIS (INEGI),Personas de 18 años o más,enadis
trabajo,Se dedica a los quehaceres del hogar,2017,Mujeres,Con discapacidad,Oaxaca,45-59,6797.0,14572.0,20.0,,ENADIS (INEGI),Personas de 18 años o más,enadis
trabajo,Se dedica a los quehaceres del hogar,2017,Mujeres,Con discapacidad,Oaxaca,60+,16219.0,45689.0,85.0,,ENADIS (INEGI),Personas de 18 años o más,enadis
trabajo,Se dedica a los quehaceres del hogar,2017,Mujeres,Con discapacidad,Puebla,18-29,304.0,1694.0,4.0,,ENADIS (INEGI),Personas de 18 años o más,enadis
trabajo,Se dedica a los quehaceres del hogar,2017,Mujeres,Con discapacidad,Puebla,30-44,1194.0,4831.0,6.0,,ENADIS (INEGI),Personas de 18 años o más,enadis
trabajo,Se dedica a los quehaceres del hogar,2017,Mujeres,Con discapacidad,Puebla,45-59,7742.0,12765.0,10.0,,ENADIS (INEGI),Personas de 18 años o más,enadis
trabajo,Se dedica a los quehaceres del hogar,2017,Mujeres,Con discapacidad,Puebla,60+,19638.0,64083.0,64.0,,ENADIS (INEGI),Personas de 18 años o más,enadis
trabajo,Se dedica a los quehaceres del hogar,2017,Mujeres,Con discapacidad,Querétaro,18-29,0.0,1661.0,3.0,,ENADIS (INEGI),Personas de 18 años o más,enadis
trabajo,Se dedica a los quehaceres del hogar,2017,Mujeres,Con discapacidad,Querétaro,30-44,251.0,11645.0,9.0,,ENADIS (INEGI),Personas de 18 años o más,enadis
trabajo,Se dedica a los quehaceres del hogar,2017,Mujeres,Con discapacidad,Querétaro,45-59,3804.0,7345.0,12.0,,ENADIS (INEGI),Personas de 18 años o más,enadis
trabajo,Se dedica a los quehaceres del hogar,2017,Mujeres,Con discapacidad,Querétaro,60+,23198.0,44070.0,78.0,,ENADIS (INEGI),Personas de 18 años o más,enadis
trabajo,Se dedica a los quehaceres del hogar,2017,Mujeres,Con discapacidad,Quintana Roo,18-29,0.0,4765.0,1.0,,ENADIS (INEGI),Personas de 18 años o más,enadis
trabajo,Se dedica a los quehaceres del hogar,2017,Mujeres,Con discapacidad,Quintana Roo,30-44,1698.0,4412.0,9.0,,ENADIS (INEGI),Personas de 18 años o más,enadis
trabajo,Se dedica a los quehaceres del hogar,2017,Mujeres,Con discapacidad,Quintana Roo,45-59,4687.0,8604.0,19.0,,ENADIS (INEGI),Personas de 18 años o más,enadis
trabajo,Se dedica a los quehaceres del hogar,2017,Mujeres,Con discapacidad,Quintana Roo,60+,5898.0,17734.0,51.0,,ENADIS (INEGI),Personas de 18 años o más,enadis
trabajo,Se dedica a los quehaceres del hogar,2017,Mujeres,Con discapacidad,San Luis Potosí,18-29,170.0,4923.0,6.0,,ENADIS (INEGI),Personas de 18 años o más,enadis
trabajo,Se dedica a los quehaceres del hogar,2017,Mujeres,Con discapacidad,San Luis Potosí,30-44,3794.0,5663.0,5.0,,ENADIS (INEGI),Personas de 18 años o más,enadis
trabajo,Se dedica a los quehaceres del hogar,2017,Mujeres,Con discapacidad,San Luis Potosí,45-59,919.0,5978.0,8.0,,ENADIS (INEGI),Personas de 18 años o más,enadis
trabajo,Se dedica a los quehaceres del hogar,2017,Mujeres,Con discapacidad,San Luis Potosí,60+,19780.0,38731.0,57.0,,ENADIS (INEGI),Personas de 18 años o más,enadis
trabajo,Se dedica a los quehaceres del hogar,2017,Mujeres,Con discapacidad,Sinaloa,18-29,214.0,5250.0,5.0,,ENADIS (INEGI),Personas de 18 años o más,enadis
trabajo,Se dedica a los quehaceres del hogar,2017,Mujeres,Con discapacidad,Sinaloa,30-44,1655.0,5513.0,10.0,,ENADIS (INEGI),Personas de 18 años o más,enadis
trabajo,Se dedica a los quehaceres del hogar,2017,Mujeres,Con discapacidad,Sinaloa,45-59,2806.0,11140.0,11.0,,ENADIS (INEGI),Personas de 18 años o más,enadis
trabajo,Se dedica a los quehaceres del hogar,2017,Mujeres,Con discapacidad,Sinaloa,60+,22379.0,43725.0,54.0,,ENADIS (INEGI),Personas de 18 años o más,enadis
trabajo,Se dedica a los quehaceres del hogar,2017,Mujeres,Con discapacidad,Sonora,18-29,0.0,1081.0,2.0,,ENADIS (INEGI),Personas de 18 años o más,enadis
trabajo,Se dedica a los quehaceres del hogar,2017,Mujeres,Con discapacidad,Sonora,30-44,2342.0,9207.0,7.0,,ENADIS (INEGI),Personas de 18 años o más,enadis
trabajo,Se dedica a los quehaceres del hogar,2017,Mujeres,Con discapacidad,Sonora,45-59,4599.0,10860.0,12.0,,ENADIS (INEGI),Personas de 18 años o más,enadis
trabajo,Se dedica a los quehaceres del hogar,2017,Mujeres,Con discapacidad,Sonora,60+,20818.0,34393.0,56.0,,ENADIS (INEGI),Personas de 18 años o más,enadis
trabajo,Se dedica a los quehaceres del hogar,2017,Mujeres,Con discapacidad,Tabasco,18-29,1888.0,4030.0,11.0,,ENADIS (INEGI),Personas de 18 años o más,enadis
trabajo,Se dedica a los quehaceres del hogar,2017,Mujeres,Con discapacidad,Tabasco,30-44,830.0,4597.0,17.0,,ENADIS (INEGI),Personas de 18 años o más,enadis
trabajo,Se dedica a los quehaceres del hogar,2017,Mujeres,Con discapacidad,Tabasco,45-59,9897.0,17613.0,32.0,,ENADIS (INEGI),Personas de 18 años o más,enadis
trabajo,Se dedica a los quehaceres del hogar,2017,Mujeres,Con discapacidad,Tabasco,60+,20864.0,38741.0,124.0,,ENADIS (INEGI),Personas de 18 años o más,enadis
trabajo,Se dedica a los quehaceres del hogar,2017,Mujeres,Con discapacidad,Tamaulipas,18-29,3447.0,13167.0,6.0,,ENADIS (INEGI),Personas de 18 años o más,enadis
trabajo,Se dedica a los quehaceres del hogar,2017,Mujeres,Con discapacidad,Tamaulipas,30-44,786.0,9904.0,8.0,,ENADIS (INEGI),Personas de 18 años o más,enadis
trabajo,Se dedica a los quehaceres del hogar,2017,Mujeres,Con discapacidad,Tamaulipas,45-59,5979.0,20815.0,20.0,,ENADIS (INEGI),Personas de 18 años o más,enadis
trabajo,Se dedica a los quehaceres del hogar,2017,Mujeres,Con discapacidad,Tamaulipas,60+,39946.0,79928.0,92.0,,ENADIS (INEGI),Personas de 18 años o más,enadis
trabajo,Se dedica a los quehaceres del hogar,2017,Mujeres,Con discapacidad,Tlaxcala,18-29,378.0,1706.0,10.0,,ENADIS (INEGI),Personas de 18 años o más,enadis
trabajo,Se dedica a los quehaceres del hogar,2017,Mujeres,Con discapacidad,Tlaxcala,30-44,413.0,1941.0,18.0,,ENADIS (INEGI),Personas de 18 años o más,enadis
trabajo,Se dedica a los quehaceres del hogar,2017,Mujeres,Con discapacidad,Tlaxcala,45-59,4269.0,6742.0,46.0,,ENADIS (INEGI),Personas de 18 años o más,enadis
trabajo,Se dedica a los quehaceres del hogar,2017,Mujeres,Con discapacidad,Tlaxcala,60+,6186.0,13003.0,145.0,,ENADIS (INEGI),Personas de 18 años o más,enadis
trabajo,Se dedica a los quehaceres del hogar,2017,Mujeres,Con discapacidad,Veracruz,18-29,2600.0,14803.0,5.0,,ENADIS (INEGI),Personas de 18 años o más,enadis
trabajo,Se dedica a los quehaceres del hogar,2017,Mujeres,Con discapacidad,Veracruz,30-44,9126.0,13755.0,11.0,,ENADIS (INEGI),Personas de 18 años o más,enadis
trabajo,Se dedica a los quehaceres del hogar,2017,Mujeres,Con discapacidad,Veracruz,45-59,25672.0,49984.0,27.0,,ENADIS (INEGI),Personas de 18 años o más,enadis
trabajo,Se dedica a los quehaceres del hogar,2017,Mujeres,Con discapacidad,Veracruz,60+,53146.0,131131.0,116.0,,ENADIS (INEGI),Personas de 18 años o más,enadis
trabajo,Se dedica a los quehaceres del hogar,2017,Mujeres,Con discapacidad,Yucatán,18-29,1311.0,3305.0,7.0,,ENADIS (INEGI),Personas de 18 años o más,enadis
trabajo,Se dedica a los quehaceres del hogar,2017,Mujeres,Con discapacidad,Yucatán,30-44,1699.0,3397.0,11.0,,ENADIS (INEGI),Personas de 18 años o más,enadis
trabajo,Se dedica a los quehaceres del hogar,2017,Mujeres,Con discapacidad,Yucatán,45-59,6668.0,17209.0,27.0,,ENADIS (INEGI),Personas de 18 años o más,enadis
trabajo,Se dedica a los quehaceres del hogar,2017,Mujeres,Con discapacidad,Yucatán,60+,21006.0,48788.0,118.0,,ENADIS (INEGI),Personas de 18 años o más,enadis
trabajo,Se dedica a los quehaceres del hogar,2017,Mujeres,Con discapacidad,Zacatecas,18-29,139.0,417.0,4.0,,ENADIS (INEGI),Personas de 18 años o más,enadis
trabajo,Se dedica a los quehaceres del hogar,2017,Mujeres,Con discapacidad,Zacatecas,30-44,6937.0,11510.0,20.0,,ENADIS (INEGI),Personas de 18 años o más,enadis
trabajo,Se dedica a los quehaceres del hogar,2017,Mujeres,Con discapacidad,Zacatecas,45-59,7053.0,14553.0,30.0,,ENADIS (INEGI),Personas de 18 años o más,enadis
trabajo,Se dedica a los quehaceres del hogar,2017,Mujeres,Con discapacidad,Zacatecas,60+,25905.0,43377.0,109.0,,ENADIS (INEGI),Personas de 18 años o más,enadis
trabajo,Se dedica a los quehaceres del hogar,2017,Mujeres,Sin discapacidad,Aguascalientes,18-29,43725.0,137317.0,305.0,,ENADIS (INEGI),Personas de 18 años o más,enadis
trabajo,Se dedica a los quehaceres del hogar,2017,Mujeres,Sin discapacidad,Aguascalientes,30-44,57473.0,124941.0,361.0,,ENADIS (INEGI),Personas de 18 años o más,enadis
trabajo,Se dedica a los quehaceres del hogar,2017,Mujeres,Sin discapacidad,Aguascalientes,45-59,50617.0,109060.0,271.0,,ENADIS (INEGI),Personas de 18 años o más,enadis
trabajo,Se dedica a los quehaceres del hogar,2017,Mujeres,Sin discapacidad,Aguascalientes,60+,29926.0,52613.0,187.0,,ENADIS (INEGI),Personas de 18 años o más,enadis
trabajo,Se dedica a los quehaceres del hogar,2017,Mujeres,Sin discapacidad,Baja California,18-29,121275.0,372024.0,222.0,,ENADIS (INEGI),Personas de 18 años o más,enadis
trabajo,Se dedica a los quehaceres del hogar,2017,Mujeres,Sin discapacidad,Baja California,30-44,95422.0,356950.0,323.0,,ENADIS (INEGI),Personas de 18 años o más,enadis
trabajo,Se dedica a los quehaceres del hogar,2017,Mujeres,Sin discapacidad,Baja California,45-59,99589.0,257784.0,179.0,,ENADIS (INEGI),Personas de 18 años o más,enadis
trabajo,Se dedica a los quehaceres del hogar,2017,Mujeres,Sin discapacidad,Baja California,60+,63214.0,124900.0,150.0,,ENADIS (INEGI),Personas de 18 años o más,enadis
trabajo,Se dedica a los quehaceres del hogar,2017,Mujeres,Sin discapacidad,Baja California Sur,18-29,22049.0,69512.0,227.0,,ENADIS (INEGI),Personas de 18 años o más,enadis
trabajo,Se dedica a los quehaceres del hogar,2017,Mujeres,Sin discapacidad,Baja California Sur,30-44,33536.0,87904.0,347.0,,ENADIS (INEGI),Personas de 18 años o más,enadis
trabajo,Se dedica a los quehaceres del hogar,2017,Mujeres,Sin discapacidad,Baja California Sur,45-59,32103.0,67830.0,222.0,,ENADIS (INEGI),Personas de 18 años o más,enadis
trabajo,Se dedica a los quehaceres del hogar,2017,Mujeres,Sin discapacidad,Baja California Sur,60+,14984.0,27412.0,175.0,,ENADIS (INEGI),Personas de 18 años o más,enadis
trabajo,Se dedica a los quehaceres del hogar,2017,Mujeres,Sin discapacidad,Campeche,18-29,41173.0,86970.0,271.0,,ENADIS (INEGI),Personas de 18 años o más,enadis
trabajo,Se dedica a los quehaceres del hogar,2017,Mujeres,Sin discapacidad,Campeche,30-44,49404.0,96506.0,391.0,,ENADIS (INEGI),Personas de 18 años o más,enadis
trabajo,Se dedica a los quehaceres del hogar,2017,Mujeres,Sin discapacidad,Campeche,45-59,36561.0,74374.0,253.0,,ENADIS (INEGI),Personas de 18 años o más,enadis
trabajo,Se dedica a los quehaceres del hogar,2017,Mujeres,Sin discapacidad,Campeche,60+,25596.0,41095.0,201.0,,ENADIS (INEGI),Personas de 18 años o más,enadis
trabajo,Se dedica a los quehaceres del hogar,2017,Mujeres,Sin discapacidad,Chiapas,18-29,369039.0,612842.0,371.0,,ENADIS (INEGI),Personas de 18 años o más,enadis
trabajo,Se dedica a los quehaceres del hogar,2017,Mujeres,Sin discapacidad,Chiapas,30-44,339926.0,532468.0,435.0,,ENADIS (INEGI),Personas de 18 años o más,enadis
trabajo,Se dedica a los quehaceres del hogar,2017,Mujeres,Sin discapacidad,Chiapas,45-59,229833.0,346561.0,235.0,,ENADIS (INEGI),Personas de 18 años o más,enadis
trabajo,Se dedica a los quehaceres del hogar,2017,Mujeres,Sin discapacidad,Chiapas,60+,156681.0,193502.0,183.0,,ENADIS (INEGI),Personas de 18 años o más,enadis
trabajo,Se dedica a los quehaceres del hogar,2017,Mujeres,Sin discapacidad,Chihuahua,18-29,137956.0,351540.0,257.0,,ENADIS (INEGI),Personas de 18 años o más,enadis
trabajo,Se dedica a los quehaceres del hogar,2017,Mujeres,Sin discapacidad,Chihuahua,30-44,154931.0,382411.0,357.0,,ENADIS (INEGI),Personas de 18 años o más,enadis
trabajo,Se dedica a los quehaceres del hogar,2017,Mujeres,Sin discapacidad,Chihuahua,45-59,124133.0,303547.0,203.0,,ENADIS (INEGI),Personas de 18 años o más,enadis
trabajo,Se dedica a los quehaceres del hogar,2017,Mujeres,Sin discapacidad,Chihuahua,60+,119399.0,169294.0,193.0,,ENADIS (INEGI),Personas de 18 años o más,enadis
trabajo,Se dedica a los quehaceres del hogar,2017,Mujeres,Sin discapacidad,Ciudad de México,18-29,207486.0,995521.0,275.0,,ENADIS (INEGI),Personas de 18 años o más,enadis
trabajo,Se dedica a los quehaceres del hogar,2017,Mujeres,Sin discapacidad,Ciudad de México,30-44,279198.0,965513.0,390.0,,ENADIS (INEGI),Personas de 18 años o más,enadis
trabajo,Se dedica a los quehaceres del hogar,2017,Mujeres,Sin discapacidad,Ciudad de México,45-59,292595.0,716161.0,258.0,,ENADIS (INEGI),Personas de 18 años o más,enadis
trabajo,Se dedica a los quehaceres del hogar,2017,Mujeres,Sin discapacidad,Ciudad de México,60+,253988.0,612699.0,252.0,,ENADIS (INEGI),Personas de 18 años o más,enadis
trabajo,Se dedica a los quehaceres del hogar,2017,Mujeres,Sin discapacidad,Coahuila,18-29,78845.0,268201.0,254.0,,ENADIS (INEGI),Personas de 18 años o más,enadis
trabajo,Se dedica a los quehaceres del hogar,2017,Mujeres,Sin discapacidad,Coahuila,30-44,134326.0,334264.0,389.0,,ENADIS (INEGI),Personas de 18 años o más,enadis
trabajo,Se dedica a los quehaceres del hogar,2017,Mujeres,Sin discapacidad,Coahuila,45-59,138639.0,254952.0,245.0,,ENADIS (INEGI),Personas de 18 años o más,enadis
trabajo,Se dedica a los quehaceres del hogar,2017,Mujeres,Sin discapacidad,Coahuila,60+,122622.0,173879.0,240.0,,ENADIS (INEGI),Personas de 18 años o más,enadis
trabajo,Se dedica a los quehaceres del hogar,2017,Mujeres,Sin discapacidad,Colima,18-29,20336.0,59542.0,219.0,,ENADIS (INEGI),Personas de 18 años o más,enadis
trabajo,Se dedica a los quehaceres del hogar,2017,Mujeres,Sin discapacidad,Colima,30-44,26257.0,93519.0,391.0,,ENADIS (INEGI),Personas de 18 años o más,enadis
trabajo,Se dedica a los quehaceres del hogar,2017,Mujeres,Sin discapacidad,Colima,45-59,19965.0,58707.0,202.0,,ENADIS (INEGI),Personas de 18 años o más,enadis
trabajo,Se dedica a los quehaceres del hogar,2017,Mujeres,Sin discapacidad,Colima,60+,15596.0,30180.0,170.0,,ENADIS (INEGI),Personas de 18 años o más,enadis
trabajo,Se dedica a los quehaceres del hogar,2017,Mujeres,Sin discapacidad,Durango,18-29,76406.0,181071.0,312.0,,ENADIS (INEGI),Personas de 18 años o más,enadis
trabajo,Se dedica a los quehaceres del hogar,2017,Mujeres,Sin discapacidad,Durango,30-44,88775.0,174875.0,369.0,,ENADIS (INEGI),Personas de 18 años o más,enadis
trabajo,Se dedica a los quehaceres del hogar,2017,Mujeres,Sin discapacidad,Durango,45-59,84166.0,141339.0,242.0,,ENADIS (INEGI),Personas de 18 años o más,enadis
trabajo,Se dedica a los quehaceres del hogar,2017,Mujeres,Sin discapacidad,Durango,60+,60798.0,91823.0,241.0,,ENADIS (INEGI),Personas de 18 años o más,enadis
trabajo,Se dedica a los quehaceres del hogar,2017,Mujeres,Sin discapacidad,Guanajuato,18-29,268322.0,632576.0,805.0,,ENADIS (INEGI),Personas de 18 años o más,enadis
trabajo,Se dedica a los quehaceres del hogar,2017,Mujeres,Sin discapacidad,Guanajuato,30-44,292458.0,666104.0,1166.0,,ENADIS (INEGI),Personas de 18 años o más,enadis
trabajo,Se dedica a los quehaceres del hogar,2017,Mujeres,Sin discapacidad,Guanajuato,45-59,226463.0,423112.0,613.0,,ENADIS (INEGI),Personas de 18 años o más,enadis
trabajo,Se dedica a los quehaceres del hogar,2017,Mujeres,Sin discapacidad,Guanajuato,60+,190406.0,301197.0,646.0,,ENADIS (INEGI),Personas de 18 años o más,enadis
trabajo,Se dedica a los quehaceres del hogar,2017,Mujeres,Sin discapacidad,Guerrero,18-29,157131.0,331293.0,281.0,,ENADIS (INEGI),Personas de 18 años o más,enadis
trabajo,Se dedica a los quehaceres del hogar,2017,Mujeres,Sin discapacidad,Guerrero,30-44,165210.0,391329.0,378.0,,ENADIS (INEGI),Personas de 18 años o más,enadis
trabajo,Se dedica a los quehaceres del hogar,2017,Mujeres,Sin discapacidad,Guerrero,45-59,93067.0,234643.0,216.0,,ENADIS (INEGI),Personas de 18 años o más,enadis
trabajo,Se dedica a los quehaceres del hogar,2017,Mujeres,Sin discapacidad,Guerrero,60+,83231.0,197060.0,204.0,,ENADIS (INEGI),Personas de 18 años o más,enadis
trabajo,Se dedica a los quehaceres del hogar,2017,Mujeres,Sin discapacidad,Hidalgo,18-29,107083.0,271999.0,683.0,,ENADIS (INEGI),Personas de 18 años o más,enadis
trabajo,Se dedica a los quehaceres del hogar,2017,Mujeres,Sin discapacidad,Hidalgo,30-44,148154.0,327698.0,982.0,,ENADIS (INEGI),Personas de 18 años o más,enadis
trabajo,Se dedica a los quehaceres del hogar,2017,Mujeres,Sin discapacidad,Hidalgo,45-59,135294.0,241460.0,647.0,,ENADIS (INEGI),Personas de 18 años o más,enadis
trabajo,Se dedica a los quehaceres del hogar,2017,Mujeres,Sin discapacidad,Hidalgo,60+,86983.0,138632.0,539.0,,ENADIS (INEGI),Personas de 18 años o más,enadis
trabajo,Se dedica a los quehaceres del hogar,2017,Mujeres,Sin discapacidad,Jalisco,18-29,308145.0,885904.0,284.0,,ENADIS (INEGI),Personas de 18 años o más,enadis
trabajo,Se dedica a los quehaceres del hogar,2017,Mujeres,Sin discapacidad,Jalisco,30-44,242865.0,779162.0,380.0,,ENADIS (INEGI),Personas de 18 años o más,enadis
trabajo,Se dedica a los quehaceres del hogar,2017,Mujeres,Sin discapacidad,Jalisco,45-59,339106.0,656319.0,246.0,,ENADIS (INEGI),Personas de 18 años o más,enadis
trabajo,Se dedica a los quehaceres del hogar,2017,Mujeres,Sin discapacidad,Jalisco,60+,253339.0,367737.0,206.0,,ENADIS (INEGI),Personas de 18 años o más,enadis
trabajo,Se dedica a los quehaceres del hogar,2017,Mujeres,Sin discapacidad,Michoacán,18-29,195180.0,419612.0,459.0,,ENADIS (INEGI),Personas de 18 años o más,enadis
trabajo,Se dedica a los quehaceres del hogar,2017,Mujeres,Sin discapacidad,Michoacán,30-44,227118.0,496038.0,621.0,,ENADIS (INEGI),Personas de 18 años o más,enadis
trabajo,Se dedica a los quehaceres del hogar,2017,Mujeres,Sin discapacidad,Michoacán,45-59,180023.0,326683.0,372.0,,ENADIS (INEGI),Personas de 18 años o más,enadis
trabajo,Se dedica a los quehaceres del hogar,2017,Mujeres,Sin discapacidad,Michoacán,60+,159398.0,245324.0,331.0,,ENADIS (INEGI),Personas de 18 años o más,enadis
trabajo,Se dedica a los quehaceres del hogar,2017,Mujeres,Sin discapacidad,Morelos,18-29,67154.0,186159.0,419.0,,ENADIS (INEGI),Personas de 18 años o más,enadis
trabajo,Se dedica a los quehaceres del hogar,2017,Mujeres,Sin discapacidad,Morelos,30-44,77689.0,207147.0,551.0,,ENADIS (INEGI),Personas de 18 años o más,enadis
trabajo,Se dedica a los quehaceres del hogar,2017,Mujeres,Sin discapacidad,Morelos,45-59,65056.0,184374.0,395.0,,ENADIS (INEGI),Personas de 18 años o más,enadis
trabajo,Se dedica a los quehaceres del hogar,2017,Mujeres,Sin discapacidad,Morelos,60+,54005.0,104206.0,348.0,,ENADIS (INEGI),Personas de 18 años o más,enadis
trabajo,Se dedica a los quehaceres del hogar,2017,Mujeres,Sin discapacidad,México,18-29,528287.0,1320631.0,256.0,,ENADIS (INEGI),Personas de 18 años o más,enadis
trabajo,Se dedica a los quehaceres del hogar,2017,Mujeres,Sin discapacidad,México,30-44,933346.0,2176451.0,439.0,,ENADIS (INEGI),Personas de 18 años o más,enadis
trabajo,Se dedica a los quehaceres del hogar,2017,Mujeres,Sin discapacidad,México,45-59,676774.0,1495529.0,274.0,,ENADIS (INEGI),Personas de 18 años o más,enadis
trabajo,Se dedica a los quehaceres del hogar,2017,Mujeres,Sin discapacidad,México,60+,369628.0,759804.0,199.0,,ENADIS (INEGI),Personas de 18 años o más,enadis
trabajo,Se dedica a los quehaceres del hogar,2017,Mujeres,Sin discapacidad,Nayarit,18-29,48415.0,114590.0,256.0,,ENADIS (INEGI),Personas de 18 años o más,enadis
trabajo,Se dedica a los quehaceres del hogar,2017,Mujeres,Sin discapacidad,Nayarit,30-44,60044.0,134305.0,388.0,,ENADIS (INEGI),Personas de 18 años o más,enadis
trabajo,Se dedica a los quehaceres del hogar,2017,Mujeres,Sin discapacidad,Nayarit,45-59,48968.0,95396.0,210.0,,ENADIS (INEGI),Personas de 18 años o más,enadis
trabajo,Se dedica a los quehaceres del hogar,2017,Mujeres,Sin discapacidad,Nayarit,60+,42900.0,71438.0,233.0,,ENADIS (INEGI),Personas de 18 años o más,enadis
trabajo,Se dedica a los quehaceres del hogar,2017,Mujeres,Sin discapacidad,Nuevo León,18-29,172800.0,544082.0,314.0,,ENADIS (INEGI),Personas de 18 años o más,enadis
trabajo,Se dedica a los quehaceres del hogar,2017,Mujeres,Sin discapacidad,Nuevo León,30-44,244519.0,560804.0,400.0,,ENADIS (INEGI),Personas de 18 años o más,enadis
trabajo,Se dedica a los quehaceres del hogar,2017,Mujeres,Sin discapacidad,Nuevo León,45-59,208527.0,427596.0,254.0,,ENADIS (INEGI),Personas de 18 años o más,enadis
trabajo,Se dedica a los quehaceres del hogar,2017,Mujeres,Sin discapacidad,Nuevo León,60+,156654.0,260470.0,196.0,,ENADIS (INEGI),Personas de 18 años o más,enadis
trabajo,Se dedica a los quehaceres del hogar,2017,Mujeres,Sin discapacidad,Oaxaca,18-29,183481.0,344140.0,416.0,,ENADIS (INEGI),Personas de 18 años o más,enadis
trabajo,Se dedica a los quehaceres del hogar,2017,Mujeres,Sin discapacidad,Oaxaca,30-44,211850.0,422615.0,603.0,,ENADIS (INEGI),Personas de 18 años o más,enadis
trabajo,Se dedica a los quehaceres del hogar,2017,Mujeres,Sin discapacidad,Oaxaca,45-59,207132.0,364439.0,430.0,,ENADIS (INEGI),Personas de 18 años o más,enadis
trabajo,Se dedica a los quehaceres del hogar,2017,Mujeres,Sin discapacidad,Oaxaca,60+,189789.0,267090.0,368.0,,ENADIS (INEGI),Personas de 18 años o más,enadis
trabajo,Se dedica a los quehaceres del hogar,2017,Mujeres,Sin discapacidad,Puebla,18-29,312675.0,642476.0,300.0,,ENADIS (INEGI),Personas de 18 años o más,enadis
trabajo,Se dedica a los quehaceres del hogar,2017,Mujeres,Sin discapacidad,Puebla,30-44,361506.0,720237.0,451.0,,ENADIS (INEGI),Personas de 18 años o más,enadis
trabajo,Se dedica a los quehaceres del hogar,2017,Mujeres,Sin discapacidad,Puebla,45-59,225696.0,432804.0,222.0,,ENADIS (INEGI),Personas de 18 años o más,enadis
trabajo,Se dedica a los quehaceres del hogar,2017,Mujeres,Sin discapacidad,Puebla,60+,243597.0,373793.0,255.0,,ENADIS (INEGI),Personas de 18 años o más,enadis
trabajo,Se dedica a los quehaceres del hogar,2017,Mujeres,Sin discapacidad,Querétaro,18-29,74053.0,213749.0,300.0,,ENADIS (INEGI),Personas de 18 años o más,enadis
trabajo,Se dedica a los quehaceres del hogar,2017,Mujeres,Sin discapacidad,Querétaro,30-44,98227.0,226777.0,408.0,,ENADIS (INEGI),Personas de 18 años o más,enadis
trabajo,Se dedica a los quehaceres del hogar,2017,Mujeres,Sin discapacidad,Querétaro,45-59,82785.0,174612.0,237.0,,ENADIS (INEGI),Personas de 18 años o más,enadis
trabajo,Se dedica a los quehaceres del hogar,2017,Mujeres,Sin discapacidad,Querétaro,60+,44888.0,85487.0,197.0,,ENADIS (INEGI),Personas de 18 años o más,enadis
trabajo,Se dedica a los quehaceres del hogar,2017,Mujeres,Sin discapacidad,Quintana Roo,18-29,47388.0,177297.0,263.0,,ENADIS (INEGI),Personas de 18 años o más,enadis
trabajo,Se dedica a los quehaceres del hogar,2017,Mujeres,Sin discapacidad,Quintana Roo,30-44,63528.0,216627.0,377.0,,ENADIS (INEGI),Personas de 18 años o más,enadis
trabajo,Se dedica a los quehaceres del hogar,2017,Mujeres,Sin discapacidad,Quintana Roo,45-59,46166.0,103742.0,182.0,,ENADIS (INEGI),Personas de 18 años o más,enadis
trabajo,Se dedica a los quehaceres del hogar,2017,Mujeres,Sin discapacidad,Quintana Roo,60+,35545.0,51290.0,156.0,,ENADIS (INEGI),Personas de 18 años o más,enadis
trabajo,Se dedica a los quehaceres del hogar,2017,Mujeres,Sin discapacidad,San Luis Potosí,18-29,140366.0,317853.0,282.0,,ENADIS (INEGI),Personas de 18 años o más,enadis
trabajo,Se dedica a los quehaceres del hogar,2017,Mujeres,Sin discapacidad,San Luis Potosí,30-44,164761.0,298925.0,431.0,,ENADIS (INEGI),Personas de 18 años o más,enadis
trabajo,Se dedica a los quehaceres del hogar,2017,Mujeres,Sin discapacidad,San Luis Potosí,45-59,126263.0,220951.0,238.0,,ENADIS (INEGI),Personas de 18 años o más,enadis
trabajo,Se dedica a los quehaceres del hogar,2017,Mujeres,Sin discapacidad,San Luis Potosí,60+,82920.0,139391.0,245.0,,ENADIS (INEGI),Personas de 18 años o más,enadis
trabajo,Se dedica a los quehaceres del hogar,2017,Mujeres,Sin discapacidad,Sinaloa,18-29,75683.0,260627.0,272.0,,ENADIS (INEGI),Personas de 18 años o más,enadis
trabajo,Se dedica a los quehaceres del hogar,2017,Mujeres,Sin discapacidad,Sinaloa,30-44,151426.0,322992.0,409.0,,ENADIS (INEGI),Personas de 18 años o más,enadis
trabajo,Se dedica a los quehaceres del hogar,2017,Mujeres,Sin discapacidad,Sinaloa,45-59,115153.0,262287.0,257.0,,ENADIS (INEGI),Personas de 18 años o más,enadis
trabajo,Se dedica a los quehaceres del hogar,2017,Mujeres,Sin discapacidad,Sinaloa,60+,113541.0,163428.0,227.0,,ENADIS (INEGI),Personas de 18 años o más,enadis
trabajo,Se dedica a los quehaceres del hogar,2017,Mujeres,Sin discapacidad,Sonora,18-29,62368.0,247209.0,236.0,,ENADIS (INEGI),Personas de 18 años o más,enadis
trabajo,Se dedica a los quehaceres del hogar,2017,Mujeres,Sin discapacidad,Sonora,30-44,104463.0,335128.0,403.0,,ENADIS (INEGI),Personas de 18 años o más,enadis
trabajo,Se dedica a los quehaceres del hogar,2017,Mujeres,Sin discapacidad,Sonora,45-59,91382.0,245307.0,238.0,,ENADIS (INEGI),Personas de 18 años o más,enadis
trabajo,Se dedica a los quehaceres del hogar,2017,Mujeres,Sin discapacidad,Sonora,60+,119097.0,179523.0,215.0,,ENADIS (INEGI),Personas de 18 años o más,enadis
trabajo,Se dedica a los quehaceres del hogar,2017,Mujeres,Sin discapacidad,Tabasco,18-29,109716.0,233804.0,431.0,,ENADIS (INEGI),Personas de 18 años o más,enadis
trabajo,Se dedica a los quehaceres del hogar,2017,Mujeres,Sin discapacidad,Tabasco,30-44,157518.0,287252.0,626.0,,ENADIS (INEGI),Personas de 18 años o más,enadis
trabajo,Se dedica a los quehaceres del hogar,2017,Mujeres,Sin discapacidad,Tabasco,45-59,108091.0,180688.0,358.0,,ENADIS (INEGI),Personas de 18 años o más,enadis
trabajo,Se dedica a los quehaceres del hogar,2017,Mujeres,Sin discapacidad,Tabasco,60+,69662.0,93959.0,309.0,,ENADIS (INEGI),Personas de 18 años o más,enadis
trabajo,Se dedica a los quehaceres del hogar,2017,Mujeres,Sin discapacidad,Tamaulipas,18-29,79348.0,281815.0,199.0,,ENADIS (INEGI),Personas de 18 años o más,enadis
trabajo,Se dedica a los quehaceres del hogar,2017,Mujeres,Sin discapacidad,Tamaulipas,30-44,178347.0,399720.0,363.0,,ENADIS (INEGI),Personas de 18 años o más,enadis
trabajo,Se dedica a los quehaceres del hogar,2017,Mujeres,Sin discapacidad,Tamaulipas,45-59,118334.0,312500.0,223.0,,ENADIS (INEGI),Personas de 18 años o más,enadis
trabajo,Se dedica a los quehaceres del hogar,2017,Mujeres,Sin discapacidad,Tamaulipas,60+,102564.0,169301.0,189.0,,ENADIS (INEGI),Personas de 18 años o más,enadis
trabajo,Se dedica a los quehaceres del hogar,2017,Mujeres,Sin discapacidad,Tlaxcala,18-29,46601.0,128658.0,777.0,,ENADIS (INEGI),Personas de 18 años o más,enadis
trabajo,Se dedica a los quehaceres del hogar,2017,Mujeres,Sin discapacidad,Tlaxcala,30-44,64194.0,154864.0,1134.0,,ENADIS (INEGI),Personas de 18 años o más,enadis
trabajo,Se dedica a los quehaceres del hogar,2017,Mujeres,Sin discapacidad,Tlaxcala,45-59,56578.0,109561.0,626.0,,ENADIS (INEGI),Personas de 18 años o más,enadis
trabajo,Se dedica a los quehaceres del hogar,2017,Mujeres,Sin discapacidad,Tlaxcala,60+,37960.0,61467.0,647.0,,ENADIS (INEGI),Personas de 18 años o más,enadis
trabajo,Se dedica a los quehaceres del hogar,2017,Mujeres,Sin discapacidad,Veracruz,18-29,356786.0,742433.0,355.0,,ENADIS (INEGI),Personas de 18 años o más,enadis
trabajo,Se dedica a los quehaceres del hogar,2017,Mujeres,Sin discapacidad,Veracruz,30-44,454089.0,862687.0,545.0,,ENADIS (INEGI),Personas de 18 años o más,enadis
trabajo,Se dedica a los quehaceres del hogar,2017,Mujeres,Sin discapacidad,Veracruz,45-59,450231.0,817549.0,389.0,,ENADIS (INEGI),Personas de 18 años o más,enadis
trabajo,Se dedica a los quehaceres del hogar,2017,Mujeres,Sin discapacidad,Veracruz,60+,290981.0,429543.0,352.0,,ENADIS (INEGI),Personas de 18 años o más,enadis
trabajo,Se dedica a los quehaceres del hogar,2017,Mujeres,Sin discapacidad,Yucatán,18-29,65968.0,215031.0,291.0,,ENADIS (INEGI),Personas de 18 años o más,enadis
trabajo,Se dedica a los quehaceres del hogar,2017,Mujeres,Sin discapacidad,Yucatán,30-44,119149.0,267334.0,434.0,,ENADIS (INEGI),Personas de 18 años o más,enadis
trabajo,Se dedica a los quehaceres del hogar,2017,Mujeres,Sin discapacidad,Yucatán,45-59,68613.0,144156.0,233.0,,ENADIS (INEGI),Personas de 18 años o más,enadis
trabajo,Se dedica a los quehaceres del hogar,2017,Mujeres,Sin discapacidad,Yucatán,60+,69451.0,99722.0,181.0,,ENADIS (INEGI),Personas de 18 años o más,enadis
trabajo,Se dedica a los quehaceres del hogar,2017,Mujeres,Sin discapacidad,Zacatecas,18-29,60928.0,136036.0,250.0,,ENADIS (INEGI),Personas de 18 años o más,enadis
trabajo,Se dedica a los quehaceres del hogar,2017,Mujeres,Sin discapacidad,Zacatecas,30-44,99157.0,173188.0,399.0,,ENADIS (INEGI),Personas de 18 años o más,enadis
trabajo,Se dedica a los quehaceres del hogar,2017,Mujeres,Sin discapacidad,Zacatecas,45-59,64516.0,115150.0,220.0,,ENADIS (INEGI),Personas de 18 años o más,enadis
trabajo,Se dedica a los quehaceres del hogar,2017,Mujeres,Sin discapacidad,Zacatecas,60+,43605.0,63921.0,191.0,,ENADIS (INEGI),Personas de 18 años o más,enadis
educacion,No sabe leer ni escribir,2022,Hombres,Con discapacidad,Aguascalientes,18-29,726.0,726.0,2.0,,ENADIS (INEGI),Personas de 18 años o más,enadis
educacion,No sabe leer ni escribir,2022,Hombres,Con discapacidad,Aguascalientes,30-44,897.0,897.0,2.0,,ENADIS (INEGI),Personas de 18 años o más,enadis
educacion,No sabe leer ni escribir,2022,Hombres,Con discapacidad,Aguascalientes,45-59,0.0,1350.0,4.0,,ENADIS (INEGI),Personas de 18 años o más,enadis
educacion,No sabe leer ni escribir,2022,Hombres,Con discapacidad,Aguascalientes,60+,1223.0,12901.0,37.0,,ENADIS (INEGI),Personas de 18 años o más,enadis
educacion,No sabe leer ni escribir,2022,Hombres,Con discapacidad,Baja California,18-29,3207.0,4212.0,4.0,,ENADIS (INEGI),Personas de 18 años o más,enadis
educacion,No sabe leer ni escribir,2022,Hombres,Con discapacidad,Baja California,30-44,2919.0,5714.0,6.0,,ENADIS (INEGI),Personas de 18 años o más,enadis
educacion,No sabe leer ni escribir,2022,Hombres,Con discapacidad,Baja California,45-59,0.0,2982.0,3.0,,ENADIS (INEGI),Personas de 18 años o más,enadis
educacion,No sabe leer ni escribir,2022,Hombres,Con discapacidad,Baja California,60+,2522.0,20401.0,17.0,,ENADIS (INEGI),Personas de 18 años o más,enadis
educacion,No sabe leer ni escribir,2022,Hombres,Con discapacidad,Baja California Sur,30-44,160.0,160.0,1.0,,ENADIS (INEGI),Personas de 18 años o más,enadis
educacion,No sabe leer ni escribir,2022,Hombres,Con discapacidad,Baja California Sur,45-59,177.0,1667.0,5.0,,ENADIS (INEGI),Personas de 18 años o más,enadis
educacion,No sabe leer ni escribir,2022,Hombres,Con discapacidad,Baja California Sur,60+,413.0,5395.0,20.0,,ENADIS (INEGI),Personas de 18 años o más,enadis
educacion,No sabe leer ni escribir,2022,Hombres,Con discapacidad,Campeche,18-29,476.0,476.0,2.0,,ENADIS (INEGI),Personas de 18 años o más,enadis
educacion,No sabe leer ni escribir,2022,Hombres,Con discapacidad,Campeche,30-44,1524.0,1854.0,7.0,,ENADIS (INEGI),Personas de 18 años o más,enadis
educacion,No sabe leer ni escribir,2022,Hombres,Con discapacidad,Campeche,45-59,808.0,3156.0,11.0,,ENADIS (INEGI),Personas de 18 años o más,enadis
educacion,No sabe leer ni escribir,2022,Hombres,Con discapacidad,Campeche,60+,3180.0,8842.0,37.0,,ENADIS (INEGI),Personas de 18 años o más,enadis
educacion,No sabe leer ni escribir,2022,Hombres,Con discapacidad,Chiapas,18-29,5354.0,5354.0,4.0,,ENADIS (INEGI),Personas de 18 años o más,enadis
educacion,No sabe leer ni escribir,2022,Hombres,Con discapacidad,Chiapas,30-44,5421.0,6327.0,5.0,,ENADIS (INEGI),Personas de 18 años o más,enadis
educacion,No sabe leer ni escribir,2022,Hombres,Con discapacidad,Chiapas,45-59,2106.0,5083.0,4.0,,ENADIS (INEGI),Personas de 18 años o más,enadis
educacion,No sabe leer ni escribir,2022,Hombres,Con discapacidad,Chiapas,60+,17553.0,47578.0,43.0,,ENADIS (INEGI),Personas de 18 años o más,enadis
educacion,No sabe leer ni escribir,2022,Hombres,Con discapacidad,Chihuahua,18-29,780.0,780.0,1.0,,ENADIS (INEGI),Personas de 18 años o más,enadis
educacion,No sabe leer ni escribir,2022,Hombres,Con discapacidad,Chihuahua,30-44,5245.0,6971.0,7.0,,ENADIS (INEGI),Personas de 18 años o más,enadis
educacion,No sabe leer ni escribir,2022,Hombres,Con discapacidad,Chihuahua,45-59,2394.0,13583.0,13.0,,ENADIS (INEGI),Personas de 18 años o más,enadis
educacion,No sabe leer ni escribir,2022,Hombres,Con discapacidad,Chihuahua,60+,6480.0,43978.0,43.0,,ENADIS (INEGI),Personas de 18 años o más,enadis
educacion,No sabe leer ni escribir,2022,Hombres,Con discapacidad,Ciudad de México,18-29,5109.0,6536.0,2.0,,ENADIS (INEGI),Personas de 18 años o más,enadis
educacion,No sabe leer ni escribir,2022,Hombres,Con discapacidad,Ciudad de México,30-44,10159.0,14040.0,5.0,,ENADIS (INEGI),Personas de 18 años o más,enadis
educacion,No sabe leer ni escribir,2022,Hombres,Con discapacidad,Ciudad de México,45-59,1891.0,3937.0,2.0,,ENADIS (INEGI),Personas de 18 años o más,enadis
educacion,No sabe leer ni escribir,2022,Hombres,Con discapacidad,Ciudad de México,60+,4172.0,55603.0,19.0,,ENADIS (INEGI),Personas de 18 años o más,enadis
educacion,No sabe leer ni escribir,2022,Hombres,Con discapacidad,Coahuila,18-29,1724.0,2819.0,3.0,,ENADIS (INEGI),Personas de 18 años o más,enadis
educacion,No sabe leer ni escribir,2022,Hombres,Con discapacidad,Coahuila,30-44,0.0,2067.0,2.0,,ENADIS (INEGI),Personas de 18 años o más,enadis
educacion,No sabe leer ni escribir,2022,Hombres,Con discapacidad,Coahuila,45-59,1713.0,6308.0,8.0,,ENADIS (INEGI),Personas de 18 años o más,enadis
educacion,No sabe leer ni escribir,2022,Hombres,Con discapacidad,Coahuila,60+,1491.0,19312.0,22.0,,ENADIS (INEGI),Personas de 18 años o más,enadis
educacion,No sabe leer ni escribir,2022,Hombres,Con discapacidad,Colima,18-29,408.0,637.0,3.0,,ENADIS (INEGI),Personas de 18 años o más,enadis
educacion,No sabe leer ni escribir,2022,Hombres,Con discapacidad,Colima,30-44,848.0,1042.0,5.0,,ENADIS (INEGI),Personas de 18 años o más,enadis
educacion,No sabe leer ni escribir,2022,Hombres,Con discapacidad,Colima,45-59,123.0,1901.0,9.0,,ENADIS (INEGI),Personas de 18 años o más,enadis
educacion,No sabe leer ni escribir,2022,Hombres,Con discapacidad,Colima,60+,1156.0,5737.0,24.0,,ENADIS (INEGI),Personas de 18 años o más,enadis
educacion,No sabe leer ni escribir,2022,Hombres,Con discapacidad,Durango,18-29,715.0,715.0,2.0,,ENADIS (INEGI),Personas de 18 años o más,enadis
educacion,No sabe leer ni escribir,2022,Hombres,Con discapacidad,Durango,30-44,985.0,1452.0,3.0,,ENADIS (INEGI),Personas de 18 años o más,enadis
educacion,No sabe leer ni escribir,2022,Hombres,Con discapacidad,Durango,45-59,463.0,3300.0,7.0,,ENADIS (INEGI),Personas de 18 años o más,enadis
educacion,No sabe leer ni escribir,2022,Hombres,Con discapacidad,Durango,60+,1699.0,21157.0,55.0,,ENADIS (INEGI),Personas de 18 años o más,enadis
educacion,No sabe leer ni escribir,2022,Hombres,Con discapacidad,Guanajuato,18-29,2621.0,2621.0,2.0,,ENADIS (INEGI),Personas de 18 años o más,enadis
educacion,No sabe leer ni escribir,2022,Hombres,Con discapacidad,Guanajuato,30-44,7242.0,15512.0,11.0,,ENADIS (INEGI),Personas de 18 años o más,enadis
educacion,No sabe leer ni escribir,2022,Hombres,Con discapacidad,Guanajuato,45-59,1729.0,11418.0,8.0,,ENADIS (INEGI),Personas de 18 años o más,enadis
educacion,No sabe leer ni escribir,2022,Hombres,Con discapacidad,Guanajuato,60+,12278.0,43451.0,28.0,,ENADIS (INEGI),Personas de 18 años o más,enadis
educacion,No sabe leer ni escribir,2022,Hombres,Con discapacidad,Guerrero,18-29,9153.0,10704.0,11.0,,ENADIS (INEGI),Personas de 18 años o más,enadis
educacion,No sabe leer ni escribir,2022,Hombres,Con discapacidad,Guerrero,30-44,5016.0,7988.0,9.0,,ENADIS (INEGI),Personas de 18 años o más,enadis
educacion,No sabe leer ni escribir,2022,Hombres,Con discapacidad,Guerrero,45-59,2499.0,5872.0,7.0,,ENADIS (INEGI),Personas de 18 años o más,enadis
educacion,No sabe leer ni escribir,2022,Hombres,Con discapacidad,Guerrero,60+,25829.0,45528.0,53.0,,ENADIS (INEGI),Personas de 18 años o más,enadis
educacion,No sabe leer ni escribir,2022,Hombres,Con discapacidad,Hidalgo,30-44,581.0,1940.0,3.0,,ENADIS (INEGI),Personas de 18 años o más,enadis
educacion,No sabe leer ni escribir,2022,Hombres,Con discapacidad,Hidalgo,45-59,4197.0,9831.0,12.0,,ENADIS (INEGI),Personas de 18 años o más,enadis
educacion,No sabe leer ni escribir,2022,Hombres,Con discapacidad,Hidalgo,60+,11902.0,33375.0,39.0,,ENADIS (INEGI),Personas de 18 años o más,enadis
educacion,No sabe leer ni escribir,2022,Hombres,Con discapacidad,Jalisco,18-29,1366.0,4580.0,2.0,,ENADIS (INEGI),Personas de 18 años o más,enadis
educacion,No sabe leer ni escribir,2022,Hombres,Con discapacidad,Jalisco,30-44,9449.0,9449.0,4.0,,ENADIS (INEGI),Personas de 18 años o más,enadis
educacion,No sabe leer ni escribir,2022,Hombres,Con discapacidad,Jalisco,45-59,4896.0,9179.0,4.0,,ENADIS (INEGI),Personas de 18 años o más,enadis
educacion,No sabe leer ni escribir,2022,Hombres,Con discapacidad,Jalisco,60+,18338.0,78161.0,34.0,,ENADIS (INEGI),Personas de 18 años o más,enadis
educacion,No sabe leer ni escribir,2022,Hombres,Con discapacidad,Michoacán,18-29,2331.0,4571.0,4.0,,ENADIS (INEGI),Personas de 18 años o más,enadis
educacion,No sabe leer ni escribir,2022,Hombres,Con discapacidad,Michoacán,30-44,5673.0,6923.0,7.0,,ENADIS (INEGI),Personas de 18 años o más,enadis
educacion,No sabe leer ni escribir,2022,Hombres,Con discapacidad,Michoacán,45-59,1601.0,12484.0,12.0,,ENADIS (INEGI),Personas de 18 años o más,enadis
educacion,No sabe leer ni escribir,2022,Hombres,Con discapacidad,Michoacán,60+,22076.0,43635.0,32.0,,ENADIS (INEGI),Personas de 18 años o más,enadis
educacion,No sabe leer ni escribir,2022,Hombres,Con discapacidad,Morelos,18-29,2024.0,2024.0,3.0,,ENADIS (INEGI),Personas de 18 años o más,enadis
educacion,No sabe leer ni escribir,2022,Hombres,Con discapacidad,Morelos,30-44,891.0,891.0,2.0,,ENADIS (INEGI),Personas de 18 años o más,enadis
educacion,No sabe leer ni escribir,2022,Hombres,Con discapacidad,Morelos,45-59,561.0,4415.0,7.0,,ENADIS (INEGI),Personas de 18 años o más,enadis
educacion,No sabe leer ni escribir,2022,Hombres,Con discapacidad,Morelos,60+,7256.0,16517.0,28.0,,ENADIS (INEGI),Personas de 18 años o más,enadis
educacion,No sabe leer ni escribir,2022,Hombres,Con discapacidad,México,18-29,7916.0,24349.0,4.0,,ENADIS (INEGI),Personas de 18 años o más,enadis
educacion,No sabe leer ni escribir,2022,Hombres,Con discapacidad,México,30-44,10057.0,10057.0,3.0,,ENADIS (INEGI),Personas de 18 años o más,enadis
educacion,No sabe leer ni escribir,2022,Hombres,Con discapacidad,México,45-59,5984.0,22453.0,6.0,,ENADIS (INEGI),Personas de 18 años o más,enadis
educacion,No sabe leer ni escribir,2022,Hombres,Con discapacidad,México,60+,23016.0,105404.0,28.0,,ENADIS (INEGI),Personas de 18 años o más,enadis
educacion,No sabe leer ni escribir,2022,Hombres,Con discapacidad,Nayarit,18-29,637.0,902.0,3.0,,ENADIS (INEGI),Personas de 18 años o más,enadis
educacion,No sabe leer ni escribir,2022,Hombres,Con discapacidad,Nayarit,30-44,722.0,722.0,3.0,,ENADIS (INEGI),Personas de 18 años o más,enadis
educacion,No sabe leer ni escribir,2022,Hombres,Con discapacidad,Nayarit,45-59,838.0,2477.0,7.0,,ENADIS (INEGI),Personas de 18 años o más,enadis
educacion,No sabe leer ni escribir,2022,Hombres,Con discapacidad,Nayarit,60+,2441.0,9239.0,28.0,,ENADIS (INEGI),Personas de 18 años o más,enadis
educacion,No sabe leer ni escribir,2022,Hombres,Con discapacidad,Nuevo León,30-44,2187.0,2187.0,1.0,,ENADIS (INEGI),Personas de 18 años o más,enadis
educacion,No sabe leer ni escribir,2022,Hombres,Con discapacidad,Nuevo León,45-59,4347.0,9176.0,5.0,,ENADIS (INEGI),Personas de 18 años o más,enadis
educacion,No sabe leer ni escribir,2022,Hombres,Con discapacidad,Nuevo León,60+,7968.0,52453.0,33.0,,ENADIS (INEGI),Personas de 18 años o más,enadis
educacion,No sabe leer ni escribir,2022,Hombres,Con discapacidad,Oaxaca,18-29,1608.0,1608.0,2.0,,ENADIS (INEGI),Personas de 18 años o más,enadis
educacion,No sabe leer ni escribir,2022,Hombres,Con discapacidad,Oaxaca,30-44,1570.0,5791.0,5.0,,ENADIS (INEGI),Personas de 18 años o más,enadis
educacion,No sabe leer ni escribir,2022,Hombres,Con discapacidad,Oaxaca,45-59,4633.0,13627.0,12.0,,ENADIS (INEGI),Personas de 18 años o más,enadis
educacion,No sabe leer ni escribir,2022,Hombres,Con discapacidad,Oaxaca,60+,21041.0,63474.0,55.0,,ENADIS (INEGI),Personas de 18 años o más,enadis
educacion,No sabe leer ni escribir,2022,Hombres,Con discapacidad,Puebla,18-29,2927.0,2927.0,2.0,,ENADIS (INEGI),Personas de 18 años o más,enadis
educacion,No sabe leer ni escribir,2022,Hombres,Con discapacidad,Puebla,30-44,1123.0,3546.0,3.0,,ENADIS (INEGI),Personas de 18 años o más,enadis
educacion,No sabe leer ni escribir,2022,Hombres,Con discapacidad,Puebla,45-59,5122.0,7903.0,6.0,,ENADIS (INEGI),Personas de 18 años o más,enadis
educacion,No sabe leer ni escribir,2022,Hombres,Con discapacidad,Puebla,60+,19930.0,64536.0,34.0,,ENADIS (INEGI),Personas de 18 años o más,enadis
educacion,No sabe leer ni escribir,2022,Hombres,Con discapacidad,Querétaro,18-29,547.0,547.0,1.0,,ENADIS (INEGI),Personas de 18 años o más,enadis
educacion,No sabe leer ni escribir,2022,Hombres,Con discapacidad,Querétaro,30-44,1827.0,2477.0,4.0,,ENADIS (INEGI),Personas de 18 años o más,enadis
educacion,No sabe leer ni escribir,2022,Hombres,Con discapacidad,Querétaro,45-59,482.0,482.0,1.0,,ENADIS (INEGI),Personas de 18 años o más,enadis
educacion,No sabe leer ni escribir,2022,Hombres,Con discapacidad,Querétaro,60+,5685.0,19071.0,26.0,,ENADIS (INEGI),Personas de 18 años o más,enadis
educacion,No sabe leer ni escribir,2022,Hombres,Con discapacidad,Quintana Roo,18-29,1211.0,1734.0,3.0,,ENADIS (INEGI),Personas de 18 años o más,enadis
educacion,No sabe leer ni escribir,2022,Hombres,Con discapacidad,Quintana Roo,30-44,564.0,564.0,1.0,,ENADIS (INEGI),Personas de 18 años o más,enadis
educacion,No sabe leer ni escribir,2022,Hombres,Con discapacidad,Quintana Roo,45-59,837.0,1836.0,4.0,,ENADIS (INEGI),Personas de 18 años o más,enadis
educacion,No sabe leer ni escribir,2022,Hombres,Con discapacidad,Quintana Roo,60+,2688.0,10008.0,19.0,,ENADIS (INEGI),Personas de 18 años o más,enadis
educacion,No sabe leer ni escribir,2022,Hombres,Con discapacidad,San Luis Potosí,30-44,4103.0,4626.0,7.0,,ENADIS (INEGI),Personas de 18 años o más,enadis
educacion,No sabe leer ni escribir,2022,Hombres,Con discapacidad,San Luis Potosí,45-59,920.0,4677.0,8.0,,ENADIS (INEGI),Personas de 18 años o más,enadis
educacion,No sabe leer ni escribir,2022,Hombres,Con discapacidad,San Luis Potosí,60+,8052.0,25199.0,32.0,,ENADIS (INEGI),Personas de 18 años o más,enadis
educacion,No sabe leer ni escribir,2022,Hombres,Con discapacidad,Sinaloa,18-29,3084.0,3084.0,4.0,,ENADIS (INEGI),Personas de 18 años o más,enadis
educacion,No sabe leer ni escribir,2022,Hombres,Con discapacidad,Sinaloa,30-44,3125.0,4898.0,6.0,,ENADIS (INEGI),Personas de 18 años o más,enadis
educacion,No sabe leer ni escribir,2022,Hombres,Con discapacidad,Sinaloa,45-59,3355.0,6714.0,8.0,,ENADIS (INEGI),Personas de 18 años o más,enadis
educacion,No sabe leer ni escribir,2022,Hombres,Con discapacidad,Sinaloa,60+,10162.0,34664.0,49.0,,ENADIS (INEGI),Personas de 18 años o más,enadis
educacion,No sabe leer ni escribir,2022,Hombres,Con discapacidad,Sonora,18-29,1364.0,1364.0,2.0,,ENADIS (INEGI),Personas de 18 años o más,enadis
educacion,No sabe leer ni escribir,2022,Hombres,Con discapacidad,Sonora,30-44,0.0,2449.0,2.0,,ENADIS (INEGI),Personas de 18 años o más,enadis
educacion,No sabe leer ni escribir,2022,Hombres,Con discapacidad,Sonora,45-59,440.0,3363.0,5.0,,ENADIS (INEGI),Personas de 18 años o más,enadis
educacion,No sabe leer ni escribir,2022,Hombres,Con discapacidad,Sonora,60+,1526.0,19792.0,26.0,,ENADIS (INEGI),Personas de 18 años o más,enadis
educacion,No sabe leer ni escribir,2022,Hombres,Con discapacidad,Tabasco,30-44,2923.0,3581.0,5.0,,ENADIS (INEGI),Personas de 18 años o más,enadis
educacion,No sabe leer ni escribir,2022,Hombres,Con discapacidad,Tabasco,45-59,1835.0,6741.0,11.0,,ENADIS (INEGI),Personas de 18 años o más,enadis
educacion,No sabe leer ni escribir,2022,Hombres,Con discapacidad,Tabasco,60+,7930.0,29107.0,41.0,,ENADIS (INEGI),Personas de 18 años o más,enadis
educacion,No sabe leer ni escribir,2022,Hombres,Con discapacidad,Tamaulipas,18-29,4955.0,4955.0,5.0,,ENADIS (INEGI),Personas de 18 años o más,enadis
educacion,No sabe leer ni escribir,2022,Hombres,Con discapacidad,Tamaulipas,30-44,2838.0,3788.0,4.0,,ENADIS (INEGI),Personas de 18 años o más,enadis
educacion,No sabe leer ni escribir,2022,Hombres,Con discapacidad,Tamaulipas,45-59,3130.0,4753.0,4.0,,ENADIS (INEGI),Personas de 18 años o más,enadis
educacion,No sabe leer ni escribir,2022,Hombres,Con discapacidad,Tamaulipas,60+,6717.0,32306.0,28.0,,ENADIS (INEGI),Personas de 18 años o más,enadis
educacion,No sabe leer ni escribir,2022,Hombres,Con discapacidad,Tlaxcala,18-29,533.0,844.0,3.0,,ENADIS (INEGI),Personas de 18 años o más,enadis
educacion,No sabe leer ni escribir,2022,Hombres,Con discapacidad,Tlaxcala,30-44,895.0,895.0,2.0,,ENADIS (INEGI),Personas de 18 años o más,enadis
educacion,No sabe leer ni escribir,2022,Hombres,Con discapacidad,Tlaxcala,45-59,0.0,803.0,3.0,,ENADIS (INEGI),Personas de 18 años o más,enadis
educacion,No sabe leer ni escribir,2022,Hombres,Con discapacidad,Tlaxcala,60+,2165.0,7678.0,25.0,,ENADIS (INEGI),Personas de 18 años o más,enadis
educacion,No sabe leer ni escribir,2022,Hombres,Con discapacidad,Veracruz,18-29,2759.0,8194.0,4.0,,ENADIS (INEGI),Personas de 18 años o más,enadis
educacion,No sabe leer ni escribir,2022,Hombres,Con discapacidad,Veracruz,30-44,16457.0,24235.0,11.0,,ENADIS (INEGI),Personas de 18 años o más,enadis
educacion,No sabe leer ni escribir,2022,Hombres,Con discapacidad,Veracruz,45-59,7485.0,34785.0,14.0,,ENADIS (INEGI),Personas de 18 años o más,enadis
educacion,No sabe leer ni escribir,2022,Hombres,Con discapacidad,Veracruz,60+,28700.0,104004.0,48.0,,ENADIS (INEGI),Personas de 18 años o más,enadis
educacion,No sabe leer ni escribir,2022,Hombres,Con discapacidad,Yucatán,18-29,3245.0,4308.0,8.0,,ENADIS (INEGI),Personas de 18 años o más,enadis
educacion,No sabe leer ni escribir,2022,Hombres,Con discapacidad,Yucatán,30-44,3167.0,5013.0,8.0,,ENADIS (INEGI),Personas de 18 años o más,enadis
educacion,No sabe leer ni escribir,2022,Hombres,Con discapacidad,Yucatán,45-59,3753.0,10340.0,20.0,,ENADIS (INEGI),Personas de 18 años o más,enadis
educacion,No sabe leer ni escribir,2022,Hombres,Con discapacidad,Yucatán,60+,4394.0,23249.0,38.0,,ENADIS (INEGI),Personas de 18 años o más,enadis
educacion,No sabe leer ni escribir,2022,Hombres,Con discapacidad,Zacatecas,18-29,785.0,1786.0,4.0,,ENADIS (INEGI),Personas de 18 años o más,enadis
educacion,No sabe leer ni escribir,2022,Hombres,Con discapacidad,Zacatecas,30-44,986.0,1327.0,3.0,,ENADIS (INEGI),Personas de 18 años o más,enadis
educacion,No sabe leer ni escribir,2022,Hombres,Con discapacidad,Zacatecas,45-59,1508.0,7019.0,18.0,,ENADIS (INEGI),Personas de 18 años o más,enadis
educacion,No sabe leer ni escribir,2022,Hombres,Con discapacidad,Zacatecas,60+,5001.0,23631.0,53.0,,ENADIS (INEGI),Personas de 18 años o más,enadis
educacion,No sabe leer ni escribir,2022,Hombres,Sin discapacidad,Aguascalientes,18-29,1214.0,7078.0,20.0,,ENADIS (INEGI),Personas de 18 años o más,enadis
educacion,No sabe leer ni escribir,2022,Hombres,Sin discapacidad,Aguascalientes,30-44,2761.0,15819.0,46.0,,ENADIS (INEGI),Personas de 18 años o más,enadis
educacion,No sabe leer ni escribir,2022,Hombres,Sin discapacidad,Aguascalientes,45-59,3349.0,25425.0,73.0,,ENADIS (INEGI),Personas de 18 años o más,enadis
educacion,No sabe leer ni escribir,2022,Hombres,Sin discapacidad,Aguascalientes,60+,829.0,33673.0,87.0,,ENADIS (INEGI),Personas de 18 años o más,enadis
educacion,No sabe leer ni escribir,2022,Hombres,Sin discapacidad,Baja California,18-29,2252.0,26800.0,20.0,,ENADIS (INEGI),Personas de 18 años o más,enadis
educacion,No sabe leer ni escribir,2022,Hombres,Sin discapacidad,Baja California,30-44,2000.0,51392.0,47.0,,ENADIS (INEGI),Personas de 18 años o más,enadis
educacion,No sabe leer ni escribir,2022,Hombres,Sin discapacidad,Baja California,45-59,3306.0,72935.0,63.0,,ENADIS (INEGI),Personas de 18 años o más,enadis
educacion,No sabe leer ni escribir,2022,Hombres,Sin discapacidad,Baja California,60+,4046.0,76695.0,67.0,,ENADIS (INEGI),Personas de 18 años o más,enadis
educacion,No sabe leer ni escribir,2022,Hombres,Sin discapacidad,Baja California Sur,18-29,471.0,4930.0,16.0,,ENADIS (INEGI),Personas de 18 años o más,enadis
educacion,No sabe leer ni escribir,2022,Hombres,Sin discapacidad,Baja California Sur,30-44,1159.0,15065.0,51.0,,ENADIS (INEGI),Personas de 18 años o más,enadis
educacion,No sabe leer ni escribir,2022,Hombres,Sin discapacidad,Baja California Sur,45-59,2873.0,20453.0,73.0,,ENADIS (INEGI),Personas de 18 años o más,enadis
educacion,No sabe leer ni escribir,2022,Hombres,Sin discapacidad,Baja California Sur,60+,2243.0,14311.0,52.0,,ENADIS (INEGI),Personas de 18 años o más,enadis
educacion,No sabe leer ni escribir,2022,Hombres,Sin discapacidad,Campeche,18-29,1500.0,8429.0,38.0,,ENADIS (INEGI),Personas de 18 años o más,enadis
educacion,No sabe leer ni escribir,2022,Hombres,Sin discapacidad,Campeche,30-44,2115.0,14807.0,69.0,,ENADIS (INEGI),Personas de 18 años o más,enadis
educacion,No sabe leer ni escribir,2022,Hombres,Sin discapacidad,Campeche,45-59,3933.0,23452.0,98.0,,ENADIS (INEGI),Personas de 18 años o más,enadis
educacion,No sabe leer ni escribir,2022,Hombres,Sin discapacidad,Campeche,60+,6289.0,22546.0,97.0,,ENADIS (INEGI),Personas de 18 años o más,enadis
educacion,No sabe leer ni escribir,2022,Hombres,Sin discapacidad,Chiapas,18-29,15318.0,84187.0,59.0,,ENADIS (INEGI),Personas de 18 años o más,enadis
educacion,No sabe leer ni escribir,2022,Hombres,Sin discapacidad,Chiapas,30-44,32151.0,155723.0,121.0,,ENADIS (INEGI),Personas de 18 años o más,enadis
educacion,No sabe leer ni escribir,2022,Hombres,Sin discapacidad,Chiapas,45-59,40804.0,193405.0,155.0,,ENADIS (INEGI),Personas de 18 años o más,enadis
educacion,No sabe leer ni escribir,2022,Hombres,Sin discapacidad,Chiapas,60+,44405.0,146950.0,131.0,,ENADIS (INEGI),Personas de 18 años o más,enadis
educacion,No sabe leer ni escribir,2022,Hombres,Sin discapacidad,Chihuahua,18-29,1173.0,17688.0,16.0,,ENADIS (INEGI),Personas de 18 años o más,enadis
educacion,No sabe leer ni escribir,2022,Hombres,Sin discapacidad,Chihuahua,30-44,6542.0,55371.0,56.0,,ENADIS (INEGI),Personas de 18 años o más,enadis
educacion,No sabe leer ni escribir,2022,Hombres,Sin discapacidad,Chihuahua,45-59,5897.0,95158.0,91.0,,ENADIS (INEGI),Personas de 18 años o más,enadis
educacion,No sabe leer ni escribir,2022,Hombres,Sin discapacidad,Chihuahua,60+,7605.0,93509.0,85.0,,ENADIS (INEGI),Personas de 18 años o más,enadis
educacion,No sabe leer ni escribir,2022,Hombres,Sin discapacidad,Ciudad de México,18-29,0.0,1931.0,1.0,,ENADIS (INEGI),Personas de 18 años o más,enadis
educacion,No sabe leer ni escribir,2022,Hombres,Sin discapacidad,Ciudad de México,30-44,5337.0,47005.0,20.0,,ENADIS (INEGI),Personas de 18 años o más,enadis
educacion,No sabe leer ni escribir,2022,Hombres,Sin discapacidad,Ciudad de México,45-59,3586.0,117465.0,49.0,,ENADIS (INEGI),Personas de 18 años o más,enadis
educacion,No sabe leer ni escribir,2022,Hombres,Sin discapacidad,Ciudad de México,60+,1690.0,126292.0,44.0,,ENADIS (INEGI),Personas de 18 años o más,enadis
educacion,No sabe leer ni escribir,2022,Hombres,Sin discapacidad,Coahuila,18-29,730.0,15289.0,17.0,,ENADIS (INEGI),Personas de 18 años o más,enadis
educacion,No sabe leer ni escribir,2022,Hombres,Sin discapacidad,Coahuila,30-44,3387.0,34055.0,42.0,,ENADIS (INEGI),Personas de 18 años o más,enadis
educacion,No sabe leer ni escribir,2022,Hombres,Sin discapacidad,Coahuila,45-59,3450.0,44946.0,58.0,,ENADIS (INEGI),Personas de 18 años o más,enadis
educacion,No sabe leer ni escribir,2022,Hombres,Sin discapacidad,Coahuila,60+,5058.0,68534.0,84.0,,ENADIS (INEGI),Personas de 18 años o más,enadis
educacion,No sabe leer ni escribir,2022,Hombres,Sin discapacidad,Colima,18-29,1187.0,5514.0,24.0,,ENADIS (INEGI),Personas de 18 años o más,enadis
educacion,No sabe leer ni escribir,2022,Hombres,Sin discapacidad,Colima,30-44,1893.0,12440.0,64.0,,ENADIS (INEGI),Personas de 18 años o más,enadis
educacion,No sabe leer ni escribir,2022,Hombres,Sin discapacidad,Colima,45-59,1182.0,14265.0,70.0,,ENADIS (INEGI),Personas de 18 años o más,enadis
educacion,No sabe leer ni escribir,2022,Hombres,Sin discapacidad,Colima,60+,2023.0,18198.0,84.0,,ENADIS (INEGI),Personas de 18 años o más,enadis
educacion,No sabe leer ni escribir,2022,Hombres,Sin discapacidad,Durango,18-29,477.0,11711.0,26.0,,ENADIS (INEGI),Personas de 18 años o más,enadis
educacion,No sabe leer ni escribir,2022,Hombres,Sin discapacidad,Durango,30-44,6066.0,28643.0,64.0,,ENADIS (INEGI),Personas de 18 años o más,enadis
educacion,No sabe leer ni escribir,2022,Hombres,Sin discapacidad,Durango,45-59,4111.0,40253.0,87.0,,ENADIS (INEGI),Personas de 18 años o más,enadis
educacion,No sabe leer ni escribir,2022,Hombres,Sin discapacidad,Durango,60+,4913.0,42969.0,99.0,,ENADIS (INEGI),Personas de 18 años o más,enadis
educacion,No sabe leer ni escribir,2022,Hombres,Sin discapacidad,Guanajuato,18-29,4759.0,48108.0,34.0,,ENADIS (INEGI),Personas de 18 años o más,enadis
educacion,No sabe leer ni escribir,2022,Hombres,Sin discapacidad,Guanajuato,30-44,4661.0,144480.0,107.0,,ENADIS (INEGI),Personas de 18 años o más,enadis
educacion,No sabe leer ni escribir,2022,Hombres,Sin discapacidad,Guanajuato,45-59,15228.0,191505.0,142.0,,ENADIS (INEGI),Personas de 18 años o más,enadis
educacion,No sabe leer ni escribir,2022,Hombres,Sin discapacidad,Guanajuato,60+,31777.0,206101.0,119.0,,ENADIS (INEGI),Personas de 18 años o más,enadis
educacion,No sabe leer ni escribir,2022,Hombres,Sin discapacidad,Guerrero,18-29,9045.0,48121.0,54.0,,ENADIS (INEGI),Personas de 18 años o más,enadis
educacion,No sabe leer ni escribir,2022,Hombres,Sin discapacidad,Guerrero,30-44,20188.0,84783.0,99.0,,ENADIS (INEGI),Personas de 18 años o más,enadis
educacion,No sabe leer ni escribir,2022,Hombres,Sin discapacidad,Guerrero,45-59,32458.0,105780.0,129.0,,ENADIS (INEGI),Personas de 18 años o más,enadis
educacion,No sabe leer ni escribir,2022,Hombres,Sin discapacidad,Guerrero,60+,51861.0,127274.0,148.0,,ENADIS (INEGI),Personas de 18 años o más,enadis
educacion,No sabe leer ni escribir,2022,Hombres,Sin discapacidad,Hidalgo,18-29,2461.0,15354.0,19.0,,ENADIS (INEGI),Personas de 18 años o más,enadis
educacion,No sabe leer ni escribir,2022,Hombres,Sin discapacidad,Hidalgo,30-44,8806.0,44849.0,56.0,,ENADIS (INEGI),Personas de 18 años o más,enadis
educacion,No sabe leer ni escribir,2022,Hombres,Sin discapacidad,Hidalgo,45-59,13316.0,67682.0,86.0,,ENADIS (INEGI),Personas de 18 años o más,enadis
educacion,No sabe leer ni escribir,2022,Hombres,Sin discapacidad,Hidalgo,60+,23831.0,107264.0,130.0,,ENADIS (INEGI),Personas de 18 años o más,enadis
educacion,No sabe leer ni escribir,2022,Hombres,Sin discapacidad,Jalisco,18-29,0.0,70095.0,32.0,,ENADIS (INEGI),Personas de 18 años o más,enadis
educacion,No sabe leer ni escribir,2022,Hombres,Sin discapacidad,Jalisco,30-44,3155.0,177279.0,87.0,,ENADIS (INEGI),Personas de 18 años o más,enadis
educacion,No sabe leer ni escribir,2022,Hombres,Sin discapacidad,Jalisco,45-59,11430.0,157411.0,74.0,,ENADIS (INEGI),Personas de 18 años o más,enadis
educacion,No sabe leer ni escribir,2022,Hombres,Sin discapacidad,Jalisco,60+,30329.0,232415.0,105.0,,ENADIS (INEGI),Personas de 18 años o más,enadis
educacion,No sabe leer ni escribir,2022,Hombres,Sin discapacidad,Michoacán,18-29,4158.0,62198.0,47.0,,ENADIS (INEGI),Personas de 18 años o más,enadis
educacion,No sabe leer ni escribir,2022,Hombres,Sin discapacidad,Michoacán,30-44,7867.0,128678.0,111.0,,ENADIS (INEGI),Personas de 18 años o más,enadis
educacion,No sabe leer ni escribir,2022,Hombres,Sin discapacidad,Michoacán,45-59,24347.0,173942.0,149.0,,ENADIS (INEGI),Personas de 18 años o más,enadis
educacion,No sabe leer ni escribir,2022,Hombres,Sin discapacidad,Michoacán,60+,51466.0,168335.0,129.0,,ENADIS (INEGI),Personas de 18 años o más,enadis
educacion,No sabe leer ni escribir,2022,Hombres,Sin discapacidad,Morelos,18-29,2770.0,13069.0,25.0,,ENADIS (INEGI),Personas de 18 años o más,enadis
educacion,No sabe leer ni escribir,2022,Hombres,Sin discapacidad,Morelos,30-44,1756.0,26725.0,56.0,,ENADIS (INEGI),Personas de 18 años o más,enadis
educacion,No sabe leer ni escribir,2022,Hombres,Sin discapacidad,Morelos,45-59,3938.0,37312.0,66.0,,ENADIS (INEGI),Personas de 18 años o más,enadis
educacion,No sabe leer ni escribir,2022,Hombres,Sin discapacidad,Morelos,60+,8665.0,55024.0,95.0,,ENADIS (INEGI),Personas de 18 años o más,enadis
educacion,No sabe leer ni escribir,2022,Hombres,Sin discapacidad,México,18-29,8432.0,90748.0,18.0,,ENADIS (INEGI),Personas de 18 años o más,enadis
educacion,No sabe leer ni escribir,2022,Hombres,Sin discapacidad,México,30-44,12208.0,211196.0,49.0,,ENADIS (INEGI),Personas de 18 años o más,enadis
educacion,No sabe leer ni escribir,2022,Hombres,Sin discapacidad,México,45-59,33273.0,244070.0,62.0,,ENADIS (INEGI),Personas de 18 años o más,enadis
educacion,No sabe leer ni escribir,2022,Hombres,Sin discapacidad,México,60+,34969.0,382671.0,100.0,,ENADIS (INEGI),Personas de 18 años o más,enadis
educacion,No sabe leer ni escribir,2022,Hombres,Sin discapacidad,Nayarit,18-29,655.0,3244.0,11.0,,ENADIS (INEGI),Personas de 18 años o más,enadis
educacion,No sabe leer ni escribir,2022,Hombres,Sin discapacidad,Nayarit,30-44,961.0,17688.0,52.0,,ENADIS (INEGI),Personas de 18 años o más,enadis
educacion,No sabe leer ni escribir,2022,Hombres,Sin discapacidad,Nayarit,45-59,5374.0,34591.0,102.0,,ENADIS (INEGI),Personas de 18 años o más,enadis
educacion,No sabe leer ni escribir,2022,Hombres,Sin discapacidad,Nayarit,60+,7112.0,46642.0,138.0,,ENADIS (INEGI),Personas de 18 años o más,enadis
educacion,No sabe leer ni escribir,2022,Hombres,Sin discapacidad,Nuevo León,18-29,0.0,18888.0,12.0,,ENADIS (INEGI),Personas de 18 años o más,enadis
educacion,No sabe leer ni escribir,2022,Hombres,Sin discapacidad,Nuevo León,30-44,6642.0,45578.0,33.0,,ENADIS (INEGI),Personas de 18 años o más,enadis
educacion,No sabe leer ni escribir,2022,Hombres,Sin discapacidad,Nuevo León,45-59,6577.0,59466.0,47.0,,ENADIS (INEGI),Personas de 18 años o más,enadis
educacion,No sabe leer ni escribir,2022,Hombres,Sin discapacidad,Nuevo León,60+,9200.0,113429.0,70.0,,ENADIS (INEGI),Personas de 18 años o más,enadis
educacion,No sabe leer ni escribir,2022,Hombres,Sin discapacidad,Oaxaca,18-29,4175.0,39366.0,43.0,,ENADIS (INEGI),Personas de 18 años o más,enadis
educacion,No sabe leer ni escribir,2022,Hombres,Sin discapacidad,Oaxaca,30-44,17552.0,118562.0,119.0,,ENADIS (INEGI),Personas de 18 años o más,enadis
educacion,No sabe leer ni escribir,2022,Hombres,Sin discapacidad,Oaxaca,45-59,20022.0,138917.0,136.0,,ENADIS (INEGI),Personas de 18 años o más,enadis
educacion,No sabe leer ni escribir,2022,Hombres,Sin discapacidad,Oaxaca,60+,51589.0,174506.0,164.0,,ENADIS (INEGI),Personas de 18 años o más,enadis
educacion,No sabe leer ni escribir,2022,Hombres,Sin discapacidad,Puebla,18-29,8002.0,59612.0,34.0,,ENADIS (INEGI),Personas de 18 años o más,enadis
educacion,No sabe leer ni escribir,2022,Hombres,Sin discapacidad,Puebla,30-44,25441.0,149134.0,97.0,,ENADIS (INEGI),Personas de 18 años o más,enadis
educacion,No sabe leer ni escribir,2022,Hombres,Sin discapacidad,Puebla,45-59,38019.0,195699.0,133.0,,ENADIS (INEGI),Personas de 18 años o más,enadis
educacion,No sabe leer ni escribir,2022,Hombres,Sin discapacidad,Puebla,60+,67964.0,218866.0,110.0,,ENADIS (INEGI),Personas de 18 años o más,enadis
educacion,No sabe leer ni escribir,2022,Hombres,Sin discapacidad,Querétaro,18-29,601.0,15787.0,24.0,,ENADIS (INEGI),Personas de 18 años o más,enadis
educacion,No sabe leer ni escribir,2022,Hombres,Sin discapacidad,Querétaro,30-44,4039.0,44647.0,74.0,,ENADIS (INEGI),Personas de 18 años o más,enadis
educacion,No sabe leer ni escribir,2022,Hombres,Sin discapacidad,Querétaro,45-59,4529.0,56293.0,92.0,,ENADIS (INEGI),Personas de 18 años o más,enadis
educacion,No sabe leer ni escribir,2022,Hombres,Sin discapacidad,Querétaro,60+,14164.0,64571.0,88.0,,ENADIS (INEGI),Personas de 18 años o más,enadis
educacion,No sabe leer ni escribir,2022,Hombres,Sin discapacidad,Quintana Roo,18-29,1647.0,10711.0,21.0,,ENADIS (INEGI),Personas de 18 años o más,enadis
educacion,No sabe leer ni escribir,2022,Hombres,Sin discapacidad,Quintana Roo,30-44,4670.0,30974.0,65.0,,ENADIS (INEGI),Personas de 18 años o más,enadis
educacion,No sabe leer ni escribir,2022,Hombres,Sin discapacidad,Quintana Roo,45-59,9026.0,37709.0,71.0,,ENADIS (INEGI),Personas de 18 años o más,enadis
educacion,No sabe leer ni escribir,2022,Hombres,Sin discapacidad,Quintana Roo,60+,6005.0,33617.0,74.0,,ENADIS (INEGI),Personas de 18 años o más,enadis
educacion,No sabe leer ni escribir,2022,Hombres,Sin discapacidad,San Luis Potosí,18-29,2153.0,17990.0,23.0,,ENADIS (INEGI),Personas de 18 años o más,enadis
educacion,No sabe leer ni escribir,2022,Hombres,Sin discapacidad,San Luis Potosí,30-44,9210.0,51937.0,79.0,,ENADIS (INEGI),Personas de 18 años o más,enadis
educacion,No sabe leer ni escribir,2022,Hombres,Sin discapacidad,San Luis Potosí,45-59,12085.0,71817.0,112.0,,ENADIS (INEGI),Personas de 18 años o más,enadis
educacion,No sabe leer ni escribir,2022,Hombres,Sin discapacidad,San Luis Potosí,60+,22328.0,96996.0,121.0,,ENADIS (INEGI),Personas de 18 años o más,enadis
educacion,No sabe leer ni escribir,2022,Hombres,Sin discapacidad,Sinaloa,18-29,0.0,14183.0,18.0,,ENADIS (INEGI),Personas de 18 años o más,enadis
educacion,No sabe leer ni escribir,2022,Hombres,Sin discapacidad,Sinaloa,30-44,7227.0,55261.0,72.0,,ENADIS (INEGI),Personas de 18 años o más,enadis
educacion,No sabe leer ni escribir,2022,Hombres,Sin discapacidad,Sinaloa,45-59,11203.0,73204.0,84.0,,ENADIS (INEGI),Personas de 18 años o más,enadis
educacion,No sabe leer ni escribir,2022,Hombres,Sin discapacidad,Sinaloa,60+,13461.0,91143.0,125.0,,ENADIS (INEGI),Personas de 18 años o más,enadis
educacion,No sabe leer ni escribir,2022,Hombres,Sin discapacidad,Sonora,18-29,0.0,19595.0,22.0,,ENADIS (INEGI),Personas de 18 años o más,enadis
educacion,No sabe leer ni escribir,2022,Hombres,Sin discapacidad,Sonora,30-44,4118.0,30813.0,38.0,,ENADIS (INEGI),Personas de 18 años o más,enadis
educacion,No sabe leer ni escribir,2022,Hombres,Sin discapacidad,Sonora,45-59,3236.0,50013.0,64.0,,ENADIS (INEGI),Personas de 18 años o más,enadis
educacion,No sabe leer ni escribir,2022,Hombres,Sin discapacidad,Sonora,60+,8440.0,73562.0,96.0,,ENADIS (INEGI),Personas de 18 años o más,enadis
educacion,No sabe leer ni escribir,2022,Hombres,Sin discapacidad,Tabasco,18-29,2466.0,11550.0,20.0,,ENADIS (INEGI),Personas de 18 años o más,enadis
educacion,No sabe leer ni escribir,2022,Hombres,Sin discapacidad,Tabasco,30-44,6604.0,36309.0,61.0,,ENADIS (INEGI),Personas de 18 años o más,enadis
educacion,No sabe leer ni escribir,2022,Hombres,Sin discapacidad,Tabasco,45-59,11473.0,53045.0,91.0,,ENADIS (INEGI),Personas de 18 años o más,enadis
educacion,No sabe leer ni escribir,2022,Hombres,Sin discapacidad,Tabasco,60+,8933.0,62658.0,98.0,,ENADIS (INEGI),Personas de 18 años o más,enadis
educacion,No sabe leer ni escribir,2022,Hombres,Sin discapacidad,Tamaulipas,18-29,0.0,10143.0,11.0,,ENADIS (INEGI),Personas de 18 años o más,enadis
educacion,No sabe leer ni escribir,2022,Hombres,Sin discapacidad,Tamaulipas,30-44,3253.0,48982.0,53.0,,ENADIS (INEGI),Personas de 18 años o más,enadis
educacion,No sabe leer ni escribir,2022,Hombres,Sin discapacidad,Tamaulipas,45-59,8564.0,68587.0,72.0,,ENADIS (INEGI),Personas de 18 años o más,enadis
educacion,No sabe leer ni escribir,2022,Hombres,Sin discapacidad,Tamaulipas,60+,11208.0,91299.0,84.0,,ENADIS (INEGI),Personas de 18 años o más,enadis
educacion,No sabe leer ni escribir,2022,Hombres,Sin discapacidad,Tlaxcala,18-29,847.0,6592.0,22.0,,ENADIS (INEGI),Personas de 18 años o más,enadis
educacion,No sabe leer ni escribir,2022,Hombres,Sin discapacidad,Tlaxcala,30-44,1977.0,17626.0,55.0,,ENADIS (INEGI),Personas de 18 años o más,enadis
educacion,No sabe leer ni escribir,2022,Hombres,Sin discapacidad,Tlaxcala,45-59,1032.0,21308.0,66.0,,ENADIS (INEGI),Personas de 18 años o más,enadis
educacion,No sabe leer ni escribir,2022,Hombres,Sin discapacidad,Tlaxcala,60+,3738.0,29779.0,90.0,,ENADIS (INEGI),Personas de 18 años o más,enadis
educacion,No sabe leer ni escribir,2022,Hombres,Sin discapacidad,Veracruz,18-29,8090.0,67012.0,27.0,,ENADIS (INEGI),Personas de 18 años o más,enadis
educacion,No sabe leer ni escribir,2022,Hombres,Sin discapacidad,Veracruz,30-44,13202.0,148112.0,63.0,,ENADIS (INEGI),Personas de 18 años o más,enadis
educacion,No sabe leer ni escribir,2022,Hombres,Sin discapacidad,Veracruz,45-59,35386.0,254047.0,110.0,,ENADIS (INEGI),Personas de 18 años o más,enadis
educacion,No sabe leer ni escribir,2022,Hombres,Sin discapacidad,Veracruz,60+,81146.0,299337.0,140.0,,ENADIS (INEGI),Personas de 18 años o más,enadis
educacion,No sabe leer ni escribir,2022,Hombres,Sin discapacidad,Yucatán,18-29,2111.0,15467.0,31.0,,ENADIS (INEGI),Personas de 18 años o más,enadis
educacion,No sabe leer ni escribir,2022,Hombres,Sin discapacidad,Yucatán,30-44,5898.0,46704.0,79.0,,ENADIS (INEGI),Personas de 18 años o más,enadis
educacion,No sabe leer ni escribir,2022,Hombres,Sin discapacidad,Yucatán,45-59,8393.0,50842.0,95.0,,ENADIS (INEGI),Personas de 18 años o más,enadis
educacion,No sabe leer ni escribir,2022,Hombres,Sin discapacidad,Yucatán,60+,15669.0,65701.0,104.0,,ENADIS (INEGI),Personas de 18 años o más,enadis
educacion,No sabe leer ni escribir,2022,Hombres,Sin discapacidad,Zacatecas,18-29,813.0,12052.0,28.0,,ENADIS (INEGI),Personas de 18 años o más,enadis
educacion,No sabe leer ni escribir,2022,Hombres,Sin discapacidad,Zacatecas,30-44,1892.0,32979.0,85.0,,ENADIS (INEGI),Personas de 18 años o más,enadis
educacion,No sabe leer ni escribir,2022,Hombres,Sin discapacidad,Zacatecas,45-59,2063.0,47543.0,120.0,,ENADIS (INEGI),Personas de 18 años o más,enadis
educacion,No sabe leer ni escribir,2022,Hombres,Sin discapacidad,Zacatecas,60+,5105.0,48359.0,111.0,,ENADIS (INEGI),Personas de 18 años o más,enadis
educacion,No sabe leer ni escribir,2022,Mujeres,Con discapacidad,Aguascalientes,18-29,1810.0,1810.0,5.0,,ENADIS (INEGI),Personas de 18 años o más,enadis
educacion,No sabe leer ni escribir,2022,Mujeres,Con discapacidad,Aguascalientes,30-44,727.0,1530.0,4.0,,ENADIS (INEGI),Personas de 18 años o más,enadis
educacion,No sabe leer ni escribir,2022,Mujeres,Con discapacidad,Aguascalientes,45-59,2171.0,4253.0,13.0,,ENADIS (INEGI),Personas de 18 años o más,enadis
educacion,No sabe leer ni escribir,2022,Mujeres,Con discapacidad,Aguascalientes,60+,3480.0,14965.0,41.0,,ENADIS (INEGI),Personas de 18 años o más,enadis
educacion,No sabe leer ni escribir,2022,Mujeres,Con discapacidad,Baja California,18-29,5702.0,5702.0,5.0,,ENADIS (INEGI),Personas de 18 años o más,enadis
educacion,No sabe leer ni escribir,2022,Mujeres,Con discapacidad,Baja California,30-44,0.0,991.0,1.0,,ENADIS (INEGI),Personas de 18 años o más,enadis
educacion,No sabe leer ni escribir,2022,Mujeres,Con discapacidad,Baja California,45-59,5036.0,8405.0,6.0,,ENADIS (INEGI),Personas de 18 años o más,enadis
educacion,No sabe leer ni escribir,2022,Mujeres,Con discapacidad,Baja California,60+,4865.0,31322.0,28.0,,ENADIS (INEGI),Personas de 18 años o más,enadis
educacion,No sabe leer ni escribir,2022,Mujeres,Con discapacidad,Baja California Sur,30-44,344.0,1040.0,5.0,,ENADIS (INEGI),Personas de 18 años o más,enadis
educacion,No sabe leer ni escribir,2022,Mujeres,Con discapacidad,Baja California Sur,45-59,527.0,1663.0,4.0,,ENADIS (INEGI),Personas de 18 años o más,enadis
educacion,No sabe leer ni escribir,2022,Mujeres,Con discapacidad,Baja California Sur,60+,872.0,7868.0,36.0,,ENADIS (INEGI),Personas de 18 años o más,enadis
educacion,No sabe leer ni escribir,2022,Mujeres,Con discapacidad,Campeche,18-29,793.0,793.0,3.0,,ENADIS (INEGI),Personas de 18 años o más,enadis
educacion,No sabe leer ni escribir,2022,Mujeres,Con discapacidad,Campeche,30-44,315.0,782.0,3.0,,ENADIS (INEGI),Personas de 18 años o más,enadis
educacion,No sabe leer ni escribir,2022,Mujeres,Con discapacidad,Campeche,45-59,913.0,4231.0,18.0,,ENADIS (INEGI),Personas de 18 años o más,enadis
educacion,No sabe leer ni escribir,2022,Mujeres,Con discapacidad,Campeche,60+,3396.0,13041.0,57.0,,ENADIS (INEGI),Personas de 18 años o más,enadis
educacion,No sabe leer ni escribir,2022,Mujeres,Con discapacidad,Chiapas,18-29,1090.0,1090.0,1.0,,ENADIS (INEGI),Personas de 18 años o más,enadis
educacion,No sabe leer ni escribir,2022,Mujeres,Con discapacidad,Chiapas,30-44,4870.0,8816.0,7.0,,ENADIS (INEGI),Personas de 18 años o más,enadis
educacion,No sabe leer ni escribir,2022,Mujeres,Con discapacidad,Chiapas,45-59,12653.0,19036.0,16.0,,ENADIS (INEGI),Personas de 18 años o más,enadis
educacion,No sabe leer ni escribir,2022,Mujeres,Con discapacidad,Chiapas,60+,39809.0,67169.0,63.0,,ENADIS (INEGI),Personas de 18 años o más,enadis
educacion,No sabe leer ni escribir,2022,Mujeres,Con discapacidad,Chihuahua,18-29,997.0,997.0,1.0,,ENADIS (INEGI),Personas de 18 años o más,enadis
educacion,No sabe leer ni escribir,2022,Mujeres,Con discapacidad,Chihuahua,30-44,4272.0,5798.0,5.0,,ENADIS (INEGI),Personas de 18 años o más,enadis
educacion,No sabe leer ni escribir,2022,Mujeres,Con discapacidad,Chihuahua,45-59,872.0,4019.0,5.0,,ENADIS (INEGI),Personas de 18 años o más,enadis
educacion,No sabe leer ni escribir,2022,Mujeres,Con discapacidad,Chihuahua,60+,7987.0,47683.0,43.0,,ENADIS (INEGI),Personas de 18 años o más,enadis
educacion,No sabe leer ni escribir,2022,Mujeres,Con discapacidad,Ciudad de México,30-44,6245.0,7720.0,3.0,,ENADIS (INEGI),Personas de 18 años o más,enadis
educacion,No sabe leer ni escribir,2022,Mujeres,Con discapacidad,Ciudad de México,45-59,0.0,15678.0,5.0,,ENADIS (INEGI),Personas de 18 años o más,enadis
educacion,No sabe leer ni escribir,2022,Mujeres,Con discapacidad,Ciudad de México,60+,11971.0,128388.0,43.0,,ENADIS (INEGI),Personas de 18 años o más,enadis
educacion,No sabe leer ni escribir,2022,Mujeres,Con discapacidad,Coahuila,30-44,3706.0,3706.0,5.0,,ENADIS (INEGI),Personas de 18 años o más,enadis
educacion,No sabe leer ni escribir,2022,Mujeres,Con discapacidad,Coahuila,45-59,1177.0,2009.0,2.0,,ENADIS (INEGI),Personas de 18 años o más,enadis
educacion,No sabe leer ni escribir,2022,Mujeres,Con discapacidad,Coahuila,60+,5721.0,24039.0,29.0,,ENADIS (INEGI),Personas de 18 años o más,enadis
educacion,No sabe leer ni escribir,2022,Mujeres,Con discapacidad,Colima,18-29,584.0,584.0,3.0,,ENADIS (INEGI),Personas de 18 años o más,enadis
educacion,No sabe leer ni escribir,2022,Mujeres,Con discapacidad,Colima,30-44,1094.0,1616.0,7.0,,ENADIS (INEGI),Personas de 18 años o más,enadis
educacion,No sabe leer ni escribir,2022,Mujeres,Con discapacidad,Colima,45-59,219.0,1636.0,8.0,,ENADIS (INEGI),Personas de 18 años o más,enadis
educacion,No sabe leer ni escribir,2022,Mujeres,Con discapacidad,Colima,60+,3454.0,10283.0,42.0,,ENADIS (INEGI),Personas de 18 años o más,enadis
educacion,No sabe leer ni escribir,2022,Mujeres,Con discapacidad,Durango,18-29,939.0,939.0,1.0,,ENADIS (INEGI),Personas de 18 años o más,enadis
educacion,No sabe leer ni escribir,2022,Mujeres,Con discapacidad,Durango,30-44,804.0,1348.0,3.0,,ENADIS (INEGI),Personas de 18 años o más,enadis
educacion,No sabe leer ni escribir,2022,Mujeres,Con discapacidad,Durango,45-59,4270.0,7830.0,15.0,,ENADIS (INEGI),Personas de 18 años o más,enadis
educacion,No sabe leer ni escribir,2022,Mujeres,Con discapacidad,Durango,60+,2093.0,25618.0,59.0,,ENADIS (INEGI),Personas de 18 años o más,enadis
educacion,No sabe leer ni escribir,2022,Mujeres,Con discapacidad,Guanajuato,18-29,3367.0,3367.0,2.0,,ENADIS (INEGI),Personas de 18 años o más,enadis
educacion,No sabe leer ni escribir,2022,Mujeres,Con discapacidad,Guanajuato,30-44,6956.0,14147.0,9.0,,ENADIS (INEGI),Personas de 18 años o más,enadis
educacion,No sabe leer ni escribir,2022,Mujeres,Con discapacidad,Guanajuato,45-59,4639.0,19669.0,13.0,,ENADIS (INEGI),Personas de 18 años o más,enadis
educacion,No sabe leer ni escribir,2022,Mujeres,Con discapacidad,Guanajuato,60+,42705.0,93896.0,61.0,,ENADIS (INEGI),Personas de 18 años o más,enadis
educacion,No sabe leer ni escribir,2022,Mujeres,Con discapacidad,Guerrero,18-29,3864.0,4633.0,5.0,,ENADIS (INEGI),Personas de 18 años o más,enadis
educacion,No sabe leer ni escribir,2022,Mujeres,Con discapacidad,Guerrero,30-44,4752.0,8571.0,9.0,,ENADIS (INEGI),Personas de 18 años o más,enadis
educacion,No sabe leer ni escribir,2022,Mujeres,Con discapacidad,Guerrero,45-59,7067.0,13655.0,17.0,,ENADIS (INEGI),Personas de 18 años o más,enadis
educacion,No sabe leer ni escribir,2022,Mujeres,Con discapacidad,Guerrero,60+,34554.0,51632.0,62.0,,ENADIS (INEGI),Personas de 18 años o más,enadis
educacion,No sabe leer ni escribir,2022,Mujeres,Con discapacidad,Hidalgo,18-29,1730.0,1730.0,2.0,,ENADIS (INEGI),Personas de 18 años o más,enadis
educacion,No sabe leer ni escribir,2022,Mujeres,Con discapacidad,Hidalgo,30-44,1569.0,1569.0,2.0,,ENADIS (INEGI),Personas de 18 años o más,enadis
educacion,No sabe leer ni escribir,2022,Mujeres,Con discapacidad,Hidalgo,45-59,3001.0,4862.0,6.0,,ENADIS (INEGI),Personas de 18 años o más,enadis
educacion,No sabe leer ni escribir,2022,Mujeres,Con discapacidad,Hidalgo,60+,20248.0,45181.0,54.0,,ENADIS (INEGI),Personas de 18 años o más,enadis
educacion,No sabe leer ni escribir,2022,Mujeres,Con discapacidad,Jalisco,18-29,4416.0,4416.0,3.0,,ENADIS (INEGI),Personas de 18 años o más,enadis
educacion,No sabe leer ni escribir,2022,Mujeres,Con discapacidad,Jalisco,30-44,0.0,3879.0,2.0,,ENADIS (INEGI),Personas de 18 años o más,enadis
educacion,No sabe leer ni escribir,2022,Mujeres,Con discapacidad,Jalisco,45-59,2069.0,19114.0,10.0,,ENADIS (INEGI),Personas de 18 años o más,enadis
educacion,No sabe leer ni escribir,2022,Mujeres,Con discapacidad,Jalisco,60+,33564.0,97700.0,41.0,,ENADIS (INEGI),Personas de 18 años o más,enadis
educacion,No sabe leer ni escribir,2022,Mujeres,Con discapacidad,Michoacán,30-44,2836.0,7357.0,6.0,,ENADIS (INEGI),Personas de 18 años o más,enadis
educacion,No sabe leer ni escribir,2022,Mujeres,Con discapacidad,Michoacán,45-59,1474.0,6892.0,6.0,,ENADIS (INEGI),Personas de 18 años o más,enadis
educacion,No sabe leer ni escribir,2022,Mujeres,Con discapacidad,Michoacán,60+,30559.0,60798.0,46.0,,ENADIS (INEGI),Personas de 18 años o más,enadis
educacion,No sabe leer ni escribir,2022,Mujeres,Con discapacidad,Morelos,18-29,2426.0,2426.0,5.0,,ENADIS (INEGI),Personas de 18 años o más,enadis
educacion,No sabe leer ni escribir,2022,Mujeres,Con discapacidad,Morelos,30-44,1477.0,2254.0,5.0,,ENADIS (INEGI),Personas de 18 años o más,enadis
educacion,No sabe leer ni escribir,2022,Mujeres,Con discapacidad,Morelos,45-59,935.0,2908.0,5.0,,ENADIS (INEGI),Personas de 18 años o más,enadis
educacion,No sabe leer ni escribir,2022,Mujeres,Con discapacidad,Morelos,60+,15201.0,26840.0,51.0,,ENADIS (INEGI),Personas de 18 años o más,enadis
educacion,No sabe leer ni escribir,2022,Mujeres,Con discapacidad,México,18-29,0.0,6810.0,1.0,,ENADIS (INEGI),Personas de 18 años o más,enadis
educacion,No sabe leer ni escribir,2022,Mujeres,Con discapacidad,México,30-44,0.0,6216.0,1.0,,ENADIS (INEGI),Personas de 18 años o más,enadis
educacion,No sabe leer ni escribir,2022,Mujeres,Con discapacidad,México,45-59,3186.0,20586.0,6.0,,ENADIS (INEGI),Personas de 18 años o más,enadis
educacion,No sabe leer ni escribir,2022,Mujeres,Con discapacidad,México,60+,73074.0,155254.0,38.0,,ENADIS (INEGI),Personas de 18 años o más,enadis
educacion,No sabe leer ni escribir,2022,Mujeres,Con discapacidad,Nayarit,30-44,465.0,465.0,1.0,,ENADIS (INEGI),Personas de 18 años o más,enadis
educacion,No sabe leer ni escribir,2022,Mujeres,Con discapacidad,Nayarit,45-59,2672.0,4181.0,12.0,,ENADIS (INEGI),Personas de 18 años o más,enadis
educacion,No sabe leer ni escribir,2022,Mujeres,Con discapacidad,Nayarit,60+,2875.0,9371.0,28.0,,ENADIS (INEGI),Personas de 18 años o más,enadis
educacion,No sabe leer ni escribir,2022,Mujeres,Con discapacidad,Nuevo León,18-29,5263.0,5263.0,3.0,,ENADIS (INEGI),Personas de 18 años o más,enadis
educacion,No sabe leer ni escribir,2022,Mujeres,Con discapacidad,Nuevo León,30-44,5989.0,5989.0,3.0,,ENADIS (INEGI),Personas de 18 años o más,enadis
educacion,No sabe leer ni escribir,2022,Mujeres,Con discapacidad,Nuevo León,45-59,5748.0,11485.0,8.0,,ENADIS (INEGI),Personas de 18 años o más,enadis
educacion,No sabe leer ni escribir,2022,Mujeres,Con discapacidad,Nuevo León,60+,9695.0,45035.0,28.0,,ENADIS (INEGI),Personas de 18 años o más,enadis
educacion,No sabe leer ni escribir,2022,Mujeres,Con discapacidad,Oaxaca,18-29,2485.0,6384.0,7.0,,ENADIS (INEGI),Personas de 18 años o más,enadis
educacion,No sabe leer ni escribir,2022,Mujeres,Con discapacidad,Oaxaca,30-44,3394.0,13927.0,11.0,,ENADIS (INEGI),Personas de 18 años o más,enadis
educacion,No sabe leer ni escribir,2022,Mujeres,Con discapacidad,Oaxaca,45-59,5939.0,15287.0,14.0,,ENADIS (INEGI),Personas de 18 años o más,enadis
educacion,No sabe leer ni escribir,2022,Mujeres,Con discapacidad,Oaxaca,60+,47397.0,93596.0,84.0,,ENADIS (INEGI),Personas de 18 años o más,enadis
educacion,No sabe leer ni escribir,2022,Mujeres,Con discapacidad,Puebla,18-29,1518.0,4617.0,3.0,,ENADIS (INEGI),Personas de 18 años o más,enadis
educacion,No sabe leer ni escribir,2022,Mujeres,Con discapacidad,Puebla,30-44,0.0,7352.0,4.0,,ENADIS (INEGI),Personas de 18 años o más,enadis
educacion,No sabe leer ni escribir,2022,Mujeres,Con discapacidad,Puebla,45-59,3360.0,9385.0,6.0,,ENADIS (INEGI),Personas de 18 años o más,enadis
educacion,No sabe leer ni escribir,2022,Mujeres,Con discapacidad,Puebla,60+,52248.0,85649.0,45.0,,ENADIS (INEGI),Personas de 18 años o más,enadis
educacion,No sabe leer ni escribir,2022,Mujeres,Con discapacidad,Querétaro,18-29,390.0,390.0,1.0,,ENADIS (INEGI),Personas de 18 años o más,enadis
educacion,No sabe leer ni escribir,2022,Mujeres,Con discapacidad,Querétaro,30-44,1942.0,1942.0,3.0,,ENADIS (INEGI),Personas de 18 años o más,enadis
educacion,No sabe leer ni escribir,2022,Mujeres,Con discapacidad,Querétaro,45-59,1294.0,4602.0,7.0,,ENADIS (INEGI),Personas de 18 años o más,enadis
educacion,No sabe leer ni escribir,2022,Mujeres,Con discapacidad,Querétaro,60+,16179.0,37788.0,54.0,,ENADIS (INEGI),Personas de 18 años o más,enadis
educacion,No sabe leer ni escribir,2022,Mujeres,Con discapacidad,Quintana Roo,18-29,1392.0,1392.0,2.0,,ENADIS (INEGI),Personas de 18 años o más,enadis
educacion,No sabe leer ni escribir,2022,Mujeres,Con discapacidad,Quintana Roo,30-44,1272.0,1272.0,3.0,,ENADIS (INEGI),Personas de 18 años o más,enadis
educacion,No sabe leer ni escribir,2022,Mujeres,Con discapacidad,Quintana Roo,45-59,946.0,4971.0,10.0,,ENADIS (INEGI),Personas de 18 años o más,enadis
educacion,No sabe leer ni escribir,2022,Mujeres,Con discapacidad,Quintana Roo,60+,3527.0,13573.0,28.0,,ENADIS (INEGI),Personas de 18 años o más,enadis
educacion,No sabe leer ni escribir,2022,Mujeres,Con discapacidad,San Luis Potosí,18-29,3502.0,3789.0,7.0,,ENADIS (INEGI),Personas de 18 años o más,enadis
educacion,No sabe leer ni escribir,2022,Mujeres,Con discapacidad,San Luis Potosí,30-44,1415.0,2470.0,3.0,,ENADIS (INEGI),Personas de 18 años o más,enadis
educacion,No sabe leer ni escribir,2022,Mujeres,Con discapacidad,San Luis Potosí,45-59,631.0,3056.0,6.0,,ENADIS (INEGI),Personas de 18 años o más,enadis
educacion,No sabe leer ni escribir,2022,Mujeres,Con discapacidad,San Luis Potosí,60+,19430.0,47009.0,59.0,,ENADIS (INEGI),Personas de 18 años o más,enadis
educacion,No sabe leer ni escribir,2022,Mujeres,Con discapacidad,Sinaloa,18-29,702.0,2702.0,3.0,,ENADIS (INEGI),Personas de 18 años o más,enadis
educacion,No sabe leer ni escribir,2022,Mujeres,Con discapacidad,Sinaloa,30-44,2880.0,6669.0,8.0,,ENADIS (INEGI),Personas de 18 años o más,enadis
educacion,No sabe leer ni escribir,2022,Mujeres,Con discapacidad,Sinaloa,45-59,934.0,5950.0,7.0,,ENADIS (INEGI),Personas de 18 años o más,enadis
educacion,No sabe leer ni escribir,2022,Mujeres,Con discapacidad,Sinaloa,60+,11224.0,45242.0,61.0,,ENADIS (INEGI),Personas de 18 años o más,enadis
educacion,No sabe leer ni escribir,2022,Mujeres,Con discapacidad,Sonora,18-29,2404.0,2404.0,3.0,,ENADIS (INEGI),Personas de 18 años o más,enadis
educacion,No sabe leer ni escribir,2022,Mujeres,Con discapacidad,Sonora,30-44,1530.0,3036.0,4.0,,ENADIS (INEGI),Personas de 18 años o más,enadis
educacion,No sabe leer ni escribir,2022,Mujeres,Con discapacidad,Sonora,45-59,542.0,3875.0,6.0,,ENADIS (INEGI),Personas de 18 años o más,enadis
educacion,No sabe leer ni escribir,2022,Mujeres,Con discapacidad,Sonora,60+,1940.0,35105.0,49.0,,ENADIS (INEGI),Personas de 18 años o más,enadis
educacion,No sabe leer ni escribir,2022,Mujeres,Con discapacidad,Tabasco,18-29,2828.0,2828.0,4.0,,ENADIS (INEGI),Personas de 18 años o más,enadis
educacion,No sabe leer ni escribir,2022,Mujeres,Con discapacidad,Tabasco,30-44,3706.0,4417.0,7.0,,ENADIS (INEGI),Personas de 18 años o más,enadis
educacion,No sabe leer ni escribir,2022,Mujeres,Con discapacidad,Tabasco,45-59,3784.0,9130.0,16.0,,ENADIS (INEGI),Personas de 18 años o más,enadis
educacion,No sabe leer ni escribir,2022,Mujeres,Con discapacidad,Tabasco,60+,12387.0,35754.0,58.0,,ENADIS (INEGI),Personas de 18 años o más,enadis
educacion,No sabe leer ni escribir,2022,Mujeres,Con discapacidad,Tamaulipas,30-44,2094.0,3043.0,3.0,,ENADIS (INEGI),Personas de 18 años o más,enadis
educacion,No sabe leer ni escribir,2022,Mujeres,Con discapacidad,Tamaulipas,45-59,5250.0,10854.0,11.0,,ENADIS (INEGI),Personas de 18 años o más,enadis
educacion,No sabe leer ni escribir,2022,Mujeres,Con discapacidad,Tamaulipas,60+,9186.0,38003.0,33.0,,ENADIS (INEGI),Personas de 18 años o más,enadis
educacion,No sabe leer ni escribir,2022,Mujeres,Con discapacidad,Tlaxcala,18-29,1087.0,1700.0,6.0,,ENADIS (INEGI),Personas de 18 años o más,enadis
educacion,No sabe leer ni escribir,2022,Mujeres,Con discapacidad,Tlaxcala,30-44,0.0,683.0,2.0,,ENADIS (INEGI),Personas de 18 años o más,enadis
educacion,No sabe leer ni escribir,2022,Mujeres,Con discapacidad,Tlaxcala,45-59,338.0,1014.0,3.0,,ENADIS (INEGI),Personas de 18 años o más,enadis
educacion,No sabe leer ni escribir,2022,Mujeres,Con discapacidad,Tlaxcala,60+,5451.0,12996.0,40.0,,ENADIS (INEGI),Personas de 18 años o más,enadis
educacion,No sabe leer ni escribir,2022,Mujeres,Con discapacidad,Veracruz,18-29,1826.0,1826.0,1.0,,ENADIS (INEGI),Personas de 18 años o más,enadis
educacion,No sabe leer ni escribir,2022,Mujeres,Con discapacidad,Veracruz,30-44,9835.0,16311.0,9.0,,ENADIS (INEGI),Personas de 18 años o más,enadis
educacion,No sabe leer ni escribir,2022,Mujeres,Con discapacidad,Veracruz,45-59,10154.0,29691.0,14.0,,ENADIS (INEGI),Personas de 18 años o más,enadis
educacion,No sabe leer ni escribir,2022,Mujeres,Con discapacidad,Veracruz,60+,72344.0,192281.0,86.0,,ENADIS (INEGI),Personas de 18 años o más,enadis
educacion,No sabe leer ni escribir,2022,Mujeres,Con discapacidad,Yucatán,18-29,2507.0,3176.0,6.0,,ENADIS (INEGI),Personas de 18 años o más,enadis
educacion,No sabe leer ni escribir,2022,Mujeres,Con discapacidad,Yucatán,30-44,2303.0,3420.0,5.0,,ENADIS (INEGI),Personas de 18 años o más,enadis
educacion,No sabe leer ni escribir,2022,Mujeres,Con discapacidad,Yucatán,45-59,2944.0,10321.0,20.0,,ENADIS (INEGI),Personas de 18 años o más,enadis
educacion,No sabe leer ni escribir,2022,Mujeres,Con discapacidad,Yucatán,60+,11381.0,39665.0,63.0,,ENADIS (INEGI),Personas de 18 años o más,enadis
educacion,No sabe leer ni escribir,2022,Mujeres,Con discapacidad,Zacatecas,18-29,508.0,508.0,1.0,,ENADIS (INEGI),Personas de 18 años o más,enadis
educacion,No sabe leer ni escribir,2022,Mujeres,Con discapacidad,Zacatecas,30-44,501.0,2458.0,6.0,,ENADIS (INEGI),Personas de 18 años o más,enadis
educacion,No sabe leer ni escribir,2022,Mujeres,Con discapacidad,Zacatecas,45-59,1978.0,5274.0,14.0,,ENADIS (INEGI),Personas de 18 años o más,enadis
educacion,No sabe leer ni escribir,2022,Mujeres,Con discapacidad,Zacatecas,60+,4999.0,24762.0,60.0,,ENADIS (INEGI),Personas de 18 años o más,enadis
educacion,No sabe leer ni escribir,2022,Mujeres,Sin discapacidad,Aguascalientes,18-29,318.0,4801.0,16.0,,ENADIS (INEGI),Personas de 18 años o más,enadis
educacion,No sabe leer ni escribir,2022,Mujeres,Sin discapacidad,Aguascalientes,30-44,1509.0,18230.0,54.0,,ENADIS (INEGI),Personas de 18 años o más,enadis
educacion,No sabe leer ni escribir,2022,Mujeres,Sin discapacidad,Aguascalientes,45-59,2817.0,35382.0,101.0,,ENADIS (INEGI),Personas de 18 años o más,enadis
educacion,No sabe leer ni escribir,2022,Mujeres,Sin discapacidad,Aguascalientes,60+,5547.0,45201.0,123.0,,ENADIS (INEGI),Personas de 18 años o más,enadis
educacion,No sabe leer ni escribir,2022,Mujeres,Sin discapacidad,Baja California,18-29,3178.0,19095.0,14.0,,ENADIS (INEGI),Personas de 18 años o más,enadis
educacion,No sabe leer ni escribir,2022,Mujeres,Sin discapacidad,Baja California,30-44,1600.0,47364.0,43.0,,ENADIS (INEGI),Personas de 18 años o más,enadis
educacion,No sabe leer ni escribir,2022,Mujeres,Sin discapacidad,Baja California,45-59,5745.0,67909.0,60.0,,ENADIS (INEGI),Personas de 18 años o más,enadis
educacion,No sabe leer ni escribir,2022,Mujeres,Sin discapacidad,Baja California,60+,9828.0,93059.0,83.0,,ENADIS (INEGI),Personas de 18 años o más,enadis
educacion,No sabe leer ni escribir,2022,Mujeres,Sin discapacidad,Baja California Sur,18-29,325.0,6703.0,23.0,,ENADIS (INEGI),Personas de 18 años o más,enadis
educacion,No sabe leer ni escribir,2022,Mujeres,Sin discapacidad,Baja California Sur,30-44,891.0,10443.0,36.0,,ENADIS (INEGI),Personas de 18 años o más,enadis
educacion,No sabe leer ni escribir,2022,Mujeres,Sin discapacidad,Baja California Sur,45-59,1615.0,13941.0,55.0,,ENADIS (INEGI),Personas de 18 años o más,enadis
educacion,No sabe leer ni escribir,2022,Mujeres,Sin discapacidad,Baja California Sur,60+,1812.0,18045.0,75.0,,ENADIS (INEGI),Personas de 18 años o más,enadis
educacion,No sabe leer ni escribir,2022,Mujeres,Sin discapacidad,Campeche,18-29,1473.0,7050.0,35.0,,ENADIS (INEGI),Personas de 18 años o más,enadis
educacion,No sabe leer ni escribir,2022,Mujeres,Sin discapacidad,Campeche,30-44,2100.0,18426.0,84.0,,ENADIS (INEGI),Personas de 18 años o más,enadis
educacion,No sabe leer ni escribir,2022,Mujeres,Sin discapacidad,Campeche,45-59,8552.0,28322.0,123.0,,ENADIS (INEGI),Personas de 18 años o más,enadis
educacion,No sabe leer ni escribir,2022,Mujeres,Sin discapacidad,Campeche,60+,9771.0,26585.0,116.0,,ENADIS (INEGI),Personas de 18 años o más,enadis
educacion,No sabe leer ni escribir,2022,Mujeres,Sin discapacidad,Chiapas,18-29,35936.0,131524.0,90.0,,ENADIS (INEGI),Personas de 18 años o más,enadis
educacion,No sabe leer ni escribir,2022,Mujeres,Sin discapacidad,Chiapas,30-44,57584.0,234504.0,181.0,,ENADIS (INEGI),Personas de 18 años o más,enadis
educacion,No sabe leer ni escribir,2022,Mujeres,Sin discapacidad,Chiapas,45-59,109508.0,240068.0,194.0,,ENADIS (INEGI),Personas de 18 años o más,enadis
educacion,No sabe leer ni escribir,2022,Mujeres,Sin discapacidad,Chiapas,60+,85305.0,166600.0,149.0,,ENADIS (INEGI),Personas de 18 años o más,enadis
educacion,No sabe leer ni escribir,2022,Mujeres,Sin discapacidad,Chihuahua,18-29,0.0,13243.0,11.0,,ENADIS (INEGI),Personas de 18 años o más,enadis
educacion,No sabe leer ni escribir,2022,Mujeres,Sin discapacidad,Chihuahua,30-44,2157.0,37992.0,35.0,,ENADIS (INEGI),Personas de 18 años o más,enadis
educacion,No sabe leer ni escribir,2022,Mujeres,Sin discapacidad,Chihuahua,45-59,7744.0,96687.0,95.0,,ENADIS (INEGI),Personas de 18 años o más,enadis
educacion,No sabe leer ni escribir,2022,Mujeres,Sin discapacidad,Chihuahua,60+,10114.0,108131.0,97.0,,ENADIS (INEGI),Personas de 18 años o más,enadis
educacion,No sabe leer ni escribir,2022,Mujeres,Sin discapacidad,Ciudad de México,18-29,0.0,12196.0,6.0,,ENADIS (INEGI),Personas de 18 años o más,enadis
educacion,No sabe leer ni escribir,2022,Mujeres,Sin discapacidad,Ciudad de México,30-44,0.0,29459.0,11.0,,ENADIS (INEGI),Personas de 18 años o más,enadis
educacion,No sabe leer ni escribir,2022,Mujeres,Sin discapacidad,Ciudad de México,45-59,5452.0,161177.0,65.0,,ENADIS (INEGI),Personas de 18 años o más,enadis
educacion,No sabe leer ni escribir,2022,Mujeres,Sin discapacidad,Ciudad de México,60+,24890.0,299558.0,109.0,,ENADIS (INEGI),Personas de 18 años o más,enadis
educacion,No sabe leer ni escribir,2022,Mujeres,Sin discapacidad,Coahuila,18-29,0.0,6863.0,8.0,,ENADIS (INEGI),Personas de 18 años o más,enadis
educacion,No sabe leer ni escribir,2022,Mujeres,Sin discapacidad,Coahuila,30-44,0.0,28787.0,36.0,,ENADIS (INEGI),Personas de 18 años o más,enadis
educacion,No sabe leer ni escribir,2022,Mujeres,Sin discapacidad,Coahuila,45-59,3576.0,68122.0,83.0,,ENADIS (INEGI),Personas de 18 años o más,enadis
educacion,No sabe leer ni escribir,2022,Mujeres,Sin discapacidad,Coahuila,60+,5790.0,94898.0,114.0,,ENADIS (INEGI),Personas de 18 años o más,enadis
educacion,No sabe leer ni escribir,2022,Mujeres,Sin discapacidad,Colima,18-29,531.0,2993.0,16.0,,ENADIS (INEGI),Personas de 18 años o más,enadis
educacion,No sabe leer ni escribir,2022,Mujeres,Sin discapacidad,Colima,30-44,1796.0,8392.0,41.0,,ENADIS (INEGI),Personas de 18 años o más,enadis
educacion,No sabe leer ni escribir,2022,Mujeres,Sin discapacidad,Colima,45-59,2108.0,15770.0,74.0,,ENADIS (INEGI),Personas de 18 años o más,enadis
educacion,No sabe leer ni escribir,2022,Mujeres,Sin discapacidad,Colima,60+,4378.0,26270.0,122.0,,ENADIS (INEGI),Personas de 18 años o más,enadis
educacion,No sabe leer ni escribir,2022,Mujeres,Sin discapacidad,Durango,18-29,489.0,5312.0,13.0,,ENADIS (INEGI),Personas de 18 años o más,enadis
educacion,No sabe leer ni escribir,2022,Mujeres,Sin discapacidad,Durango,30-44,1671.0,23205.0,54.0,,ENADIS (INEGI),Personas de 18 años o más,enadis
educacion,No sabe leer ni escribir,2022,Mujeres,Sin discapacidad,Durango,45-59,6127.0,44192.0,93.0,,ENADIS (INEGI),Personas de 18 años o más,enadis
educacion,No sabe leer ni escribir,2022,Mujeres,Sin discapacidad,Durango,60+,3839.0,46698.0,110.0,,ENADIS (INEGI),Personas de 18 años o más,enadis
educacion,No sabe leer ni escribir,2022,Mujeres,Sin discapacidad,Guanajuato,18-29,1848.0,42597.0,33.0,,ENADIS (INEGI),Personas de 18 años o más,enadis
educacion,No sabe leer ni escribir,2022,Mujeres,Sin discapacidad,Guanajuato,30-44,10983.0,151593.0,115.0,,ENADIS (INEGI),Personas de 18 años o más,enadis
educacion,No sabe leer ni escribir,2022,Mujeres,Sin discapacidad,Guanajuato,45-59,22022.0,197336.0,147.0,,ENADIS (INEGI),Personas de 18 años o más,enadis
educacion,No sabe leer ni escribir,2022,Mujeres,Sin discapacidad,Guanajuato,60+,67257.0,242981.0,148.0,,ENADIS (INEGI),Personas de 18 años o más,enadis
educacion,No sabe leer ni escribir,2022,Mujeres,Sin discapacidad,Guerrero,18-29,8388.0,64122.0,75.0,,ENADIS (INEGI),Personas de 18 años o más,enadis
educacion,No sabe leer ni escribir,2022,Mujeres,Sin discapacidad,Guerrero,30-44,39448.0,143427.0,165.0,,ENADIS (INEGI),Personas de 18 años o más,enadis
educacion,No sabe leer ni escribir,2022,Mujeres,Sin discapacidad,Guerrero,45-59,61332.0,142742.0,175.0,,ENADIS (INEGI),Personas de 18 años o más,enadis
educacion,No sabe leer ni escribir,2022,Mujeres,Sin discapacidad,Guerrero,60+,91654.0,165558.0,198.0,,ENADIS (INEGI),Personas de 18 años o más,enadis
educacion,No sabe leer ni escribir,2022,Mujeres,Sin discapacidad,Hidalgo,18-29,0.0,12985.0,17.0,,ENADIS (INEGI),Personas de 18 años o más,enadis
educacion,No sabe leer ni escribir,2022,Mujeres,Sin discapacidad,Hidalgo,30-44,4561.0,50948.0,67.0,,ENADIS (INEGI),Personas de 18 años o más,enadis
educacion,No sabe leer ni escribir,2022,Mujeres,Sin discapacidad,Hidalgo,45-59,19009.0,92192.0,120.0,,ENADIS (INEGI),Personas de 18 años o más,enadis
educacion,No sabe leer ni escribir,2022,Mujeres,Sin discapacidad,Hidalgo,60+,34760.0,134450.0,160.0,,ENADIS (INEGI),Personas de 18 años o más,enadis
educacion,No sabe leer ni escribir,2022,Mujeres,Sin discapacidad,Jalisco,18-29,0.0,38688.0,17.0,,ENADIS (INEGI),Personas de 18 años o más,enadis
educacion,No sabe leer ni escribir,2022,Mujeres,Sin discapacidad,Jalisco,30-44,11026.0,152927.0,75.0,,ENADIS (INEGI),Personas de 18 años o más,enadis
educacion,No sabe leer ni escribir,2022,Mujeres,Sin discapacidad,Jalisco,45-59,15142.0,233698.0,114.0,,ENADIS (INEGI),Personas de 18 años o más,enadis
educacion,No sabe leer ni escribir,2022,Mujeres,Sin discapacidad,Jalisco,60+,24252.0,312101.0,140.0,,ENADIS (INEGI),Personas de 18 años o más,enadis
educacion,No sabe leer ni escribir,2022,Mujeres,Sin discapacidad,Michoacán,18-29,1870.0,42021.0,38.0,,ENADIS (INEGI),Personas de 18 años o más,enadis
educacion,No sabe leer ni escribir,2022,Mujeres,Sin discapacidad,Michoacán,30-44,12322.0,144503.0,126.0,,ENADIS (INEGI),Personas de 18 años o más,enadis
educacion,No sabe leer ni escribir,2022,Mujeres,Sin discapacidad,Michoacán,45-59,27686.0,194730.0,166.0,,ENADIS (INEGI),Personas de 18 años o más,enadis
educacion,No sabe leer ni escribir,2022,Mujeres,Sin discapacidad,Michoacán,60+,81099.0,238589.0,182.0,,ENADIS (INEGI),Personas de 18 años o más,enadis
educacion,No sabe leer ni escribir,2022,Mujeres,Sin discapacidad,Morelos,18-29,0.0,6093.0,13.0,,ENADIS (INEGI),Personas de 18 años o más,enadis
educacion,No sabe leer ni escribir,2022,Mujeres,Sin discapacidad,Morelos,30-44,2754.0,31610.0,59.0,,ENADIS (INEGI),Personas de 18 años o más,enadis
educacion,No sabe leer ni escribir,2022,Mujeres,Sin discapacidad,Morelos,45-59,7196.0,44843.0,77.0,,ENADIS (INEGI),Personas de 18 años o más,enadis
educacion,No sabe leer ni escribir,2022,Mujeres,Sin discapacidad,Morelos,60+,24705.0,77978.0,139.0,,ENADIS (INEGI),Personas de 18 años o más,enadis
educacion,No sabe leer ni escribir,2022,Mujeres,Sin discapacidad,México,18-29,10855.0,104418.0,19.0,,ENADIS (INEGI),Personas de 18 años o más,enadis
educacion,No sabe leer ni escribir,2022,Mujeres,Sin discapacidad,México,30-44,22774.0,248639.0,55.0,,ENADIS (INEGI),Personas de 18 años o más,enadis
educacion,No sabe leer ni escribir,2022,Mujeres,Sin discapacidad,México,45-59,56519.0,453216.0,109.0,,ENADIS (INEGI),Personas de 18 años o más,enadis
educacion,No sabe leer ni escribir,2022,Mujeres,Sin discapacidad,México,60+,132679.0,646956.0,163.0,,ENADIS (INEGI),Personas de 18 años o más,enadis
educacion,No sabe leer ni escribir,2022,Mujeres,Sin discapacidad,Nayarit,18-29,0.0,1638.0,6.0,,ENADIS (INEGI),Personas de 18 años o más,enadis
educacion,No sabe leer ni escribir,2022,Mujeres,Sin discapacidad,Nayarit,30-44,1061.0,11272.0,35.0,,ENADIS (INEGI),Personas de 18 años o más,enadis
educacion,No sabe leer ni escribir,2022,Mujeres,Sin discapacidad,Nayarit,45-59,3272.0,26771.0,82.0,,ENADIS (INEGI),Personas de 18 años o más,enadis
educacion,No sabe leer ni escribir,2022,Mujeres,Sin discapacidad,Nayarit,60+,10849.0,53335.0,163.0,,ENADIS (INEGI),Personas de 18 años o más,enadis
educacion,No sabe leer ni escribir,2022,Mujeres,Sin discapacidad,Nuevo León,18-29,0.0,15454.0,11.0,,ENADIS (INEGI),Personas de 18 años o más,enadis
educacion,No sabe leer ni escribir,2022,Mujeres,Sin discapacidad,Nuevo León,30-44,5533.0,41545.0,29.0,,ENADIS (INEGI),Personas de 18 años o más,enadis
educacion,No sabe leer ni escribir,2022,Mujeres,Sin discapacidad,Nuevo León,45-59,5748.0,103759.0,74.0,,ENADIS (INEGI),Personas de 18 años o más,enadis
educacion,No sabe leer ni escribir,2022,Mujeres,Sin discapacidad,Nuevo León,60+,18321.0,203538.0,124.0,,ENADIS (INEGI),Personas de 18 años o más,enadis
educacion,No sabe leer ni escribir,2022,Mujeres,Sin discapacidad,Oaxaca,18-29,2616.0,34051.0,39.0,,ENADIS (INEGI),Personas de 18 años o más,enadis
educacion,No sabe leer ni escribir,2022,Mujeres,Sin discapacidad,Oaxaca,30-44,21042.0,162541.0,161.0,,ENADIS (INEGI),Personas de 18 años o más,enadis
educacion,No sabe leer ni escribir,2022,Mujeres,Sin discapacidad,Oaxaca,45-59,38232.0,187678.0,181.0,,ENADIS (INEGI),Personas de 18 años o más,enadis
educacion,No sabe leer ni escribir,2022,Mujeres,Sin discapacidad,Oaxaca,60+,95775.0,210390.0,205.0,,ENADIS (INEGI),Personas de 18 años o más,enadis
educacion,No sabe leer ni escribir,2022,Mujeres,Sin discapacidad,Puebla,18-29,4869.0,43904.0,29.0,,ENADIS (INEGI),Personas de 18 años o más,enadis
educacion,No sabe leer ni escribir,2022,Mujeres,Sin discapacidad,Puebla,30-44,28842.0,198838.0,131.0,,ENADIS (INEGI),Personas de 18 años o más,enadis
educacion,No sabe leer ni escribir,2022,Mujeres,Sin discapacidad,Puebla,45-59,67895.0,256957.0,168.0,,ENADIS (INEGI),Personas de 18 años o más,enadis
educacion,No sabe leer ni escribir,2022,Mujeres,Sin discapacidad,Puebla,60+,101121.0,279399.0,150.0,,ENADIS (INEGI),Personas de 18 años o más,enadis
educacion,No sabe leer ni escribir,2022,Mujeres,Sin discapacidad,Querétaro,18-29,2078.0,10648.0,16.0,,ENADIS (INEGI),Personas de 18 años o más,enadis
educacion,No sabe leer ni escribir,2022,Mujeres,Sin discapacidad,Querétaro,30-44,2576.0,35338.0,63.0,,ENADIS (INEGI),Personas de 18 años o más,enadis
educacion,No sabe leer ni escribir,2022,Mujeres,Sin discapacidad,Querétaro,45-59,7437.0,74586.0,121.0,,ENADIS (INEGI),Personas de 18 años o más,enadis
educacion,No sabe leer ni escribir,2022,Mujeres,Sin discapacidad,Querétaro,60+,22252.0,87182.0,124.0,,ENADIS (INEGI),Personas de 18 años o más,enadis
educacion,No sabe leer ni escribir,2022,Mujeres,Sin discapacidad,Quintana Roo,18-29,1680.0,11905.0,23.0,,ENADIS (INEGI),Personas de 18 años o más,enadis
educacion,No sabe leer ni escribir,2022,Mujeres,Sin discapacidad,Quintana Roo,30-44,5498.0,26479.0,51.0,,ENADIS (INEGI),Personas de 18 años o más,enadis
educacion,No sabe leer ni escribir,2022,Mujeres,Sin discapacidad,Quintana Roo,45-59,13978.0,57053.0,108.0,,ENADIS (INEGI),Personas de 18 años o más,enadis
educacion,No sabe leer ni escribir,2022,Mujeres,Sin discapacidad,Quintana Roo,60+,12859.0,42950.0,90.0,,ENADIS (INEGI),Personas de 18 años o más,enadis
educacion,No sabe leer ni escribir,2022,Mujeres,Sin discapacidad,San Luis Potosí,18-29,1366.0,13375.0,20.0,,ENADIS (INEGI),Personas de 18 años o más,enadis
educacion,No sabe leer ni escribir,2022,Mujeres,Sin discapacidad,San Luis Potosí,30-44,1862.0,34741.0,56.0,,ENADIS (INEGI),Personas de 18 años o más,enadis
educacion,No sabe leer ni escribir,2022,Mujeres,Sin discapacidad,San Luis Potosí,45-59,15041.0,83716.0,131.0,,ENADIS (INEGI),Personas de 18 años o más,enadis
educacion,No sabe leer ni escribir,2022,Mujeres,Sin discapacidad,San Luis Potosí,60+,35354.0,122188.0,155.0,,ENADIS (INEGI),Personas de 18 años o más,enadis
educacion,No sabe leer ni escribir,2022,Mujeres,Sin discapacidad,Sinaloa,18-29,0.0,7589.0,10.0,,ENADIS (INEGI),Personas de 18 años o más,enadis
educacion,No sabe leer ni escribir,2022,Mujeres,Sin discapacidad,Sinaloa,30-44,7390.0,33493.0,37.0,,ENADIS (INEGI),Personas de 18 años o más,enadis
educacion,No sabe leer ni escribir,2022,Mujeres,Sin discapacidad,Sinaloa,45-59,11762.0,61281.0,79.0,,ENADIS (INEGI),Personas de 18 años o más,enadis
educacion,No sabe leer ni escribir,2022,Mujeres,Sin discapacidad,Sinaloa,60+,20357.0,131114.0,176.0,,ENADIS (INEGI),Personas de 18 años o más,enadis
educacion,No sabe leer ni escribir,2022,Mujeres,Sin discapacidad,Sonora,18-29,521.0,10252.0,14.0,,ENADIS (INEGI),Personas de 18 años o más,enadis
educacion,No sabe leer ni escribir,2022,Mujeres,Sin discapacidad,Sonora,30-44,1961.0,19156.0,24.0,,ENADIS (INEGI),Personas de 18 años o más,enadis
educacion,No sabe leer ni escribir,2022,Mujeres,Sin discapacidad,Sonora,45-59,3220.0,37281.0,50.0,,ENADIS (INEGI),Personas de 18 años o más,enadis
educacion,No sabe leer ni escribir,2022,Mujeres,Sin discapacidad,Sonora,60+,14212.0,95936.0,119.0,,ENADIS (INEGI),Personas de 18 años o más,enadis
educacion,No sabe leer ni escribir,2022,Mujeres,Sin discapacidad,Tabasco,18-29,4140.0,15595.0,26.0,,ENADIS (INEGI),Personas de 18 años o más,enadis
educacion,No sabe leer ni escribir,2022,Mujeres,Sin discapacidad,Tabasco,30-44,6956.0,43016.0,74.0,,ENADIS (INEGI),Personas de 18 años o más,enadis
educacion,No sabe leer ni escribir,2022,Mujeres,Sin discapacidad,Tabasco,45-59,17508.0,70342.0,119.0,,ENADIS (INEGI),Personas de 18 años o más,enadis
educacion,No sabe leer ni escribir,2022,Mujeres,Sin discapacidad,Tabasco,60+,16323.0,77408.0,121.0,,ENADIS (INEGI),Personas de 18 años o más,enadis
educacion,No sabe leer ni escribir,2022,Mujeres,Sin discapacidad,Tamaulipas,18-29,1016.0,16387.0,16.0,,ENADIS (INEGI),Personas de 18 años o más,enadis
educacion,No sabe leer ni escribir,2022,Mujeres,Sin discapacidad,Tamaulipas,30-44,823.0,27207.0,35.0,,ENADIS (INEGI),Personas de 18 años o más,enadis
educacion,No sabe leer ni escribir,2022,Mujeres,Sin discapacidad,Tamaulipas,45-59,4985.0,83525.0,83.0,,ENADIS (INEGI),Personas de 18 años o más,enadis
educacion,No sabe leer ni escribir,2022,Mujeres,Sin discapacidad,Tamaulipas,60+,19848.0,111766.0,100.0,,ENADIS (INEGI),Personas de 18 años o más,enadis
educacion,No sabe leer ni escribir,2022,Mujeres,Sin discapacidad,Tlaxcala,18-29,568.0,7728.0,26.0,,ENADIS (INEGI),Personas de 18 años o más,enadis
educacion,No sabe leer ni escribir,2022,Mujeres,Sin discapacidad,Tlaxcala,30-44,2592.0,22161.0,73.0,,ENADIS (INEGI),Personas de 18 años o más,enadis
educacion,No sabe leer ni escribir,2022,Mujeres,Sin discapacidad,Tlaxcala,45-59,3398.0,35199.0,112.0,,ENADIS (INEGI),Personas de 18 años o más,enadis
educacion,No sabe leer ni escribir,2022,Mujeres,Sin discapacidad,Tlaxcala,60+,10195.0,50916.0,157.0,,ENADIS (INEGI),Personas de 18 años o más,enadis
educacion,No sabe leer ni escribir,2022,Mujeres,Sin discapacidad,Veracruz,18-29,4671.0,60361.0,25.0,,ENADIS (INEGI),Personas de 18 años o más,enadis
educacion,No sabe leer ni escribir,2022,Mujeres,Sin discapacidad,Veracruz,30-44,40253.0,211464.0,90.0,,ENADIS (INEGI),Personas de 18 años o más,enadis
educacion,No sabe leer ni escribir,2022,Mujeres,Sin discapacidad,Veracruz,45-59,93307.0,375464.0,162.0,,ENADIS (INEGI),Personas de 18 años o más,enadis
educacion,No sabe leer ni escribir,2022,Mujeres,Sin discapacidad,Veracruz,60+,144283.0,421383.0,193.0,,ENADIS (INEGI),Personas de 18 años o más,enadis
educacion,No sabe leer ni escribir,2022,Mujeres,Sin discapacidad,Yucatán,18-29,983.0,17195.0,29.0,,ENADIS (INEGI),Personas de 18 años o más,enadis
educacion,No sabe leer ni escribir,2022,Mujeres,Sin discapacidad,Yucatán,30-44,8381.0,57849.0,105.0,,ENADIS (INEGI),Personas de 18 años o más,enadis
educacion,No sabe leer ni escribir,2022,Mujeres,Sin discapacidad,Yucatán,45-59,15560.0,58161.0,115.0,,ENADIS (INEGI),Personas de 18 años o más,enadis
educacion,No sabe leer ni escribir,2022,Mujeres,Sin discapacidad,Yucatán,60+,28369.0,80495.0,130.0,,ENADIS (INEGI),Personas de 18 años o más,enadis
educacion,No sabe leer ni escribir,2022,Mujeres,Sin discapacidad,Zacatecas,18-29,0.0,8639.0,21.0,,ENADIS (INEGI),Personas de 18 años o más,enadis
educacion,No sabe leer ni escribir,2022,Mujeres,Sin discapacidad,Zacatecas,30-44,1393.0,27862.0,74.0,,ENADIS (INEGI),Personas de 18 años o más,enadis
educacion,No sabe leer ni escribir,2022,Mujeres,Sin discapacidad,Zacatecas,45-59,5696.0,41830.0,105.0,,ENADIS (INEGI),Personas de 18 años o más,enadis
educacion,No sabe leer ni escribir,2022,Mujeres,Sin discapacidad,Zacatecas,60+,8088.0,63902.0,144.0,,ENADIS (INEGI),Personas de 18 años o más,enadis
trabajo,Población ocupada,2022,Hombres,Con discapacidad,Aguascalientes,18-29,925.0,2657.0,8.0,,ENADIS (INEGI),Personas de 18 años o más,enadis
trabajo,Población ocupada,2022,Hombres,Con discapacidad,Aguascalientes,30-44,774.0,2687.0,7.0,,ENADIS (INEGI),Personas de 18 años o más,enadis
trabajo,Población ocupada,2022,Hombres,Con discapacidad,Aguascalientes,45-59,3985.0,6159.0,18.0,,ENADIS (INEGI),Personas de 18 años o más,enadis
trabajo,Población ocupada,2022,Hombres,Con discapacidad,Aguascalientes,60+,2753.0,18695.0,53.0,,ENADIS (INEGI),Personas de 18 años o más,enadis
trabajo,Población ocupada,2022,Hombres,Con discapacidad,Baja California,18-29,5171.0,9339.0,9.0,,ENADIS (INEGI),Personas de 18 años o más,enadis
trabajo,Población ocupada,2022,Hombres,Con discapacidad,Baja California,30-44,5382.0,10924.0,11.0,,ENADIS (INEGI),Personas de 18 años o más,enadis
trabajo,Población ocupada,2022,Hombres,Con discapacidad,Baja California,45-59,8049.0,12406.0,13.0,,ENADIS (INEGI),Personas de 18 años o más,enadis
trabajo,Población ocupada,2022,Hombres,Con discapacidad,Baja California,60+,5959.0,31008.0,26.0,,ENADIS (INEGI),Personas de 18 años o más,enadis
trabajo,Población ocupada,2022,Hombres,Con discapacidad,Baja California Sur,18-29,200.0,1084.0,5.0,,ENADIS (INEGI),Personas de 18 años o más,enadis
trabajo,Población ocupada,2022,Hombres,Con discapacidad,Baja California Sur,30-44,485.0,1610.0,7.0,,ENADIS (INEGI),Personas de 18 años o más,enadis
trabajo,Población ocupada,2022,Hombres,Con discapacidad,Baja California Sur,45-59,1513.0,3040.0,12.0,,ENADIS (INEGI),Personas de 18 años o más,enadis
trabajo,Población ocupada,2022,Hombres,Con discapacidad,Baja California Sur,60+,1121.0,7933.0,31.0,,ENADIS (INEGI),Personas de 18 años o más,enadis
trabajo,Población ocupada,2022,Hombres,Con discapacidad,Campeche,18-29,572.0,1660.0,6.0,,ENADIS (INEGI),Personas de 18 años o más,enadis
trabajo,Población ocupada,2022,Hombres,Con discapacidad,Campeche,30-44,1636.0,3254.0,14.0,,ENADIS (INEGI),Personas de 18 años o más,enadis
trabajo,Población ocupada,2022,Hombres,Con discapacidad,Campeche,45-59,4646.0,7278.0,29.0,,ENADIS (INEGI),Personas de 18 años o más,enadis
trabajo,Población ocupada,2022,Hombres,Con discapacidad,Campeche,60+,3863.0,13704.0,59.0,,ENADIS (INEGI),Personas de 18 años o más,enadis
trabajo,Población ocupada,2022,Hombres,Con discapacidad,Chiapas,18-29,1515.0,10498.0,8.0,,ENADIS (INEGI),Personas de 18 años o más,enadis
trabajo,Población ocupada,2022,Hombres,Con discapacidad,Chiapas,30-44,11259.0,17185.0,14.0,,ENADIS (INEGI),Personas de 18 años o más,enadis
trabajo,Población ocupada,2022,Hombres,Con discapacidad,Chiapas,45-59,3484.0,8360.0,7.0,,ENADIS (INEGI),Personas de 18 años o más,enadis
trabajo,Población ocupada,2022,Hombres,Con discapacidad,Chiapas,60+,18163.0,59622.0,56.0,,ENADIS (INEGI),Personas de 18 años o más,enadis
trabajo,Población ocupada,2022,Hombres,Con discapacidad,Chihuahua,18-29,1051.0,3015.0,3.0,,ENADIS (INEGI),Personas de 18 años o más,enadis
trabajo,Población ocupada,2022,Hombres,Con discapacidad,Chihuahua,30-44,5749.0,11165.0,11.0,,ENADIS (INEGI),Personas de 18 años o más,enadis
trabajo,Población ocupada,2022,Hombres,Con discapacidad,Chihuahua,45-59,10278.0,21171.0,21.0,,ENADIS (INEGI),Personas de 18 años o más,enadis
trabajo,Población ocupada,2022,Hombres,Con discapacidad,Chihuahua,60+,14309.0,61113.0,58.0,,ENADIS (INEGI),Personas de 18 años o más,enadis
trabajo,Población ocupada,2022,Hombres,Con discapacidad,Ciudad de México,18-29,6037.0,35485.0,12.0,,ENADIS (INEGI),Personas de 18 años o más,enadis
trabajo,Población ocupada,2022,Hombres,Con discapacidad,Ciudad de México,30-44,13563.0,37160.0,15.0,,ENADIS (INEGI),Personas de 18 años o más,enadis
trabajo,Población ocupada,2022,Hombres,Con discapacidad,Ciudad de México,45-59,27778.0,48420.0,19.0,,ENADIS (INEGI),Personas de 18 años o más,enadis
trabajo,Población ocupada,2022,Hombres,Con discapacidad,Ciudad de México,60+,22924.0,100434.0,34.0,,ENADIS (INEGI),Personas de 18 años o más,enadis
trabajo,Población ocupada,2022,Hombres,Con discapacidad,Coahuila,18-29,1673.0,3469.0,4.0,,ENADIS (INEGI),Personas de 18 años o más,enadis
trabajo,Población ocupada,2022,Hombres,Con discapacidad,Coahuila,30-44,1858.0,3925.0,4.0,,ENADIS (INEGI),Personas de 18 años o más,enadis
trabajo,Población ocupada,2022,Hombres,Con discapacidad,Coahuila,45-59,9674.0,18327.0,23.0,,ENADIS (INEGI),Personas de 18 años o más,enadis
trabajo,Población ocupada,2022,Hombres,Con discapacidad,Coahuila,60+,2467.0,31651.0,37.0,,ENADIS (INEGI),Personas de 18 años o más,enadis
trabajo,Población ocupada,2022,Hombres,Con discapacidad,Colima,18-29,645.0,1928.0,8.0,,ENADIS (INEGI),Personas de 18 años o más,enadis
trabajo,Población ocupada,2022,Hombres,Con discapacidad,Colima,30-44,909.0,2375.0,10.0,,ENADIS (INEGI),Personas de 18 años o más,enadis
trabajo,Población ocupada,2022,Hombres,Con discapacidad,Colima,45-59,2404.0,4508.0,20.0,,ENADIS (INEGI),Personas de 18 años o más,enadis
trabajo,Población ocupada,2022,Hombres,Con discapacidad,Colima,60+,3122.0,9628.0,39.0,,ENADIS (INEGI),Personas de 18 años o más,enadis
trabajo,Población ocupada,2022,Hombres,Con discapacidad,Durango,18-29,650.0,2299.0,6.0,,ENADIS (INEGI),Personas de 18 años o más,enadis
trabajo,Población ocupada,2022,Hombres,Con discapacidad,Durango,30-44,1648.0,4079.0,9.0,,ENADIS (INEGI),Personas de 18 años o más,enadis
trabajo,Población ocupada,2022,Hombres,Con discapacidad,Durango,45-59,9821.0,12527.0,27.0,,ENADIS (INEGI),Personas de 18 años o más,enadis
trabajo,Población ocupada,2022,Hombres,Con discapacidad,Durango,60+,8227.0,28950.0,71.0,,ENADIS (INEGI),Personas de 18 años o más,enadis
trabajo,Población ocupada,2022,Hombres,Con discapacidad,Guanajuato,18-29,5890.0,12298.0,9.0,,ENADIS (INEGI),Personas de 18 años o más,enadis
trabajo,Población ocupada,2022,Hombres,Con discapacidad,Guanajuato,30-44,6646.0,17943.0,13.0,,ENADIS (INEGI),Personas de 18 años o más,enadis
trabajo,Población ocupada,2022,Hombres,Con discapacidad,Guanajuato,45-59,11397.0,24825.0,16.0,,ENADIS (INEGI),Personas de 18 años o más,enadis
trabajo,Población ocupada,2022,Hombres,Con discapacidad,Guanajuato,60+,9374.0,47671.0,31.0,,ENADIS (INEGI),Personas de 18 años o más,enadis
trabajo,Población ocupada,2022,Hombres,Con discapacidad,Guerrero,18-29,7895.0,14727.0,16.0,,ENADIS (INEGI),Personas de 18 años o más,enadis
trabajo,Población ocupada,2022,Hombres,Con discapacidad,Guerrero,30-44,2794.0,10911.0,13.0,,ENADIS (INEGI),Personas de 18 años o más,enadis
trabajo,Población ocupada,2022,Hombres,Con discapacidad,Guerrero,45-59,4528.0,12131.0,16.0,,ENADIS (INEGI),Personas de 18 años o más,enadis
trabajo,Población ocupada,2022,Hombres,Con discapacidad,Guerrero,60+,19381.0,53021.0,63.0,,ENADIS (INEGI),Personas de 18 años o más,enadis
trabajo,Población ocupada,2022,Hombres,Con discapacidad,Hidalgo,18-29,1716.0,4147.0,5.0,,ENADIS (INEGI),Personas de 18 años o más,enadis
trabajo,Población ocupada,2022,Hombres,Con discapacidad,Hidalgo,30-44,1499.0,4445.0,7.0,,ENADIS (INEGI),Personas de 18 años o más,enadis
trabajo,Población ocupada,2022,Hombres,Con discapacidad,Hidalgo,45-59,8897.0,16957.0,21.0,,ENADIS (INEGI),Personas de 18 años o más,enadis
trabajo,Población ocupada,2022,Hombres,Con discapacidad,Hidalgo,60+,6877.0,41071.0,50.0,,ENADIS (INEGI),Personas de 18 años o más,enadis
trabajo,Población ocupada,2022,Hombres,Con discapacidad,Jalisco,18-29,7297.0,12961.0,6.0,,ENADIS (INEGI),Personas de 18 años o más,enadis
trabajo,Población ocupada,2022,Hombres,Con discapacidad,Jalisco,30-44,6703.0,15704.0,7.0,,ENADIS (INEGI),Personas de 18 años o más,enadis
trabajo,Población ocupada,2022,Hombres,Con discapacidad,Jalisco,45-59,8898.0,21691.0,10.0,,ENADIS (INEGI),Personas de 18 años o más,enadis
trabajo,Población ocupada,2022,Hombres,Con discapacidad,Jalisco,60+,10027.0,93394.0,41.0,,ENADIS (INEGI),Personas de 18 años o más,enadis
trabajo,Población ocupada,2022,Hombres,Con discapacidad,Michoacán,18-29,2165.0,10021.0,9.0,,ENADIS (INEGI),Personas de 18 años o más,enadis
trabajo,Población ocupada,2022,Hombres,Con discapacidad,Michoacán,30-44,4582.0,10999.0,11.0,,ENADIS (INEGI),Personas de 18 años o más,enadis
trabajo,Población ocupada,2022,Hombres,Con discapacidad,Michoacán,45-59,12519.0,19517.0,19.0,,ENADIS (INEGI),Personas de 18 años o más,enadis
trabajo,Población ocupada,2022,Hombres,Con discapacidad,Michoacán,60+,15297.0,50265.0,37.0,,ENADIS (INEGI),Personas de 18 años o más,enadis
trabajo,Población ocupada,2022,Hombres,Con discapacidad,Morelos,18-29,1484.0,5393.0,9.0,,ENADIS (INEGI),Personas de 18 años o más,enadis
trabajo,Población ocupada,2022,Hombres,Con discapacidad,Morelos,30-44,2829.0,5235.0,12.0,,ENADIS (INEGI),Personas de 18 años o más,enadis
trabajo,Población ocupada,2022,Hombres,Con discapacidad,Morelos,45-59,1557.0,11815.0,20.0,,ENADIS (INEGI),Personas de 18 años o más,enadis
trabajo,Población ocupada,2022,Hombres,Con discapacidad,Morelos,60+,2836.0,23246.0,39.0,,ENADIS (INEGI),Personas de 18 años o más,enadis
trabajo,Población ocupada,2022,Hombres,Con discapacidad,México,18-29,34951.0,61058.0,10.0,,ENADIS (INEGI),Personas de 18 años o más,enadis
trabajo,Población ocupada,2022,Hombres,Con discapacidad,México,30-44,9732.0,27462.0,7.0,,ENADIS (INEGI),Personas de 18 años o más,enadis
trabajo,Población ocupada,2022,Hombres,Con discapacidad,México,45-59,17675.0,62932.0,16.0,,ENADIS (INEGI),Personas de 18 años o más,enadis
trabajo,Población ocupada,2022,Hombres,Con discapacidad,México,60+,21049.0,146265.0,39.0,,ENADIS (INEGI),Personas de 18 años o más,enadis
trabajo,Población ocupada,2022,Hombres,Con discapacidad,Nayarit,18-29,0.0,2974.0,10.0,,ENADIS (INEGI),Personas de 18 años o más,enadis
trabajo,Población ocupada,2022,Hombres,Con discapacidad,Nayarit,30-44,865.0,1806.0,7.0,,ENADIS (INEGI),Personas de 18 años o más,enadis
trabajo,Población ocupada,2022,Hombres,Con discapacidad,Nayarit,45-59,3399.0,5918.0,17.0,,ENADIS (INEGI),Personas de 18 años o más,enadis
trabajo,Población ocupada,2022,Hombres,Con discapacidad,Nayarit,60+,4644.0,12207.0,37.0,,ENADIS (INEGI),Personas de 18 años o más,enadis
trabajo,Población ocupada,2022,Hombres,Con discapacidad,Nuevo León,18-29,4109.0,6997.0,5.0,,ENADIS (INEGI),Personas de 18 años o más,enadis
trabajo,Población ocupada,2022,Hombres,Con discapacidad,Nuevo León,30-44,7753.0,11243.0,7.0,,ENADIS (INEGI),Personas de 18 años o más,enadis
trabajo,Población ocupada,2022,Hombres,Con discapacidad,Nuevo León,45-59,14959.0,23701.0,15.0,,ENADIS (INEGI),Personas de 18 años o más,enadis
trabajo,Población ocupada,2022,Hombres,Con discapacidad,Nuevo León,60+,6723.0,83758.0,51.0,,ENADIS (INEGI),Personas de 18 años o más,enadis
trabajo,Población ocupada,2022,Hombres,Con discapacidad,Oaxaca,18-29,2485.0,7274.0,8.0,,ENADIS (INEGI),Personas de 18 años o más,enadis
trabajo,Población ocupada,2022,Hombres,Con discapacidad,Oaxaca,30-44,7838.0,15590.0,13.0,,ENADIS (INEGI),Personas de 18 años o más,enadis
trabajo,Población ocupada,2022,Hombres,Con discapacidad,Oaxaca,45-59,10404.0,22202.0,19.0,,ENADIS (INEGI),Personas de 18 años o más,enadis
trabajo,Población ocupada,2022,Hombres,Con discapacidad,Oaxaca,60+,21828.0,71987.0,64.0,,ENADIS (INEGI),Personas de 18 años o más,enadis
trabajo,Población ocupada,2022,Hombres,Con discapacidad,Puebla,18-29,1103.0,4030.0,3.0,,ENADIS (INEGI),Personas de 18 años o más,enadis
trabajo,Población ocupada,2022,Hombres,Con discapacidad,Puebla,30-44,2887.0,8746.0,6.0,,ENADIS (INEGI),Personas de 18 años o más,enadis
trabajo,Población ocupada,2022,Hombres,Con discapacidad,Puebla,45-59,9762.0,14982.0,11.0,,ENADIS (INEGI),Personas de 18 años o más,enadis
trabajo,Población ocupada,2022,Hombres,Con discapacidad,Puebla,60+,20918.0,94876.0,48.0,,ENADIS (INEGI),Personas de 18 años o más,enadis
trabajo,Población ocupada,2022,Hombres,Con discapacidad,Querétaro,18-29,2816.0,4098.0,7.0,,ENADIS (INEGI),Personas de 18 años o más,enadis
trabajo,Población ocupada,2022,Hombres,Con discapacidad,Querétaro,30-44,2885.0,4712.0,8.0,,ENADIS (INEGI),Personas de 18 años o más,enadis
trabajo,Población ocupada,2022,Hombres,Con discapacidad,Querétaro,45-59,5164.0,9139.0,14.0,,ENADIS (INEGI),Personas de 18 años o más,enadis
trabajo,Población ocupada,2022,Hombres,Con discapacidad,Querétaro,60+,4134.0,28703.0,39.0,,ENADIS (INEGI),Personas de 18 años o más,enadis
trabajo,Población ocupada,2022,Hombres,Con discapacidad,Quintana Roo,18-29,547.0,3947.0,7.0,,ENADIS (INEGI),Personas de 18 años o más,enadis
trabajo,Población ocupada,2022,Hombres,Con discapacidad,Quintana Roo,30-44,1727.0,3315.0,7.0,,ENADIS (INEGI),Personas de 18 años o más,enadis
trabajo,Población ocupada,2022,Hombres,Con discapacidad,Quintana Roo,45-59,3257.0,5067.0,10.0,,ENADIS (INEGI),Personas de 18 años o más,enadis
trabajo,Población ocupada,2022,Hombres,Con discapacidad,Quintana Roo,60+,6227.0,18104.0,33.0,,ENADIS (INEGI),Personas de 18 años o más,enadis
trabajo,Población ocupada,2022,Hombres,Con discapacidad,San Luis Potosí,18-29,2709.0,4808.0,8.0,,ENADIS (INEGI),Personas de 18 años o más,enadis
trabajo,Población ocupada,2022,Hombres,Con discapacidad,San Luis Potosí,30-44,2479.0,7319.0,11.0,,ENADIS (INEGI),Personas de 18 años o más,enadis
trabajo,Población ocupada,2022,Hombres,Con discapacidad,San Luis Potosí,45-59,6870.0,15055.0,23.0,,ENADIS (INEGI),Personas de 18 años o más,enadis
trabajo,Población ocupada,2022,Hombres,Con discapacidad,San Luis Potosí,60+,8561.0,33718.0,42.0,,ENADIS (INEGI),Personas de 18 años o más,enadis
trabajo,Población ocupada,2022,Hombres,Con discapacidad,Sinaloa,18-29,925.0,9550.0,11.0,,ENADIS (INEGI),Personas de 18 años o más,enadis
trabajo,Población ocupada,2022,Hombres,Con discapacidad,Sinaloa,30-44,2364.0,8725.0,11.0,,ENADIS (INEGI),Personas de 18 años o más,enadis
trabajo,Población ocupada,2022,Hombres,Con discapacidad,Sinaloa,45-59,8752.0,17041.0,21.0,,ENADIS (INEGI),Personas de 18 años o más,enadis
trabajo,Población ocupada,2022,Hombres,Con discapacidad,Sinaloa,60+,6053.0,43942.0,63.0,,ENADIS (INEGI),Personas de 18 años o más,enadis
trabajo,Población ocupada,2022,Hombres,Con discapacidad,Sonora,18-29,746.0,5770.0,7.0,,ENADIS (INEGI),Personas de 18 años o más,enadis
trabajo,Población ocupada,2022,Hombres,Con discapacidad,Sonora,30-44,3187.0,5812.0,6.0,,ENADIS (INEGI),Personas de 18 años o más,enadis
trabajo,Población ocupada,2022,Hombres,Con discapacidad,Sonora,45-59,10366.0,19553.0,26.0,,ENADIS (INEGI),Personas de 18 años o más,enadis
trabajo,Población ocupada,2022,Hombres,Con discapacidad,Sonora,60+,1373.0,29242.0,38.0,,ENADIS (INEGI),Personas de 18 años o más,enadis
trabajo,Población ocupada,2022,Hombres,Con discapacidad,Tabasco,18-29,2533.0,4723.0,7.0,,ENADIS (INEGI),Personas de 18 años o más,enadis
trabajo,Población ocupada,2022,Hombres,Con discapacidad,Tabasco,30-44,2000.0,7535.0,12.0,,ENADIS (INEGI),Personas de 18 años o más,enadis
trabajo,Población ocupada,2022,Hombres,Con discapacidad,Tabasco,45-59,7825.0,13690.0,22.0,,ENADIS (INEGI),Personas de 18 años o más,enadis
trabajo,Población ocupada,2022,Hombres,Con discapacidad,Tabasco,60+,7134.0,38719.0,56.0,,ENADIS (INEGI),Personas de 18 años o más,enadis
trabajo,Población ocupada,2022,Hombres,Con discapacidad,Tamaulipas,18-29,1869.0,11042.0,9.0,,ENADIS (INEGI),Personas de 18 años o más,enadis
trabajo,Población ocupada,2022,Hombres,Con discapacidad,Tamaulipas,30-44,1984.0,5823.0,7.0,,ENADIS (INEGI),Personas de 18 años o más,enadis
trabajo,Población ocupada,2022,Hombres,Con discapacidad,Tamaulipas,45-59,1959.0,12405.0,12.0,,ENADIS (INEGI),Personas de 18 años o más,enadis
trabajo,Población ocupada,2022,Hombres,Con discapacidad,Tamaulipas,60+,14725.0,49325.0,42.0,,ENADIS (INEGI),Personas de 18 años o más,enadis
trabajo,Población ocupada,2022,Hombres,Con discapacidad,Tlaxcala,18-29,1376.0,2220.0,8.0,,ENADIS (INEGI),Personas de 18 años o más,enadis
trabajo,Población ocupada,2022,Hombres,Con discapacidad,Tlaxcala,30-44,2716.0,4313.0,12.0,,ENADIS (INEGI),Personas de 18 años o más,enadis
trabajo,Población ocupada,2022,Hombres,Con discapacidad,Tlaxcala,45-59,2880.0,3326.0,10.0,,ENADIS (INEGI),Personas de 18 años o más,enadis
trabajo,Población ocupada,2022,Hombres,Con discapacidad,Tlaxcala,60+,2594.0,11966.0,37.0,,ENADIS (INEGI),Personas de 18 años o más,enadis
trabajo,Población ocupada,2022,Hombres,Con discapacidad,Veracruz,18-29,2321.0,15625.0,7.0,,ENADIS (INEGI),Personas de 18 años o más,enadis
trabajo,Población ocupada,2022,Hombres,Con discapacidad,Veracruz,30-44,11765.0,35306.0,16.0,,ENADIS (INEGI),Personas de 18 años o más,enadis
trabajo,Población ocupada,2022,Hombres,Con discapacidad,Veracruz,45-59,42053.0,58863.0,24.0,,ENADIS (INEGI),Personas de 18 años o más,enadis
trabajo,Población ocupada,2022,Hombres,Con discapacidad,Veracruz,60+,44770.0,136004.0,63.0,,ENADIS (INEGI),Personas de 18 años o más,enadis
trabajo,Población ocupada,2022,Hombres,Con discapacidad,Yucatán,18-29,3896.0,7997.0,15.0,,ENADIS (INEGI),Personas de 18 años o más,enadis
trabajo,Población ocupada,2022,Hombres,Con discapacidad,Yucatán,30-44,5390.0,11332.0,20.0,,ENADIS (INEGI),Personas de 18 años o más,enadis
trabajo,Población ocupada,2022,Hombres,Con discapacidad,Yucatán,45-59,9574.0,15273.0,30.0,,ENADIS (INEGI),Personas de 18 años o más,enadis
trabajo,Población ocupada,2022,Hombres,Con discapacidad,Yucatán,60+,6670.0,33496.0,54.0,,ENADIS (INEGI),Personas de 18 años o más,enadis
trabajo,Población ocupada,2022,Hombres,Con discapacidad,Zacatecas,18-29,1061.0,3478.0,8.0,,ENADIS (INEGI),Personas de 18 años o más,enadis
trabajo,Población ocupada,2022,Hombres,Con discapacidad,Zacatecas,30-44,1289.0,3389.0,8.0,,ENADIS (INEGI),Personas de 18 años o más,enadis
trabajo,Población ocupada,2022,Hombres,Con discapacidad,Zacatecas,45-59,6347.0,11643.0,29.0,,ENADIS (INEGI),Personas de 18 años o más,enadis
trabajo,Población ocupada,2022,Hombres,Con discapacidad,Zacatecas,60+,7384.0,28853.0,64.0,,ENADIS (INEGI),Personas de 18 años o más,enadis
trabajo,Población ocupada,2022,Hombres,Sin discapacidad,Aguascalientes,18-29,110972.0,143541.0,421.0,,ENADIS (INEGI),Personas de 18 años o más,enadis
trabajo,Población ocupada,2022,Hombres,Sin discapacidad,Aguascalientes,30-44,120536.0,127241.0,378.0,,ENADIS (INEGI),Personas de 18 años o más,enadis
trabajo,Población ocupada,2022,Hombres,Sin discapacidad,Aguascalientes,45-59,96757.0,104695.0,306.0,,ENADIS (INEGI),Personas de 18 años o más,enadis
trabajo,Población ocupada,2022,Hombres,Sin discapacidad,Aguascalientes,60+,33032.0,72777.0,192.0,,ENADIS (INEGI),Personas de 18 años o más,enadis
trabajo,Población ocupada,2022,Hombres,Sin discapacidad,Baja California,18-29,304643.0,397910.0,334.0,,ENADIS (INEGI),Personas de 18 años o más,enadis
trabajo,Población ocupada,2022,Hombres,Sin discapacidad,Baja California,30-44,383077.0,406863.0,381.0,,ENADIS (INEGI),Personas de 18 años o más,enadis
trabajo,Población ocupada,2022,Hombres,Sin discapacidad,Baja California,45-59,320898.0,340713.0,311.0,,ENADIS (INEGI),Personas de 18 años o más,enadis
trabajo,Población ocupada,2022,Hombres,Sin discapacidad,Baja California,60+,88537.0,183829.0,155.0,,ENADIS (INEGI),Personas de 18 años o más,enadis
trabajo,Población ocupada,2022,Hombres,Sin discapacidad,Baja California Sur,18-29,70977.0,85255.0,346.0,,ENADIS (INEGI),Personas de 18 años o más,enadis
trabajo,Población ocupada,2022,Hombres,Sin discapacidad,Baja California Sur,30-44,94456.0,98251.0,420.0,,ENADIS (INEGI),Personas de 18 años o más,enadis
trabajo,Población ocupada,2022,Hombres,Sin discapacidad,Baja California Sur,45-59,71040.0,75975.0,323.0,,ENADIS (INEGI),Personas de 18 años o más,enadis
trabajo,Población ocupada,2022,Hombres,Sin discapacidad,Baja California Sur,60+,14934.0,31191.0,138.0,,ENADIS (INEGI),Personas de 18 años o más,enadis
trabajo,Población ocupada,2022,Hombres,Sin discapacidad,Campeche,18-29,65535.0,86183.0,379.0,,ENADIS (INEGI),Personas de 18 años o más,enadis
trabajo,Población ocupada,2022,Hombres,Sin discapacidad,Campeche,30-44,85132.0,88786.0,422.0,,ENADIS (INEGI),Personas de 18 años o más,enadis
trabajo,Población ocupada,2022,Hombres,Sin discapacidad,Campeche,45-59,67687.0,71610.0,310.0,,ENADIS (INEGI),Personas de 18 años o más,enadis
trabajo,Población ocupada,2022,Hombres,Sin discapacidad,Campeche,60+,24569.0,39654.0,172.0,,ENADIS (INEGI),Personas de 18 años o más,enadis
trabajo,Población ocupada,2022,Hombres,Sin discapacidad,Chiapas,18-29,354160.0,435656.0,333.0,,ENADIS (INEGI),Personas de 18 años o más,enadis
trabajo,Población ocupada,2022,Hombres,Sin discapacidad,Chiapas,30-44,475369.0,498188.0,410.0,,ENADIS (INEGI),Personas de 18 años o más,enadis
trabajo,Población ocupada,2022,Hombres,Sin discapacidad,Chiapas,45-59,349125.0,373871.0,308.0,,ENADIS (INEGI),Personas de 18 años o más,enadis
trabajo,Población ocupada,2022,Hombres,Sin discapacidad,Chiapas,60+,153689.0,217441.0,198.0,,ENADIS (INEGI),Personas de 18 años o más,enadis
trabajo,Población ocupada,2022,Hombres,Sin discapacidad,Chihuahua,18-29,255039.0,346723.0,319.0,,ENADIS (INEGI),Personas de 18 años o más,enadis
trabajo,Población ocupada,2022,Hombres,Sin discapacidad,Chihuahua,30-44,344948.0,355905.0,357.0,,ENADIS (INEGI),Personas de 18 años o más,enadis
trabajo,Población ocupada,2022,Hombres,Sin discapacidad,Chihuahua,45-59,292203.0,317882.0,306.0,,ENADIS (INEGI),Personas de 18 años o más,enadis
trabajo,Población ocupada,2022,Hombres,Sin discapacidad,Chihuahua,60+,77971.0,176418.0,153.0,,ENADIS (INEGI),Personas de 18 años o más,enadis
trabajo,Población ocupada,2022,Hombres,Sin discapacidad,Ciudad de México,18-29,555903.0,872839.0,283.0,,ENADIS (INEGI),Personas de 18 años o más,enadis
trabajo,Población ocupada,2022,Hombres,Sin discapacidad,Ciudad de México,30-44,833213.0,887813.0,366.0,,ENADIS (INEGI),Personas de 18 años o más,enadis
trabajo,Población ocupada,2022,Hombres,Sin discapacidad,Ciudad de México,45-59,811808.0,893512.0,348.0,,ENADIS (INEGI),Personas de 18 años o más,enadis
trabajo,Población ocupada,2022,Hombres,Sin discapacidad,Ciudad de México,60+,294049.0,588859.0,196.0,,ENADIS (INEGI),Personas de 18 años o más,enadis
trabajo,Población ocupada,2022,Hombres,Sin discapacidad,Coahuila,18-29,225187.0,293750.0,314.0,,ENADIS (INEGI),Personas de 18 años o más,enadis
trabajo,Población ocupada,2022,Hombres,Sin discapacidad,Coahuila,30-44,317588.0,332105.0,398.0,,ENADIS (INEGI),Personas de 18 años o más,enadis
trabajo,Población ocupada,2022,Hombres,Sin discapacidad,Coahuila,45-59,231637.0,252670.0,303.0,,ENADIS (INEGI),Personas de 18 años o más,enadis
trabajo,Población ocupada,2022,Hombres,Sin discapacidad,Coahuila,60+,55500.0,164180.0,191.0,,ENADIS (INEGI),Personas de 18 años o más,enadis
trabajo,Población ocupada,2022,Hombres,Sin discapacidad,Colima,18-29,50088.0,63399.0,280.0,,ENADIS (INEGI),Personas de 18 años o más,enadis
trabajo,Población ocupada,2022,Hombres,Sin discapacidad,Colima,30-44,70004.0,74477.0,364.0,,ENADIS (INEGI),Personas de 18 años o más,enadis
trabajo,Población ocupada,2022,Hombres,Sin discapacidad,Colima,45-59,56593.0,60658.0,277.0,,ENADIS (INEGI),Personas de 18 años o más,enadis
trabajo,Población ocupada,2022,Hombres,Sin discapacidad,Colima,60+,16723.0,39124.0,172.0,,ENADIS (INEGI),Personas de 18 años o más,enadis
trabajo,Población ocupada,2022,Hombres,Sin discapacidad,Durango,18-29,126288.0,168156.0,366.0,,ENADIS (INEGI),Personas de 18 años o más,enadis
trabajo,Población ocupada,2022,Hombres,Sin discapacidad,Durango,30-44,144420.0,152686.0,341.0,,ENADIS (INEGI),Personas de 18 años o más,enadis
trabajo,Población ocupada,2022,Hombres,Sin discapacidad,Durango,45-59,130992.0,139199.0,293.0,,ENADIS (INEGI),Personas de 18 años o más,enadis
trabajo,Población ocupada,2022,Hombres,Sin discapacidad,Durango,60+,40937.0,81985.0,185.0,,ENADIS (INEGI),Personas de 18 años o más,enadis
trabajo,Población ocupada,2022,Hombres,Sin discapacidad,Guanajuato,18-29,434812.0,549265.0,405.0,,ENADIS (INEGI),Personas de 18 años o más,enadis
trabajo,Población ocupada,2022,Hombres,Sin discapacidad,Guanajuato,30-44,513544.0,546407.0,406.0,,ENADIS (INEGI),Personas de 18 años o más,enadis
trabajo,Población ocupada,2022,Hombres,Sin discapacidad,Guanajuato,45-59,449704.0,485555.0,356.0,,ENADIS (INEGI),Personas de 18 años o más,enadis
trabajo,Población ocupada,2022,Hombres,Sin discapacidad,Guanajuato,60+,181947.0,332878.0,190.0,,ENADIS (INEGI),Personas de 18 años o más,enadis
trabajo,Población ocupada,2022,Hombres,Sin discapacidad,Guerrero,18-29,217269.0,270701.0,336.0,,ENADIS (INEGI),Personas de 18 años o más,enadis
trabajo,Población ocupada,2022,Hombres,Sin discapacidad,Guerrero,30-44,270762.0,281363.0,361.0,,ENADIS (INEGI),Personas de 18 años o más,enadis
trabajo,Población ocupada,2022,Hombres,Sin discapacidad,Guerrero,45-59,214583.0,233071.0,293.0,,ENADIS (INEGI),Personas de 18 años o más,enadis
trabajo,Población ocupada,2022,Hombres,Sin discapacidad,Guerrero,60+,126942.0,195332.0,230.0,,ENADIS (INEGI),Personas de 18 años o más,enadis
trabajo,Población ocupada,2022,Hombres,Sin discapacidad,Hidalgo,18-29,170694.0,247402.0,312.0,,ENADIS (INEGI),Personas de 18 años o más,enadis
trabajo,Población ocupada,2022,Hombres,Sin discapacidad,Hidalgo,30-44,278009.0,298424.0,397.0,,ENADIS (INEGI),Personas de 18 años o más,enadis
trabajo,Población ocupada,2022,Hombres,Sin discapacidad,Hidalgo,45-59,214938.0,240503.0,318.0,,ENADIS (INEGI),Personas de 18 años o más,enadis
trabajo,Población ocupada,2022,Hombres,Sin discapacidad,Hidalgo,60+,90285.0,176491.0,214.0,,ENADIS (INEGI),Personas de 18 años o más,enadis
trabajo,Población ocupada,2022,Hombres,Sin discapacidad,Jalisco,18-29,605594.0,785683.0,358.0,,ENADIS (INEGI),Personas de 18 años o más,enadis
trabajo,Población ocupada,2022,Hombres,Sin discapacidad,Jalisco,30-44,814510.0,845764.0,419.0,,ENADIS (INEGI),Personas de 18 años o más,enadis
trabajo,Población ocupada,2022,Hombres,Sin discapacidad,Jalisco,45-59,565701.0,624464.0,299.0,,ENADIS (INEGI),Personas de 18 años o más,enadis
trabajo,Población ocupada,2022,Hombres,Sin discapacidad,Jalisco,60+,198167.0,468921.0,207.0,,ENADIS (INEGI),Personas de 18 años o más,enadis
trabajo,Población ocupada,2022,Hombres,Sin discapacidad,Michoacán,18-29,303587.0,385819.0,314.0,,ENADIS (INEGI),Personas de 18 años o más,enadis
trabajo,Población ocupada,2022,Hombres,Sin discapacidad,Michoacán,30-44,421807.0,441251.0,400.0,,ENADIS (INEGI),Personas de 18 años o más,enadis
trabajo,Población ocupada,2022,Hombres,Sin discapacidad,Michoacán,45-59,323897.0,363936.0,323.0,,ENADIS (INEGI),Personas de 18 años o más,enadis
trabajo,Población ocupada,2022,Hombres,Sin discapacidad,Michoacán,60+,154932.0,260147.0,202.0,,ENADIS (INEGI),Personas de 18 años o más,enadis
trabajo,Población ocupada,2022,Hombres,Sin discapacidad,Morelos,18-29,123001.0,172027.0,315.0,,ENADIS (INEGI),Personas de 18 años o más,enadis
trabajo,Población ocupada,2022,Hombres,Sin discapacidad,Morelos,30-44,169412.0,178975.0,367.0,,ENADIS (INEGI),Personas de 18 años o más,enadis
trabajo,Población ocupada,2022,Hombres,Sin discapacidad,Morelos,45-59,137114.0,147665.0,285.0,,ENADIS (INEGI),Personas de 18 años o más,enadis
trabajo,Población ocupada,2022,Hombres,Sin discapacidad,Morelos,60+,59924.0,113600.0,203.0,,ENADIS (INEGI),Personas de 18 años o más,enadis
trabajo,Población ocupada,2022,Hombres,Sin discapacidad,México,18-29,1197988.0,1788382.0,391.0,,ENADIS (INEGI),Personas de 18 años o más,enadis
trabajo,Población ocupada,2022,Hombres,Sin discapacidad,México,30-44,1465276.0,1576896.0,397.0,,ENADIS (INEGI),Personas de 18 años o más,enadis
trabajo,Población ocupada,2022,Hombres,Sin discapacidad,México,45-59,1391054.0,1500786.0,375.0,,ENADIS (INEGI),Personas de 18 años o más,enadis
trabajo,Población ocupada,2022,Hombres,Sin discapacidad,México,60+,369745.0,850439.0,212.0,,ENADIS (INEGI),Personas de 18 años o más,enadis
trabajo,Población ocupada,2022,Hombres,Sin discapacidad,Nayarit,18-29,87789.0,108360.0,374.0,,ENADIS (INEGI),Personas de 18 años o más,enadis
trabajo,Población ocupada,2022,Hombres,Sin discapacidad,Nayarit,30-44,103112.0,109917.0,346.0,,ENADIS (INEGI),Personas de 18 años o más,enadis
trabajo,Población ocupada,2022,Hombres,Sin discapacidad,Nayarit,45-59,96872.0,106442.0,326.0,,ENADIS (INEGI),Personas de 18 años o más,enadis
trabajo,Población ocupada,2022,Hombres,Sin discapacidad,Nayarit,60+,42223.0,76493.0,232.0,,ENADIS (INEGI),Personas de 18 años o más,enadis
trabajo,Población ocupada,2022,Hombres,Sin discapacidad,Nuevo León,18-29,475231.0,585970.0,383.0,,ENADIS (INEGI),Personas de 18 años o más,enadis
trabajo,Población ocupada,2022,Hombres,Sin discapacidad,Nuevo León,30-44,520862.0,544768.0,369.0,,ENADIS (INEGI),Personas de 18 años o más,enadis
trabajo,Población ocupada,2022,Hombres,Sin discapacidad,Nuevo León,45-59,515846.0,545192.0,368.0,,ENADIS (INEGI),Personas de 18 años o más,enadis
trabajo,Población ocupada,2022,Hombres,Sin discapacidad,Nuevo León,60+,116927.0,301977.0,173.0,,ENADIS (INEGI),Personas de 18 años o más,enadis
trabajo,Población ocupada,2022,Hombres,Sin discapacidad,Oaxaca,18-29,217158.0,286271.0,329.0,,ENADIS (INEGI),Personas de 18 años o más,enadis
trabajo,Población ocupada,2022,Hombres,Sin discapacidad,Oaxaca,30-44,355010.0,383555.0,388.0,,ENADIS (INEGI),Personas de 18 años o más,enadis
trabajo,Población ocupada,2022,Hombres,Sin discapacidad,Oaxaca,45-59,274636.0,296531.0,299.0,,ENADIS (INEGI),Personas de 18 años o más,enadis
trabajo,Población ocupada,2022,Hombres,Sin discapacidad,Oaxaca,60+,159824.0,214818.0,208.0,,ENADIS (INEGI),Personas de 18 años o más,enadis
trabajo,Población ocupada,2022,Hombres,Sin discapacidad,Puebla,18-29,408806.0,592622.0,359.0,,ENADIS (INEGI),Personas de 18 años o más,enadis
trabajo,Población ocupada,2022,Hombres,Sin discapacidad,Puebla,30-44,580260.0,610471.0,413.0,,ENADIS (INEGI),Personas de 18 años o más,enadis
trabajo,Población ocupada,2022,Hombres,Sin discapacidad,Puebla,45-59,450912.0,487602.0,327.0,,ENADIS (INEGI),Personas de 18 años o más,enadis
trabajo,Población ocupada,2022,Hombres,Sin discapacidad,Puebla,60+,203527.0,305908.0,156.0,,ENADIS (INEGI),Personas de 18 años o más,enadis
trabajo,Población ocupada,2022,Hombres,Sin discapacidad,Querétaro,18-29,200274.0,257283.0,378.0,,ENADIS (INEGI),Personas de 18 años o más,enadis
trabajo,Población ocupada,2022,Hombres,Sin discapacidad,Querétaro,30-44,209984.0,226226.0,367.0,,ENADIS (INEGI),Personas de 18 años o más,enadis
trabajo,Población ocupada,2022,Hombres,Sin discapacidad,Querétaro,45-59,173983.0,191408.0,307.0,,ENADIS (INEGI),Personas de 18 años o más,enadis
trabajo,Población ocupada,2022,Hombres,Sin discapacidad,Querétaro,60+,70726.0,123563.0,162.0,,ENADIS (INEGI),Personas de 18 años o más,enadis
trabajo,Población ocupada,2022,Hombres,Sin discapacidad,Quintana Roo,18-29,149721.0,195177.0,362.0,,ENADIS (INEGI),Personas de 18 años o más,enadis
trabajo,Población ocupada,2022,Hombres,Sin discapacidad,Quintana Roo,30-44,214882.0,225740.0,433.0,,ENADIS (INEGI),Personas de 18 años o más,enadis
trabajo,Población ocupada,2022,Hombres,Sin discapacidad,Quintana Roo,45-59,148538.0,161812.0,300.0,,ENADIS (INEGI),Personas de 18 años o más,enadis
trabajo,Población ocupada,2022,Hombres,Sin discapacidad,Quintana Roo,60+,43633.0,73403.0,150.0,,ENADIS (INEGI),Personas de 18 años o más,enadis
trabajo,Población ocupada,2022,Hombres,Sin discapacidad,San Luis Potosí,18-29,192899.0,248059.0,359.0,,ENADIS (INEGI),Personas de 18 años o más,enadis
trabajo,Población ocupada,2022,Hombres,Sin discapacidad,San Luis Potosí,30-44,244292.0,258733.0,404.0,,ENADIS (INEGI),Personas de 18 años o más,enadis
trabajo,Población ocupada,2022,Hombres,Sin discapacidad,San Luis Potosí,45-59,204080.0,214358.0,333.0,,ENADIS (INEGI),Personas de 18 años o más,enadis
trabajo,Población ocupada,2022,Hombres,Sin discapacidad,San Luis Potosí,60+,91664.0,158184.0,195.0,,ENADIS (INEGI),Personas de 18 años o más,enadis
trabajo,Población ocupada,2022,Hombres,Sin discapacidad,Sinaloa,18-29,190793.0,269763.0,330.0,,ENADIS (INEGI),Personas de 18 años o más,enadis
trabajo,Población ocupada,2022,Hombres,Sin discapacidad,Sinaloa,30-44,265314.0,286047.0,381.0,,ENADIS (INEGI),Personas de 18 años o más,enadis
trabajo,Población ocupada,2022,Hombres,Sin discapacidad,Sinaloa,45-59,234818.0,264051.0,320.0,,ENADIS (INEGI),Personas de 18 años o más,enadis
trabajo,Población ocupada,2022,Hombres,Sin discapacidad,Sinaloa,60+,78202.0,175330.0,232.0,,ENADIS (INEGI),Personas de 18 años o más,enadis
trabajo,Población ocupada,2022,Hombres,Sin discapacidad,Sonora,18-29,206877.0,273116.0,336.0,,ENADIS (INEGI),Personas de 18 años o más,enadis
trabajo,Población ocupada,2022,Hombres,Sin discapacidad,Sonora,30-44,270657.0,288608.0,388.0,,ENADIS (INEGI),Personas de 18 años o más,enadis
trabajo,Población ocupada,2022,Hombres,Sin discapacidad,Sonora,45-59,226458.0,250141.0,324.0,,ENADIS (INEGI),Personas de 18 años o más,enadis
trabajo,Población ocupada,2022,Hombres,Sin discapacidad,Sonora,60+,77049.0,158491.0,207.0,,ENADIS (INEGI),Personas de 18 años o más,enadis
trabajo,Población ocupada,2022,Hombres,Sin discapacidad,Tabasco,18-29,145700.0,202761.0,323.0,,ENADIS (INEGI),Personas de 18 años o más,enadis
trabajo,Población ocupada,2022,Hombres,Sin discapacidad,Tabasco,30-44,222694.0,239449.0,424.0,,ENADIS (INEGI),Personas de 18 años o más,enadis
trabajo,Población ocupada,2022,Hombres,Sin discapacidad,Tabasco,45-59,156500.0,178490.0,308.0,,ENADIS (INEGI),Personas de 18 años o más,enadis
trabajo,Población ocupada,2022,Hombres,Sin discapacidad,Tabasco,60+,63134.0,103781.0,167.0,,ENADIS (INEGI),Personas de 18 años o más,enadis
trabajo,Población ocupada,2022,Hombres,Sin discapacidad,Tamaulipas,18-29,217535.0,300803.0,323.0,,ENADIS (INEGI),Personas de 18 años o más,enadis
trabajo,Población ocupada,2022,Hombres,Sin discapacidad,Tamaulipas,30-44,358994.0,373713.0,402.0,,ENADIS (INEGI),Personas de 18 años o más,enadis
trabajo,Población ocupada,2022,Hombres,Sin discapacidad,Tamaulipas,45-59,244624.0,264933.0,279.0,,ENADIS (INEGI),Personas de 18 años o más,enadis
trabajo,Población ocupada,2022,Hombres,Sin discapacidad,Tamaulipas,60+,99859.0,193125.0,170.0,,ENADIS (INEGI),Personas de 18 años o más,enadis
trabajo,Población ocupada,2022,Hombres,Sin discapacidad,Tlaxcala,18-29,89708.0,122124.0,406.0,,ENADIS (INEGI),Personas de 18 años o más,enadis
trabajo,Población ocupada,2022,Hombres,Sin discapacidad,Tlaxcala,30-44,116781.0,126458.0,416.0,,ENADIS (INEGI),Personas de 18 años o más,enadis
trabajo,Población ocupada,2022,Hombres,Sin discapacidad,Tlaxcala,45-59,80303.0,90344.0,290.0,,ENADIS (INEGI),Personas de 18 años o más,enadis
trabajo,Población ocupada,2022,Hombres,Sin discapacidad,Tlaxcala,60+,33908.0,59336.0,177.0,,ENADIS (INEGI),Personas de 18 años o más,enadis
trabajo,Población ocupada,2022,Hombres,Sin discapacidad,Veracruz,18-29,509109.0,652458.0,271.0,,ENADIS (INEGI),Personas de 18 años o más,enadis
trabajo,Población ocupada,2022,Hombres,Sin discapacidad,Veracruz,30-44,658755.0,703289.0,306.0,,ENADIS (INEGI),Personas de 18 años o más,enadis
trabajo,Población ocupada,2022,Hombres,Sin discapacidad,Veracruz,45-59,548994.0,601989.0,262.0,,ENADIS (INEGI),Personas de 18 años o más,enadis
trabajo,Población ocupada,2022,Hombres,Sin discapacidad,Veracruz,60+,251630.0,437816.0,205.0,,ENADIS (INEGI),Personas de 18 años o más,enadis
trabajo,Población ocupada,2022,Hombres,Sin discapacidad,Yucatán,18-29,173836.0,212646.0,416.0,,ENADIS (INEGI),Personas de 18 años o más,enadis
trabajo,Población ocupada,2022,Hombres,Sin discapacidad,Yucatán,30-44,253127.0,257027.0,468.0,,ENADIS (INEGI),Personas de 18 años o más,enadis
trabajo,Población ocupada,2022,Hombres,Sin discapacidad,Yucatán,45-59,157105.0,163656.0,319.0,,ENADIS (INEGI),Personas de 18 años o más,enadis
trabajo,Población ocupada,2022,Hombres,Sin discapacidad,Yucatán,60+,75613.0,123031.0,191.0,,ENADIS (INEGI),Personas de 18 años o más,enadis
trabajo,Población ocupada,2022,Hombres,Sin discapacidad,Zacatecas,18-29,91299.0,123490.0,291.0,,ENADIS (INEGI),Personas de 18 años o más,enadis
trabajo,Población ocupada,2022,Hombres,Sin discapacidad,Zacatecas,30-44,123244.0,132677.0,356.0,,ENADIS (INEGI),Personas de 18 años o más,enadis
trabajo,Población ocupada,2022,Hombres,Sin discapacidad,Zacatecas,45-59,104668.0,113752.0,286.0,,ENADIS (INEGI),Personas de 18 años o más,enadis
trabajo,Población ocupada,2022,Hombres,Sin discapacidad,Zacatecas,60+,42107.0,73333.0,174.0,,ENADIS (INEGI),Personas de 18 años o más,enadis
trabajo,Población ocupada,2022,Mujeres,Con discapacidad,Aguascalientes,18-29,1122.0,3249.0,9.0,,ENADIS (INEGI),Personas de 18 años o más,enadis
trabajo,Población ocupada,2022,Mujeres,Con discapacidad,Aguascalientes,30-44,0.0,1530.0,4.0,,ENADIS (INEGI),Personas de 18 años o más,enadis
trabajo,Población ocupada,2022,Mujeres,Con discapacidad,Aguascalientes,45-59,2785.0,7857.0,24.0,,ENADIS (INEGI),Personas de 18 años o más,enadis
trabajo,Población ocupada,2022,Mujeres,Con discapacidad,Aguascalientes,60+,641.0,21361.0,58.0,,ENADIS (INEGI),Personas de 18 años o más,enadis
trabajo,Población ocupada,2022,Mujeres,Con discapacidad,Baja California,18-29,2728.0,10746.0,10.0,,ENADIS (INEGI),Personas de 18 años o más,enadis
trabajo,Población ocupada,2022,Mujeres,Con discapacidad,Baja California,30-44,4104.0,9520.0,10.0,,ENADIS (INEGI),Personas de 18 años o más,enadis
trabajo,Población ocupada,2022,Mujeres,Con discapacidad,Baja California,45-59,1970.0,17159.0,15.0,,ENADIS (INEGI),Personas de 18 años o más,enadis
trabajo,Población ocupada,2022,Mujeres,Con discapacidad,Baja California,60+,3328.0,49299.0,43.0,,ENADIS (INEGI),Personas de 18 años o más,enadis
trabajo,Población ocupada,2022,Mujeres,Con discapacidad,Baja California Sur,18-29,0.0,503.0,2.0,,ENADIS (INEGI),Personas de 18 años o más,enadis
trabajo,Población ocupada,2022,Mujeres,Con discapacidad,Baja California Sur,30-44,1645.0,2200.0,10.0,,ENADIS (INEGI),Personas de 18 años o más,enadis
trabajo,Población ocupada,2022,Mujeres,Con discapacidad,Baja California Sur,45-59,2610.0,5205.0,20.0,,ENADIS (INEGI),Personas de 18 años o más,enadis
trabajo,Población ocupada,2022,Mujeres,Con discapacidad,Baja California Sur,60+,0.0,8643.0,41.0,,ENADIS (INEGI),Personas de 18 años o más,enadis
trabajo,Población ocupada,2022,Mujeres,Con discapacidad,Campeche,18-29,511.0,2373.0,10.0,,ENADIS (INEGI),Personas de 18 años o más,enadis
trabajo,Población ocupada,2022,Mujeres,Con discapacidad,Campeche,30-44,1605.0,3704.0,18.0,,ENADIS (INEGI),Personas de 18 años o más,enadis
trabajo,Población ocupada,2022,Mujeres,Con discapacidad,Campeche,45-59,3298.0,8290.0,36.0,,ENADIS (INEGI),Personas de 18 años o más,enadis
trabajo,Población ocupada,2022,Mujeres,Con discapacidad,Campeche,60+,2796.0,18960.0,83.0,,ENADIS (INEGI),Personas de 18 años o más,enadis
trabajo,Población ocupada,2022,Mujeres,Con discapacidad,Chiapas,18-29,1398.0,3502.0,3.0,,ENADIS (INEGI),Personas de 18 años o más,enadis
trabajo,Población ocupada,2022,Mujeres,Con discapacidad,Chiapas,30-44,1854.0,12588.0,11.0,,ENADIS (INEGI),Personas de 18 años o más,enadis
trabajo,Población ocupada,2022,Mujeres,Con discapacidad,Chiapas,45-59,9179.0,26980.0,23.0,,ENADIS (INEGI),Personas de 18 años o más,enadis
trabajo,Población ocupada,2022,Mujeres,Con discapacidad,Chiapas,60+,4138.0,75580.0,72.0,,ENADIS (INEGI),Personas de 18 años o más,enadis
trabajo,Población ocupada,2022,Mujeres,Con discapacidad,Chihuahua,18-29,1823.0,7965.0,8.0,,ENADIS (INEGI),Personas de 18 años o más,enadis
trabajo,Población ocupada,2022,Mujeres,Con discapacidad,Chihuahua,30-44,4692.0,13556.0,12.0,,ENADIS (INEGI),Personas de 18 años o más,enadis
trabajo,Población ocupada,2022,Mujeres,Con discapacidad,Chihuahua,45-59,6217.0,17272.0,19.0,,ENADIS (INEGI),Personas de 18 años o más,enadis
trabajo,Población ocupada,2022,Mujeres,Con discapacidad,Chihuahua,60+,2375.0,60145.0,55.0,,ENADIS (INEGI),Personas de 18 años o más,enadis
trabajo,Población ocupada,2022,Mujeres,Con discapacidad,Ciudad de México,18-29,9840.0,16613.0,5.0,,ENADIS (INEGI),Personas de 18 años o más,enadis
trabajo,Población ocupada,2022,Mujeres,Con discapacidad,Ciudad de México,30-44,6462.0,22594.0,9.0,,ENADIS (INEGI),Personas de 18 años o más,enadis
trabajo,Población ocupada,2022,Mujeres,Con discapacidad,Ciudad de México,45-59,43793.0,61885.0,22.0,,ENADIS (INEGI),Personas de 18 años o más,enadis
trabajo,Población ocupada,2022,Mujeres,Con discapacidad,Ciudad de México,60+,10002.0,202220.0,68.0,,ENADIS (INEGI),Personas de 18 años o más,enadis
trabajo,Población ocupada,2022,Mujeres,Con discapacidad,Coahuila,30-44,0.0,7711.0,10.0,,ENADIS (INEGI),Personas de 18 años o más,enadis
trabajo,Población ocupada,2022,Mujeres,Con discapacidad,Coahuila,45-59,1488.0,5985.0,7.0,,ENADIS (INEGI),Personas de 18 años o más,enadis
trabajo,Población ocupada,2022,Mujeres,Con discapacidad,Coahuila,60+,2543.0,29286.0,36.0,,ENADIS (INEGI),Personas de 18 años o más,enadis
trabajo,Población ocupada,2022,Mujeres,Con discapacidad,Colima,18-29,442.0,1236.0,6.0,,ENADIS (INEGI),Personas de 18 años o más,enadis
trabajo,Población ocupada,2022,Mujeres,Con discapacidad,Colima,30-44,758.0,2186.0,10.0,,ENADIS (INEGI),Personas de 18 años o más,enadis
trabajo,Población ocupada,2022,Mujeres,Con discapacidad,Colima,45-59,1367.0,3871.0,19.0,,ENADIS (INEGI),Personas de 18 años o más,enadis
trabajo,Población ocupada,2022,Mujeres,Con discapacidad,Colima,60+,1500.0,12908.0,54.0,,ENADIS (INEGI),Personas de 18 años o más,enadis
trabajo,Población ocupada,2022,Mujeres,Con discapacidad,Durango,18-29,1023.0,3410.0,7.0,,ENADIS (INEGI),Personas de 18 años o más,enadis
trabajo,Población ocupada,2022,Mujeres,Con discapacidad,Durango,30-44,1192.0,3883.0,10.0,,ENADIS (INEGI),Personas de 18 años o más,enadis
trabajo,Población ocupada,2022,Mujeres,Con discapacidad,Durango,45-59,8646.0,15236.0,31.0,,ENADIS (INEGI),Personas de 18 años o más,enadis
trabajo,Población ocupada,2022,Mujeres,Con discapacidad,Durango,60+,4287.0,35332.0,82.0,,ENADIS (INEGI),Personas de 18 años o más,enadis
trabajo,Población ocupada,2022,Mujeres,Con discapacidad,Guanajuato,18-29,0.0,9247.0,6.0,,ENADIS (INEGI),Personas de 18 años o más,enadis
trabajo,Población ocupada,2022,Mujeres,Con discapacidad,Guanajuato,30-44,9699.0,29999.0,20.0,,ENADIS (INEGI),Personas de 18 años o más,enadis
trabajo,Población ocupada,2022,Mujeres,Con discapacidad,Guanajuato,45-59,6953.0,24100.0,16.0,,ENADIS (INEGI),Personas de 18 años o más,enadis
trabajo,Población ocupada,2022,Mujeres,Con discapacidad,Guanajuato,60+,12364.0,109653.0,70.0,,ENADIS (INEGI),Personas de 18 años o más,enadis
trabajo,Población ocupada,2022,Mujeres,Con discapacidad,Guerrero,18-29,3581.0,10787.0,13.0,,ENADIS (INEGI),Personas de 18 años o más,enadis
trabajo,Población ocupada,2022,Mujeres,Con discapacidad,Guerrero,30-44,6622.0,14347.0,17.0,,ENADIS (INEGI),Personas de 18 años o más,enadis
trabajo,Población ocupada,2022,Mujeres,Con discapacidad,Guerrero,45-59,4456.0,20267.0,25.0,,ENADIS (INEGI),Personas de 18 años o más,enadis
trabajo,Población ocupada,2022,Mujeres,Con discapacidad,Guerrero,60+,4154.0,60627.0,74.0,,ENADIS (INEGI),Personas de 18 años o más,enadis
trabajo,Población ocupada,2022,Mujeres,Con discapacidad,Hidalgo,18-29,0.0,2468.0,3.0,,ENADIS (INEGI),Personas de 18 años o más,enadis
trabajo,Población ocupada,2022,Mujeres,Con discapacidad,Hidalgo,30-44,466.0,7254.0,10.0,,ENADIS (INEGI),Personas de 18 años o más,enadis
trabajo,Población ocupada,2022,Mujeres,Con discapacidad,Hidalgo,45-59,4324.0,11080.0,15.0,,ENADIS (INEGI),Personas de 18 años o más,enadis
trabajo,Población ocupada,2022,Mujeres,Con discapacidad,Hidalgo,60+,6216.0,56553.0,68.0,,ENADIS (INEGI),Personas de 18 años o más,enadis
trabajo,Población ocupada,2022,Mujeres,Con discapacidad,Jalisco,18-29,2041.0,9536.0,6.0,,ENADIS (INEGI),Personas de 18 años o más,enadis
trabajo,Población ocupada,2022,Mujeres,Con discapacidad,Jalisco,30-44,8329.0,14820.0,8.0,,ENADIS (INEGI),Personas de 18 años o más,enadis
trabajo,Población ocupada,2022,Mujeres,Con discapacidad,Jalisco,45-59,12106.0,41876.0,21.0,,ENADIS (INEGI),Personas de 18 años o más,enadis
trabajo,Población ocupada,2022,Mujeres,Con discapacidad,Jalisco,60+,6962.0,116879.0,51.0,,ENADIS (INEGI),Personas de 18 años o más,enadis
trabajo,Población ocupada,2022,Mujeres,Con discapacidad,Michoacán,18-29,0.0,2818.0,3.0,,ENADIS (INEGI),Personas de 18 años o más,enadis
trabajo,Población ocupada,2022,Mujeres,Con discapacidad,Michoacán,30-44,3364.0,10098.0,9.0,,ENADIS (INEGI),Personas de 18 años o más,enadis
trabajo,Población ocupada,2022,Mujeres,Con discapacidad,Michoacán,45-59,3058.0,8810.0,8.0,,ENADIS (INEGI),Personas de 18 años o más,enadis
trabajo,Población ocupada,2022,Mujeres,Con discapacidad,Michoacán,60+,1935.0,71900.0,54.0,,ENADIS (INEGI),Personas de 18 años o más,enadis
trabajo,Población ocupada,2022,Mujeres,Con discapacidad,Morelos,18-29,903.0,4459.0,9.0,,ENADIS (INEGI),Personas de 18 años o más,enadis
trabajo,Población ocupada,2022,Mujeres,Con discapacidad,Morelos,30-44,4018.0,7425.0,15.0,,ENADIS (INEGI),Personas de 18 años o más,enadis
trabajo,Población ocupada,2022,Mujeres,Con discapacidad,Morelos,45-59,1618.0,8608.0,15.0,,ENADIS (INEGI),Personas de 18 años o más,enadis
trabajo,Población ocupada,2022,Mujeres,Con discapacidad,Morelos,60+,1416.0,35324.0,67.0,,ENADIS (INEGI),Personas de 18 años o más,enadis
trabajo,Población ocupada,2022,Mujeres,Con discapacidad,México,18-29,8377.0,15187.0,3.0,,ENADIS (INEGI),Personas de 18 años o más,enadis
trabajo,Población ocupada,2022,Mujeres,Con discapacidad,México,30-44,8310.0,22690.0,6.0,,ENADIS (INEGI),Personas de 18 años o más,enadis
trabajo,Población ocupada,2022,Mujeres,Con discapacidad,México,45-59,13427.0,55047.0,15.0,,ENADIS (INEGI),Personas de 18 años o más,enadis
trabajo,Población ocupada,2022,Mujeres,Con discapacidad,México,60+,2733.0,210555.0,51.0,,ENADIS (INEGI),Personas de 18 años o más,enadis
trabajo,Población ocupada,2022,Mujeres,Con discapacidad,Nayarit,18-29,303.0,303.0,1.0,,ENADIS (INEGI),Personas de 18 años o más,enadis
trabajo,Población ocupada,2022,Mujeres,Con discapacidad,Nayarit,30-44,747.0,1212.0,4.0,,ENADIS (INEGI),Personas de 18 años o más,enadis
trabajo,Población ocupada,2022,Mujeres,Con discapacidad,Nayarit,45-59,1584.0,6824.0,20.0,,ENADIS (INEGI),Personas de 18 años o más,enadis
trabajo,Población ocupada,2022,Mujeres,Con discapacidad,Nayarit,60+,2037.0,14013.0,43.0,,ENADIS (INEGI),Personas de 18 años o más,enadis
trabajo,Población ocupada,2022,Mujeres,Con discapacidad,Nuevo León,18-29,0.0,8472.0,5.0,,ENADIS (INEGI),Personas de 18 años o más,enadis
trabajo,Población ocupada,2022,Mujeres,Con discapacidad,Nuevo León,30-44,5701.0,13395.0,8.0,,ENADIS (INEGI),Personas de 18 años o más,enadis
trabajo,Población ocupada,2022,Mujeres,Con discapacidad,Nuevo León,45-59,15413.0,32849.0,22.0,,ENADIS (INEGI),Personas de 18 años o más,enadis
trabajo,Población ocupada,2022,Mujeres,Con discapacidad,Nuevo León,60+,5188.0,71831.0,42.0,,ENADIS (INEGI),Personas de 18 años o más,enadis
trabajo,Población ocupada,2022,Mujeres,Con discapacidad,Oaxaca,18-29,902.0,6384.0,7.0,,ENADIS (INEGI),Personas de 18 años o más,enadis
trabajo,Población ocupada,2022,Mujeres,Con discapacidad,Oaxaca,30-44,4426.0,16394.0,13.0,,ENADIS (INEGI),Personas de 18 años o más,enadis
trabajo,Población ocupada,2022,Mujeres,Con discapacidad,Oaxaca,45-59,8337.0,28773.0,27.0,,ENADIS (INEGI),Personas de 18 años o más,enadis
trabajo,Población ocupada,2022,Mujeres,Con discapacidad,Oaxaca,60+,11298.0,102116.0,90.0,,ENADIS (INEGI),Personas de 18 años o más,enadis
trabajo,Población ocupada,2022,Mujeres,Con discapacidad,Puebla,18-29,2797.0,14894.0,10.0,,ENADIS (INEGI),Personas de 18 años o más,enadis
trabajo,Población ocupada,2022,Mujeres,Con discapacidad,Puebla,30-44,5097.0,12262.0,8.0,,ENADIS (INEGI),Personas de 18 años o más,enadis
trabajo,Población ocupada,2022,Mujeres,Con discapacidad,Puebla,45-59,7855.0,23557.0,14.0,,ENADIS (INEGI),Personas de 18 años o más,enadis
trabajo,Población ocupada,2022,Mujeres,Con discapacidad,Puebla,60+,3625.0,94692.0,51.0,,ENADIS (INEGI),Personas de 18 años o más,enadis
trabajo,Población ocupada,2022,Mujeres,Con discapacidad,Querétaro,18-29,0.0,3486.0,7.0,,ENADIS (INEGI),Personas de 18 años o más,enadis
trabajo,Población ocupada,2022,Mujeres,Con discapacidad,Querétaro,30-44,2168.0,7712.0,11.0,,ENADIS (INEGI),Personas de 18 años o más,enadis
trabajo,Población ocupada,2022,Mujeres,Con discapacidad,Querétaro,45-59,4651.0,13607.0,21.0,,ENADIS (INEGI),Personas de 18 años o más,enadis
trabajo,Población ocupada,2022,Mujeres,Con discapacidad,Querétaro,60+,5244.0,43076.0,62.0,,ENADIS (INEGI),Personas de 18 años o más,enadis
trabajo,Población ocupada,2022,Mujeres,Con discapacidad,Quintana Roo,18-29,536.0,1928.0,3.0,,ENADIS (INEGI),Personas de 18 años o más,enadis
trabajo,Población ocupada,2022,Mujeres,Con discapacidad,Quintana Roo,30-44,856.0,3675.0,8.0,,ENADIS (INEGI),Personas de 18 años o más,enadis
trabajo,Población ocupada,2022,Mujeres,Con discapacidad,Quintana Roo,45-59,2182.0,7224.0,15.0,,ENADIS (INEGI),Personas de 18 años o más,enadis
trabajo,Población ocupada,2022,Mujeres,Con discapacidad,Quintana Roo,60+,3325.0,16648.0,35.0,,ENADIS (INEGI),Personas de 18 años o más,enadis
trabajo,Población ocupada,2022,Mujeres,Con discapacidad,San Luis Potosí,18-29,750.0,7268.0,12.0,,ENADIS (INEGI),Personas de 18 años o más,enadis
trabajo,Población ocupada,2022,Mujeres,Con discapacidad,San Luis Potosí,30-44,2148.0,6963.0,9.0,,ENADIS (INEGI),Personas de 18 años o más,enadis
trabajo,Población ocupada,2022,Mujeres,Con discapacidad,San Luis Potosí,45-59,4058.0,13458.0,22.0,,ENADIS (INEGI),Personas de 18 años o más,enadis
trabajo,Población ocupada,2022,Mujeres,Con discapacidad,San Luis Potosí,60+,3418.0,55562.0,69.0,,ENADIS (INEGI),Personas de 18 años o más,enadis
trabajo,Población ocupada,2022,Mujeres,Con discapacidad,Sinaloa,18-29,1153.0,2702.0,3.0,,ENADIS (INEGI),Personas de 18 años o más,enadis
trabajo,Población ocupada,2022,Mujeres,Con discapacidad,Sinaloa,30-44,2806.0,11576.0,14.0,,ENADIS (INEGI),Personas de 18 años o más,enadis
trabajo,Población ocupada,2022,Mujeres,Con discapacidad,Sinaloa,45-59,4052.0,17796.0,22.0,,ENADIS (INEGI),Personas de 18 años o más,enadis
trabajo,Población ocupada,2022,Mujeres,Con discapacidad,Sinaloa,60+,2747.0,55871.0,75.0,,ENADIS (INEGI),Personas de 18 años o más,enadis
trabajo,Población ocupada,2022,Mujeres,Con discapacidad,Sonora,18-29,3010.0,6432.0,9.0,,ENADIS (INEGI),Personas de 18 años o más,enadis
trabajo,Población ocupada,2022,Mujeres,Con discapacidad,Sonora,30-44,2015.0,4394.0,6.0,,ENADIS (INEGI),Personas de 18 años o más,enadis
trabajo,Población ocupada,2022,Mujeres,Con discapacidad,Sonora,45-59,5158.0,11724.0,16.0,,ENADIS (INEGI),Personas de 18 años o más,enadis
trabajo,Población ocupada,2022,Mujeres,Con discapacidad,Sonora,60+,1426.0,47580.0,67.0,,ENADIS (INEGI),Personas de 18 años o más,enadis
trabajo,Población ocupada,2022,Mujeres,Con discapacidad,Tabasco,18-29,0.0,5806.0,9.0,,ENADIS (INEGI),Personas de 18 años o más,enadis
trabajo,Población ocupada,2022,Mujeres,Con discapacidad,Tabasco,30-44,1190.0,7285.0,12.0,,ENADIS (INEGI),Personas de 18 años o más,enadis
trabajo,Población ocupada,2022,Mujeres,Con discapacidad,Tabasco,45-59,3510.0,16135.0,29.0,,ENADIS (INEGI),Personas de 18 años o más,enadis
trabajo,Población ocupada,2022,Mujeres,Con discapacidad,Tabasco,60+,2044.0,45721.0,74.0,,ENADIS (INEGI),Personas de 18 años o más,enadis
trabajo,Población ocupada,2022,Mujeres,Con discapacidad,Tamaulipas,18-29,953.0,4225.0,5.0,,ENADIS (INEGI),Personas de 18 años o más,enadis
trabajo,Población ocupada,2022,Mujeres,Con discapacidad,Tamaulipas,30-44,2977.0,7856.0,8.0,,ENADIS (INEGI),Personas de 18 años o más,enadis
trabajo,Población ocupada,2022,Mujeres,Con discapacidad,Tamaulipas,45-59,6364.0,22056.0,22.0,,ENADIS (INEGI),Personas de 18 años o más,enadis
trabajo,Población ocupada,2022,Mujeres,Con discapacidad,Tamaulipas,60+,1192.0,49252.0,42.0,,ENADIS (INEGI),Personas de 18 años o más,enadis
trabajo,Población ocupada,2022,Mujeres,Con discapacidad,Tlaxcala,18-29,0.0,2278.0,8.0,,ENADIS (INEGI),Personas de 18 años o más,enadis
trabajo,Población ocupada,2022,Mujeres,Con discapacidad,Tlaxcala,30-44,2017.0,4487.0,13.0,,ENADIS (INEGI),Personas de 18 años o más,enadis
trabajo,Población ocupada,2022,Mujeres,Con discapacidad,Tlaxcala,45-59,1000.0,4611.0,15.0,,ENADIS (INEGI),Personas de 18 años o más,enadis
trabajo,Población ocupada,2022,Mujeres,Con discapacidad,Tlaxcala,60+,1670.0,17258.0,53.0,,ENADIS (INEGI),Personas de 18 años o más,enadis
trabajo,Población ocupada,2022,Mujeres,Con discapacidad,Veracruz,18-29,0.0,6926.0,3.0,,ENADIS (INEGI),Personas de 18 años o más,enadis
trabajo,Población ocupada,2022,Mujeres,Con discapacidad,Veracruz,30-44,15964.0,40460.0,20.0,,ENADIS (INEGI),Personas de 18 años o más,enadis
trabajo,Población ocupada,2022,Mujeres,Con discapacidad,Veracruz,45-59,10789.0,46752.0,21.0,,ENADIS (INEGI),Personas de 18 años o más,enadis
trabajo,Población ocupada,2022,Mujeres,Con discapacidad,Veracruz,60+,2316.0,225530.0,101.0,,ENADIS (INEGI),Personas de 18 años o más,enadis
trabajo,Población ocupada,2022,Mujeres,Con discapacidad,Yucatán,18-29,0.0,4047.0,8.0,,ENADIS (INEGI),Personas de 18 años o más,enadis
trabajo,Población ocupada,2022,Mujeres,Con discapacidad,Yucatán,30-44,4559.0,7592.0,13.0,,ENADIS (INEGI),Personas de 18 años o más,enadis
trabajo,Población ocupada,2022,Mujeres,Con discapacidad,Yucatán,45-59,4184.0,16455.0,32.0,,ENADIS (INEGI),Personas de 18 años o más,enadis
trabajo,Población ocupada,2022,Mujeres,Con discapacidad,Yucatán,60+,1524.0,50172.0,81.0,,ENADIS (INEGI),Personas de 18 años o más,enadis
trabajo,Población ocupada,2022,Mujeres,Con discapacidad,Zacatecas,18-29,259.0,2215.0,5.0,,ENADIS (INEGI),Personas de 18 años o más,enadis
trabajo,Población ocupada,2022,Mujeres,Con discapacidad,Zacatecas,30-44,1139.0,5600.0,15.0,,ENADIS (INEGI),Personas de 18 años o más,enadis
trabajo,Población ocupada,2022,Mujeres,Con discapacidad,Zacatecas,45-59,3182.0,8848.0,22.0,,ENADIS (INEGI),Personas de 18 años o más,enadis
trabajo,Población ocupada,2022,Mujeres,Con discapacidad,Zacatecas,60+,397.0,30734.0,74.0,,ENADIS (INEGI),Personas de 18 años o más,enadis
trabajo,Población ocupada,2022,Mujeres,Sin discapacidad,Aguascalientes,18-29,81748.0,152044.0,461.0,,ENADIS (INEGI),Personas de 18 años o más,enadis
trabajo,Población ocupada,2022,Mujeres,Sin discapacidad,Aguascalientes,30-44,94570.0,156134.0,463.0,,ENADIS (INEGI),Personas de 18 años o más,enadis
trabajo,Población ocupada,2022,Mujeres,Sin discapacidad,Aguascalientes,45-59,67484.0,128268.0,374.0,,ENADIS (INEGI),Personas de 18 años o más,enadis
trabajo,Población ocupada,2022,Mujeres,Sin discapacidad,Aguascalientes,60+,12449.0,74726.0,202.0,,ENADIS (INEGI),Personas de 18 años o más,enadis
trabajo,Población ocupada,2022,Mujeres,Sin discapacidad,Baja California,18-29,179628.0,360689.0,312.0,,ENADIS (INEGI),Personas de 18 años o más,enadis
trabajo,Población ocupada,2022,Mujeres,Sin discapacidad,Baja California,30-44,267011.0,420419.0,396.0,,ENADIS (INEGI),Personas de 18 años o más,enadis
trabajo,Población ocupada,2022,Mujeres,Sin discapacidad,Baja California,45-59,176553.0,308302.0,276.0,,ENADIS (INEGI),Personas de 18 años o más,enadis
trabajo,Población ocupada,2022,Mujeres,Sin discapacidad,Baja California,60+,27197.0,208025.0,175.0,,ENADIS (INEGI),Personas de 18 años o más,enadis
trabajo,Población ocupada,2022,Mujeres,Sin discapacidad,Baja California Sur,18-29,48058.0,82501.0,325.0,,ENADIS (INEGI),Personas de 18 años o más,enadis
trabajo,Población ocupada,2022,Mujeres,Sin discapacidad,Baja California Sur,30-44,63585.0,89598.0,393.0,,ENADIS (INEGI),Personas de 18 años o más,enadis
trabajo,Población ocupada,2022,Mujeres,Sin discapacidad,Baja California Sur,45-59,38811.0,70270.0,312.0,,ENADIS (INEGI),Personas de 18 años o más,enadis
trabajo,Población ocupada,2022,Mujeres,Sin discapacidad,Baja California Sur,60+,7773.0,34891.0,157.0,,ENADIS (INEGI),Personas de 18 años o más,enadis
trabajo,Población ocupada,2022,Mujeres,Sin discapacidad,Campeche,18-29,36375.0,89245.0,407.0,,ENADIS (INEGI),Personas de 18 años o más,enadis
trabajo,Población ocupada,2022,Mujeres,Sin discapacidad,Campeche,30-44,58191.0,111478.0,515.0,,ENADIS (INEGI),Personas de 18 años o más,enadis
trabajo,Población ocupada,2022,Mujeres,Sin discapacidad,Campeche,45-59,40329.0,75109.0,326.0,,ENADIS (INEGI),Personas de 18 años o más,enadis
trabajo,Población ocupada,2022,Mujeres,Sin discapacidad,Campeche,60+,7870.0,41699.0,183.0,,ENADIS (INEGI),Personas de 18 años o más,enadis
trabajo,Población ocupada,2022,Mujeres,Sin discapacidad,Chiapas,18-29,174588.0,587095.0,445.0,,ENADIS (INEGI),Personas de 18 años o más,enadis
trabajo,Población ocupada,2022,Mujeres,Sin discapacidad,Chiapas,30-44,232958.0,616618.0,509.0,,ENADIS (INEGI),Personas de 18 años o más,enadis
trabajo,Población ocupada,2022,Mujeres,Sin discapacidad,Chiapas,45-59,165838.0,423464.0,355.0,,ENADIS (INEGI),Personas de 18 años o más,enadis
trabajo,Población ocupada,2022,Mujeres,Sin discapacidad,Chiapas,60+,33547.0,232740.0,215.0,,ENADIS (INEGI),Personas de 18 años o más,enadis
trabajo,Población ocupada,2022,Mujeres,Sin discapacidad,Chihuahua,18-29,177168.0,345574.0,324.0,,ENADIS (INEGI),Personas de 18 años o más,enadis
trabajo,Población ocupada,2022,Mujeres,Sin discapacidad,Chihuahua,30-44,260826.0,397820.0,393.0,,ENADIS (INEGI),Personas de 18 años o más,enadis
trabajo,Población ocupada,2022,Mujeres,Sin discapacidad,Chihuahua,45-59,182503.0,351424.0,336.0,,ENADIS (INEGI),Personas de 18 años o más,enadis
trabajo,Población ocupada,2022,Mujeres,Sin discapacidad,Chihuahua,60+,28150.0,201300.0,176.0,,ENADIS (INEGI),Personas de 18 años o más,enadis
trabajo,Población ocupada,2022,Mujeres,Sin discapacidad,Ciudad de México,18-29,376262.0,820000.0,274.0,,ENADIS (INEGI),Personas de 18 años o más,enadis
trabajo,Población ocupada,2022,Mujeres,Sin discapacidad,Ciudad de México,30-44,684065.0,1005433.0,396.0,,ENADIS (INEGI),Personas de 18 años o más,enadis
trabajo,Población ocupada,2022,Mujeres,Sin discapacidad,Ciudad de México,45-59,589983.0,993952.0,382.0,,ENADIS (INEGI),Personas de 18 años o más,enadis
trabajo,Población ocupada,2022,Mujeres,Sin discapacidad,Ciudad de México,60+,192672.0,845810.0,285.0,,ENADIS (INEGI),Personas de 18 años o más,enadis
trabajo,Población ocupada,2022,Mujeres,Sin discapacidad,Coahuila,18-29,144886.0,296840.0,325.0,,ENADIS (INEGI),Personas de 18 años o más,enadis
trabajo,Población ocupada,2022,Mujeres,Sin discapacidad,Coahuila,30-44,206323.0,336931.0,405.0,,ENADIS (INEGI),Personas de 18 años o más,enadis
trabajo,Población ocupada,2022,Mujeres,Sin discapacidad,Coahuila,45-59,140153.0,299777.0,353.0,,ENADIS (INEGI),Personas de 18 años o más,enadis
trabajo,Población ocupada,2022,Mujeres,Sin discapacidad,Coahuila,60+,38887.0,192975.0,224.0,,ENADIS (INEGI),Personas de 18 años o más,enadis
trabajo,Población ocupada,2022,Mujeres,Sin discapacidad,Colima,18-29,40778.0,75230.0,344.0,,ENADIS (INEGI),Personas de 18 años o más,enadis
trabajo,Población ocupada,2022,Mujeres,Sin discapacidad,Colima,30-44,56174.0,86257.0,410.0,,ENADIS (INEGI),Personas de 18 años o más,enadis
trabajo,Población ocupada,2022,Mujeres,Sin discapacidad,Colima,45-59,41798.0,68063.0,300.0,,ENADIS (INEGI),Personas de 18 años o más,enadis
trabajo,Población ocupada,2022,Mujeres,Sin discapacidad,Colima,60+,10664.0,47646.0,211.0,,ENADIS (INEGI),Personas de 18 años o más,enadis
trabajo,Población ocupada,2022,Mujeres,Sin discapacidad,Durango,18-29,80865.0,184384.0,413.0,,ENADIS (INEGI),Personas de 18 años o más,enadis
trabajo,Población ocupada,2022,Mujeres,Sin discapacidad,Durango,30-44,103941.0,184196.0,421.0,,ENADIS (INEGI),Personas de 18 años o más,enadis
trabajo,Población ocupada,2022,Mujeres,Sin discapacidad,Durango,45-59,81931.0,169757.0,355.0,,ENADIS (INEGI),Personas de 18 años o más,enadis
trabajo,Población ocupada,2022,Mujeres,Sin discapacidad,Durango,60+,15249.0,89534.0,204.0,,ENADIS (INEGI),Personas de 18 años o más,enadis
trabajo,Población ocupada,2022,Mujeres,Sin discapacidad,Guanajuato,18-29,297531.0,597326.0,457.0,,ENADIS (INEGI),Personas de 18 años o más,enadis
trabajo,Población ocupada,2022,Mujeres,Sin discapacidad,Guanajuato,30-44,389263.0,692678.0,521.0,,ENADIS (INEGI),Personas de 18 años o más,enadis
trabajo,Población ocupada,2022,Mujeres,Sin discapacidad,Guanajuato,45-59,250640.0,529631.0,390.0,,ENADIS (INEGI),Personas de 18 años o más,enadis
trabajo,Población ocupada,2022,Mujeres,Sin discapacidad,Guanajuato,60+,59037.0,379302.0,225.0,,ENADIS (INEGI),Personas de 18 años o más,enadis
trabajo,Población ocupada,2022,Mujeres,Sin discapacidad,Guerrero,18-29,122849.0,344753.0,437.0,,ENADIS (INEGI),Personas de 18 años o más,enadis
trabajo,Población ocupada,2022,Mujeres,Sin discapacidad,Guerrero,30-44,194729.0,376660.0,476.0,,ENADIS (INEGI),Personas de 18 años o más,enadis
trabajo,Población ocupada,2022,Mujeres,Sin discapacidad,Guerrero,45-59,141880.0,285343.0,362.0,,ENADIS (INEGI),Personas de 18 años o más,enadis
trabajo,Población ocupada,2022,Mujeres,Sin discapacidad,Guerrero,60+,53374.0,211768.0,257.0,,ENADIS (INEGI),Personas de 18 años o más,enadis
trabajo,Población ocupada,2022,Mujeres,Sin discapacidad,Hidalgo,18-29,115607.0,307304.0,396.0,,ENADIS (INEGI),Personas de 18 años o más,enadis
trabajo,Población ocupada,2022,Mujeres,Sin discapacidad,Hidalgo,30-44,198564.0,362933.0,494.0,,ENADIS (INEGI),Personas de 18 años o más,enadis
trabajo,Población ocupada,2022,Mujeres,Sin discapacidad,Hidalgo,45-59,121439.0,285879.0,377.0,,ENADIS (INEGI),Personas de 18 años o más,enadis
trabajo,Población ocupada,2022,Mujeres,Sin discapacidad,Hidalgo,60+,37754.0,202832.0,247.0,,ENADIS (INEGI),Personas de 18 años o más,enadis
trabajo,Población ocupada,2022,Mujeres,Sin discapacidad,Jalisco,18-29,403670.0,845760.0,382.0,,ENADIS (INEGI),Personas de 18 años o más,enadis
trabajo,Población ocupada,2022,Mujeres,Sin discapacidad,Jalisco,30-44,580159.0,908534.0,455.0,,ENADIS (INEGI),Personas de 18 años o más,enadis
trabajo,Población ocupada,2022,Mujeres,Sin discapacidad,Jalisco,45-59,397195.0,719931.0,346.0,,ENADIS (INEGI),Personas de 18 años o más,enadis
trabajo,Población ocupada,2022,Mujeres,Sin discapacidad,Jalisco,60+,105027.0,539047.0,231.0,,ENADIS (INEGI),Personas de 18 años o más,enadis
trabajo,Población ocupada,2022,Mujeres,Sin discapacidad,Michoacán,18-29,208199.0,465903.0,403.0,,ENADIS (INEGI),Personas de 18 años o más,enadis
trabajo,Población ocupada,2022,Mujeres,Sin discapacidad,Michoacán,30-44,290540.0,542422.0,493.0,,ENADIS (INEGI),Personas de 18 años o más,enadis
trabajo,Población ocupada,2022,Mujeres,Sin discapacidad,Michoacán,45-59,176775.0,411942.0,361.0,,ENADIS (INEGI),Personas de 18 años o más,enadis
trabajo,Población ocupada,2022,Mujeres,Sin discapacidad,Michoacán,60+,44356.0,312951.0,242.0,,ENADIS (INEGI),Personas de 18 años o más,enadis
trabajo,Población ocupada,2022,Mujeres,Sin discapacidad,Morelos,18-29,70665.0,174737.0,336.0,,ENADIS (INEGI),Personas de 18 años o más,enadis
trabajo,Población ocupada,2022,Mujeres,Sin discapacidad,Morelos,30-44,130730.0,222326.0,449.0,,ENADIS (INEGI),Personas de 18 años o más,enadis
trabajo,Población ocupada,2022,Mujeres,Sin discapacidad,Morelos,45-59,103249.0,192605.0,364.0,,ENADIS (INEGI),Personas de 18 años o más,enadis
trabajo,Población ocupada,2022,Mujeres,Sin discapacidad,Morelos,60+,29984.0,136581.0,249.0,,ENADIS (INEGI),Personas de 18 años o más,enadis
trabajo,Población ocupada,2022,Mujeres,Sin discapacidad,México,18-29,656751.0,1704713.0,364.0,,ENADIS (INEGI),Personas de 18 años o más,enadis
trabajo,Población ocupada,2022,Mujeres,Sin discapacidad,México,30-44,1059958.0,1972165.0,486.0,,ENADIS (INEGI),Personas de 18 años o más,enadis
trabajo,Población ocupada,2022,Mujeres,Sin discapacidad,México,45-59,845944.0,1686536.0,414.0,,ENADIS (INEGI),Personas de 18 años o más,enadis
trabajo,Población ocupada,2022,Mujeres,Sin discapacidad,México,60+,166319.0,1066195.0,266.0,,ENADIS (INEGI),Personas de 18 años o más,enadis
trabajo,Población ocupada,2022,Mujeres,Sin discapacidad,Nayarit,18-29,55657.0,114946.0,388.0,,ENADIS (INEGI),Personas de 18 años o más,enadis
trabajo,Población ocupada,2022,Mujeres,Sin discapacidad,Nayarit,30-44,84160.0,131995.0,426.0,,ENADIS (INEGI),Personas de 18 años o más,enadis
trabajo,Población ocupada,2022,Mujeres,Sin discapacidad,Nayarit,45-59,61655.0,109374.0,348.0,,ENADIS (INEGI),Personas de 18 años o más,enadis
trabajo,Población ocupada,2022,Mujeres,Sin discapacidad,Nayarit,60+,19404.0,83265.0,260.0,,ENADIS (INEGI),Personas de 18 años o más,enadis
trabajo,Población ocupada,2022,Mujeres,Sin discapacidad,Nuevo León,18-29,324979.0,589309.0,387.0,,ENADIS (INEGI),Personas de 18 años o más,enadis
trabajo,Población ocupada,2022,Mujeres,Sin discapacidad,Nuevo León,30-44,388774.0,605097.0,415.0,,ENADIS (INEGI),Personas de 18 años o más,enadis
trabajo,Población ocupada,2022,Mujeres,Sin discapacidad,Nuevo León,45-59,339751.0,619362.0,406.0,,ENADIS (INEGI),Personas de 18 años o más,enadis
trabajo,Población ocupada,2022,Mujeres,Sin discapacidad,Nuevo León,60+,46836.0,391083.0,222.0,,ENADIS (INEGI),Personas de 18 años o más,enadis
trabajo,Población ocupada,2022,Mujeres,Sin discapacidad,Oaxaca,18-29,119021.0,333035.0,384.0,,ENADIS (INEGI),Personas de 18 años o más,enadis
trabajo,Población ocupada,2022,Mujeres,Sin discapacidad,Oaxaca,30-44,249158.0,516685.0,526.0,,ENADIS (INEGI),Personas de 18 años o más,enadis
trabajo,Población ocupada,2022,Mujeres,Sin discapacidad,Oaxaca,45-59,146969.0,321522.0,324.0,,ENADIS (INEGI),Personas de 18 años o más,enadis
trabajo,Población ocupada,2022,Mujeres,Sin discapacidad,Oaxaca,60+,63249.0,262540.0,257.0,,ENADIS (INEGI),Personas de 18 años o más,enadis
trabajo,Población ocupada,2022,Mujeres,Sin discapacidad,Puebla,18-29,251158.0,647881.0,425.0,,ENADIS (INEGI),Personas de 18 años o más,enadis
trabajo,Población ocupada,2022,Mujeres,Sin discapacidad,Puebla,30-44,413887.0,750746.0,515.0,,ENADIS (INEGI),Personas de 18 años o más,enadis
trabajo,Población ocupada,2022,Mujeres,Sin discapacidad,Puebla,45-59,284681.0,588274.0,380.0,,ENADIS (INEGI),Personas de 18 años o más,enadis
trabajo,Población ocupada,2022,Mujeres,Sin discapacidad,Puebla,60+,73818.0,373838.0,200.0,,ENADIS (INEGI),Personas de 18 años o más,enadis
trabajo,Población ocupada,2022,Mujeres,Sin discapacidad,Querétaro,18-29,124900.0,235637.0,364.0,,ENADIS (INEGI),Personas de 18 años o más,enadis
trabajo,Población ocupada,2022,Mujeres,Sin discapacidad,Querétaro,30-44,154447.0,273161.0,459.0,,ENADIS (INEGI),Personas de 18 años o más,enadis
trabajo,Población ocupada,2022,Mujeres,Sin discapacidad,Querétaro,45-59,129567.0,237644.0,372.0,,ENADIS (INEGI),Personas de 18 años o más,enadis
trabajo,Población ocupada,2022,Mujeres,Sin discapacidad,Querétaro,60+,25887.0,147189.0,204.0,,ENADIS (INEGI),Personas de 18 años o más,enadis
trabajo,Población ocupada,2022,Mujeres,Sin discapacidad,Quintana Roo,18-29,91642.0,185761.0,358.0,,ENADIS (INEGI),Personas de 18 años o más,enadis
trabajo,Población ocupada,2022,Mujeres,Sin discapacidad,Quintana Roo,30-44,142043.0,235097.0,455.0,,ENADIS (INEGI),Personas de 18 años o más,enadis
trabajo,Población ocupada,2022,Mujeres,Sin discapacidad,Quintana Roo,45-59,74193.0,159615.0,299.0,,ENADIS (INEGI),Personas de 18 años o más,enadis
trabajo,Población ocupada,2022,Mujeres,Sin discapacidad,Quintana Roo,60+,15008.0,75685.0,154.0,,ENADIS (INEGI),Personas de 18 años o más,enadis
trabajo,Población ocupada,2022,Mujeres,Sin discapacidad,San Luis Potosí,18-29,137521.0,277177.0,407.0,,ENADIS (INEGI),Personas de 18 años o más,enadis
trabajo,Población ocupada,2022,Mujeres,Sin discapacidad,San Luis Potosí,30-44,170143.0,296050.0,478.0,,ENADIS (INEGI),Personas de 18 años o más,enadis
trabajo,Población ocupada,2022,Mujeres,Sin discapacidad,San Luis Potosí,45-59,116055.0,238883.0,372.0,,ENADIS (INEGI),Personas de 18 años o más,enadis
trabajo,Población ocupada,2022,Mujeres,Sin discapacidad,San Luis Potosí,60+,38833.0,191155.0,242.0,,ENADIS (INEGI),Personas de 18 años o más,enadis
trabajo,Población ocupada,2022,Mujeres,Sin discapacidad,Sinaloa,18-29,132773.0,290872.0,364.0,,ENADIS (INEGI),Personas de 18 años o más,enadis
trabajo,Población ocupada,2022,Mujeres,Sin discapacidad,Sinaloa,30-44,170775.0,310121.0,408.0,,ENADIS (INEGI),Personas de 18 años o más,enadis
trabajo,Población ocupada,2022,Mujeres,Sin discapacidad,Sinaloa,45-59,140494.0,279181.0,341.0,,ENADIS (INEGI),Personas de 18 años o más,enadis
trabajo,Población ocupada,2022,Mujeres,Sin discapacidad,Sinaloa,60+,25094.0,211536.0,282.0,,ENADIS (INEGI),Personas de 18 años o más,enadis
trabajo,Población ocupada,2022,Mujeres,Sin discapacidad,Sonora,18-29,150279.0,320554.0,387.0,,ENADIS (INEGI),Personas de 18 años o más,enadis
trabajo,Población ocupada,2022,Mujeres,Sin discapacidad,Sonora,30-44,172928.0,288227.0,396.0,,ENADIS (INEGI),Personas de 18 años o más,enadis
trabajo,Población ocupada,2022,Mujeres,Sin discapacidad,Sonora,45-59,134166.0,267425.0,349.0,,ENADIS (INEGI),Personas de 18 años o más,enadis
trabajo,Población ocupada,2022,Mujeres,Sin discapacidad,Sonora,60+,24795.0,168973.0,217.0,,ENADIS (INEGI),Personas de 18 años o más,enadis
trabajo,Población ocupada,2022,Mujeres,Sin discapacidad,Tabasco,18-29,78611.0,228654.0,375.0,,ENADIS (INEGI),Personas de 18 años o más,enadis
trabajo,Población ocupada,2022,Mujeres,Sin discapacidad,Tabasco,30-44,112953.0,284564.0,517.0,,ENADIS (INEGI),Personas de 18 años o más,enadis
trabajo,Población ocupada,2022,Mujeres,Sin discapacidad,Tabasco,45-59,70437.0,196950.0,340.0,,ENADIS (INEGI),Personas de 18 años o más,enadis
trabajo,Población ocupada,2022,Mujeres,Sin discapacidad,Tabasco,60+,19908.0,114458.0,185.0,,ENADIS (INEGI),Personas de 18 años o más,enadis
trabajo,Población ocupada,2022,Mujeres,Sin discapacidad,Tamaulipas,18-29,163642.0,321802.0,341.0,,ENADIS (INEGI),Personas de 18 años o más,enadis
trabajo,Población ocupada,2022,Mujeres,Sin discapacidad,Tamaulipas,30-44,241477.0,394309.0,437.0,,ENADIS (INEGI),Personas de 18 años o más,enadis
trabajo,Población ocupada,2022,Mujeres,Sin discapacidad,Tamaulipas,45-59,193561.0,328113.0,338.0,,ENADIS (INEGI),Personas de 18 años o más,enadis
trabajo,Población ocupada,2022,Mujeres,Sin discapacidad,Tamaulipas,60+,48736.0,226849.0,198.0,,ENADIS (INEGI),Personas de 18 años o más,enadis
trabajo,Población ocupada,2022,Mujeres,Sin discapacidad,Tlaxcala,18-29,53346.0,137705.0,466.0,,ENADIS (INEGI),Personas de 18 años o más,enadis
trabajo,Población ocupada,2022,Mujeres,Sin discapacidad,Tlaxcala,30-44,95050.0,162799.0,549.0,,ENADIS (INEGI),Personas de 18 años o más,enadis
trabajo,Población ocupada,2022,Mujeres,Sin discapacidad,Tlaxcala,45-59,53638.0,119865.0,397.0,,ENADIS (INEGI),Personas de 18 años o más,enadis
trabajo,Población ocupada,2022,Mujeres,Sin discapacidad,Tlaxcala,60+,14860.0,77702.0,236.0,,ENADIS (INEGI),Personas de 18 años o más,enadis
trabajo,Población ocupada,2022,Mujeres,Sin discapacidad,Veracruz,18-29,268104.0,682233.0,285.0,,ENADIS (INEGI),Personas de 18 años o más,enadis
trabajo,Población ocupada,2022,Mujeres,Sin discapacidad,Veracruz,30-44,424835.0,895247.0,393.0,,ENADIS (INEGI),Personas de 18 años o más,enadis
trabajo,Población ocupada,2022,Mujeres,Sin discapacidad,Veracruz,45-59,312981.0,823819.0,343.0,,ENADIS (INEGI),Personas de 18 años o más,enadis
trabajo,Población ocupada,2022,Mujeres,Sin discapacidad,Veracruz,60+,119744.0,564481.0,254.0,,ENADIS (INEGI),Personas de 18 años o más,enadis
trabajo,Población ocupada,2022,Mujeres,Sin discapacidad,Yucatán,18-29,103689.0,223007.0,430.0,,ENADIS (INEGI),Personas de 18 años o más,enadis
trabajo,Población ocupada,2022,Mujeres,Sin discapacidad,Yucatán,30-44,176777.0,280084.0,525.0,,ENADIS (INEGI),Personas de 18 años o más,enadis
trabajo,Población ocupada,2022,Mujeres,Sin discapacidad,Yucatán,45-59,82782.0,167276.0,328.0,,ENADIS (INEGI),Personas de 18 años o más,enadis
trabajo,Población ocupada,2022,Mujeres,Sin discapacidad,Yucatán,60+,25973.0,136331.0,217.0,,ENADIS (INEGI),Personas de 18 años o más,enadis
trabajo,Población ocupada,2022,Mujeres,Sin discapacidad,Zacatecas,18-29,61409.0,143206.0,352.0,,ENADIS (INEGI),Personas de 18 años o más,enadis
trabajo,Población ocupada,2022,Mujeres,Sin discapacidad,Zacatecas,30-44,86356.0,184958.0,495.0,,ENADIS (INEGI),Personas de 18 años o más,enadis
trabajo,Población ocupada,2022,Mujeres,Sin discapacidad,Zacatecas,45-59,48240.0,131804.0,332.0,,ENADIS (INEGI),Personas de 18 años o más,enadis
trabajo,Población ocupada,2022,Mujeres,Sin discapacidad,Zacatecas,60+,12568.0,94229.0,221.0,,ENADIS (INEGI),Personas de 18 años o más,enadis
trabajo,Se dedica a los quehaceres del hogar,2022,Hombres,Con discapacidad,Aguascalientes,18-29,325.0,2657.0,8.0,,ENADIS (INEGI),Personas de 18 años o más,enadis
trabajo,Se dedica a los quehaceres del hogar,2022,Hombres,Con discapacidad,Aguascalientes,30-44,0.0,2687.0,7.0,,ENADIS (INEGI),Personas de 18 años o más,enadis
trabajo,Se dedica a los quehaceres del hogar,2022,Hombres,Con discapacidad,Aguascalientes,45-59,0.0,6159.0,18.0,,ENADIS (INEGI),Personas de 18 años o más,enadis
trabajo,Se dedica a los quehaceres del hogar,2022,Hombres,Con discapacidad,Aguascalientes,60+,0.0,18695.0,53.0,,ENADIS (INEGI),Personas de 18 años o más,enadis
trabajo,Se dedica a los quehaceres del hogar,2022,Hombres,Con discapacidad,Baja California,18-29,0.0,9339.0,9.0,,ENADIS (INEGI),Personas de 18 años o más,enadis
trabajo,Se dedica a los quehaceres del hogar,2022,Hombres,Con discapacidad,Baja California,30-44,744.0,10924.0,11.0,,ENADIS (INEGI),Personas de 18 años o más,enadis
trabajo,Se dedica a los quehaceres del hogar,2022,Hombres,Con discapacidad,Baja California,45-59,0.0,12406.0,13.0,,ENADIS (INEGI),Personas de 18 años o más,enadis
trabajo,Se dedica a los quehaceres del hogar,2022,Hombres,Con discapacidad,Baja California,60+,1216.0,31008.0,26.0,,ENADIS (INEGI),Personas de 18 años o más,enadis
trabajo,Se dedica a los quehaceres del hogar,2022,Hombres,Con discapacidad,Baja California Sur,18-29,0.0,1084.0,5.0,,ENADIS (INEGI),Personas de 18 años o más,enadis
trabajo,Se dedica a los quehaceres del hogar,2022,Hombres,Con discapacidad,Baja California Sur,30-44,0.0,1610.0,7.0,,ENADIS (INEGI),Personas de 18 años o más,enadis
trabajo,Se dedica a los quehaceres del hogar,2022,Hombres,Con discapacidad,Baja California Sur,45-59,0.0,3040.0,12.0,,ENADIS (INEGI),Personas de 18 años o más,enadis
trabajo,Se dedica a los quehaceres del hogar,2022,Hombres,Con discapacidad,Baja California Sur,60+,146.0,7933.0,31.0,,ENADIS (INEGI),Personas de 18 años o más,enadis
trabajo,Se dedica a los quehaceres del hogar,2022,Hombres,Con discapacidad,Campeche,18-29,0.0,1660.0,6.0,,ENADIS (INEGI),Personas de 18 años o más,enadis
trabajo,Se dedica a los quehaceres del hogar,2022,Hombres,Con discapacidad,Campeche,30-44,0.0,3254.0,14.0,,ENADIS (INEGI),Personas de 18 años o más,enadis
trabajo,Se dedica a los quehaceres del hogar,2022,Hombres,Con discapacidad,Campeche,45-59,0.0,7278.0,29.0,,ENADIS (INEGI),Personas de 18 años o más,enadis
trabajo,Se dedica a los quehaceres del hogar,2022,Hombres,Con discapacidad,Campeche,60+,487.0,13704.0,59.0,,ENADIS (INEGI),Personas de 18 años o más,enadis
trabajo,Se dedica a los quehaceres del hogar,2022,Hombres,Con discapacidad,Chiapas,18-29,1341.0,10498.0,8.0,,ENADIS (INEGI),Personas de 18 años o más,enadis
trabajo,Se dedica a los quehaceres del hogar,2022,Hombres,Con discapacidad,Chiapas,30-44,0.0,17185.0,14.0,,ENADIS (INEGI),Personas de 18 años o más,enadis
trabajo,Se dedica a los quehaceres del hogar,2022,Hombres,Con discapacidad,Chiapas,45-59,0.0,8360.0,7.0,,ENADIS (INEGI),Personas de 18 años o más,enadis
trabajo,Se dedica a los quehaceres del hogar,2022,Hombres,Con discapacidad,Chiapas,60+,0.0,59622.0,56.0,,ENADIS (INEGI),Personas de 18 años o más,enadis
trabajo,Se dedica a los quehaceres del hogar,2022,Hombres,Con discapacidad,Chihuahua,18-29,0.0,3015.0,3.0,,ENADIS (INEGI),Personas de 18 años o más,enadis
trabajo,Se dedica a los quehaceres del hogar,2022,Hombres,Con discapacidad,Chihuahua,30-44,0.0,11165.0,11.0,,ENADIS (INEGI),Personas de 18 años o más,enadis
trabajo,Se dedica a los quehaceres del hogar,2022,Hombres,Con discapacidad,Chihuahua,45-59,0.0,21171.0,21.0,,ENADIS (INEGI),Personas de 18 años o más,enadis
trabajo,Se dedica a los quehaceres del hogar,2022,Hombres,Con discapacidad,Chihuahua,60+,4068.0,61113.0,58.0,,ENADIS (INEGI),Personas de 18 años o más,enadis
trabajo,Se dedica a los quehaceres del hogar,2022,Hombres,Con discapacidad,Ciudad de México,18-29,0.0,35485.0,12.0,,ENADIS (INEGI),Personas de 18 años o más,enadis
trabajo,Se dedica a los quehaceres del hogar,2022,Hombres,Con discapacidad,Ciudad de México,30-44,0.0,37160.0,15.0,,ENADIS (INEGI),Personas de 18 años o más,enadis
trabajo,Se dedica a los quehaceres del hogar,2022,Hombres,Con discapacidad,Ciudad de México,45-59,2826.0,48420.0,19.0,,ENADIS (INEGI),Personas de 18 años o más,enadis
trabajo,Se dedica a los quehaceres del hogar,2022,Hombres,Con discapacidad,Ciudad de México,60+,0.0,100434.0,34.0,,ENADIS (INEGI),Personas de 18 años o más,enadis
trabajo,Se dedica a los quehaceres del hogar,2022,Hombres,Con discapacidad,Coahuila,18-29,1095.0,3469.0,4.0,,ENADIS (INEGI),Personas de 18 años o más,enadis
trabajo,Se dedica a los quehaceres del hogar,2022,Hombres,Con discapacidad,Coahuila,30-44,0.0,3925.0,4.0,,ENADIS (INEGI),Personas de 18 años o más,enadis
trabajo,Se dedica a los quehaceres del hogar,2022,Hombres,Con discapacidad,Coahuila,45-59,1850.0,18327.0,23.0,,ENADIS (INEGI),Personas de 18 años o más,enadis
trabajo,Se dedica a los quehaceres del hogar,2022,Hombres,Con discapacidad,Coahuila,60+,812.0,31651.0,37.0,,ENADIS (INEGI),Personas de 18 años o más,enadis
trabajo,Se dedica a los quehaceres del hogar,2022,Hombres,Con discapacidad,Colima,18-29,0.0,1928.0,8.0,,ENADIS (INEGI),Personas de 18 años o más,enadis
trabajo,Se dedica a los quehaceres del hogar,2022,Hombres,Con discapacidad,Colima,30-44,0.0,2375.0,10.0,,ENADIS (INEGI),Personas de 18 años o más,enadis
trabajo,Se dedica a los quehaceres del hogar,2022,Hombres,Con discapacidad,Colima,45-59,174.0,4508.0,20.0,,ENADIS (INEGI),Personas de 18 años o más,enadis
trabajo,Se dedica a los quehaceres del hogar,2022,Hombres,Con discapacidad,Colima,60+,260.0,9628.0,39.0,,ENADIS (INEGI),Personas de 18 años o más,enadis
trabajo,Se dedica a los quehaceres del hogar,2022,Hombres,Con discapacidad,Durango,18-29,0.0,2299.0,6.0,,ENADIS (INEGI),Personas de 18 años o más,enadis
trabajo,Se dedica a los quehaceres del hogar,2022,Hombres,Con discapacidad,Durango,30-44,0.0,4079.0,9.0,,ENADIS (INEGI),Personas de 18 años o más,enadis
trabajo,Se dedica a los quehaceres del hogar,2022,Hombres,Con discapacidad,Durango,45-59,0.0,12527.0,27.0,,ENADIS (INEGI),Personas de 18 años o más,enadis
trabajo,Se dedica a los quehaceres del hogar,2022,Hombres,Con discapacidad,Durango,60+,1442.0,28950.0,71.0,,ENADIS (INEGI),Personas de 18 años o más,enadis
trabajo,Se dedica a los quehaceres del hogar,2022,Hombres,Con discapacidad,Guanajuato,18-29,0.0,12298.0,9.0,,ENADIS (INEGI),Personas de 18 años o más,enadis
trabajo,Se dedica a los quehaceres del hogar,2022,Hombres,Con discapacidad,Guanajuato,30-44,0.0,17943.0,13.0,,ENADIS (INEGI),Personas de 18 años o más,enadis
trabajo,Se dedica a los quehaceres del hogar,2022,Hombres,Con discapacidad,Guanajuato,45-59,1729.0,24825.0,16.0,,ENADIS (INEGI),Personas de 18 años o más,enadis
trabajo,Se dedica a los quehaceres del hogar,2022,Hombres,Con discapacidad,Guanajuato,60+,1642.0,47671.0,31.0,,ENADIS (INEGI),Personas de 18 años o más,enadis
trabajo,Se dedica a los quehaceres del hogar,2022,Hombres,Con discapacidad,Guerrero,18-29,0.0,14727.0,16.0,,ENADIS (INEGI),Personas de 18 años o más,enadis
trabajo,Se dedica a los quehaceres del hogar,2022,Hombres,Con discapacidad,Guerrero,30-44,0.0,10911.0,13.0,,ENADIS (INEGI),Personas de 18 años o más,enadis
trabajo,Se dedica a los quehaceres del hogar,2022,Hombres,Con discapacidad,Guerrero,45-59,0.0,12131.0,16.0,,ENADIS (INEGI),Personas de 18 años o más,enadis
trabajo,Se dedica a los quehaceres del hogar,2022,Hombres,Con discapacidad,Guerrero,60+,4932.0,53021.0,63.0,,ENADIS (INEGI),Personas de 18 años o más,enadis
trabajo,Se dedica a los quehaceres del hogar,2022,Hombres,Con discapacidad,Hidalgo,18-29,0.0,4147.0,5.0,,ENADIS (INEGI),Personas de 18 años o más,enadis
trabajo,Se dedica a los quehaceres del hogar,2022,Hombres,Con discapacidad,Hidalgo,30-44,0.0,4445.0,7.0,,ENADIS (INEGI),Personas de 18 años o más,enadis
trabajo,Se dedica a los quehaceres del hogar,2022,Hombres,Con discapacidad,Hidalgo,45-59,0.0,16957.0,21.0,,ENADIS (INEGI),Personas de 18 años o más,enadis
trabajo,Se dedica a los quehaceres del hogar,2022,Hombres,Con discapacidad,Hidalgo,60+,3448.0,41071.0,50.0,,ENADIS (INEGI),Personas de 18 años o más,enadis
trabajo,Se dedica a los quehaceres del hogar,2022,Hombres,Con discapacidad,Jalisco,18-29,0.0,12961.0,6.0,,ENADIS (INEGI),Personas de 18 años o más,enadis
trabajo,Se dedica a los quehaceres del hogar,2022,Hombres,Con discapacidad,Jalisco,30-44,0.0,15704.0,7.0,,ENADIS (INEGI),Personas de 18 años o más,enadis
trabajo,Se dedica a los quehaceres del hogar,2022,Hombres,Con discapacidad,Jalisco,45-59,0.0,21691.0,10.0,,ENADIS (INEGI),Personas de 18 años o más,enadis
trabajo,Se dedica a los quehaceres del hogar,2022,Hombres,Con discapacidad,Jalisco,60+,1858.0,93394.0,41.0,,ENADIS (INEGI),Personas de 18 años o más,enadis
trabajo,Se dedica a los quehaceres del hogar,2022,Hombres,Con discapacidad,Michoacán,18-29,707.0,10021.0,9.0,,ENADIS (INEGI),Personas de 18 años o más,enadis
trabajo,Se dedica a los quehaceres del hogar,2022,Hombres,Con discapacidad,Michoacán,30-44,0.0,10999.0,11.0,,ENADIS (INEGI),Personas de 18 años o más,enadis
trabajo,Se dedica a los quehaceres del hogar,2022,Hombres,Con discapacidad,Michoacán,45-59,0.0,19517.0,19.0,,ENADIS (INEGI),Personas de 18 años o más,enadis
trabajo,Se dedica a los quehaceres del hogar,2022,Hombres,Con discapacidad,Michoacán,60+,4126.0,50265.0,37.0,,ENADIS (INEGI),Personas de 18 años o más,enadis
trabajo,Se dedica a los quehaceres del hogar,2022,Hombres,Con discapacidad,Morelos,18-29,0.0,5393.0,9.0,,ENADIS (INEGI),Personas de 18 años o más,enadis
trabajo,Se dedica a los quehaceres del hogar,2022,Hombres,Con discapacidad,Morelos,30-44,0.0,5235.0,12.0,,ENADIS (INEGI),Personas de 18 años o más,enadis
trabajo,Se dedica a los quehaceres del hogar,2022,Hombres,Con discapacidad,Morelos,45-59,0.0,11815.0,20.0,,ENADIS (INEGI),Personas de 18 años o más,enadis
trabajo,Se dedica a los quehaceres del hogar,2022,Hombres,Con discapacidad,Morelos,60+,528.0,23246.0,39.0,,ENADIS (INEGI),Personas de 18 años o más,enadis
trabajo,Se dedica a los quehaceres del hogar,2022,Hombres,Con discapacidad,México,18-29,0.0,61058.0,10.0,,ENADIS (INEGI),Personas de 18 años o más,enadis
trabajo,Se dedica a los quehaceres del hogar,2022,Hombres,Con discapacidad,México,30-44,0.0,27462.0,7.0,,ENADIS (INEGI),Personas de 18 años o más,enadis
trabajo,Se dedica a los quehaceres del hogar,2022,Hombres,Con discapacidad,México,45-59,0.0,62932.0,16.0,,ENADIS (INEGI),Personas de 18 años o más,enadis
trabajo,Se dedica a los quehaceres del hogar,2022,Hombres,Con discapacidad,México,60+,22828.0,146265.0,39.0,,ENADIS (INEGI),Personas de 18 años o más,enadis
trabajo,Se dedica a los quehaceres del hogar,2022,Hombres,Con discapacidad,Nayarit,18-29,0.0,2974.0,10.0,,ENADIS (INEGI),Personas de 18 años o más,enadis
trabajo,Se dedica a los quehaceres del hogar,2022,Hombres,Con discapacidad,Nayarit,30-44,0.0,1806.0,7.0,,ENADIS (INEGI),Personas de 18 años o más,enadis
trabajo,Se dedica a los quehaceres del hogar,2022,Hombres,Con discapacidad,Nayarit,45-59,0.0,5918.0,17.0,,ENADIS (INEGI),Personas de 18 años o más,enadis
trabajo,Se dedica a los quehaceres del hogar,2022,Hombres,Con discapacidad,Nayarit,60+,0.0,12207.0,37.0,,ENADIS (INEGI),Personas de 18 años o más,enadis
trabajo,Se dedica a los quehaceres del hogar,2022,Hombres,Con discapacidad,Nuevo León,18-29,0.0,6997.0,5.0,,ENADIS (INEGI),Personas de 18 años o más,enadis
trabajo,Se dedica a los quehaceres del hogar,2022,Hombres,Con discapacidad,Nuevo León,30-44,0.0,11243.0,7.0,,ENADIS (INEGI),Personas de 18 años o más,enadis
trabajo,Se dedica a los quehaceres del hogar,2022,Hombres,Con discapacidad,Nuevo León,45-59,1502.0,23701.0,15.0,,ENADIS (INEGI),Personas de 18 años o más,enadis
trabajo,Se dedica a los quehaceres del hogar,2022,Hombres,Con discapacidad,Nuevo León,60+,1705.0,83758.0,51.0,,ENADIS (INEGI),Personas de 18 años o más,enadis
trabajo,Se dedica a los quehaceres del hogar,2022,Hombres,Con discapacidad,Oaxaca,18-29,0.0,7274.0,8.0,,ENADIS (INEGI),Personas de 18 años o más,enadis
trabajo,Se dedica a los quehaceres del hogar,2022,Hombres,Con discapacidad,Oaxaca,30-44,0.0,15590.0,13.0,,ENADIS (INEGI),Personas de 18 años o más,enadis
trabajo,Se dedica a los quehaceres del hogar,2022,Hombres,Con discapacidad,Oaxaca,45-59,1048.0,22202.0,19.0,,ENADIS (INEGI),Personas de 18 años o más,enadis
trabajo,Se dedica a los quehaceres del hogar,2022,Hombres,Con discapacidad,Oaxaca,60+,1757.0,71987.0,64.0,,ENADIS (INEGI),Personas de 18 años o más,enadis
trabajo,Se dedica a los quehaceres del hogar,2022,Hombres,Con discapacidad,Puebla,18-29,0.0,4030.0,3.0,,ENADIS (INEGI),Personas de 18 años o más,enadis
trabajo,Se dedica a los quehaceres del hogar,2022,Hombres,Con discapacidad,Puebla,30-44,0.0,8746.0,6.0,,ENADIS (INEGI),Personas de 18 años o más,enadis
trabajo,Se dedica a los quehaceres del hogar,2022,Hombres,Con discapacidad,Puebla,45-59,0.0,14982.0,11.0,,ENADIS (INEGI),Personas de 18 años o más,enadis
trabajo,Se dedica a los quehaceres del hogar,2022,Hombres,Con discapacidad,Puebla,60+,0.0,94876.0,48.0,,ENADIS (INEGI),Personas de 18 años o más,enadis
trabajo,Se dedica a los quehaceres del hogar,2022,Hombres,Con discapacidad,Querétaro,18-29,0.0,4098.0,7.0,,ENADIS (INEGI),Personas de 18 años o más,enadis
trabajo,Se dedica a los quehaceres del hogar,2022,Hombres,Con discapacidad,Querétaro,30-44,0.0,4712.0,8.0,,ENADIS (INEGI),Personas de 18 años o más,enadis
trabajo,Se dedica a los quehaceres del hogar,2022,Hombres,Con discapacidad,Querétaro,45-59,0.0,9139.0,14.0,,ENADIS (INEGI),Personas de 18 años o más,enadis
trabajo,Se dedica a los quehaceres del hogar,2022,Hombres,Con discapacidad,Querétaro,60+,2153.0,28703.0,39.0,,ENADIS (INEGI),Personas de 18 años o más,enadis
trabajo,Se dedica a los quehaceres del hogar,2022,Hombres,Con discapacidad,Quintana Roo,18-29,0.0,3947.0,7.0,,ENADIS (INEGI),Personas de 18 años o más,enadis
trabajo,Se dedica a los quehaceres del hogar,2022,Hombres,Con discapacidad,Quintana Roo,30-44,0.0,3315.0,7.0,,ENADIS (INEGI),Personas de 18 años o más,enadis
trabajo,Se dedica a los quehaceres del hogar,2022,Hombres,Con discapacidad,Quintana Roo,45-59,0.0,5067.0,10.0,,ENADIS (INEGI),Personas de 18 años o más,enadis
trabajo,Se dedica a los quehaceres del hogar,2022,Hombres,Con discapacidad,Quintana Roo,60+,1469.0,18104.0,33.0,,ENADIS (INEGI),Personas de 18 años o más,enadis
trabajo,Se dedica a los quehaceres del hogar,2022,Hombres,Con discapacidad,San Luis Potosí,18-29,0.0,4808.0,8.0,,ENADIS (INEGI),Personas de 18 años o más,enadis
trabajo,Se dedica a los quehaceres del hogar,2022,Hombres,Con discapacidad,San Luis Potosí,30-44,0.0,7319.0,11.0,,ENADIS (INEGI),Personas de 18 años o más,enadis
trabajo,Se dedica a los quehaceres del hogar,2022,Hombres,Con discapacidad,San Luis Potosí,45-59,361.0,15055.0,23.0,,ENADIS (INEGI),Personas de 18 años o más,enadis
trabajo,Se dedica a los quehaceres del hogar,2022,Hombres,Con discapacidad,San Luis Potosí,60+,2213.0,33718.0,42.0,,ENADIS (INEGI),Personas de 18 años o más,enadis
trabajo,Se dedica a los quehaceres del hogar,2022,Hombres,Con discapacidad,Sinaloa,18-29,0.0,9550.0,11.0,,ENADIS (INEGI),Personas de 18 años o más,enadis
trabajo,Se dedica a los quehaceres del hogar,2022,Hombres,Con discapacidad,Sinaloa,30-44,0.0,8725.0,11.0,,ENADIS (INEGI),Personas de 18 años o más,enadis
trabajo,Se dedica a los quehaceres del hogar,2022,Hombres,Con discapacidad,Sinaloa,45-59,0.0,17041.0,21.0,,ENADIS (INEGI),Personas de 18 años o más,enadis
trabajo,Se dedica a los quehaceres del hogar,2022,Hombres,Con discapacidad,Sinaloa,60+,568.0,43942.0,63.0,,ENADIS (INEGI),Personas de 18 años o más,enadis
trabajo,Se dedica a los quehaceres del hogar,2022,Hombres,Con discapacidad,Sonora,18-29,0.0,5770.0,7.0,,ENADIS (INEGI),Personas de 18 años o más,enadis
trabajo,Se dedica a los quehaceres del hogar,2022,Hombres,Con discapacidad,Sonora,30-44,0.0,5812.0,6.0,,ENADIS (INEGI),Personas de 18 años o más,enadis
trabajo,Se dedica a los quehaceres del hogar,2022,Hombres,Con discapacidad,Sonora,45-59,1660.0,19553.0,26.0,,ENADIS (INEGI),Personas de 18 años o más,enadis
trabajo,Se dedica a los quehaceres del hogar,2022,Hombres,Con discapacidad,Sonora,60+,1546.0,29242.0,38.0,,ENADIS (INEGI),Personas de 18 años o más,enadis
trabajo,Se dedica a los quehaceres del hogar,2022,Hombres,Con discapacidad,Tabasco,18-29,0.0,4723.0,7.0,,ENADIS (INEGI),Personas de 18 años o más,enadis
trabajo,Se dedica a los quehaceres del hogar,2022,Hombres,Con discapacidad,Tabasco,30-44,0.0,7535.0,12.0,,ENADIS (INEGI),Personas de 18 años o más,enadis
trabajo,Se dedica a los quehaceres del hogar,2022,Hombres,Con discapacidad,Tabasco,45-59,0.0,13690.0,22.0,,ENADIS (INEGI),Personas de 18 años o más,enadis
trabajo,Se dedica a los quehaceres del hogar,2022,Hombres,Con discapacidad,Tabasco,60+,3926.0,38719.0,56.0,,ENADIS (INEGI),Personas de 18 años o más,enadis
trabajo,Se dedica a los quehaceres del hogar,2022,Hombres,Con discapacidad,Tamaulipas,18-29,0.0,11042.0,9.0,,ENADIS (INEGI),Personas de 18 años o más,enadis
trabajo,Se dedica a los quehaceres del hogar,2022,Hombres,Con discapacidad,Tamaulipas,30-44,975.0,5823.0,7.0,,ENADIS (INEGI),Personas de 18 años o más,enadis
trabajo,Se dedica a los quehaceres del hogar,2022,Hombres,Con discapacidad,Tamaulipas,45-59,1013.0,12405.0,12.0,,ENADIS (INEGI),Personas de 18 años o más,enadis
trabajo,Se dedica a los quehaceres del hogar,2022,Hombres,Con discapacidad,Tamaulipas,60+,0.0,49325.0,42.0,,ENADIS (INEGI),Personas de 18 años o más,enadis
trabajo,Se dedica a los quehaceres del hogar,2022,Hombres,Con discapacidad,Tlaxcala,18-29,0.0,2220.0,8.0,,ENADIS (INEGI),Personas de 18 años o más,enadis
trabajo,Se dedica a los quehaceres del hogar,2022,Hombres,Con discapacidad,Tlaxcala,30-44,702.0,4313.0,12.0,,ENADIS (INEGI),Personas de 18 años o más,enadis
trabajo,Se dedica a los quehaceres del hogar,2022,Hombres,Con discapacidad,Tlaxcala,45-59,0.0,3326.0,10.0,,ENADIS (INEGI),Personas de 18 años o más,enadis
trabajo,Se dedica a los quehaceres del hogar,2022,Hombres,Con discapacidad,Tlaxcala,60+,1053.0,11966.0,37.0,,ENADIS (INEGI),Personas de 18 años o más,enadis
trabajo,Se dedica a los quehaceres del hogar,2022,Hombres,Con discapacidad,Veracruz,18-29,0.0,15625.0,7.0,,ENADIS (INEGI),Personas de 18 años o más,enadis
trabajo,Se dedica a los quehaceres del hogar,2022,Hombres,Con discapacidad,Veracruz,30-44,0.0,35306.0,16.0,,ENADIS (INEGI),Personas de 18 años o más,enadis
trabajo,Se dedica a los quehaceres del hogar,2022,Hombres,Con discapacidad,Veracruz,45-59,0.0,58863.0,24.0,,ENADIS (INEGI),Personas de 18 años o más,enadis
trabajo,Se dedica a los quehaceres del hogar,2022,Hombres,Con discapacidad,Veracruz,60+,0.0,136004.0,63.0,,ENADIS (INEGI),Personas de 18 años o más,enadis
trabajo,Se dedica a los quehaceres del hogar,2022,Hombres,Con discapacidad,Yucatán,18-29,0.0,7997.0,15.0,,ENADIS (INEGI),Personas de 18 años o más,enadis
trabajo,Se dedica a los quehaceres del hogar,2022,Hombres,Con discapacidad,Yucatán,30-44,0.0,11332.0,20.0,,ENADIS (INEGI),Personas de 18 años o más,enadis
trabajo,Se dedica a los quehaceres del hogar,2022,Hombres,Con discapacidad,Yucatán,45-59,0.0,15273.0,30.0,,ENADIS (INEGI),Personas de 18 años o más,enadis
trabajo,Se dedica a los quehaceres del hogar,2022,Hombres,Con discapacidad,Yucatán,60+,506.0,33496.0,54.0,,ENADIS (INEGI),Personas de 18 años o más,enadis
trabajo,Se dedica a los quehaceres del hogar,2022,Hombres,Con discapacidad,Zacatecas,18-29,0.0,3478.0,8.0,,ENADIS (INEGI),Personas de 18 años o más,enadis
trabajo,Se dedica a los quehaceres del hogar,2022,Hombres,Con discapacidad,Zacatecas,30-44,0.0,3389.0,8.0,,ENADIS (INEGI),Personas de 18 años o más,enadis
trabajo,Se dedica a los quehaceres del hogar,2022,Hombres,Con discapacidad,Zacatecas,45-59,348.0,11643.0,29.0,,ENADIS (INEGI),Personas de 18 años o más,enadis
trabajo,Se dedica a los quehaceres del hogar,2022,Hombres,Con discapacidad,Zacatecas,60+,635.0,28853.0,64.0,,ENADIS (INEGI),Personas de 18 años o más,enadis
trabajo,Se dedica a los quehaceres del hogar,2022,Hombres,Sin discapacidad,Aguascalientes,18-29,2368.0,143541.0,421.0,,ENADIS (INEGI),Personas de 18 años o más,enadis
trabajo,Se dedica a los quehaceres del hogar,2022,Hombres,Sin discapacidad,Aguascalientes,30-44,310.0,127241.0,378.0,,ENADIS (INEGI),Personas de 18 años o más,enadis
trabajo,Se dedica a los quehaceres del hogar,2022,Hombres,Sin discapacidad,Aguascalientes,45-59,1169.0,104695.0,306.0,,ENADIS (INEGI),Personas de 18 años o más,enadis
trabajo,Se dedica a los quehaceres del hogar,2022,Hombres,Sin discapacidad,Aguascalientes,60+,1588.0,72777.0,192.0,,ENADIS (INEGI),Personas de 18 años o más,enadis
trabajo,Se dedica a los quehaceres del hogar,2022,Hombres,Sin discapacidad,Baja California,18-29,6724.0,397910.0,334.0,,ENADIS (INEGI),Personas de 18 años o más,enadis
trabajo,Se dedica a los quehaceres del hogar,2022,Hombres,Sin discapacidad,Baja California,30-44,2839.0,406863.0,381.0,,ENADIS (INEGI),Personas de 18 años o más,enadis
trabajo,Se dedica a los quehaceres del hogar,2022,Hombres,Sin discapacidad,Baja California,45-59,1036.0,340713.0,311.0,,ENADIS (INEGI),Personas de 18 años o más,enadis
trabajo,Se dedica a los quehaceres del hogar,2022,Hombres,Sin discapacidad,Baja California,60+,4511.0,183829.0,155.0,,ENADIS (INEGI),Personas de 18 años o más,enadis
trabajo,Se dedica a los quehaceres del hogar,2022,Hombres,Sin discapacidad,Baja California Sur,18-29,1885.0,85255.0,346.0,,ENADIS (INEGI),Personas de 18 años o más,enadis
trabajo,Se dedica a los quehaceres del hogar,2022,Hombres,Sin discapacidad,Baja California Sur,30-44,203.0,98251.0,420.0,,ENADIS (INEGI),Personas de 18 años o más,enadis
trabajo,Se dedica a los quehaceres del hogar,2022,Hombres,Sin discapacidad,Baja California Sur,45-59,339.0,75975.0,323.0,,ENADIS (INEGI),Personas de 18 años o más,enadis
trabajo,Se dedica a los quehaceres del hogar,2022,Hombres,Sin discapacidad,Baja California Sur,60+,1338.0,31191.0,138.0,,ENADIS (INEGI),Personas de 18 años o más,enadis
trabajo,Se dedica a los quehaceres del hogar,2022,Hombres,Sin discapacidad,Campeche,18-29,0.0,86183.0,379.0,,ENADIS (INEGI),Personas de 18 años o más,enadis
trabajo,Se dedica a los quehaceres del hogar,2022,Hombres,Sin discapacidad,Campeche,30-44,363.0,88786.0,422.0,,ENADIS (INEGI),Personas de 18 años o más,enadis
trabajo,Se dedica a los quehaceres del hogar,2022,Hombres,Sin discapacidad,Campeche,45-59,165.0,71610.0,310.0,,ENADIS (INEGI),Personas de 18 años o más,enadis
trabajo,Se dedica a los quehaceres del hogar,2022,Hombres,Sin discapacidad,Campeche,60+,1088.0,39654.0,172.0,,ENADIS (INEGI),Personas de 18 años o más,enadis
trabajo,Se dedica a los quehaceres del hogar,2022,Hombres,Sin discapacidad,Chiapas,18-29,1218.0,435656.0,333.0,,ENADIS (INEGI),Personas de 18 años o más,enadis
trabajo,Se dedica a los quehaceres del hogar,2022,Hombres,Sin discapacidad,Chiapas,30-44,2836.0,498188.0,410.0,,ENADIS (INEGI),Personas de 18 años o más,enadis
trabajo,Se dedica a los quehaceres del hogar,2022,Hombres,Sin discapacidad,Chiapas,45-59,0.0,373871.0,308.0,,ENADIS (INEGI),Personas de 18 años o más,enadis
trabajo,Se dedica a los quehaceres del hogar,2022,Hombres,Sin discapacidad,Chiapas,60+,4656.0,217441.0,198.0,,ENADIS (INEGI),Personas de 18 años o más,enadis
trabajo,Se dedica a los quehaceres del hogar,2022,Hombres,Sin discapacidad,Chihuahua,18-29,6775.0,346723.0,319.0,,ENADIS (INEGI),Personas de 18 años o más,enadis
trabajo,Se dedica a los quehaceres del hogar,2022,Hombres,Sin discapacidad,Chihuahua,30-44,756.0,355905.0,357.0,,ENADIS (INEGI),Personas de 18 años o más,enadis
trabajo,Se dedica a los quehaceres del hogar,2022,Hombres,Sin discapacidad,Chihuahua,45-59,3637.0,317882.0,306.0,,ENADIS (INEGI),Personas de 18 años o más,enadis
trabajo,Se dedica a los quehaceres del hogar,2022,Hombres,Sin discapacidad,Chihuahua,60+,14166.0,176418.0,153.0,,ENADIS (INEGI),Personas de 18 años o más,enadis
trabajo,Se dedica a los quehaceres del hogar,2022,Hombres,Sin discapacidad,Ciudad de México,18-29,11452.0,872839.0,283.0,,ENADIS (INEGI),Personas de 18 años o más,enadis
trabajo,Se dedica a los quehaceres del hogar,2022,Hombres,Sin discapacidad,Ciudad de México,30-44,7730.0,887813.0,366.0,,ENADIS (INEGI),Personas de 18 años o más,enadis
trabajo,Se dedica a los quehaceres del hogar,2022,Hombres,Sin discapacidad,Ciudad de México,45-59,12910.0,893512.0,348.0,,ENADIS (INEGI),Personas de 18 años o más,enadis
trabajo,Se dedica a los quehaceres del hogar,2022,Hombres,Sin discapacidad,Ciudad de México,60+,45082.0,588859.0,196.0,,ENADIS (INEGI),Personas de 18 años o más,enadis
trabajo,Se dedica a los quehaceres del hogar,2022,Hombres,Sin discapacidad,Coahuila,18-29,949.0,293750.0,314.0,,ENADIS (INEGI),Personas de 18 años o más,enadis
trabajo,Se dedica a los quehaceres del hogar,2022,Hombres,Sin discapacidad,Coahuila,30-44,2603.0,332105.0,398.0,,ENADIS (INEGI),Personas de 18 años o más,enadis
trabajo,Se dedica a los quehaceres del hogar,2022,Hombres,Sin discapacidad,Coahuila,45-59,1454.0,252670.0,303.0,,ENADIS (INEGI),Personas de 18 años o más,enadis
trabajo,Se dedica a los quehaceres del hogar,2022,Hombres,Sin discapacidad,Coahuila,60+,538.0,164180.0,191.0,,ENADIS (INEGI),Personas de 18 años o más,enadis
trabajo,Se dedica a los quehaceres del hogar,2022,Hombres,Sin discapacidad,Colima,18-29,1086.0,63399.0,280.0,,ENADIS (INEGI),Personas de 18 años o más,enadis
trabajo,Se dedica a los quehaceres del hogar,2022,Hombres,Sin discapacidad,Colima,30-44,232.0,74477.0,364.0,,ENADIS (INEGI),Personas de 18 años o más,enadis
trabajo,Se dedica a los quehaceres del hogar,2022,Hombres,Sin discapacidad,Colima,45-59,417.0,60658.0,277.0,,ENADIS (INEGI),Personas de 18 años o más,enadis
trabajo,Se dedica a los quehaceres del hogar,2022,Hombres,Sin discapacidad,Colima,60+,1371.0,39124.0,172.0,,ENADIS (INEGI),Personas de 18 años o más,enadis
trabajo,Se dedica a los quehaceres del hogar,2022,Hombres,Sin discapacidad,Durango,18-29,1361.0,168156.0,366.0,,ENADIS (INEGI),Personas de 18 años o más,enadis
trabajo,Se dedica a los quehaceres del hogar,2022,Hombres,Sin discapacidad,Durango,30-44,0.0,152686.0,341.0,,ENADIS (INEGI),Personas de 18 años o más,enadis
trabajo,Se dedica a los quehaceres del hogar,2022,Hombres,Sin discapacidad,Durango,45-59,1515.0,139199.0,293.0,,ENADIS (INEGI),Personas de 18 años o más,enadis
trabajo,Se dedica a los quehaceres del hogar,2022,Hombres,Sin discapacidad,Durango,60+,1917.0,81985.0,185.0,,ENADIS (INEGI),Personas de 18 años o más,enadis
trabajo,Se dedica a los quehaceres del hogar,2022,Hombres,Sin discapacidad,Guanajuato,18-29,3605.0,549265.0,405.0,,ENADIS (INEGI),Personas de 18 años o más,enadis
trabajo,Se dedica a los quehaceres del hogar,2022,Hombres,Sin discapacidad,Guanajuato,30-44,2496.0,546407.0,406.0,,ENADIS (INEGI),Personas de 18 años o más,enadis
trabajo,Se dedica a los quehaceres del hogar,2022,Hombres,Sin discapacidad,Guanajuato,45-59,2693.0,485555.0,356.0,,ENADIS (INEGI),Personas de 18 años o más,enadis
trabajo,Se dedica a los quehaceres del hogar,2022,Hombres,Sin discapacidad,Guanajuato,60+,6617.0,332878.0,190.0,,ENADIS (INEGI),Personas de 18 años o más,enadis
trabajo,Se dedica a los quehaceres del hogar,2022,Hombres,Sin discapacidad,Guerrero,18-29,7056.0,270701.0,336.0,,ENADIS (INEGI),Personas de 18 años o más,enadis
trabajo,Se dedica a los quehaceres del hogar,2022,Hombres,Sin discapacidad,Guerrero,30-44,1648.0,281363.0,361.0,,ENADIS (INEGI),Personas de 18 años o más,enadis
trabajo,Se dedica a los quehaceres del hogar,2022,Hombres,Sin discapacidad,Guerrero,45-59,957.0,233071.0,293.0,,ENADIS (INEGI),Personas de 18 años o más,enadis
trabajo,Se dedica a los quehaceres del hogar,2022,Hombres,Sin discapacidad,Guerrero,60+,12686.0,195332.0,230.0,,ENADIS (INEGI),Personas de 18 años o más,enadis
trabajo,Se dedica a los quehaceres del hogar,2022,Hombres,Sin discapacidad,Hidalgo,18-29,10042.0,247402.0,312.0,,ENADIS (INEGI),Personas de 18 años o más,enadis
trabajo,Se dedica a los quehaceres del hogar,2022,Hombres,Sin discapacidad,Hidalgo,30-44,2539.0,298424.0,397.0,,ENADIS (INEGI),Personas de 18 años o más,enadis
trabajo,Se dedica a los quehaceres del hogar,2022,Hombres,Sin discapacidad,Hidalgo,45-59,5458.0,240503.0,318.0,,ENADIS (INEGI),Personas de 18 años o más,enadis
trabajo,Se dedica a los quehaceres del hogar,2022,Hombres,Sin discapacidad,Hidalgo,60+,12505.0,176491.0,214.0,,ENADIS (INEGI),Personas de 18 años o más,enadis
trabajo,Se dedica a los quehaceres del hogar,2022,Hombres,Sin discapacidad,Jalisco,18-29,13641.0,785683.0,358.0,,ENADIS (INEGI),Personas de 18 años o más,enadis
trabajo,Se dedica a los quehaceres del hogar,2022,Hombres,Sin discapacidad,Jalisco,30-44,7077.0,845764.0,419.0,,ENADIS (INEGI),Personas de 18 años o más,enadis
trabajo,Se dedica a los quehaceres del hogar,2022,Hombres,Sin discapacidad,Jalisco,45-59,5829.0,624464.0,299.0,,ENADIS (INEGI),Personas de 18 años o más,enadis
trabajo,Se dedica a los quehaceres del hogar,2022,Hombres,Sin discapacidad,Jalisco,60+,34735.0,468921.0,207.0,,ENADIS (INEGI),Personas de 18 años o más,enadis
trabajo,Se dedica a los quehaceres del hogar,2022,Hombres,Sin discapacidad,Michoacán,18-29,7550.0,385819.0,314.0,,ENADIS (INEGI),Personas de 18 años o más,enadis
trabajo,Se dedica a los quehaceres del hogar,2022,Hombres,Sin discapacidad,Michoacán,30-44,5008.0,441251.0,400.0,,ENADIS (INEGI),Personas de 18 años o más,enadis
trabajo,Se dedica a los quehaceres del hogar,2022,Hombres,Sin discapacidad,Michoacán,45-59,7258.0,363936.0,323.0,,ENADIS (INEGI),Personas de 18 años o más,enadis
trabajo,Se dedica a los quehaceres del hogar,2022,Hombres,Sin discapacidad,Michoacán,60+,25493.0,260147.0,202.0,,ENADIS (INEGI),Personas de 18 años o más,enadis
trabajo,Se dedica a los quehaceres del hogar,2022,Hombres,Sin discapacidad,Morelos,18-29,1605.0,172027.0,315.0,,ENADIS (INEGI),Personas de 18 años o más,enadis
trabajo,Se dedica a los quehaceres del hogar,2022,Hombres,Sin discapacidad,Morelos,30-44,850.0,178975.0,367.0,,ENADIS (INEGI),Personas de 18 años o más,enadis
trabajo,Se dedica a los quehaceres del hogar,2022,Hombres,Sin discapacidad,Morelos,45-59,337.0,147665.0,285.0,,ENADIS (INEGI),Personas de 18 años o más,enadis
trabajo,Se dedica a los quehaceres del hogar,2022,Hombres,Sin discapacidad,Morelos,60+,3458.0,113600.0,203.0,,ENADIS (INEGI),Personas de 18 años o más,enadis
trabajo,Se dedica a los quehaceres del hogar,2022,Hombres,Sin discapacidad,México,18-29,37095.0,1788382.0,391.0,,ENADIS (INEGI),Personas de 18 años o más,enadis
trabajo,Se dedica a los quehaceres del hogar,2022,Hombres,Sin discapacidad,México,30-44,9646.0,1576896.0,397.0,,ENADIS (INEGI),Personas de 18 años o más,enadis
trabajo,Se dedica a los quehaceres del hogar,2022,Hombres,Sin discapacidad,México,45-59,3954.0,1500786.0,375.0,,ENADIS (INEGI),Personas de 18 años o más,enadis
trabajo,Se dedica a los quehaceres del hogar,2022,Hombres,Sin discapacidad,México,60+,58065.0,850439.0,212.0,,ENADIS (INEGI),Personas de 18 años o más,enadis
trabajo,Se dedica a los quehaceres del hogar,2022,Hombres,Sin discapacidad,Nayarit,18-29,0.0,108360.0,374.0,,ENADIS (INEGI),Personas de 18 años o más,enadis
trabajo,Se dedica a los quehaceres del hogar,2022,Hombres,Sin discapacidad,Nayarit,30-44,1019.0,109917.0,346.0,,ENADIS (INEGI),Personas de 18 años o más,enadis
trabajo,Se dedica a los quehaceres del hogar,2022,Hombres,Sin discapacidad,Nayarit,45-59,346.0,106442.0,326.0,,ENADIS (INEGI),Personas de 18 años o más,enadis
trabajo,Se dedica a los quehaceres del hogar,2022,Hombres,Sin discapacidad,Nayarit,60+,756.0,76493.0,232.0,,ENADIS (INEGI),Personas de 18 años o más,enadis
trabajo,Se dedica a los quehaceres del hogar,2022,Hombres,Sin discapacidad,Nuevo León,18-29,5266.0,585970.0,383.0,,ENADIS (INEGI),Personas de 18 años o más,enadis
trabajo,Se dedica a los quehaceres del hogar,2022,Hombres,Sin discapacidad,Nuevo León,30-44,0.0,544768.0,369.0,,ENADIS (INEGI),Personas de 18 años o más,enadis
trabajo,Se dedica a los quehaceres del hogar,2022,Hombres,Sin discapacidad,Nuevo León,45-59,1386.0,545192.0,368.0,,ENADIS (INEGI),Personas de 18 años o más,enadis
trabajo,Se dedica a los quehaceres del hogar,2022,Hombres,Sin discapacidad,Nuevo León,60+,4909.0,301977.0,173.0,,ENADIS (INEGI),Personas de 18 años o más,enadis
trabajo,Se dedica a los quehaceres del hogar,2022,Hombres,Sin discapacidad,Oaxaca,18-29,2880.0,286271.0,329.0,,ENADIS (INEGI),Personas de 18 años o más,enadis
trabajo,Se dedica a los quehaceres del hogar,2022,Hombres,Sin discapacidad,Oaxaca,30-44,5005.0,383555.0,388.0,,ENADIS (INEGI),Personas de 18 años o más,enadis
trabajo,Se dedica a los quehaceres del hogar,2022,Hombres,Sin discapacidad,Oaxaca,45-59,2531.0,296531.0,299.0,,ENADIS (INEGI),Personas de 18 años o más,enadis
trabajo,Se dedica a los quehaceres del hogar,2022,Hombres,Sin discapacidad,Oaxaca,60+,7456.0,214818.0,208.0,,ENADIS (INEGI),Personas de 18 años o más,enadis
trabajo,Se dedica a los quehaceres del hogar,2022,Hombres,Sin discapacidad,Puebla,18-29,2598.0,592622.0,359.0,,ENADIS (INEGI),Personas de 18 años o más,enadis
trabajo,Se dedica a los quehaceres del hogar,2022,Hombres,Sin discapacidad,Puebla,30-44,2534.0,610471.0,413.0,,ENADIS (INEGI),Personas de 18 años o más,enadis
trabajo,Se dedica a los quehaceres del hogar,2022,Hombres,Sin discapacidad,Puebla,45-59,0.0,487602.0,327.0,,ENADIS (INEGI),Personas de 18 años o más,enadis
trabajo,Se dedica a los quehaceres del hogar,2022,Hombres,Sin discapacidad,Puebla,60+,13875.0,305908.0,156.0,,ENADIS (INEGI),Personas de 18 años o más,enadis
trabajo,Se dedica a los quehaceres del hogar,2022,Hombres,Sin discapacidad,Querétaro,18-29,6288.0,257283.0,378.0,,ENADIS (INEGI),Personas de 18 años o más,enadis
trabajo,Se dedica a los quehaceres del hogar,2022,Hombres,Sin discapacidad,Querétaro,30-44,3269.0,226226.0,367.0,,ENADIS (INEGI),Personas de 18 años o más,enadis
trabajo,Se dedica a los quehaceres del hogar,2022,Hombres,Sin discapacidad,Querétaro,45-59,1784.0,191408.0,307.0,,ENADIS (INEGI),Personas de 18 años o más,enadis
trabajo,Se dedica a los quehaceres del hogar,2022,Hombres,Sin discapacidad,Querétaro,60+,7765.0,123563.0,162.0,,ENADIS (INEGI),Personas de 18 años o más,enadis
trabajo,Se dedica a los quehaceres del hogar,2022,Hombres,Sin discapacidad,Quintana Roo,18-29,5042.0,195177.0,362.0,,ENADIS (INEGI),Personas de 18 años o más,enadis
trabajo,Se dedica a los quehaceres del hogar,2022,Hombres,Sin discapacidad,Quintana Roo,30-44,1170.0,225740.0,433.0,,ENADIS (INEGI),Personas de 18 años o más,enadis
trabajo,Se dedica a los quehaceres del hogar,2022,Hombres,Sin discapacidad,Quintana Roo,45-59,1751.0,161812.0,300.0,,ENADIS (INEGI),Personas de 18 años o más,enadis
trabajo,Se dedica a los quehaceres del hogar,2022,Hombres,Sin discapacidad,Quintana Roo,60+,756.0,73403.0,150.0,,ENADIS (INEGI),Personas de 18 años o más,enadis
trabajo,Se dedica a los quehaceres del hogar,2022,Hombres,Sin discapacidad,San Luis Potosí,18-29,5899.0,248059.0,359.0,,ENADIS (INEGI),Personas de 18 años o más,enadis
trabajo,Se dedica a los quehaceres del hogar,2022,Hombres,Sin discapacidad,San Luis Potosí,30-44,467.0,258733.0,404.0,,ENADIS (INEGI),Personas de 18 años o más,enadis
trabajo,Se dedica a los quehaceres del hogar,2022,Hombres,Sin discapacidad,San Luis Potosí,45-59,1974.0,214358.0,333.0,,ENADIS (INEGI),Personas de 18 años o más,enadis
trabajo,Se dedica a los quehaceres del hogar,2022,Hombres,Sin discapacidad,San Luis Potosí,60+,5936.0,158184.0,195.0,,ENADIS (INEGI),Personas de 18 años o más,enadis
trabajo,Se dedica a los quehaceres del hogar,2022,Hombres,Sin discapacidad,Sinaloa,18-29,4395.0,269763.0,330.0,,ENADIS (INEGI),Personas de 18 años o más,enadis
trabajo,Se dedica a los quehaceres del hogar,2022,Hombres,Sin discapacidad,Sinaloa,30-44,1110.0,286047.0,381.0,,ENADIS (INEGI),Personas de 18 años o más,enadis
trabajo,Se dedica a los quehaceres del hogar,2022,Hombres,Sin discapacidad,Sinaloa,45-59,3331.0,264051.0,320.0,,ENADIS (INEGI),Personas de 18 años o más,enadis
trabajo,Se dedica a los quehaceres del hogar,2022,Hombres,Sin discapacidad,Sinaloa,60+,3076.0,175330.0,232.0,,ENADIS (INEGI),Personas de 18 años o más,enadis
trabajo,Se dedica a los quehaceres del hogar,2022,Hombres,Sin discapacidad,Sonora,18-29,2635.0,273116.0,336.0,,ENADIS (INEGI),Personas de 18 años o más,enadis
trabajo,Se dedica a los quehaceres del hogar,2022,Hombres,Sin discapacidad,Sonora,30-44,750.0,288608.0,388.0,,ENADIS (INEGI),Personas de 18 años o más,enadis
trabajo,Se dedica a los quehaceres del hogar,2022,Hombres,Sin discapacidad,Sonora,45-59,754.0,250141.0,324.0,,ENADIS (INEGI),Personas de 18 años o más,enadis
trabajo,Se dedica a los quehaceres del hogar,2022,Hombres,Sin discapacidad,Sonora,60+,3834.0,158491.0,207.0,,ENADIS (INEGI),Personas de 18 años o más,enadis
trabajo,Se dedica a los quehaceres del hogar,2022,Hombres,Sin discapacidad,Tabasco,18-29,7061.0,202761.0,323.0,,ENADIS (INEGI),Personas de 18 años o más,enadis
trabajo,Se dedica a los quehaceres del hogar,2022,Hombres,Sin discapacidad,Tabasco,30-44,5227.0,239449.0,424.0,,ENADIS (INEGI),Personas de 18 años o más,enadis
trabajo,Se dedica a los quehaceres del hogar,2022,Hombres,Sin discapacidad,Tabasco,45-59,5846.0,178490.0,308.0,,ENADIS (INEGI),Personas de 18 años o más,enadis
trabajo,Se dedica a los quehaceres del hogar,2022,Hombres,Sin discapacidad,Tabasco,60+,8563.0,103781.0,167.0,,ENADIS (INEGI),Personas de 18 años o más,enadis
trabajo,Se dedica a los quehaceres del hogar,2022,Hombres,Sin discapacidad,Tamaulipas,18-29,13306.0,300803.0,323.0,,ENADIS (INEGI),Personas de 18 años o más,enadis
trabajo,Se dedica a los quehaceres del hogar,2022,Hombres,Sin discapacidad,Tamaulipas,30-44,6106.0,373713.0,402.0,,ENADIS (INEGI),Personas de 18 años o más,enadis
trabajo,Se dedica a los quehaceres del hogar,2022,Hombres,Sin discapacidad,Tamaulipas,45-59,3902.0,264933.0,279.0,,ENADIS (INEGI),Personas de 18 años o más,enadis
trabajo,Se dedica a los quehaceres del hogar,2022,Hombres,Sin discapacidad,Tamaulipas,60+,8615.0,193125.0,170.0,,ENADIS (INEGI),Personas de 18 años o más,enadis
trabajo,Se dedica a los quehaceres del hogar,2022,Hombres,Sin discapacidad,Tlaxcala,18-29,2763.0,122124.0,406.0,,ENADIS (INEGI),Personas de 18 años o más,enadis
trabajo,Se dedica a los quehaceres del hogar,2022,Hombres,Sin discapacidad,Tlaxcala,30-44,2100.0,126458.0,416.0,,ENADIS (INEGI),Personas de 18 años o más,enadis
trabajo,Se dedica a los quehaceres del hogar,2022,Hombres,Sin discapacidad,Tlaxcala,45-59,1703.0,90344.0,290.0,,ENADIS (INEGI),Personas de 18 años o más,enadis
trabajo,Se dedica a los quehaceres del hogar,2022,Hombres,Sin discapacidad,Tlaxcala,60+,3630.0,59336.0,177.0,,ENADIS (INEGI),Personas de 18 años o más,enadis
trabajo,Se dedica a los quehaceres del hogar,2022,Hombres,Sin discapacidad,Veracruz,18-29,6688.0,652458.0,271.0,,ENADIS (INEGI),Personas de 18 años o más,enadis
trabajo,Se dedica a los quehaceres del hogar,2022,Hombres,Sin discapacidad,Veracruz,30-44,1794.0,703289.0,306.0,,ENADIS (INEGI),Personas de 18 años o más,enadis
trabajo,Se dedica a los quehaceres del hogar,2022,Hombres,Sin discapacidad,Veracruz,45-59,5417.0,601989.0,262.0,,ENADIS (INEGI),Personas de 18 años o más,enadis
trabajo,Se dedica a los quehaceres del hogar,2022,Hombres,Sin discapacidad,Veracruz,60+,10151.0,437816.0,205.0,,ENADIS (INEGI),Personas de 18 años o más,enadis
trabajo,Se dedica a los quehaceres del hogar,2022,Hombres,Sin discapacidad,Yucatán,18-29,1993.0,212646.0,416.0,,ENADIS (INEGI),Personas de 18 años o más,enadis
trabajo,Se dedica a los quehaceres del hogar,2022,Hombres,Sin discapacidad,Yucatán,30-44,0.0,257027.0,468.0,,ENADIS (INEGI),Personas de 18 años o más,enadis
trabajo,Se dedica a los quehaceres del hogar,2022,Hombres,Sin discapacidad,Yucatán,45-59,2840.0,163656.0,319.0,,ENADIS (INEGI),Personas de 18 años o más,enadis
trabajo,Se dedica a los quehaceres del hogar,2022,Hombres,Sin discapacidad,Yucatán,60+,1280.0,123031.0,191.0,,ENADIS (INEGI),Personas de 18 años o más,enadis
trabajo,Se dedica a los quehaceres del hogar,2022,Hombres,Sin discapacidad,Zacatecas,18-29,245.0,123490.0,291.0,,ENADIS (INEGI),Personas de 18 años o más,enadis
trabajo,Se dedica a los quehaceres del hogar,2022,Hombres,Sin discapacidad,Zacatecas,30-44,1347.0,132677.0,356.0,,ENADIS (INEGI),Personas de 18 años o más,enadis
trabajo,Se dedica a los quehaceres del hogar,2022,Hombres,Sin discapacidad,Zacatecas,45-59,433.0,113752.0,286.0,,ENADIS (INEGI),Personas de 18 años o más,enadis
trabajo,Se dedica a los quehaceres del hogar,2022,Hombres,Sin discapacidad,Zacatecas,60+,4309.0,73333.0,174.0,,ENADIS (INEGI),Personas de 18 años o más,enadis
trabajo,Se dedica a los quehaceres del hogar,2022,Mujeres,Con discapacidad,Aguascalientes,18-29,0.0,3249.0,9.0,,ENADIS (INEGI),Personas de 18 años o más,enadis
trabajo,Se dedica a los quehaceres del hogar,2022,Mujeres,Con discapacidad,Aguascalientes,30-44,316.0,1530.0,4.0,,ENADIS (INEGI),Personas de 18 años o más,enadis
trabajo,Se dedica a los quehaceres del hogar,2022,Mujeres,Con discapacidad,Aguascalientes,45-59,3428.0,7857.0,24.0,,ENADIS (INEGI),Personas de 18 años o más,enadis
trabajo,Se dedica a los quehaceres del hogar,2022,Mujeres,Con discapacidad,Aguascalientes,60+,7510.0,21361.0,58.0,,ENADIS (INEGI),Personas de 18 años o más,enadis
trabajo,Se dedica a los quehaceres del hogar,2022,Mujeres,Con discapacidad,Baja California,18-29,0.0,10746.0,10.0,,ENADIS (INEGI),Personas de 18 años o más,enadis
trabajo,Se dedica a los quehaceres del hogar,2022,Mujeres,Con discapacidad,Baja California,30-44,2479.0,9520.0,10.0,,ENADIS (INEGI),Personas de 18 años o más,enadis
trabajo,Se dedica a los quehaceres del hogar,2022,Mujeres,Con discapacidad,Baja California,45-59,9084.0,17159.0,15.0,,ENADIS (INEGI),Personas de 18 años o más,enadis
trabajo,Se dedica a los quehaceres del hogar,2022,Mujeres,Con discapacidad,Baja California,60+,14530.0,49299.0,43.0,,ENADIS (INEGI),Personas de 18 años o más,enadis
trabajo,Se dedica a los quehaceres del hogar,2022,Mujeres,Con discapacidad,Baja California Sur,18-29,503.0,503.0,2.0,,ENADIS (INEGI),Personas de 18 años o más,enadis
trabajo,Se dedica a los quehaceres del hogar,2022,Mujeres,Con discapacidad,Baja California Sur,30-44,244.0,2200.0,10.0,,ENADIS (INEGI),Personas de 18 años o más,enadis
trabajo,Se dedica a los quehaceres del hogar,2022,Mujeres,Con discapacidad,Baja California Sur,45-59,1454.0,5205.0,20.0,,ENADIS (INEGI),Personas de 18 años o más,enadis
trabajo,Se dedica a los quehaceres del hogar,2022,Mujeres,Con discapacidad,Baja California Sur,60+,5072.0,8643.0,41.0,,ENADIS (INEGI),Personas de 18 años o más,enadis
trabajo,Se dedica a los quehaceres del hogar,2022,Mujeres,Con discapacidad,Campeche,18-29,390.0,2373.0,10.0,,ENADIS (INEGI),Personas de 18 años o más,enadis
trabajo,Se dedica a los quehaceres del hogar,2022,Mujeres,Con discapacidad,Campeche,30-44,1679.0,3704.0,18.0,,ENADIS (INEGI),Personas de 18 años o más,enadis
trabajo,Se dedica a los quehaceres del hogar,2022,Mujeres,Con discapacidad,Campeche,45-59,3279.0,8290.0,36.0,,ENADIS (INEGI),Personas de 18 años o más,enadis
trabajo,Se dedica a los quehaceres del hogar,2022,Mujeres,Con discapacidad,Campeche,60+,7083.0,18960.0,83.0,,ENADIS (INEGI),Personas de 18 años o más,enadis
trabajo,Se dedica a los quehaceres del hogar,2022,Mujeres,Con discapacidad,Chiapas,18-29,0.0,3502.0,3.0,,ENADIS (INEGI),Personas de 18 años o más,enadis
trabajo,Se dedica a los quehaceres del hogar,2022,Mujeres,Con discapacidad,Chiapas,30-44,6488.0,12588.0,11.0,,ENADIS (INEGI),Personas de 18 años o más,enadis
trabajo,Se dedica a los quehaceres del hogar,2022,Mujeres,Con discapacidad,Chiapas,45-59,11948.0,26980.0,23.0,,ENADIS (INEGI),Personas de 18 años o más,enadis
trabajo,Se dedica a los quehaceres del hogar,2022,Mujeres,Con discapacidad,Chiapas,60+,27796.0,75580.0,72.0,,ENADIS (INEGI),Personas de 18 años o más,enadis
trabajo,Se dedica a los quehaceres del hogar,2022,Mujeres,Con discapacidad,Chihuahua,18-29,1051.0,7965.0,8.0,,ENADIS (INEGI),Personas de 18 años o más,enadis
trabajo,Se dedica a los quehaceres del hogar,2022,Mujeres,Con discapacidad,Chihuahua,30-44,4246.0,13556.0,12.0,,ENADIS (INEGI),Personas de 18 años o más,enadis
trabajo,Se dedica a los quehaceres del hogar,2022,Mujeres,Con discapacidad,Chihuahua,45-59,4875.0,17272.0,19.0,,ENADIS (INEGI),Personas de 18 años o más,enadis
trabajo,Se dedica a los quehaceres del hogar,2022,Mujeres,Con discapacidad,Chihuahua,60+,22268.0,60145.0,55.0,,ENADIS (INEGI),Personas de 18 años o más,enadis
trabajo,Se dedica a los quehaceres del hogar,2022,Mujeres,Con discapacidad,Ciudad de México,18-29,0.0,16613.0,5.0,,ENADIS (INEGI),Personas de 18 años o más,enadis
trabajo,Se dedica a los quehaceres del hogar,2022,Mujeres,Con discapacidad,Ciudad de México,30-44,8412.0,22594.0,9.0,,ENADIS (INEGI),Personas de 18 años o más,enadis
trabajo,Se dedica a los quehaceres del hogar,2022,Mujeres,Con discapacidad,Ciudad de México,45-59,6114.0,61885.0,22.0,,ENADIS (INEGI),Personas de 18 años o más,enadis
trabajo,Se dedica a los quehaceres del hogar,2022,Mujeres,Con discapacidad,Ciudad de México,60+,104546.0,202220.0,68.0,,ENADIS (INEGI),Personas de 18 años o más,enadis
trabajo,Se dedica a los quehaceres del hogar,2022,Mujeres,Con discapacidad,Coahuila,30-44,2298.0,7711.0,10.0,,ENADIS (INEGI),Personas de 18 años o más,enadis
trabajo,Se dedica a los quehaceres del hogar,2022,Mujeres,Con discapacidad,Coahuila,45-59,2898.0,5985.0,7.0,,ENADIS (INEGI),Personas de 18 años o más,enadis
trabajo,Se dedica a los quehaceres del hogar,2022,Mujeres,Con discapacidad,Coahuila,60+,12740.0,29286.0,36.0,,ENADIS (INEGI),Personas de 18 años o más,enadis
trabajo,Se dedica a los quehaceres del hogar,2022,Mujeres,Con discapacidad,Colima,18-29,0.0,1236.0,6.0,,ENADIS (INEGI),Personas de 18 años o más,enadis
trabajo,Se dedica a los quehaceres del hogar,2022,Mujeres,Con discapacidad,Colima,30-44,745.0,2186.0,10.0,,ENADIS (INEGI),Personas de 18 años o más,enadis
trabajo,Se dedica a los quehaceres del hogar,2022,Mujeres,Con discapacidad,Colima,45-59,1294.0,3871.0,19.0,,ENADIS (INEGI),Personas de 18 años o más,enadis
trabajo,Se dedica a los quehaceres del hogar,2022,Mujeres,Con discapacidad,Colima,60+,3926.0,12908.0,54.0,,ENADIS (INEGI),Personas de 18 años o más,enadis
trabajo,Se dedica a los quehaceres del hogar,2022,Mujeres,Con discapacidad,Durango,18-29,184.0,3410.0,7.0,,ENADIS (INEGI),Personas de 18 años o más,enadis
trabajo,Se dedica a los quehaceres del hogar,2022,Mujeres,Con discapacidad,Durango,30-44,1476.0,3883.0,10.0,,ENADIS (INEGI),Personas de 18 años o más,enadis
trabajo,Se dedica a los quehaceres del hogar,2022,Mujeres,Con discapacidad,Durango,45-59,3477.0,15236.0,31.0,,ENADIS (INEGI),Personas de 18 años o más,enadis
trabajo,Se dedica a los quehaceres del hogar,2022,Mujeres,Con discapacidad,Durango,60+,14657.0,35332.0,82.0,,ENADIS (INEGI),Personas de 18 años o más,enadis
trabajo,Se dedica a los quehaceres del hogar,2022,Mujeres,Con discapacidad,Guanajuato,18-29,5451.0,9247.0,6.0,,ENADIS (INEGI),Personas de 18 años o más,enadis
trabajo,Se dedica a los quehaceres del hogar,2022,Mujeres,Con discapacidad,Guanajuato,30-44,11445.0,29999.0,20.0,,ENADIS (INEGI),Personas de 18 años o más,enadis
trabajo,Se dedica a los quehaceres del hogar,2022,Mujeres,Con discapacidad,Guanajuato,45-59,7012.0,24100.0,16.0,,ENADIS (INEGI),Personas de 18 años o más,enadis
trabajo,Se dedica a los quehaceres del hogar,2022,Mujeres,Con discapacidad,Guanajuato,60+,44022.0,109653.0,70.0,,ENADIS (INEGI),Personas de 18 años o más,enadis
trabajo,Se dedica a los quehaceres del hogar,2022,Mujeres,Con discapacidad,Guerrero,18-29,1606.0,10787.0,13.0,,ENADIS (INEGI),Personas de 18 años o más,enadis
trabajo,Se dedica a los quehaceres del hogar,2022,Mujeres,Con discapacidad,Guerrero,30-44,3693.0,14347.0,17.0,,ENADIS (INEGI),Personas de 18 años o más,enadis
trabajo,Se dedica a los quehaceres del hogar,2022,Mujeres,Con discapacidad,Guerrero,45-59,9312.0,20267.0,25.0,,ENADIS (INEGI),Personas de 18 años o más,enadis
trabajo,Se dedica a los quehaceres del hogar,2022,Mujeres,Con discapacidad,Guerrero,60+,27169.0,60627.0,74.0,,ENADIS (INEGI),Personas de 18 años o más,enadis
trabajo,Se dedica a los quehaceres del hogar,2022,Mujeres,Con discapacidad,Hidalgo,18-29,972.0,2468.0,3.0,,ENADIS (INEGI),Personas de 18 años o más,enadis
trabajo,Se dedica a los quehaceres del hogar,2022,Mujeres,Con discapacidad,Hidalgo,30-44,3599.0,7254.0,10.0,,ENADIS (INEGI),Personas de 18 años o más,enadis
trabajo,Se dedica a los quehaceres del hogar,2022,Mujeres,Con discapacidad,Hidalgo,45-59,3843.0,11080.0,15.0,,ENADIS (INEGI),Personas de 18 años o más,enadis
trabajo,Se dedica a los quehaceres del hogar,2022,Mujeres,Con discapacidad,Hidalgo,60+,17754.0,56553.0,68.0,,ENADIS (INEGI),Personas de 18 años o más,enadis
trabajo,Se dedica a los quehaceres del hogar,2022,Mujeres,Con discapacidad,Jalisco,18-29,0.0,9536.0,6.0,,ENADIS (INEGI),Personas de 18 años o más,enadis
trabajo,Se dedica a los quehaceres del hogar,2022,Mujeres,Con discapacidad,Jalisco,30-44,4663.0,14820.0,8.0,,ENADIS (INEGI),Personas de 18 años o más,enadis
trabajo,Se dedica a los quehaceres del hogar,2022,Mujeres,Con discapacidad,Jalisco,45-59,15002.0,41876.0,21.0,,ENADIS (INEGI),Personas de 18 años o más,enadis
trabajo,Se dedica a los quehaceres del hogar,2022,Mujeres,Con discapacidad,Jalisco,60+,55712.0,116879.0,51.0,,ENADIS (INEGI),Personas de 18 años o más,enadis
trabajo,Se dedica a los quehaceres del hogar,2022,Mujeres,Con discapacidad,Michoacán,18-29,1254.0,2818.0,3.0,,ENADIS (INEGI),Personas de 18 años o más,enadis
trabajo,Se dedica a los quehaceres del hogar,2022,Mujeres,Con discapacidad,Michoacán,30-44,3117.0,10098.0,9.0,,ENADIS (INEGI),Personas de 18 años o más,enadis
trabajo,Se dedica a los quehaceres del hogar,2022,Mujeres,Con discapacidad,Michoacán,45-59,4950.0,8810.0,8.0,,ENADIS (INEGI),Personas de 18 años o más,enadis
trabajo,Se dedica a los quehaceres del hogar,2022,Mujeres,Con discapacidad,Michoacán,60+,33658.0,71900.0,54.0,,ENADIS (INEGI),Personas de 18 años o más,enadis
trabajo,Se dedica a los quehaceres del hogar,2022,Mujeres,Con discapacidad,Morelos,18-29,562.0,4459.0,9.0,,ENADIS (INEGI),Personas de 18 años o más,enadis
trabajo,Se dedica a los quehaceres del hogar,2022,Mujeres,Con discapacidad,Morelos,30-44,1686.0,7425.0,15.0,,ENADIS (INEGI),Personas de 18 años o más,enadis
trabajo,Se dedica a los quehaceres del hogar,2022,Mujeres,Con discapacidad,Morelos,45-59,3506.0,8608.0,15.0,,ENADIS (INEGI),Personas de 18 años o más,enadis
trabajo,Se dedica a los quehaceres del hogar,2022,Mujeres,Con discapacidad,Morelos,60+,8108.0,35324.0,67.0,,ENADIS (INEGI),Personas de 18 años o más,enadis
trabajo,Se dedica a los quehaceres del hogar,2022,Mujeres,Con discapacidad,México,18-29,6810.0,15187.0,3.0,,ENADIS (INEGI),Personas de 18 años o más,enadis
trabajo,Se dedica a los quehaceres del hogar,2022,Mujeres,Con discapacidad,México,30-44,7604.0,22690.0,6.0,,ENADIS (INEGI),Personas de 18 años o más,enadis
trabajo,Se dedica a los quehaceres del hogar,2022,Mujeres,Con discapacidad,México,45-59,14053.0,55047.0,15.0,,ENADIS (INEGI),Personas de 18 años o más,enadis
trabajo,Se dedica a los quehaceres del hogar,2022,Mujeres,Con discapacidad,México,60+,91043.0,210555.0,51.0,,ENADIS (INEGI),Personas de 18 años o más,enadis
trabajo,Se dedica a los quehaceres del hogar,2022,Mujeres,Con discapacidad,Nayarit,18-29,0.0,303.0,1.0,,ENADIS (INEGI),Personas de 18 años o más,enadis
trabajo,Se dedica a los quehaceres del hogar,2022,Mujeres,Con discapacidad,Nayarit,30-44,0.0,1212.0,4.0,,ENADIS (INEGI),Personas de 18 años o más,enadis
trabajo,Se dedica a los quehaceres del hogar,2022,Mujeres,Con discapacidad,Nayarit,45-59,3195.0,6824.0,20.0,,ENADIS (INEGI),Personas de 18 años o más,enadis
trabajo,Se dedica a los quehaceres del hogar,2022,Mujeres,Con discapacidad,Nayarit,60+,4181.0,14013.0,43.0,,ENADIS (INEGI),Personas de 18 años o más,enadis
trabajo,Se dedica a los quehaceres del hogar,2022,Mujeres,Con discapacidad,Nuevo León,18-29,0.0,8472.0,5.0,,ENADIS (INEGI),Personas de 18 años o más,enadis
trabajo,Se dedica a los quehaceres del hogar,2022,Mujeres,Con discapacidad,Nuevo León,30-44,1705.0,13395.0,8.0,,ENADIS (INEGI),Personas de 18 años o más,enadis
trabajo,Se dedica a los quehaceres del hogar,2022,Mujeres,Con discapacidad,Nuevo León,45-59,6539.0,32849.0,22.0,,ENADIS (INEGI),Personas de 18 años o más,enadis
trabajo,Se dedica a los quehaceres del hogar,2022,Mujeres,Con discapacidad,Nuevo León,60+,26054.0,71831.0,42.0,,ENADIS (INEGI),Personas de 18 años o más,enadis
trabajo,Se dedica a los quehaceres del hogar,2022,Mujeres,Con discapacidad,Oaxaca,18-29,3450.0,6384.0,7.0,,ENADIS (INEGI),Personas de 18 años o más,enadis
trabajo,Se dedica a los quehaceres del hogar,2022,Mujeres,Con discapacidad,Oaxaca,30-44,6210.0,16394.0,13.0,,ENADIS (INEGI),Personas de 18 años o más,enadis
trabajo,Se dedica a los quehaceres del hogar,2022,Mujeres,Con discapacidad,Oaxaca,45-59,13643.0,28773.0,27.0,,ENADIS (INEGI),Personas de 18 años o más,enadis
trabajo,Se dedica a los quehaceres del hogar,2022,Mujeres,Con discapacidad,Oaxaca,60+,43329.0,102116.0,90.0,,ENADIS (INEGI),Personas de 18 años o más,enadis
trabajo,Se dedica a los quehaceres del hogar,2022,Mujeres,Con discapacidad,Puebla,18-29,0.0,14894.0,10.0,,ENADIS (INEGI),Personas de 18 años o más,enadis
trabajo,Se dedica a los quehaceres del hogar,2022,Mujeres,Con discapacidad,Puebla,30-44,5479.0,12262.0,8.0,,ENADIS (INEGI),Personas de 18 años o más,enadis
trabajo,Se dedica a los quehaceres del hogar,2022,Mujeres,Con discapacidad,Puebla,45-59,15702.0,23557.0,14.0,,ENADIS (INEGI),Personas de 18 años o más,enadis
trabajo,Se dedica a los quehaceres del hogar,2022,Mujeres,Con discapacidad,Puebla,60+,45894.0,94692.0,51.0,,ENADIS (INEGI),Personas de 18 años o más,enadis
trabajo,Se dedica a los quehaceres del hogar,2022,Mujeres,Con discapacidad,Querétaro,18-29,1863.0,3486.0,7.0,,ENADIS (INEGI),Personas de 18 años o más,enadis
trabajo,Se dedica a los quehaceres del hogar,2022,Mujeres,Con discapacidad,Querétaro,30-44,2931.0,7712.0,11.0,,ENADIS (INEGI),Personas de 18 años o más,enadis
trabajo,Se dedica a los quehaceres del hogar,2022,Mujeres,Con discapacidad,Querétaro,45-59,3935.0,13607.0,21.0,,ENADIS (INEGI),Personas de 18 años o más,enadis
trabajo,Se dedica a los quehaceres del hogar,2022,Mujeres,Con discapacidad,Querétaro,60+,18430.0,43076.0,62.0,,ENADIS (INEGI),Personas de 18 años o más,enadis
trabajo,Se dedica a los quehaceres del hogar,2022,Mujeres,Con discapacidad,Quintana Roo,18-29,880.0,1928.0,3.0,,ENADIS (INEGI),Personas de 18 años o más,enadis
trabajo,Se dedica a los quehaceres del hogar,2022,Mujeres,Con discapacidad,Quintana Roo,30-44,1680.0,3675.0,8.0,,ENADIS (INEGI),Personas de 18 años o más,enadis
trabajo,Se dedica a los quehaceres del hogar,2022,Mujeres,Con discapacidad,Quintana Roo,45-59,2895.0,7224.0,15.0,,ENADIS (INEGI),Personas de 18 años o más,enadis
trabajo,Se dedica a los quehaceres del hogar,2022,Mujeres,Con discapacidad,Quintana Roo,60+,4192.0,16648.0,35.0,,ENADIS (INEGI),Personas de 18 años o más,enadis
trabajo,Se dedica a los quehaceres del hogar,2022,Mujeres,Con discapacidad,San Luis Potosí,18-29,1895.0,7268.0,12.0,,ENADIS (INEGI),Personas de 18 años o más,enadis
trabajo,Se dedica a los quehaceres del hogar,2022,Mujeres,Con discapacidad,San Luis Potosí,30-44,1799.0,6963.0,9.0,,ENADIS (INEGI),Personas de 18 años o más,enadis
trabajo,Se dedica a los quehaceres del hogar,2022,Mujeres,Con discapacidad,San Luis Potosí,45-59,5327.0,13458.0,22.0,,ENADIS (INEGI),Personas de 18 años o más,enadis
trabajo,Se dedica a los quehaceres del hogar,2022,Mujeres,Con discapacidad,San Luis Potosí,60+,23174.0,55562.0,69.0,,ENADIS (INEGI),Personas de 18 años o más,enadis
trabajo,Se dedica a los quehaceres del hogar,2022,Mujeres,Con discapacidad,Sinaloa,18-29,847.0,2702.0,3.0,,ENADIS (INEGI),Personas de 18 años o más,enadis
trabajo,Se dedica a los quehaceres del hogar,2022,Mujeres,Con discapacidad,Sinaloa,30-44,3877.0,11576.0,14.0,,ENADIS (INEGI),Personas de 18 años o más,enadis
trabajo,Se dedica a los quehaceres del hogar,2022,Mujeres,Con discapacidad,Sinaloa,45-59,6112.0,17796.0,22.0,,ENADIS (INEGI),Personas de 18 años o más,enadis
trabajo,Se dedica a los quehaceres del hogar,2022,Mujeres,Con discapacidad,Sinaloa,60+,17865.0,55871.0,75.0,,ENADIS (INEGI),Personas de 18 años o más,enadis
trabajo,Se dedica a los quehaceres del hogar,2022,Mujeres,Con discapacidad,Sonora,18-29,471.0,6432.0,9.0,,ENADIS (INEGI),Personas de 18 años o más,enadis
trabajo,Se dedica a los quehaceres del hogar,2022,Mujeres,Con discapacidad,Sonora,30-44,849.0,4394.0,6.0,,ENADIS (INEGI),Personas de 18 años o más,enadis
trabajo,Se dedica a los quehaceres del hogar,2022,Mujeres,Con discapacidad,Sonora,45-59,4541.0,11724.0,16.0,,ENADIS (INEGI),Personas de 18 años o más,enadis
trabajo,Se dedica a los quehaceres del hogar,2022,Mujeres,Con discapacidad,Sonora,60+,22188.0,47580.0,67.0,,ENADIS (INEGI),Personas de 18 años o más,enadis
trabajo,Se dedica a los quehaceres del hogar,2022,Mujeres,Con discapacidad,Tabasco,18-29,1535.0,5806.0,9.0,,ENADIS (INEGI),Personas de 18 años o más,enadis
trabajo,Se dedica a los quehaceres del hogar,2022,Mujeres,Con discapacidad,Tabasco,30-44,1558.0,7285.0,12.0,,ENADIS (INEGI),Personas de 18 años o más,enadis
trabajo,Se dedica a los quehaceres del hogar,2022,Mujeres,Con discapacidad,Tabasco,45-59,9403.0,16135.0,29.0,,ENADIS (INEGI),Personas de 18 años o más,enadis
trabajo,Se dedica a los quehaceres del hogar,2022,Mujeres,Con discapacidad,Tabasco,60+,27143.0,45721.0,74.0,,ENADIS (INEGI),Personas de 18 años o más,enadis
trabajo,Se dedica a los quehaceres del hogar,2022,Mujeres,Con discapacidad,Tamaulipas,18-29,1724.0,4225.0,5.0,,ENADIS (INEGI),Personas de 18 años o más,enadis
trabajo,Se dedica a los quehaceres del hogar,2022,Mujeres,Con discapacidad,Tamaulipas,30-44,1338.0,7856.0,8.0,,ENADIS (INEGI),Personas de 18 años o más,enadis
trabajo,Se dedica a los quehaceres del hogar,2022,Mujeres,Con discapacidad,Tamaulipas,45-59,7357.0,22056.0,22.0,,ENADIS (INEGI),Personas de 18 años o más,enadis
trabajo,Se dedica a los quehaceres del hogar,2022,Mujeres,Con discapacidad,Tamaulipas,60+,25063.0,49252.0,42.0,,ENADIS (INEGI),Personas de 18 años o más,enadis
trabajo,Se dedica a los quehaceres del hogar,2022,Mujeres,Con discapacidad,Tlaxcala,18-29,1131.0,2278.0,8.0,,ENADIS (INEGI),Personas de 18 años o más,enadis
trabajo,Se dedica a los quehaceres del hogar,2022,Mujeres,Con discapacidad,Tlaxcala,30-44,1228.0,4487.0,13.0,,ENADIS (INEGI),Personas de 18 años o más,enadis
trabajo,Se dedica a los quehaceres del hogar,2022,Mujeres,Con discapacidad,Tlaxcala,45-59,2681.0,4611.0,15.0,,ENADIS (INEGI),Personas de 18 años o más,enadis
trabajo,Se dedica a los quehaceres del hogar,2022,Mujeres,Con discapacidad,Tlaxcala,60+,9198.0,17258.0,53.0,,ENADIS (INEGI),Personas de 18 años o más,enadis
trabajo,Se dedica a los quehaceres del hogar,2022,Mujeres,Con discapacidad,Veracruz,18-29,2741.0,6926.0,3.0,,ENADIS (INEGI),Personas de 18 años o más,enadis
trabajo,Se dedica a los quehaceres del hogar,2022,Mujeres,Con discapacidad,Veracruz,30-44,7315.0,40460.0,20.0,,ENADIS (INEGI),Personas de 18 años o más,enadis
trabajo,Se dedica a los quehaceres del hogar,2022,Mujeres,Con discapacidad,Veracruz,45-59,29033.0,46752.0,21.0,,ENADIS (INEGI),Personas de 18 años o más,enadis
trabajo,Se dedica a los quehaceres del hogar,2022,Mujeres,Con discapacidad,Veracruz,60+,118944.0,225530.0,101.0,,ENADIS (INEGI),Personas de 18 años o más,enadis
trabajo,Se dedica a los quehaceres del hogar,2022,Mujeres,Con discapacidad,Yucatán,18-29,369.0,4047.0,8.0,,ENADIS (INEGI),Personas de 18 años o más,enadis
trabajo,Se dedica a los quehaceres del hogar,2022,Mujeres,Con discapacidad,Yucatán,30-44,1653.0,7592.0,13.0,,ENADIS (INEGI),Personas de 18 años o más,enadis
trabajo,Se dedica a los quehaceres del hogar,2022,Mujeres,Con discapacidad,Yucatán,45-59,9368.0,16455.0,32.0,,ENADIS (INEGI),Personas de 18 años o más,enadis
trabajo,Se dedica a los quehaceres del hogar,2022,Mujeres,Con discapacidad,Yucatán,60+,20205.0,50172.0,81.0,,ENADIS (INEGI),Personas de 18 años o más,enadis
trabajo,Se dedica a los quehaceres del hogar,2022,Mujeres,Con discapacidad,Zacatecas,18-29,0.0,2215.0,5.0,,ENADIS (INEGI),Personas de 18 años o más,enadis
trabajo,Se dedica a los quehaceres del hogar,2022,Mujeres,Con discapacidad,Zacatecas,30-44,2466.0,5600.0,15.0,,ENADIS (INEGI),Personas de 18 años o más,enadis
trabajo,Se dedica a los quehaceres del hogar,2022,Mujeres,Con discapacidad,Zacatecas,45-59,4168.0,8848.0,22.0,,ENADIS (INEGI),Personas de 18 años o más,enadis
trabajo,Se dedica a los quehaceres del hogar,2022,Mujeres,Con discapacidad,Zacatecas,60+,13822.0,30734.0,74.0,,ENADIS (INEGI),Personas de 18 años o más,enadis
trabajo,Se dedica a los quehaceres del hogar,2022,Mujeres,Sin discapacidad,Aguascalientes,18-29,39193.0,152044.0,461.0,,ENADIS (INEGI),Personas de 18 años o más,enadis
trabajo,Se dedica a los quehaceres del hogar,2022,Mujeres,Sin discapacidad,Aguascalientes,30-44,58400.0,156134.0,463.0,,ENADIS (INEGI),Personas de 18 años o más,enadis
trabajo,Se dedica a los quehaceres del hogar,2022,Mujeres,Sin discapacidad,Aguascalientes,45-59,55005.0,128268.0,374.0,,ENADIS (INEGI),Personas de 18 años o más,enadis
trabajo,Se dedica a los quehaceres del hogar,2022,Mujeres,Sin discapacidad,Aguascalientes,60+,41730.0,74726.0,202.0,,ENADIS (INEGI),Personas de 18 años o más,enadis
trabajo,Se dedica a los quehaceres del hogar,2022,Mujeres,Sin discapacidad,Baja California,18-29,96776.0,360689.0,312.0,,ENADIS (INEGI),Personas de 18 años o más,enadis
trabajo,Se dedica a los quehaceres del hogar,2022,Mujeres,Sin discapacidad,Baja California,30-44,148640.0,420419.0,396.0,,ENADIS (INEGI),Personas de 18 años o más,enadis
trabajo,Se dedica a los quehaceres del hogar,2022,Mujeres,Sin discapacidad,Baja California,45-59,124468.0,308302.0,276.0,,ENADIS (INEGI),Personas de 18 años o más,enadis
trabajo,Se dedica a los quehaceres del hogar,2022,Mujeres,Sin discapacidad,Baja California,60+,118169.0,208025.0,175.0,,ENADIS (INEGI),Personas de 18 años o más,enadis
trabajo,Se dedica a los quehaceres del hogar,2022,Mujeres,Sin discapacidad,Baja California Sur,18-29,20128.0,82501.0,325.0,,ENADIS (INEGI),Personas de 18 años o más,enadis
trabajo,Se dedica a los quehaceres del hogar,2022,Mujeres,Sin discapacidad,Baja California Sur,30-44,25342.0,89598.0,393.0,,ENADIS (INEGI),Personas de 18 años o más,enadis
trabajo,Se dedica a los quehaceres del hogar,2022,Mujeres,Sin discapacidad,Baja California Sur,45-59,27676.0,70270.0,312.0,,ENADIS (INEGI),Personas de 18 años o más,enadis
trabajo,Se dedica a los quehaceres del hogar,2022,Mujeres,Sin discapacidad,Baja California Sur,60+,18700.0,34891.0,157.0,,ENADIS (INEGI),Personas de 18 años o más,enadis
trabajo,Se dedica a los quehaceres del hogar,2022,Mujeres,Sin discapacidad,Campeche,18-29,34076.0,89245.0,407.0,,ENADIS (INEGI),Personas de 18 años o más,enadis
trabajo,Se dedica a los quehaceres del hogar,2022,Mujeres,Sin discapacidad,Campeche,30-44,51068.0,111478.0,515.0,,ENADIS (INEGI),Personas de 18 años o más,enadis
trabajo,Se dedica a los quehaceres del hogar,2022,Mujeres,Sin discapacidad,Campeche,45-59,32291.0,75109.0,326.0,,ENADIS (INEGI),Personas de 18 años o más,enadis
trabajo,Se dedica a los quehaceres del hogar,2022,Mujeres,Sin discapacidad,Campeche,60+,23815.0,41699.0,183.0,,ENADIS (INEGI),Personas de 18 años o más,enadis
trabajo,Se dedica a los quehaceres del hogar,2022,Mujeres,Sin discapacidad,Chiapas,18-29,349695.0,587095.0,445.0,,ENADIS (INEGI),Personas de 18 años o más,enadis
trabajo,Se dedica a los quehaceres del hogar,2022,Mujeres,Sin discapacidad,Chiapas,30-44,378034.0,616618.0,509.0,,ENADIS (INEGI),Personas de 18 años o más,enadis
trabajo,Se dedica a los quehaceres del hogar,2022,Mujeres,Sin discapacidad,Chiapas,45-59,241345.0,423464.0,355.0,,ENADIS (INEGI),Personas de 18 años o más,enadis
trabajo,Se dedica a los quehaceres del hogar,2022,Mujeres,Sin discapacidad,Chiapas,60+,162254.0,232740.0,215.0,,ENADIS (INEGI),Personas de 18 años o más,enadis
trabajo,Se dedica a los quehaceres del hogar,2022,Mujeres,Sin discapacidad,Chihuahua,18-29,77049.0,345574.0,324.0,,ENADIS (INEGI),Personas de 18 años o más,enadis
trabajo,Se dedica a los quehaceres del hogar,2022,Mujeres,Sin discapacidad,Chihuahua,30-44,124296.0,397820.0,393.0,,ENADIS (INEGI),Personas de 18 años o más,enadis
trabajo,Se dedica a los quehaceres del hogar,2022,Mujeres,Sin discapacidad,Chihuahua,45-59,147170.0,351424.0,336.0,,ENADIS (INEGI),Personas de 18 años o más,enadis
trabajo,Se dedica a los quehaceres del hogar,2022,Mujeres,Sin discapacidad,Chihuahua,60+,116870.0,201300.0,176.0,,ENADIS (INEGI),Personas de 18 años o más,enadis
trabajo,Se dedica a los quehaceres del hogar,2022,Mujeres,Sin discapacidad,Ciudad de México,18-29,166758.0,820000.0,274.0,,ENADIS (INEGI),Personas de 18 años o más,enadis
trabajo,Se dedica a los quehaceres del hogar,2022,Mujeres,Sin discapacidad,Ciudad de México,30-44,262650.0,1005433.0,396.0,,ENADIS (INEGI),Personas de 18 años o más,enadis
trabajo,Se dedica a los quehaceres del hogar,2022,Mujeres,Sin discapacidad,Ciudad de México,45-59,371009.0,993952.0,382.0,,ENADIS (INEGI),Personas de 18 años o más,enadis
trabajo,Se dedica a los quehaceres del hogar,2022,Mujeres,Sin discapacidad,Ciudad de México,60+,429670.0,845810.0,285.0,,ENADIS (INEGI),Personas de 18 años o más,enadis
trabajo,Se dedica a los quehaceres del hogar,2022,Mujeres,Sin discapacidad,Coahuila,18-29,91371.0,296840.0,325.0,,ENADIS (INEGI),Personas de 18 años o más,enadis
trabajo,Se dedica a los quehaceres del hogar,2022,Mujeres,Sin discapacidad,Coahuila,30-44,126070.0,336931.0,405.0,,ENADIS (INEGI),Personas de 18 años o más,enadis
trabajo,Se dedica a los quehaceres del hogar,2022,Mujeres,Sin discapacidad,Coahuila,45-59,136254.0,299777.0,353.0,,ENADIS (INEGI),Personas de 18 años o más,enadis
trabajo,Se dedica a los quehaceres del hogar,2022,Mujeres,Sin discapacidad,Coahuila,60+,111907.0,192975.0,224.0,,ENADIS (INEGI),Personas de 18 años o más,enadis
trabajo,Se dedica a los quehaceres del hogar,2022,Mujeres,Sin discapacidad,Colima,18-29,16670.0,75230.0,344.0,,ENADIS (INEGI),Personas de 18 años o más,enadis
trabajo,Se dedica a los quehaceres del hogar,2022,Mujeres,Sin discapacidad,Colima,30-44,27284.0,86257.0,410.0,,ENADIS (INEGI),Personas de 18 años o más,enadis
trabajo,Se dedica a los quehaceres del hogar,2022,Mujeres,Sin discapacidad,Colima,45-59,21341.0,68063.0,300.0,,ENADIS (INEGI),Personas de 18 años o más,enadis
trabajo,Se dedica a los quehaceres del hogar,2022,Mujeres,Sin discapacidad,Colima,60+,22272.0,47646.0,211.0,,ENADIS (INEGI),Personas de 18 años o más,enadis
trabajo,Se dedica a los quehaceres del hogar,2022,Mujeres,Sin discapacidad,Durango,18-29,52251.0,184384.0,413.0,,ENADIS (INEGI),Personas de 18 años o más,enadis
trabajo,Se dedica a los quehaceres del hogar,2022,Mujeres,Sin discapacidad,Durango,30-44,74675.0,184196.0,421.0,,ENADIS (INEGI),Personas de 18 años o más,enadis
trabajo,Se dedica a los quehaceres del hogar,2022,Mujeres,Sin discapacidad,Durango,45-59,81008.0,169757.0,355.0,,ENADIS (INEGI),Personas de 18 años o más,enadis
trabajo,Se dedica a los quehaceres del hogar,2022,Mujeres,Sin discapacidad,Durango,60+,52766.0,89534.0,204.0,,ENADIS (INEGI),Personas de 18 años o más,enadis
trabajo,Se dedica a los quehaceres del hogar,2022,Mujeres,Sin discapacidad,Guanajuato,18-29,200230.0,597326.0,457.0,,ENADIS (INEGI),Personas de 18 años o más,enadis
trabajo,Se dedica a los quehaceres del hogar,2022,Mujeres,Sin discapacidad,Guanajuato,30-44,294920.0,692678.0,521.0,,ENADIS (INEGI),Personas de 18 años o más,enadis
trabajo,Se dedica a los quehaceres del hogar,2022,Mujeres,Sin discapacidad,Guanajuato,45-59,268095.0,529631.0,390.0,,ENADIS (INEGI),Personas de 18 años o más,enadis
trabajo,Se dedica a los quehaceres del hogar,2022,Mujeres,Sin discapacidad,Guanajuato,60+,253936.0,379302.0,225.0,,ENADIS (INEGI),Personas de 18 años o más,enadis
trabajo,Se dedica a los quehaceres del hogar,2022,Mujeres,Sin discapacidad,Guerrero,18-29,179455.0,344753.0,437.0,,ENADIS (INEGI),Personas de 18 años o más,enadis
trabajo,Se dedica a los quehaceres del hogar,2022,Mujeres,Sin discapacidad,Guerrero,30-44,169099.0,376660.0,476.0,,ENADIS (INEGI),Personas de 18 años o más,enadis
trabajo,Se dedica a los quehaceres del hogar,2022,Mujeres,Sin discapacidad,Guerrero,45-59,136967.0,285343.0,362.0,,ENADIS (INEGI),Personas de 18 años o más,enadis
trabajo,Se dedica a los quehaceres del hogar,2022,Mujeres,Sin discapacidad,Guerrero,60+,133216.0,211768.0,257.0,,ENADIS (INEGI),Personas de 18 años o más,enadis
trabajo,Se dedica a los quehaceres del hogar,2022,Mujeres,Sin discapacidad,Hidalgo,18-29,113463.0,307304.0,396.0,,ENADIS (INEGI),Personas de 18 años o más,enadis
trabajo,Se dedica a los quehaceres del hogar,2022,Mujeres,Sin discapacidad,Hidalgo,30-44,157402.0,362933.0,494.0,,ENADIS (INEGI),Personas de 18 años o más,enadis
trabajo,Se dedica a los quehaceres del hogar,2022,Mujeres,Sin discapacidad,Hidalgo,45-59,153857.0,285879.0,377.0,,ENADIS (INEGI),Personas de 18 años o más,enadis
trabajo,Se dedica a los quehaceres del hogar,2022,Mujeres,Sin discapacidad,Hidalgo,60+,131886.0,202832.0,247.0,,ENADIS (INEGI),Personas de 18 años o más,enadis
trabajo,Se dedica a los quehaceres del hogar,2022,Mujeres,Sin discapacidad,Jalisco,18-29,276968.0,845760.0,382.0,,ENADIS (INEGI),Personas de 18 años o más,enadis
trabajo,Se dedica a los quehaceres del hogar,2022,Mujeres,Sin discapacidad,Jalisco,30-44,317572.0,908534.0,455.0,,ENADIS (INEGI),Personas de 18 años o más,enadis
trabajo,Se dedica a los quehaceres del hogar,2022,Mujeres,Sin discapacidad,Jalisco,45-59,298765.0,719931.0,346.0,,ENADIS (INEGI),Personas de 18 años o más,enadis
trabajo,Se dedica a los quehaceres del hogar,2022,Mujeres,Sin discapacidad,Jalisco,60+,348407.0,539047.0,231.0,,ENADIS (INEGI),Personas de 18 años o más,enadis
trabajo,Se dedica a los quehaceres del hogar,2022,Mujeres,Sin discapacidad,Michoacán,18-29,178346.0,465903.0,403.0,,ENADIS (INEGI),Personas de 18 años o más,enadis
trabajo,Se dedica a los quehaceres del hogar,2022,Mujeres,Sin discapacidad,Michoacán,30-44,247806.0,542422.0,493.0,,ENADIS (INEGI),Personas de 18 años o más,enadis
trabajo,Se dedica a los quehaceres del hogar,2022,Mujeres,Sin discapacidad,Michoacán,45-59,226083.0,411942.0,361.0,,ENADIS (INEGI),Personas de 18 años o más,enadis
trabajo,Se dedica a los quehaceres del hogar,2022,Mujeres,Sin discapacidad,Michoacán,60+,236583.0,312951.0,242.0,,ENADIS (INEGI),Personas de 18 años o más,enadis
trabajo,Se dedica a los quehaceres del hogar,2022,Mujeres,Sin discapacidad,Morelos,18-29,58957.0,174737.0,336.0,,ENADIS (INEGI),Personas de 18 años o más,enadis
trabajo,Se dedica a los quehaceres del hogar,2022,Mujeres,Sin discapacidad,Morelos,30-44,81783.0,222326.0,449.0,,ENADIS (INEGI),Personas de 18 años o más,enadis
trabajo,Se dedica a los quehaceres del hogar,2022,Mujeres,Sin discapacidad,Morelos,45-59,77178.0,192605.0,364.0,,ENADIS (INEGI),Personas de 18 años o más,enadis
trabajo,Se dedica a los quehaceres del hogar,2022,Mujeres,Sin discapacidad,Morelos,60+,77524.0,136581.0,249.0,,ENADIS (INEGI),Personas de 18 años o más,enadis
trabajo,Se dedica a los quehaceres del hogar,2022,Mujeres,Sin discapacidad,México,18-29,581675.0,1704713.0,364.0,,ENADIS (INEGI),Personas de 18 años o más,enadis
trabajo,Se dedica a los quehaceres del hogar,2022,Mujeres,Sin discapacidad,México,30-44,874181.0,1972165.0,486.0,,ENADIS (INEGI),Personas de 18 años o más,enadis
trabajo,Se dedica a los quehaceres del hogar,2022,Mujeres,Sin discapacidad,México,45-59,781034.0,1686536.0,414.0,,ENADIS (INEGI),Personas de 18 años o más,enadis
trabajo,Se dedica a los quehaceres del hogar,2022,Mujeres,Sin discapacidad,México,60+,716383.0,1066195.0,266.0,,ENADIS (INEGI),Personas de 18 años o más,enadis
trabajo,Se dedica a los quehaceres del hogar,2022,Mujeres,Sin discapacidad,Nayarit,18-29,36944.0,114946.0,388.0,,ENADIS (INEGI),Personas de 18 años o más,enadis
trabajo,Se dedica a los quehaceres del hogar,2022,Mujeres,Sin discapacidad,Nayarit,30-44,44995.0,131995.0,426.0,,ENADIS (INEGI),Personas de 18 años o más,enadis
trabajo,Se dedica a los quehaceres del hogar,2022,Mujeres,Sin discapacidad,Nayarit,45-59,43898.0,109374.0,348.0,,ENADIS (INEGI),Personas de 18 años o más,enadis
trabajo,Se dedica a los quehaceres del hogar,2022,Mujeres,Sin discapacidad,Nayarit,60+,51583.0,83265.0,260.0,,ENADIS (INEGI),Personas de 18 años o más,enadis
trabajo,Se dedica a los quehaceres del hogar,2022,Mujeres,Sin discapacidad,Nuevo León,18-29,150567.0,589309.0,387.0,,ENADIS (INEGI),Personas de 18 años o más,enadis
trabajo,Se dedica a los quehaceres del hogar,2022,Mujeres,Sin discapacidad,Nuevo León,30-44,209437.0,605097.0,415.0,,ENADIS (INEGI),Personas de 18 años o más,enadis
trabajo,Se dedica a los quehaceres del hogar,2022,Mujeres,Sin discapacidad,Nuevo León,45-59,248782.0,619362.0,406.0,,ENADIS (INEGI),Personas de 18 años o más,enadis
trabajo,Se dedica a los quehaceres del hogar,2022,Mujeres,Sin discapacidad,Nuevo León,60+,264779.0,391083.0,222.0,,ENADIS (INEGI),Personas de 18 años o más,enadis
trabajo,Se dedica a los quehaceres del hogar,2022,Mujeres,Sin discapacidad,Oaxaca,18-29,160714.0,333035.0,384.0,,ENADIS (INEGI),Personas de 18 años o más,enadis
trabajo,Se dedica a los quehaceres del hogar,2022,Mujeres,Sin discapacidad,Oaxaca,30-44,251487.0,516685.0,526.0,,ENADIS (INEGI),Personas de 18 años o más,enadis
trabajo,Se dedica a los quehaceres del hogar,2022,Mujeres,Sin discapacidad,Oaxaca,45-59,165592.0,321522.0,324.0,,ENADIS (INEGI),Personas de 18 años o más,enadis
trabajo,Se dedica a los quehaceres del hogar,2022,Mujeres,Sin discapacidad,Oaxaca,60+,169031.0,262540.0,257.0,,ENADIS (INEGI),Personas de 18 años o más,enadis
trabajo,Se dedica a los quehaceres del hogar,2022,Mujeres,Sin discapacidad,Puebla,18-29,209511.0,647881.0,425.0,,ENADIS (INEGI),Personas de 18 años o más,enadis
trabajo,Se dedica a los quehaceres del hogar,2022,Mujeres,Sin discapacidad,Puebla,30-44,324286.0,750746.0,515.0,,ENADIS (INEGI),Personas de 18 años o más,enadis
trabajo,Se dedica a los quehaceres del hogar,2022,Mujeres,Sin discapacidad,Puebla,45-59,287086.0,588274.0,380.0,,ENADIS (INEGI),Personas de 18 años o más,enadis
trabajo,Se dedica a los quehaceres del hogar,2022,Mujeres,Sin discapacidad,Puebla,60+,250865.0,373838.0,200.0,,ENADIS (INEGI),Personas de 18 años o más,enadis
trabajo,Se dedica a los quehaceres del hogar,2022,Mujeres,Sin discapacidad,Querétaro,18-29,55044.0,235637.0,364.0,,ENADIS (INEGI),Personas de 18 años o más,enadis
trabajo,Se dedica a los quehaceres del hogar,2022,Mujeres,Sin discapacidad,Querétaro,30-44,112070.0,273161.0,459.0,,ENADIS (INEGI),Personas de 18 años o más,enadis
trabajo,Se dedica a los quehaceres del hogar,2022,Mujeres,Sin discapacidad,Querétaro,45-59,94988.0,237644.0,372.0,,ENADIS (INEGI),Personas de 18 años o más,enadis
trabajo,Se dedica a los quehaceres del hogar,2022,Mujeres,Sin discapacidad,Querétaro,60+,96134.0,147189.0,204.0,,ENADIS (INEGI),Personas de 18 años o más,enadis
trabajo,Se dedica a los quehaceres del hogar,2022,Mujeres,Sin discapacidad,Quintana Roo,18-29,57291.0,185761.0,358.0,,ENADIS (INEGI),Personas de 18 años o más,enadis
trabajo,Se dedica a los quehaceres del hogar,2022,Mujeres,Sin discapacidad,Quintana Roo,30-44,88522.0,235097.0,455.0,,ENADIS (INEGI),Personas de 18 años o más,enadis
trabajo,Se dedica a los quehaceres del hogar,2022,Mujeres,Sin discapacidad,Quintana Roo,45-59,75586.0,159615.0,299.0,,ENADIS (INEGI),Personas de 18 años o más,enadis
trabajo,Se dedica a los quehaceres del hogar,2022,Mujeres,Sin discapacidad,Quintana Roo,60+,47248.0,75685.0,154.0,,ENADIS (INEGI),Personas de 18 años o más,enadis
trabajo,Se dedica a los quehaceres del hogar,2022,Mujeres,Sin discapacidad,San Luis Potosí,18-29,91142.0,277177.0,407.0,,ENADIS (INEGI),Personas de 18 años o más,enadis
trabajo,Se dedica a los quehaceres del hogar,2022,Mujeres,Sin discapacidad,San Luis Potosí,30-44,117452.0,296050.0,478.0,,ENADIS (INEGI),Personas de 18 años o más,enadis
trabajo,Se dedica a los quehaceres del hogar,2022,Mujeres,Sin discapacidad,San Luis Potosí,45-59,114931.0,238883.0,372.0,,ENADIS (INEGI),Personas de 18 años o más,enadis
trabajo,Se dedica a los quehaceres del hogar,2022,Mujeres,Sin discapacidad,San Luis Potosí,60+,126205.0,191155.0,242.0,,ENADIS (INEGI),Personas de 18 años o más,enadis
trabajo,Se dedica a los quehaceres del hogar,2022,Mujeres,Sin discapacidad,Sinaloa,18-29,85039.0,290872.0,364.0,,ENADIS (INEGI),Personas de 18 años o más,enadis
trabajo,Se dedica a los quehaceres del hogar,2022,Mujeres,Sin discapacidad,Sinaloa,30-44,131203.0,310121.0,408.0,,ENADIS (INEGI),Personas de 18 años o más,enadis
trabajo,Se dedica a los quehaceres del hogar,2022,Mujeres,Sin discapacidad,Sinaloa,45-59,123811.0,279181.0,341.0,,ENADIS (INEGI),Personas de 18 años o más,enadis
trabajo,Se dedica a los quehaceres del hogar,2022,Mujeres,Sin discapacidad,Sinaloa,60+,136809.0,211536.0,282.0,,ENADIS (INEGI),Personas de 18 años o más,enadis
trabajo,Se dedica a los quehaceres del hogar,2022,Mujeres,Sin discapacidad,Sonora,18-29,96148.0,320554.0,387.0,,ENADIS (INEGI),Personas de 18 años o más,enadis
trabajo,Se dedica a los quehaceres del hogar,2022,Mujeres,Sin discapacidad,Sonora,30-44,106998.0,288227.0,396.0,,ENADIS (INEGI),Personas de 18 años o más,enadis
trabajo,Se dedica a los quehaceres del hogar,2022,Mujeres,Sin discapacidad,Sonora,45-59,121051.0,267425.0,349.0,,ENADIS (INEGI),Personas de 18 años o más,enadis
trabajo,Se dedica a los quehaceres del hogar,2022,Mujeres,Sin discapacidad,Sonora,60+,103807.0,168973.0,217.0,,ENADIS (INEGI),Personas de 18 años o más,enadis
trabajo,Se dedica a los quehaceres del hogar,2022,Mujeres,Sin discapacidad,Tabasco,18-29,104515.0,228654.0,375.0,,ENADIS (INEGI),Personas de 18 años o más,enadis
trabajo,Se dedica a los quehaceres del hogar,2022,Mujeres,Sin discapacidad,Tabasco,30-44,168732.0,284564.0,517.0,,ENADIS (INEGI),Personas de 18 años o más,enadis
trabajo,Se dedica a los quehaceres del hogar,2022,Mujeres,Sin discapacidad,Tabasco,45-59,117754.0,196950.0,340.0,,ENADIS (INEGI),Personas de 18 años o más,enadis
trabajo,Se dedica a los quehaceres del hogar,2022,Mujeres,Sin discapacidad,Tabasco,60+,81362.0,114458.0,185.0,,ENADIS (INEGI),Personas de 18 años o más,enadis
trabajo,Se dedica a los quehaceres del hogar,2022,Mujeres,Sin discapacidad,Tamaulipas,18-29,97623.0,321802.0,341.0,,ENADIS (INEGI),Personas de 18 años o más,enadis
trabajo,Se dedica a los quehaceres del hogar,2022,Mujeres,Sin discapacidad,Tamaulipas,30-44,147191.0,394309.0,437.0,,ENADIS (INEGI),Personas de 18 años o más,enadis
trabajo,Se dedica a los quehaceres del hogar,2022,Mujeres,Sin discapacidad,Tamaulipas,45-59,121771.0,328113.0,338.0,,ENADIS (INEGI),Personas de 18 años o más,enadis
trabajo,Se dedica a los quehaceres del hogar,2022,Mujeres,Sin discapacidad,Tamaulipas,60+,127787.0,226849.0,198.0,,ENADIS (INEGI),Personas de 18 años o más,enadis
trabajo,Se dedica a los quehaceres del hogar,2022,Mujeres,Sin discapacidad,Tlaxcala,18-29,51019.0,137705.0,466.0,,ENADIS (INEGI),Personas de 18 años o más,enadis
trabajo,Se dedica a los quehaceres del hogar,2022,Mujeres,Sin discapacidad,Tlaxcala,30-44,64819.0,162799.0,549.0,,ENADIS (INEGI),Personas de 18 años o más,enadis
trabajo,Se dedica a los quehaceres del hogar,2022,Mujeres,Sin discapacidad,Tlaxcala,45-59,62838.0,119865.0,397.0,,ENADIS (INEGI),Personas de 18 años o más,enadis
trabajo,Se dedica a los quehaceres del hogar,2022,Mujeres,Sin discapacidad,Tlaxcala,60+,51795.0,77702.0,236.0,,ENADIS (INEGI),Personas de 18 años o más,enadis
trabajo,Se dedica a los quehaceres del hogar,2022,Mujeres,Sin discapacidad,Veracruz,18-29,298088.0,682233.0,285.0,,ENADIS (INEGI),Personas de 18 años o más,enadis
trabajo,Se dedica a los quehaceres del hogar,2022,Mujeres,Sin discapacidad,Veracruz,30-44,460347.0,895247.0,393.0,,ENADIS (INEGI),Personas de 18 años o más,enadis
trabajo,Se dedica a los quehaceres del hogar,2022,Mujeres,Sin discapacidad,Veracruz,45-59,480680.0,823819.0,343.0,,ENADIS (INEGI),Personas de 18 años o más,enadis
trabajo,Se dedica a los quehaceres del hogar,2022,Mujeres,Sin discapacidad,Veracruz,60+,374400.0,564481.0,254.0,,ENADIS (INEGI),Personas de 18 años o más,enadis
trabajo,Se dedica a los quehaceres del hogar,2022,Mujeres,Sin discapacidad,Yucatán,18-29,64833.0,223007.0,430.0,,ENADIS (INEGI),Personas de 18 años o más,enadis
trabajo,Se dedica a los quehaceres del hogar,2022,Mujeres,Sin discapacidad,Yucatán,30-44,99242.0,280084.0,525.0,,ENADIS (INEGI),Personas de 18 años o más,enadis
trabajo,Se dedica a los quehaceres del hogar,2022,Mujeres,Sin discapacidad,Yucatán,45-59,75590.0,167276.0,328.0,,ENADIS (INEGI),Personas de 18 años o más,enadis
trabajo,Se dedica a los quehaceres del hogar,2022,Mujeres,Sin discapacidad,Yucatán,60+,81594.0,136331.0,217.0,,ENADIS (INEGI),Personas de 18 años o más,enadis
trabajo,Se dedica a los quehaceres del hogar,2022,Mujeres,Sin discapacidad,Zacatecas,18-29,59067.0,143206.0,352.0,,ENADIS (INEGI),Personas de 18 años o más,enadis
trabajo,Se dedica a los quehaceres del hogar,2022,Mujeres,Sin discapacidad,Zacatecas,30-44,95952.0,184958.0,495.0,,ENADIS (INEGI),Personas de 18 años o más,enadis
trabajo,Se dedica a los quehaceres del hogar,2022,Mujeres,Sin discapacidad,Zacatecas,45-59,77146.0,131804.0,332.0,,ENADIS (INEGI),Personas de 18 años o más,enadis
trabajo,Se dedica a los quehaceres del hogar,2022,Mujeres,Sin discapacidad,Zacatecas,60+,67562.0,94229.0,221.0,,ENADIS (INEGI),Personas de 18 años o más,enadis
educacion,Asiste a la escuela (18 a 29 años),2022,Hombres,Con discapacidad,Aguascalientes,18-29,681.0,2657.0,8.0,,ENADIS (INEGI),Personas de 18 a 29 años,enadis
educacion,Asiste a la escuela (18 a 29 años),2022,Hombres,Con discapacidad,Baja California,18-29,0.0,9339.0,9.0,,ENADIS (INEGI),Personas de 18 a 29 años,enadis
educacion,Asiste a la escuela (18 a 29 años),2022,Hombres,Con discapacidad,Baja California Sur,18-29,589.0,1084.0,5.0,,ENADIS (INEGI),Personas de 18 a 29 años,enadis
educacion,Asiste a la escuela (18 a 29 años),2022,Hombres,Con discapacidad,Campeche,18-29,0.0,1660.0,6.0,,ENADIS (INEGI),Personas de 18 a 29 años,enadis
educacion,Asiste a la escuela (18 a 29 años),2022,Hombres,Con discapacidad,Chiapas,18-29,0.0,10498.0,8.0,,ENADIS (INEGI),Personas de 18 a 29 años,enadis
educacion,Asiste a la escuela (18 a 29 años),2022,Hombres,Con discapacidad,Chihuahua,18-29,1184.0,3015.0,3.0,,ENADIS (INEGI),Personas de 18 a 29 años,enadis
educacion,Asiste a la escuela (18 a 29 años),2022,Hombres,Con discapacidad,Ciudad de México,18-29,15380.0,35485.0,12.0,,ENADIS (INEGI),Personas de 18 a 29 años,enadis
educacion,Asiste a la escuela (18 a 29 años),2022,Hombres,Con discapacidad,Coahuila,18-29,0.0,3469.0,4.0,,ENADIS (INEGI),Personas de 18 a 29 años,enadis
educacion,Asiste a la escuela (18 a 29 años),2022,Hombres,Con discapacidad,Colima,18-29,590.0,1928.0,8.0,,ENADIS (INEGI),Personas de 18 a 29 años,enadis
educacion,Asiste a la escuela (18 a 29 años),2022,Hombres,Con discapacidad,Durango,18-29,934.0,2299.0,6.0,,ENADIS (INEGI),Personas de 18 a 29 años,enadis
educacion,Asiste a la escuela (18 a 29 años),2022,Hombres,Con discapacidad,Guanajuato,18-29,3075.0,12298.0,9.0,,ENADIS (INEGI),Personas de 18 a 29 años,enadis
educacion,Asiste a la escuela (18 a 29 años),2022,Hombres,Con discapacidad,Guerrero,18-29,0.0,14727.0,16.0,,ENADIS (INEGI),Personas de 18 a 29 años,enadis
educacion,Asiste a la escuela (18 a 29 años),2022,Hombres,Con discapacidad,Hidalgo,18-29,1937.0,4147.0,5.0,,ENADIS (INEGI),Personas de 18 a 29 años,enadis
educacion,Asiste a la escuela (18 a 29 años),2022,Hombres,Con discapacidad,Jalisco,18-29,2271.0,12961.0,6.0,,ENADIS (INEGI),Personas de 18 a 29 años,enadis
educacion,Asiste a la escuela (18 a 29 años),2022,Hombres,Con discapacidad,Michoacán,18-29,1130.0,10021.0,9.0,,ENADIS (INEGI),Personas de 18 a 29 años,enadis
educacion,Asiste a la escuela (18 a 29 años),2022,Hombres,Con discapacidad,Morelos,18-29,536.0,5393.0,9.0,,ENADIS (INEGI),Personas de 18 a 29 años,enadis
educacion,Asiste a la escuela (18 a 29 años),2022,Hombres,Con discapacidad,México,18-29,9896.0,61058.0,10.0,,ENADIS (INEGI),Personas de 18 a 29 años,enadis
educacion,Asiste a la escuela (18 a 29 años),2022,Hombres,Con discapacidad,Nayarit,18-29,181.0,2974.0,10.0,,ENADIS (INEGI),Personas de 18 a 29 años,enadis
educacion,Asiste a la escuela (18 a 29 años),2022,Hombres,Con discapacidad,Nuevo León,18-29,1218.0,6997.0,5.0,,ENADIS (INEGI),Personas de 18 a 29 años,enadis
educacion,Asiste a la escuela (18 a 29 años),2022,Hombres,Con discapacidad,Oaxaca,18-29,937.0,7274.0,8.0,,ENADIS (INEGI),Personas de 18 a 29 años,enadis
educacion,Asiste a la escuela (18 a 29 años),2022,Hombres,Con discapacidad,Puebla,18-29,0.0,4030.0,3.0,,ENADIS (INEGI),Personas de 18 a 29 años,enadis
educacion,Asiste a la escuela (18 a 29 años),2022,Hombres,Con discapacidad,Querétaro,18-29,1771.0,4098.0,7.0,,ENADIS (INEGI),Personas de 18 a 29 años,enadis
educacion,Asiste a la escuela (18 a 29 años),2022,Hombres,Con discapacidad,Quintana Roo,18-29,0.0,3947.0,7.0,,ENADIS (INEGI),Personas de 18 a 29 años,enadis
educacion,Asiste a la escuela (18 a 29 años),2022,Hombres,Con discapacidad,San Luis Potosí,18-29,488.0,4808.0,8.0,,ENADIS (INEGI),Personas de 18 a 29 años,enadis
educacion,Asiste a la escuela (18 a 29 años),2022,Hombres,Con discapacidad,Sinaloa,18-29,0.0,9550.0,11.0,,ENADIS (INEGI),Personas de 18 a 29 años,enadis
educacion,Asiste a la escuela (18 a 29 años),2022,Hombres,Con discapacidad,Sonora,18-29,1387.0,5770.0,7.0,,ENADIS (INEGI),Personas de 18 a 29 años,enadis
educacion,Asiste a la escuela (18 a 29 años),2022,Hombres,Con discapacidad,Tabasco,18-29,660.0,4723.0,7.0,,ENADIS (INEGI),Personas de 18 a 29 años,enadis
educacion,Asiste a la escuela (18 a 29 años),2022,Hombres,Con discapacidad,Tamaulipas,18-29,2667.0,11042.0,9.0,,ENADIS (INEGI),Personas de 18 a 29 años,enadis
educacion,Asiste a la escuela (18 a 29 años),2022,Hombres,Con discapacidad,Tlaxcala,18-29,208.0,2220.0,8.0,,ENADIS (INEGI),Personas de 18 a 29 años,enadis
educacion,Asiste a la escuela (18 a 29 años),2022,Hombres,Con discapacidad,Veracruz,18-29,2898.0,15625.0,7.0,,ENADIS (INEGI),Personas de 18 a 29 años,enadis
educacion,Asiste a la escuela (18 a 29 años),2022,Hombres,Con discapacidad,Yucatán,18-29,1003.0,7997.0,15.0,,ENADIS (INEGI),Personas de 18 a 29 años,enadis
educacion,Asiste a la escuela (18 a 29 años),2022,Hombres,Con discapacidad,Zacatecas,18-29,0.0,3478.0,8.0,,ENADIS (INEGI),Personas de 18 a 29 años,enadis
educacion,Asiste a la escuela (18 a 29 años),2022,Hombres,Sin discapacidad,Aguascalientes,18-29,31041.0,143066.0,420.0,,ENADIS (INEGI),Personas de 18 a 29 años,enadis
educacion,Asiste a la escuela (18 a 29 años),2022,Hombres,Sin discapacidad,Baja California,18-29,102915.0,396705.0,333.0,,ENADIS (INEGI),Personas de 18 a 29 años,enadis
educacion,Asiste a la escuela (18 a 29 años),2022,Hombres,Sin discapacidad,Baja California Sur,18-29,18464.0,85255.0,346.0,,ENADIS (INEGI),Personas de 18 a 29 años,enadis
educacion,Asiste a la escuela (18 a 29 años),2022,Hombres,Sin discapacidad,Campeche,18-29,21518.0,86183.0,379.0,,ENADIS (INEGI),Personas de 18 a 29 años,enadis
educacion,Asiste a la escuela (18 a 29 años),2022,Hombres,Sin discapacidad,Chiapas,18-29,72951.0,435656.0,333.0,,ENADIS (INEGI),Personas de 18 a 29 años,enadis
educacion,Asiste a la escuela (18 a 29 años),2022,Hombres,Sin discapacidad,Chihuahua,18-29,108569.0,346723.0,319.0,,ENADIS (INEGI),Personas de 18 a 29 años,enadis
educacion,Asiste a la escuela (18 a 29 años),2022,Hombres,Sin discapacidad,Ciudad de México,18-29,342701.0,872839.0,283.0,,ENADIS (INEGI),Personas de 18 a 29 años,enadis
educacion,Asiste a la escuela (18 a 29 años),2022,Hombres,Sin discapacidad,Coahuila,18-29,71239.0,293750.0,314.0,,ENADIS (INEGI),Personas de 18 a 29 años,enadis
educacion,Asiste a la escuela (18 a 29 años),2022,Hombres,Sin discapacidad,Colima,18-29,13361.0,63399.0,280.0,,ENADIS (INEGI),Personas de 18 a 29 años,enadis
educacion,Asiste a la escuela (18 a 29 años),2022,Hombres,Sin discapacidad,Durango,18-29,39219.0,167913.0,365.0,,ENADIS (INEGI),Personas de 18 a 29 años,enadis
educacion,Asiste a la escuela (18 a 29 años),2022,Hombres,Sin discapacidad,Guanajuato,18-29,84815.0,549265.0,405.0,,ENADIS (INEGI),Personas de 18 a 29 años,enadis
educacion,Asiste a la escuela (18 a 29 años),2022,Hombres,Sin discapacidad,Guerrero,18-29,49533.0,270701.0,336.0,,ENADIS (INEGI),Personas de 18 a 29 años,enadis
educacion,Asiste a la escuela (18 a 29 años),2022,Hombres,Sin discapacidad,Hidalgo,18-29,63952.0,246584.0,311.0,,ENADIS (INEGI),Personas de 18 a 29 años,enadis
educacion,Asiste a la escuela (18 a 29 años),2022,Hombres,Sin discapacidad,Jalisco,18-29,189967.0,781892.0,356.0,,ENADIS (INEGI),Personas de 18 a 29 años,enadis
educacion,Asiste a la escuela (18 a 29 años),2022,Hombres,Sin discapacidad,Michoacán,18-29,75329.0,384567.0,313.0,,ENADIS (INEGI),Personas de 18 a 29 años,enadis
educacion,Asiste a la escuela (18 a 29 años),2022,Hombres,Sin discapacidad,Morelos,18-29,45441.0,172027.0,315.0,,ENADIS (INEGI),Personas de 18 a 29 años,enadis
educacion,Asiste a la escuela (18 a 29 años),2022,Hombres,Sin discapacidad,México,18-29,558678.0,1788382.0,391.0,,ENADIS (INEGI),Personas de 18 a 29 años,enadis
educacion,Asiste a la escuela (18 a 29 años),2022,Hombres,Sin discapacidad,Nayarit,18-29,24661.0,108360.0,374.0,,ENADIS (INEGI),Personas de 18 a 29 años,enadis
educacion,Asiste a la escuela (18 a 29 años),2022,Hombres,Sin discapacidad,Nuevo León,18-29,152398.0,584745.0,382.0,,ENADIS (INEGI),Personas de 18 a 29 años,enadis
educacion,Asiste a la escuela (18 a 29 años),2022,Hombres,Sin discapacidad,Oaxaca,18-29,54504.0,286271.0,329.0,,ENADIS (INEGI),Personas de 18 a 29 años,enadis
educacion,Asiste a la escuela (18 a 29 años),2022,Hombres,Sin discapacidad,Puebla,18-29,156387.0,590530.0,358.0,,ENADIS (INEGI),Personas de 18 a 29 años,enadis
educacion,Asiste a la escuela (18 a 29 años),2022,Hombres,Sin discapacidad,Querétaro,18-29,65809.0,257283.0,378.0,,ENADIS (INEGI),Personas de 18 a 29 años,enadis
educacion,Asiste a la escuela (18 a 29 años),2022,Hombres,Sin discapacidad,Quintana Roo,18-29,37628.0,195177.0,362.0,,ENADIS (INEGI),Personas de 18 a 29 años,enadis
educacion,Asiste a la escuela (18 a 29 años),2022,Hombres,Sin discapacidad,San Luis Potosí,18-29,57715.0,248059.0,359.0,,ENADIS (INEGI),Personas de 18 a 29 años,enadis
educacion,Asiste a la escuela (18 a 29 años),2022,Hombres,Sin discapacidad,Sinaloa,18-29,71787.0,269032.0,329.0,,ENADIS (INEGI),Personas de 18 a 29 años,enadis
educacion,Asiste a la escuela (18 a 29 años),2022,Hombres,Sin discapacidad,Sonora,18-29,67658.0,273116.0,336.0,,ENADIS (INEGI),Personas de 18 a 29 años,enadis
educacion,Asiste a la escuela (18 a 29 años),2022,Hombres,Sin discapacidad,Tabasco,18-29,45563.0,202761.0,323.0,,ENADIS (INEGI),Personas de 18 a 29 años,enadis
educacion,Asiste a la escuela (18 a 29 años),2022,Hombres,Sin discapacidad,Tamaulipas,18-29,73399.0,300803.0,323.0,,ENADIS (INEGI),Personas de 18 a 29 años,enadis
educacion,Asiste a la escuela (18 a 29 años),2022,Hombres,Sin discapacidad,Tlaxcala,18-29,30736.0,122124.0,406.0,,ENADIS (INEGI),Personas de 18 a 29 años,enadis
educacion,Asiste a la escuela (18 a 29 años),2022,Hombres,Sin discapacidad,Veracruz,18-29,137513.0,652458.0,271.0,,ENADIS (INEGI),Personas de 18 a 29 años,enadis
educacion,Asiste a la escuela (18 a 29 años),2022,Hombres,Sin discapacidad,Yucatán,18-29,54225.0,212646.0,416.0,,ENADIS (INEGI),Personas de 18 a 29 años,enadis
educacion,Asiste a la escuela (18 a 29 años),2022,Hombres,Sin discapacidad,Zacatecas,18-29,28053.0,123490.0,291.0,,ENADIS (INEGI),Personas de 18 a 29 años,enadis
educacion,Asiste a la escuela (18 a 29 años),2022,Mujeres,Con discapacidad,Aguascalientes,18-29,684.0,3249.0,9.0,,ENADIS (INEGI),Personas de 18 a 29 años,enadis
educacion,Asiste a la escuela (18 a 29 años),2022,Mujeres,Con discapacidad,Baja California,18-29,799.0,10746.0,10.0,,ENADIS (INEGI),Personas de 18 a 29 años,enadis
educacion,Asiste a la escuela (18 a 29 años),2022,Mujeres,Con discapacidad,Baja California Sur,18-29,0.0,503.0,2.0,,ENADIS (INEGI),Personas de 18 a 29 años,enadis
educacion,Asiste a la escuela (18 a 29 años),2022,Mujeres,Con discapacidad,Campeche,18-29,461.0,2373.0,10.0,,ENADIS (INEGI),Personas de 18 a 29 años,enadis
educacion,Asiste a la escuela (18 a 29 años),2022,Mujeres,Con discapacidad,Chiapas,18-29,0.0,3502.0,3.0,,ENADIS (INEGI),Personas de 18 a 29 años,enadis
educacion,Asiste a la escuela (18 a 29 años),2022,Mujeres,Con discapacidad,Chihuahua,18-29,5145.0,7965.0,8.0,,ENADIS (INEGI),Personas de 18 a 29 años,enadis
educacion,Asiste a la escuela (18 a 29 años),2022,Mujeres,Con discapacidad,Ciudad de México,18-29,11267.0,14749.0,4.0,,ENADIS (INEGI),Personas de 18 a 29 años,enadis
educacion,Asiste a la escuela (18 a 29 años),2022,Mujeres,Con discapacidad,Colima,18-29,0.0,1236.0,6.0,,ENADIS (INEGI),Personas de 18 a 29 años,enadis
educacion,Asiste a la escuela (18 a 29 años),2022,Mujeres,Con discapacidad,Durango,18-29,1509.0,3410.0,7.0,,ENADIS (INEGI),Personas de 18 a 29 años,enadis
educacion,Asiste a la escuela (18 a 29 años),2022,Mujeres,Con discapacidad,Guanajuato,18-29,2565.0,9247.0,6.0,,ENADIS (INEGI),Personas de 18 a 29 años,enadis
educacion,Asiste a la escuela (18 a 29 años),2022,Mujeres,Con discapacidad,Guerrero,18-29,2415.0,10787.0,13.0,,ENADIS (INEGI),Personas de 18 a 29 años,enadis
educacion,Asiste a la escuela (18 a 29 años),2022,Mujeres,Con discapacidad,Hidalgo,18-29,0.0,2468.0,3.0,,ENADIS (INEGI),Personas de 18 a 29 años,enadis
educacion,Asiste a la escuela (18 a 29 años),2022,Mujeres,Con discapacidad,Jalisco,18-29,0.0,9536.0,6.0,,ENADIS (INEGI),Personas de 18 a 29 años,enadis
educacion,Asiste a la escuela (18 a 29 años),2022,Mujeres,Con discapacidad,Michoacán,18-29,0.0,2818.0,3.0,,ENADIS (INEGI),Personas de 18 a 29 años,enadis
educacion,Asiste a la escuela (18 a 29 años),2022,Mujeres,Con discapacidad,Morelos,18-29,1167.0,4459.0,9.0,,ENADIS (INEGI),Personas de 18 a 29 años,enadis
educacion,Asiste a la escuela (18 a 29 años),2022,Mujeres,Con discapacidad,México,18-29,0.0,15187.0,3.0,,ENADIS (INEGI),Personas de 18 a 29 años,enadis
educacion,Asiste a la escuela (18 a 29 años),2022,Mujeres,Con discapacidad,Nayarit,18-29,303.0,303.0,1.0,,ENADIS (INEGI),Personas de 18 a 29 años,enadis
educacion,Asiste a la escuela (18 a 29 años),2022,Mujeres,Con discapacidad,Nuevo León,18-29,2187.0,8472.0,5.0,,ENADIS (INEGI),Personas de 18 a 29 años,enadis
educacion,Asiste a la escuela (18 a 29 años),2022,Mujeres,Con discapacidad,Oaxaca,18-29,0.0,6384.0,7.0,,ENADIS (INEGI),Personas de 18 a 29 años,enadis
educacion,Asiste a la escuela (18 a 29 años),2022,Mujeres,Con discapacidad,Puebla,18-29,1264.0,14894.0,10.0,,ENADIS (INEGI),Personas de 18 a 29 años,enadis
educacion,Asiste a la escuela (18 a 29 años),2022,Mujeres,Con discapacidad,Querétaro,18-29,418.0,3486.0,7.0,,ENADIS (INEGI),Personas de 18 a 29 años,enadis
educacion,Asiste a la escuela (18 a 29 años),2022,Mujeres,Con discapacidad,Quintana Roo,18-29,536.0,1928.0,3.0,,ENADIS (INEGI),Personas de 18 a 29 años,enadis
educacion,Asiste a la escuela (18 a 29 años),2022,Mujeres,Con discapacidad,San Luis Potosí,18-29,2059.0,7268.0,12.0,,ENADIS (INEGI),Personas de 18 a 29 años,enadis
educacion,Asiste a la escuela (18 a 29 años),2022,Mujeres,Con discapacidad,Sinaloa,18-29,0.0,2702.0,3.0,,ENADIS (INEGI),Personas de 18 a 29 años,enadis
educacion,Asiste a la escuela (18 a 29 años),2022,Mujeres,Con discapacidad,Sonora,18-29,722.0,6432.0,9.0,,ENADIS (INEGI),Personas de 18 a 29 años,enadis
educacion,Asiste a la escuela (18 a 29 años),2022,Mujeres,Con discapacidad,Tabasco,18-29,1622.0,5806.0,9.0,,ENADIS (INEGI),Personas de 18 a 29 años,enadis
educacion,Asiste a la escuela (18 a 29 años),2022,Mujeres,Con discapacidad,Tamaulipas,18-29,836.0,4225.0,5.0,,ENADIS (INEGI),Personas de 18 a 29 años,enadis
educacion,Asiste a la escuela (18 a 29 años),2022,Mujeres,Con discapacidad,Tlaxcala,18-29,325.0,2278.0,8.0,,ENADIS (INEGI),Personas de 18 a 29 años,enadis
educacion,Asiste a la escuela (18 a 29 años),2022,Mujeres,Con discapacidad,Veracruz,18-29,2359.0,6926.0,3.0,,ENADIS (INEGI),Personas de 18 a 29 años,enadis
educacion,Asiste a la escuela (18 a 29 años),2022,Mujeres,Con discapacidad,Yucatán,18-29,0.0,4047.0,8.0,,ENADIS (INEGI),Personas de 18 a 29 años,enadis
educacion,Asiste a la escuela (18 a 29 años),2022,Mujeres,Con discapacidad,Zacatecas,18-29,1081.0,2215.0,5.0,,ENADIS (INEGI),Personas de 18 a 29 años,enadis
educacion,Asiste a la escuela (18 a 29 años),2022,Mujeres,Sin discapacidad,Aguascalientes,18-29,29410.0,151653.0,460.0,,ENADIS (INEGI),Personas de 18 a 29 años,enadis
educacion,Asiste a la escuela (18 a 29 años),2022,Mujeres,Sin discapacidad,Baja California,18-29,93289.0,360689.0,312.0,,ENADIS (INEGI),Personas de 18 a 29 años,enadis
educacion,Asiste a la escuela (18 a 29 años),2022,Mujeres,Sin discapacidad,Baja California Sur,18-29,18938.0,82501.0,325.0,,ENADIS (INEGI),Personas de 18 a 29 años,enadis
educacion,Asiste a la escuela (18 a 29 años),2022,Mujeres,Sin discapacidad,Campeche,18-29,21114.0,89245.0,407.0,,ENADIS (INEGI),Personas de 18 a 29 años,enadis
educacion,Asiste a la escuela (18 a 29 años),2022,Mujeres,Sin discapacidad,Chiapas,18-29,79547.0,587095.0,445.0,,ENADIS (INEGI),Personas de 18 a 29 años,enadis
educacion,Asiste a la escuela (18 a 29 años),2022,Mujeres,Sin discapacidad,Chihuahua,18-29,109371.0,345574.0,324.0,,ENADIS (INEGI),Personas de 18 a 29 años,enadis
educacion,Asiste a la escuela (18 a 29 años),2022,Mujeres,Sin discapacidad,Ciudad de México,18-29,325969.0,820000.0,274.0,,ENADIS (INEGI),Personas de 18 a 29 años,enadis
educacion,Asiste a la escuela (18 a 29 años),2022,Mujeres,Sin discapacidad,Coahuila,18-29,64492.0,296840.0,325.0,,ENADIS (INEGI),Personas de 18 a 29 años,enadis
educacion,Asiste a la escuela (18 a 29 años),2022,Mujeres,Sin discapacidad,Colima,18-29,22115.0,75230.0,344.0,,ENADIS (INEGI),Personas de 18 a 29 años,enadis
educacion,Asiste a la escuela (18 a 29 años),2022,Mujeres,Sin discapacidad,Durango,18-29,55765.0,184384.0,413.0,,ENADIS (INEGI),Personas de 18 a 29 años,enadis
educacion,Asiste a la escuela (18 a 29 años),2022,Mujeres,Sin discapacidad,Guanajuato,18-29,120929.0,597326.0,457.0,,ENADIS (INEGI),Personas de 18 a 29 años,enadis
educacion,Asiste a la escuela (18 a 29 años),2022,Mujeres,Sin discapacidad,Guerrero,18-29,48701.0,344753.0,437.0,,ENADIS (INEGI),Personas de 18 a 29 años,enadis
educacion,Asiste a la escuela (18 a 29 años),2022,Mujeres,Sin discapacidad,Hidalgo,18-29,77382.0,306369.0,395.0,,ENADIS (INEGI),Personas de 18 a 29 años,enadis
educacion,Asiste a la escuela (18 a 29 años),2022,Mujeres,Sin discapacidad,Jalisco,18-29,223490.0,843560.0,381.0,,ENADIS (INEGI),Personas de 18 a 29 años,enadis
educacion,Asiste a la escuela (18 a 29 años),2022,Mujeres,Sin discapacidad,Michoacán,18-29,100513.0,465903.0,403.0,,ENADIS (INEGI),Personas de 18 a 29 años,enadis
educacion,Asiste a la escuela (18 a 29 años),2022,Mujeres,Sin discapacidad,Morelos,18-29,44591.0,174737.0,336.0,,ENADIS (INEGI),Personas de 18 a 29 años,enadis
educacion,Asiste a la escuela (18 a 29 años),2022,Mujeres,Sin discapacidad,México,18-29,475967.0,1700149.0,363.0,,ENADIS (INEGI),Personas de 18 a 29 años,enadis
educacion,Asiste a la escuela (18 a 29 años),2022,Mujeres,Sin discapacidad,Nayarit,18-29,27575.0,114946.0,388.0,,ENADIS (INEGI),Personas de 18 a 29 años,enadis
educacion,Asiste a la escuela (18 a 29 años),2022,Mujeres,Sin discapacidad,Nuevo León,18-29,150807.0,589309.0,387.0,,ENADIS (INEGI),Personas de 18 a 29 años,enadis
educacion,Asiste a la escuela (18 a 29 años),2022,Mujeres,Sin discapacidad,Oaxaca,18-29,68499.0,333035.0,384.0,,ENADIS (INEGI),Personas de 18 a 29 años,enadis
educacion,Asiste a la escuela (18 a 29 años),2022,Mujeres,Sin discapacidad,Puebla,18-29,218536.0,646137.0,424.0,,ENADIS (INEGI),Personas de 18 a 29 años,enadis
educacion,Asiste a la escuela (18 a 29 años),2022,Mujeres,Sin discapacidad,Querétaro,18-29,70503.0,234577.0,363.0,,ENADIS (INEGI),Personas de 18 a 29 años,enadis
educacion,Asiste a la escuela (18 a 29 años),2022,Mujeres,Sin discapacidad,Quintana Roo,18-29,43014.0,185761.0,358.0,,ENADIS (INEGI),Personas de 18 a 29 años,enadis
educacion,Asiste a la escuela (18 a 29 años),2022,Mujeres,Sin discapacidad,San Luis Potosí,18-29,57290.0,277177.0,407.0,,ENADIS (INEGI),Personas de 18 a 29 años,enadis
educacion,Asiste a la escuela (18 a 29 años),2022,Mujeres,Sin discapacidad,Sinaloa,18-29,96610.0,290872.0,364.0,,ENADIS (INEGI),Personas de 18 a 29 años,enadis
educacion,Asiste a la escuela (18 a 29 años),2022,Mujeres,Sin discapacidad,Sonora,18-29,85213.0,320554.0,387.0,,ENADIS (INEGI),Personas de 18 a 29 años,enadis
educacion,Asiste a la escuela (18 a 29 años),2022,Mujeres,Sin discapacidad,Tabasco,18-29,54620.0,228654.0,375.0,,ENADIS (INEGI),Personas de 18 a 29 años,enadis
educacion,Asiste a la escuela (18 a 29 años),2022,Mujeres,Sin discapacidad,Tamaulipas,18-29,68408.0,321802.0,341.0,,ENADIS (INEGI),Personas de 18 a 29 años,enadis
educacion,Asiste a la escuela (18 a 29 años),2022,Mujeres,Sin discapacidad,Tlaxcala,18-29,34555.0,137705.0,466.0,,ENADIS (INEGI),Personas de 18 a 29 años,enadis
educacion,Asiste a la escuela (18 a 29 años),2022,Mujeres,Sin discapacidad,Veracruz,18-29,142305.0,682233.0,285.0,,ENADIS (INEGI),Personas de 18 a 29 años,enadis
educacion,Asiste a la escuela (18 a 29 años),2022,Mujeres,Sin discapacidad,Yucatán,18-29,55921.0,223007.0,430.0,,ENADIS (INEGI),Personas de 18 a 29 años,enadis
educacion,Asiste a la escuela (18 a 29 años),2022,Mujeres,Sin discapacidad,Zacatecas,18-29,26504.0,143206.0,352.0,,ENADIS (INEGI),Personas de 18 a 29 años,enadis
discriminacion,Le negaron injustificadamente algún derecho,2017,Hombres,Con discapacidad,Aguascalientes,60+,1281.0,6010.0,27.0,,ENADIS (INEGI),Personas de 18 años o más que solicitaron el servicio,enadis
discriminacion,Le negaron injustificadamente algún derecho,2017,Hombres,Con discapacidad,Baja California,60+,10722.0,36694.0,48.0,,ENADIS (INEGI),Personas de 18 años o más que solicitaron el servicio,enadis
discriminacion,Le negaron injustificadamente algún derecho,2017,Hombres,Con discapacidad,Baja California Sur,60+,3557.0,8433.0,44.0,,ENADIS (INEGI),Personas de 18 años o más que solicitaron el servicio,enadis
discriminacion,Le negaron injustificadamente algún derecho,2017,Hombres,Con discapacidad,Campeche,60+,1047.0,7832.0,43.0,,ENADIS (INEGI),Personas de 18 años o más que solicitaron el servicio,enadis
discriminacion,Le negaron injustificadamente algún derecho,2017,Hombres,Con discapacidad,Chiapas,60+,9384.0,20931.0,30.0,,ENADIS (INEGI),Personas de 18 años o más que solicitaron el servicio,enadis
discriminacion,Le negaron injustificadamente algún derecho,2017,Hombres,Con discapacidad,Chihuahua,60+,5261.0,25926.0,30.0,,ENADIS (INEGI),Personas de 18 años o más que solicitaron el servicio,enadis
discriminacion,Le negaron injustificadamente algún derecho,2017,Hombres,Con discapacidad,Ciudad de México,60+,21652.0,78590.0,42.0,,ENADIS (INEGI),Personas de 18 años o más que solicitaron el servicio,enadis
discriminacion,Le negaron injustificadamente algún derecho,2017,Hombres,Con discapacidad,Coahuila,60+,4823.0,14677.0,20.0,,ENADIS (INEGI),Personas de 18 años o más que solicitaron el servicio,enadis
discriminacion,Le negaron injustificadamente algún derecho,2017,Hombres,Con discapacidad,Colima,60+,992.0,5947.0,31.0,,ENADIS (INEGI),Personas de 18 años o más que solicitaron el servicio,enadis
discriminacion,Le negaron injustificadamente algún derecho,2017,Hombres,Con discapacidad,Durango,60+,2595.0,6844.0,24.0,,ENADIS (INEGI),Personas de 18 años o más que solicitaron el servicio,enadis
discriminacion,Le negaron injustificadamente algún derecho,2017,Hombres,Con discapacidad,Guanajuato,60+,6990.0,26712.0,57.0,,ENADIS (INEGI),Personas de 18 años o más que solicitaron el servicio,enadis
discriminacion,Le negaron injustificadamente algún derecho,2017,Hombres,Con discapacidad,Guerrero,60+,10749.0,32851.0,36.0,,ENADIS (INEGI),Personas de 18 años o más que solicitaron el servicio,enadis
discriminacion,Le negaron injustificadamente algún derecho,2017,Hombres,Con discapacidad,Hidalgo,60+,5407.0,20920.0,80.0,,ENADIS (INEGI),Personas de 18 años o más que solicitaron el servicio,enadis
discriminacion,Le negaron injustificadamente algún derecho,2017,Hombres,Con discapacidad,Jalisco,60+,31036.0,120691.0,25.0,,ENADIS (INEGI),Personas de 18 años o más que solicitaron el servicio,enadis
discriminacion,Le negaron injustificadamente algún derecho,2017,Hombres,Con discapacidad,Michoacán,60+,16790.0,50239.0,64.0,,ENADIS (INEGI),Personas de 18 años o más que solicitaron el servicio,enadis
discriminacion,Le negaron injustificadamente algún derecho,2017,Hombres,Con discapacidad,Morelos,60+,10237.0,18590.0,55.0,,ENADIS (INEGI),Personas de 18 años o más que solicitaron el servicio,enadis
discriminacion,Le negaron injustificadamente algún derecho,2017,Hombres,Con discapacidad,México,60+,50579.0,118130.0,41.0,,ENADIS (INEGI),Personas de 18 años o más que solicitaron el servicio,enadis
discriminacion,Le negaron injustificadamente algún derecho,2017,Hombres,Con discapacidad,Nayarit,60+,1501.0,10708.0,40.0,,ENADIS (INEGI),Personas de 18 años o más que solicitaron el servicio,enadis
discriminacion,Le negaron injustificadamente algún derecho,2017,Hombres,Con discapacidad,Nuevo León,60+,16672.0,63110.0,40.0,,ENADIS (INEGI),Personas de 18 años o más que solicitaron el servicio,enadis
discriminacion,Le negaron injustificadamente algún derecho,2017,Hombres,Con discapacidad,Oaxaca,60+,8018.0,28645.0,39.0,,ENADIS (INEGI),Personas de 18 años o más que solicitaron el servicio,enadis
discriminacion,Le negaron injustificadamente algún derecho,2017,Hombres,Con discapacidad,Puebla,60+,9786.0,42025.0,32.0,,ENADIS (INEGI),Personas de 18 años o más que solicitaron el servicio,enadis
discriminacion,Le negaron injustificadamente algún derecho,2017,Hombres,Con discapacidad,Querétaro,60+,1835.0,10800.0,32.0,,ENADIS (INEGI),Personas de 18 años o más que solicitaron el servicio,enadis
discriminacion,Le negaron injustificadamente algún derecho,2017,Hombres,Con discapacidad,Quintana Roo,60+,1263.0,8061.0,18.0,,ENADIS (INEGI),Personas de 18 años o más que solicitaron el servicio,enadis
discriminacion,Le negaron injustificadamente algún derecho,2017,Hombres,Con discapacidad,San Luis Potosí,60+,183.0,21940.0,27.0,,ENADIS (INEGI),Personas de 18 años o más que solicitaron el servicio,enadis
discriminacion,Le negaron injustificadamente algún derecho,2017,Hombres,Con discapacidad,Sinaloa,60+,1290.0,19818.0,26.0,,ENADIS (INEGI),Personas de 18 años o más que solicitaron el servicio,enadis
discriminacion,Le negaron injustificadamente algún derecho,2017,Hombres,Con discapacidad,Sonora,60+,2033.0,21817.0,24.0,,ENADIS (INEGI),Personas de 18 años o más que solicitaron el servicio,enadis
discriminacion,Le negaron injustificadamente algún derecho,2017,Hombres,Con discapacidad,Tabasco,60+,9016.0,25295.0,68.0,,ENADIS (INEGI),Personas de 18 años o más que solicitaron el servicio,enadis
discriminacion,Le negaron injustificadamente algún derecho,2017,Hombres,Con discapacidad,Tamaulipas,60+,9281.0,45124.0,44.0,,ENADIS (INEGI),Personas de 18 años o más que solicitaron el servicio,enadis
discriminacion,Le negaron injustificadamente algún derecho,2017,Hombres,Con discapacidad,Tlaxcala,60+,3918.0,9371.0,97.0,,ENADIS (INEGI),Personas de 18 años o más que solicitaron el servicio,enadis
discriminacion,Le negaron injustificadamente algún derecho,2017,Hombres,Con discapacidad,Veracruz,60+,26387.0,54608.0,44.0,,ENADIS (INEGI),Personas de 18 años o más que solicitaron el servicio,enadis
discriminacion,Le negaron injustificadamente algún derecho,2017,Hombres,Con discapacidad,Yucatán,60+,8840.0,30604.0,56.0,,ENADIS (INEGI),Personas de 18 años o más que solicitaron el servicio,enadis
discriminacion,Le negaron injustificadamente algún derecho,2017,Hombres,Con discapacidad,Zacatecas,60+,5772.0,19245.0,51.0,,ENADIS (INEGI),Personas de 18 años o más que solicitaron el servicio,enadis
discriminacion,Le negaron injustificadamente algún derecho,2017,Hombres,Sin discapacidad,Aguascalientes,60+,8178.0,53024.0,183.0,,ENADIS (INEGI),Personas de 18 años o más que solicitaron el servicio,enadis
discriminacion,Le negaron injustificadamente algún derecho,2017,Hombres,Sin discapacidad,Baja California,60+,25590.0,124855.0,130.0,,ENADIS (INEGI),Personas de 18 años o más que solicitaron el servicio,enadis
discriminacion,Le negaron injustificadamente algún derecho,2017,Hombres,Sin discapacidad,Baja California Sur,60+,7844.0,30381.0,173.0,,ENADIS (INEGI),Personas de 18 años o más que solicitaron el servicio,enadis
discriminacion,Le negaron injustificadamente algún derecho,2017,Hombres,Sin discapacidad,Campeche,60+,6233.0,33448.0,181.0,,ENADIS (INEGI),Personas de 18 años o más que solicitaron el servicio,enadis
discriminacion,Le negaron injustificadamente algún derecho,2017,Hombres,Sin discapacidad,Chiapas,60+,60619.0,157516.0,171.0,,ENADIS (INEGI),Personas de 18 años o más que solicitaron el servicio,enadis
discriminacion,Le negaron injustificadamente algún derecho,2017,Hombres,Sin discapacidad,Chihuahua,60+,26933.0,146739.0,161.0,,ENADIS (INEGI),Personas de 18 años o más que solicitaron el servicio,enadis
discriminacion,Le negaron injustificadamente algún derecho,2017,Hombres,Sin discapacidad,Ciudad de México,60+,91150.0,479504.0,194.0,,ENADIS (INEGI),Personas de 18 años o más que solicitaron el servicio,enadis
discriminacion,Le negaron injustificadamente algún derecho,2017,Hombres,Sin discapacidad,Coahuila,60+,23241.0,133993.0,200.0,,ENADIS (INEGI),Personas de 18 años o más que solicitaron el servicio,enadis
discriminacion,Le negaron injustificadamente algún derecho,2017,Hombres,Sin discapacidad,Colima,60+,8489.0,40151.0,157.0,,ENADIS (INEGI),Personas de 18 años o más que solicitaron el servicio,enadis
discriminacion,Le negaron injustificadamente algún derecho,2017,Hombres,Sin discapacidad,Durango,60+,20135.0,83600.0,201.0,,ENADIS (INEGI),Personas de 18 años o más que solicitaron el servicio,enadis
discriminacion,Le negaron injustificadamente algún derecho,2017,Hombres,Sin discapacidad,Guanajuato,60+,60708.0,248238.0,539.0,,ENADIS (INEGI),Personas de 18 años o más que solicitaron el servicio,enadis
discriminacion,Le negaron injustificadamente algún derecho,2017,Hombres,Sin discapacidad,Guerrero,60+,60165.0,155645.0,160.0,,ENADIS (INEGI),Personas de 18 años o más que solicitaron el servicio,enadis
discriminacion,Le negaron injustificadamente algún derecho,2017,Hombres,Sin discapacidad,Hidalgo,60+,37566.0,114297.0,459.0,,ENADIS (INEGI),Personas de 18 años o más que solicitaron el servicio,enadis
discriminacion,Le negaron injustificadamente algún derecho,2017,Hombres,Sin discapacidad,Jalisco,60+,57985.0,339764.0,170.0,,ENADIS (INEGI),Personas de 18 años o más que solicitaron el servicio,enadis
discriminacion,Le negaron injustificadamente algún derecho,2017,Hombres,Sin discapacidad,Michoacán,60+,51263.0,222366.0,307.0,,ENADIS (INEGI),Personas de 18 años o más que solicitaron el servicio,enadis
discriminacion,Le negaron injustificadamente algún derecho,2017,Hombres,Sin discapacidad,Morelos,60+,29321.0,96414.0,275.0,,ENADIS (INEGI),Personas de 18 años o más que solicitaron el servicio,enadis
discriminacion,Le negaron injustificadamente algún derecho,2017,Hombres,Sin discapacidad,México,60+,325119.0,727999.0,182.0,,ENADIS (INEGI),Personas de 18 años o más que solicitaron el servicio,enadis
discriminacion,Le negaron injustificadamente algún derecho,2017,Hombres,Sin discapacidad,Nayarit,60+,12208.0,59990.0,187.0,,ENADIS (INEGI),Personas de 18 años o más que solicitaron el servicio,enadis
discriminacion,Le negaron injustificadamente algún derecho,2017,Hombres,Sin discapacidad,Nuevo León,60+,47638.0,246877.0,175.0,,ENADIS (INEGI),Personas de 18 años o más que solicitaron el servicio,enadis
discriminacion,Le negaron injustificadamente algún derecho,2017,Hombres,Sin discapacidad,Oaxaca,60+,72724.0,219685.0,285.0,,ENADIS (INEGI),Personas de 18 años o más que solicitaron el servicio,enadis
discriminacion,Le negaron injustificadamente algún derecho,2017,Hombres,Sin discapacidad,Puebla,60+,85252.0,263606.0,189.0,,ENADIS (INEGI),Personas de 18 años o más que solicitaron el servicio,enadis
discriminacion,Le negaron injustificadamente algún derecho,2017,Hombres,Sin discapacidad,Querétaro,60+,27951.0,83930.0,181.0,,ENADIS (INEGI),Personas de 18 años o más que solicitaron el servicio,enadis
discriminacion,Le negaron injustificadamente algún derecho,2017,Hombres,Sin discapacidad,Quintana Roo,60+,12247.0,45851.0,143.0,,ENADIS (INEGI),Personas de 18 años o más que solicitaron el servicio,enadis
discriminacion,Le negaron injustificadamente algún derecho,2017,Hombres,Sin discapacidad,San Luis Potosí,60+,42453.0,147864.0,197.0,,ENADIS (INEGI),Personas de 18 años o más que solicitaron el servicio,enadis
discriminacion,Le negaron injustificadamente algún derecho,2017,Hombres,Sin discapacidad,Sinaloa,60+,38000.0,143555.0,184.0,,ENADIS (INEGI),Personas de 18 años o más que solicitaron el servicio,enadis
discriminacion,Le negaron injustificadamente algún derecho,2017,Hombres,Sin discapacidad,Sonora,60+,9895.0,124273.0,170.0,,ENADIS (INEGI),Personas de 18 años o más que solicitaron el servicio,enadis
discriminacion,Le negaron injustificadamente algún derecho,2017,Hombres,Sin discapacidad,Tabasco,60+,29880.0,83820.0,263.0,,ENADIS (INEGI),Personas de 18 años o más que solicitaron el servicio,enadis
discriminacion,Le negaron injustificadamente algún derecho,2017,Hombres,Sin discapacidad,Tamaulipas,60+,45996.0,161215.0,157.0,,ENADIS (INEGI),Personas de 18 años o más que solicitaron el servicio,enadis
discriminacion,Le negaron injustificadamente algún derecho,2017,Hombres,Sin discapacidad,Tlaxcala,60+,16458.0,48619.0,507.0,,ENADIS (INEGI),Personas de 18 años o más que solicitaron el servicio,enadis
discriminacion,Le negaron injustificadamente algún derecho,2017,Hombres,Sin discapacidad,Veracruz,60+,111489.0,366548.0,265.0,,ENADIS (INEGI),Personas de 18 años o más que solicitaron el servicio,enadis
discriminacion,Le negaron injustificadamente algún derecho,2017,Hombres,Sin discapacidad,Yucatán,60+,23149.0,87828.0,180.0,,ENADIS (INEGI),Personas de 18 años o más que solicitaron el servicio,enadis
discriminacion,Le negaron injustificadamente algún derecho,2017,Hombres,Sin discapacidad,Zacatecas,60+,15225.0,65814.0,172.0,,ENADIS (INEGI),Personas de 18 años o más que solicitaron el servicio,enadis
discriminacion,Le negaron injustificadamente algún derecho,2017,Mujeres,Con discapacidad,Aguascalientes,60+,2730.0,13307.0,52.0,,ENADIS (INEGI),Personas de 18 años o más que solicitaron el servicio,enadis
discriminacion,Le negaron injustificadamente algún derecho,2017,Mujeres,Con discapacidad,Baja California,60+,6850.0,46524.0,71.0,,ENADIS (INEGI),Personas de 18 años o más que solicitaron el servicio,enadis
discriminacion,Le negaron injustificadamente algún derecho,2017,Mujeres,Con discapacidad,Baja California Sur,60+,2106.0,10291.0,61.0,,ENADIS (INEGI),Personas de 18 años o más que solicitaron el servicio,enadis
discriminacion,Le negaron injustificadamente algún derecho,2017,Mujeres,Con discapacidad,Campeche,60+,2436.0,10207.0,66.0,,ENADIS (INEGI),Personas de 18 años o más que solicitaron el servicio,enadis
discriminacion,Le negaron injustificadamente algún derecho,2017,Mujeres,Con discapacidad,Chiapas,60+,17425.0,42633.0,59.0,,ENADIS (INEGI),Personas de 18 años o más que solicitaron el servicio,enadis
discriminacion,Le negaron injustificadamente algún derecho,2017,Mujeres,Con discapacidad,Chihuahua,60+,10839.0,44418.0,53.0,,ENADIS (INEGI),Personas de 18 años o más que solicitaron el servicio,enadis
discriminacion,Le negaron injustificadamente algún derecho,2017,Mujeres,Con discapacidad,Ciudad de México,60+,54858.0,169847.0,82.0,,ENADIS (INEGI),Personas de 18 años o más que solicitaron el servicio,enadis
discriminacion,Le negaron injustificadamente algún derecho,2017,Mujeres,Con discapacidad,Coahuila,60+,1776.0,11137.0,25.0,,ENADIS (INEGI),Personas de 18 años o más que solicitaron el servicio,enadis
discriminacion,Le negaron injustificadamente algún derecho,2017,Mujeres,Con discapacidad,Colima,60+,727.0,11279.0,55.0,,ENADIS (INEGI),Personas de 18 años o más que solicitaron el servicio,enadis
discriminacion,Le negaron injustificadamente algún derecho,2017,Mujeres,Con discapacidad,Durango,60+,1624.0,13590.0,37.0,,ENADIS (INEGI),Personas de 18 años o más que solicitaron el servicio,enadis
discriminacion,Le negaron injustificadamente algún derecho,2017,Mujeres,Con discapacidad,Guanajuato,60+,9106.0,37745.0,103.0,,ENADIS (INEGI),Personas de 18 años o más que solicitaron el servicio,enadis
discriminacion,Le negaron injustificadamente algún derecho,2017,Mujeres,Con discapacidad,Guerrero,60+,7675.0,28911.0,53.0,,ENADIS (INEGI),Personas de 18 años o más que solicitaron el servicio,enadis
discriminacion,Le negaron injustificadamente algún derecho,2017,Mujeres,Con discapacidad,Hidalgo,60+,6900.0,27106.0,122.0,,ENADIS (INEGI),Personas de 18 años o más que solicitaron el servicio,enadis
discriminacion,Le negaron injustificadamente algún derecho,2017,Mujeres,Con discapacidad,Jalisco,60+,22976.0,101817.0,64.0,,ENADIS (INEGI),Personas de 18 años o más que solicitaron el servicio,enadis
discriminacion,Le negaron injustificadamente algún derecho,2017,Mujeres,Con discapacidad,Michoacán,60+,17410.0,69928.0,86.0,,ENADIS (INEGI),Personas de 18 años o más que solicitaron el servicio,enadis
discriminacion,Le negaron injustificadamente algún derecho,2017,Mujeres,Con discapacidad,Morelos,60+,8685.0,32592.0,85.0,,ENADIS (INEGI),Personas de 18 años o más que solicitaron el servicio,enadis
discriminacion,Le negaron injustificadamente algún derecho,2017,Mujeres,Con discapacidad,México,60+,59448.0,173516.0,56.0,,ENADIS (INEGI),Personas de 18 años o más que solicitaron el servicio,enadis
discriminacion,Le negaron injustificadamente algún derecho,2017,Mujeres,Con discapacidad,Nayarit,60+,3282.0,11643.0,63.0,,ENADIS (INEGI),Personas de 18 años o más que solicitaron el servicio,enadis
discriminacion,Le negaron injustificadamente algún derecho,2017,Mujeres,Con discapacidad,Nuevo León,60+,7599.0,70996.0,59.0,,ENADIS (INEGI),Personas de 18 años o más que solicitaron el servicio,enadis
discriminacion,Le negaron injustificadamente algún derecho,2017,Mujeres,Con discapacidad,Oaxaca,60+,11798.0,33508.0,62.0,,ENADIS (INEGI),Personas de 18 años o más que solicitaron el servicio,enadis
discriminacion,Le negaron injustificadamente algún derecho,2017,Mujeres,Con discapacidad,Puebla,60+,7318.0,38177.0,39.0,,ENADIS (INEGI),Personas de 18 años o más que solicitaron el servicio,enadis
discriminacion,Le negaron injustificadamente algún derecho,2017,Mujeres,Con discapacidad,Querétaro,60+,7322.0,25371.0,55.0,,ENADIS (INEGI),Personas de 18 años o más que solicitaron el servicio,enadis
discriminacion,Le negaron injustificadamente algún derecho,2017,Mujeres,Con discapacidad,Quintana Roo,60+,3477.0,12332.0,39.0,,ENADIS (INEGI),Personas de 18 años o más que solicitaron el servicio,enadis
discriminacion,Le negaron injustificadamente algún derecho,2017,Mujeres,Con discapacidad,San Luis Potosí,60+,5129.0,23812.0,39.0,,ENADIS (INEGI),Personas de 18 años o más que solicitaron el servicio,enadis
discriminacion,Le negaron injustificadamente algún derecho,2017,Mujeres,Con discapacidad,Sinaloa,60+,5436.0,37075.0,40.0,,ENADIS (INEGI),Personas de 18 años o más que solicitaron el servicio,enadis
discriminacion,Le negaron injustificadamente algún derecho,2017,Mujeres,Con discapacidad,Sonora,60+,2273.0,25904.0,42.0,,ENADIS (INEGI),Personas de 18 años o más que solicitaron el servicio,enadis
discriminacion,Le negaron injustificadamente algún derecho,2017,Mujeres,Con discapacidad,Tabasco,60+,9907.0,31601.0,99.0,,ENADIS (INEGI),Personas de 18 años o más que solicitaron el servicio,enadis
discriminacion,Le negaron injustificadamente algún derecho,2017,Mujeres,Con discapacidad,Tamaulipas,60+,8603.0,64106.0,75.0,,ENADIS (INEGI),Personas de 18 años o más que solicitaron el servicio,enadis
discriminacion,Le negaron injustificadamente algún derecho,2017,Mujeres,Con discapacidad,Tlaxcala,60+,2465.0,10557.0,115.0,,ENADIS (INEGI),Personas de 18 años o más que solicitaron el servicio,enadis
discriminacion,Le negaron injustificadamente algún derecho,2017,Mujeres,Con discapacidad,Veracruz,60+,26738.0,103752.0,88.0,,ENADIS (INEGI),Personas de 18 años o más que solicitaron el servicio,enadis
discriminacion,Le negaron injustificadamente algún derecho,2017,Mujeres,Con discapacidad,Yucatán,60+,9971.0,41997.0,103.0,,ENADIS (INEGI),Personas de 18 años o más que solicitaron el servicio,enadis
discriminacion,Le negaron injustificadamente algún derecho,2017,Mujeres,Con discapacidad,Zacatecas,60+,9945.0,35070.0,94.0,,ENADIS (INEGI),Personas de 18 años o más que solicitaron el servicio,enadis
discriminacion,Le negaron injustificadamente algún derecho,2017,Mujeres,Sin discapacidad,Aguascalientes,60+,8872.0,52151.0,185.0,,ENADIS (INEGI),Personas de 18 años o más que solicitaron el servicio,enadis
discriminacion,Le negaron injustificadamente algún derecho,2017,Mujeres,Sin discapacidad,Baja California,60+,22680.0,122550.0,146.0,,ENADIS (INEGI),Personas de 18 años o más que solicitaron el servicio,enadis
discriminacion,Le negaron injustificadamente algún derecho,2017,Mujeres,Sin discapacidad,Baja California Sur,60+,4893.0,24838.0,173.0,,ENADIS (INEGI),Personas de 18 años o más que solicitaron el servicio,enadis
discriminacion,Le negaron injustificadamente algún derecho,2017,Mujeres,Sin discapacidad,Campeche,60+,6976.0,36313.0,189.0,,ENADIS (INEGI),Personas de 18 años o más que solicitaron el servicio,enadis
discriminacion,Le negaron injustificadamente algún derecho,2017,Mujeres,Sin discapacidad,Chiapas,60+,37416.0,157474.0,166.0,,ENADIS (INEGI),Personas de 18 años o más que solicitaron el servicio,enadis
discriminacion,Le negaron injustificadamente algún derecho,2017,Mujeres,Sin discapacidad,Chihuahua,60+,33410.0,164775.0,188.0,,ENADIS (INEGI),Personas de 18 años o más que solicitaron el servicio,enadis
discriminacion,Le negaron injustificadamente algún derecho,2017,Mujeres,Sin discapacidad,Ciudad de México,60+,92694.0,612699.0,252.0,,ENADIS (INEGI),Personas de 18 años o más que solicitaron el servicio,enadis
discriminacion,Le negaron injustificadamente algún derecho,2017,Mujeres,Sin discapacidad,Coahuila,60+,34918.0,169235.0,235.0,,ENADIS (INEGI),Personas de 18 años o más que solicitaron el servicio,enadis
discriminacion,Le negaron injustificadamente algún derecho,2017,Mujeres,Sin discapacidad,Colima,60+,5191.0,29651.0,165.0,,ENADIS (INEGI),Personas de 18 años o más que solicitaron el servicio,enadis
discriminacion,Le negaron injustificadamente algún derecho,2017,Mujeres,Sin discapacidad,Durango,60+,17869.0,90377.0,235.0,,ENADIS (INEGI),Personas de 18 años o más que solicitaron el servicio,enadis
discriminacion,Le negaron injustificadamente algún derecho,2017,Mujeres,Sin discapacidad,Guanajuato,60+,53009.0,298306.0,639.0,,ENADIS (INEGI),Personas de 18 años o más que solicitaron el servicio,enadis
discriminacion,Le negaron injustificadamente algún derecho,2017,Mujeres,Sin discapacidad,Guerrero,60+,41865.0,164859.0,192.0,,ENADIS (INEGI),Personas de 18 años o más que solicitaron el servicio,enadis
discriminacion,Le negaron injustificadamente algún derecho,2017,Mujeres,Sin discapacidad,Hidalgo,60+,30363.0,118981.0,494.0,,ENADIS (INEGI),Personas de 18 años o más que solicitaron el servicio,enadis
discriminacion,Le negaron injustificadamente algún derecho,2017,Mujeres,Sin discapacidad,Jalisco,60+,62814.0,366727.0,205.0,,ENADIS (INEGI),Personas de 18 años o más que solicitaron el servicio,enadis
discriminacion,Le negaron injustificadamente algún derecho,2017,Mujeres,Sin discapacidad,Michoacán,60+,43625.0,242359.0,324.0,,ENADIS (INEGI),Personas de 18 años o más que solicitaron el servicio,enadis
discriminacion,Le negaron injustificadamente algún derecho,2017,Mujeres,Sin discapacidad,Morelos,60+,21959.0,100139.0,338.0,,ENADIS (INEGI),Personas de 18 años o más que solicitaron el servicio,enadis
discriminacion,Le negaron injustificadamente algún derecho,2017,Mujeres,Sin discapacidad,México,60+,235283.0,753721.0,196.0,,ENADIS (INEGI),Personas de 18 años o más que solicitaron el servicio,enadis
discriminacion,Le negaron injustificadamente algún derecho,2017,Mujeres,Sin discapacidad,Nayarit,60+,9339.0,69597.0,227.0,,ENADIS (INEGI),Personas de 18 años o más que solicitaron el servicio,enadis
discriminacion,Le negaron injustificadamente algún derecho,2017,Mujeres,Sin discapacidad,Nuevo León,60+,29731.0,257041.0,193.0,,ENADIS (INEGI),Personas de 18 años o más que solicitaron el servicio,enadis
discriminacion,Le negaron injustificadamente algún derecho,2017,Mujeres,Sin discapacidad,Oaxaca,60+,62221.0,241449.0,344.0,,ENADIS (INEGI),Personas de 18 años o más que solicitaron el servicio,enadis
discriminacion,Le negaron injustificadamente algún derecho,2017,Mujeres,Sin discapacidad,Puebla,60+,56566.0,350950.0,239.0,,ENADIS (INEGI),Personas de 18 años o más que solicitaron el servicio,enadis
discriminacion,Le negaron injustificadamente algún derecho,2017,Mujeres,Sin discapacidad,Querétaro,60+,20335.0,84265.0,193.0,,ENADIS (INEGI),Personas de 18 años o más que solicitaron el servicio,enadis
discriminacion,Le negaron injustificadamente algún derecho,2017,Mujeres,Sin discapacidad,Quintana Roo,60+,11950.0,49472.0,151.0,,ENADIS (INEGI),Personas de 18 años o más que solicitaron el servicio,enadis
discriminacion,Le negaron injustificadamente algún derecho,2017,Mujeres,Sin discapacidad,San Luis Potosí,60+,35037.0,135158.0,239.0,,ENADIS (INEGI),Personas de 18 años o más que solicitaron el servicio,enadis
discriminacion,Le negaron injustificadamente algún derecho,2017,Mujeres,Sin discapacidad,Sinaloa,60+,29483.0,160593.0,220.0,,ENADIS (INEGI),Personas de 18 años o más que solicitaron el servicio,enadis
discriminacion,Le negaron injustificadamente algún derecho,2017,Mujeres,Sin discapacidad,Sonora,60+,17640.0,177370.0,211.0,,ENADIS (INEGI),Personas de 18 años o más que solicitaron el servicio,enadis
discriminacion,Le negaron injustificadamente algún derecho,2017,Mujeres,Sin discapacidad,Tabasco,60+,22825.0,93582.0,305.0,,ENADIS (INEGI),Personas de 18 años o más que solicitaron el servicio,enadis
discriminacion,Le negaron injustificadamente algún derecho,2017,Mujeres,Sin discapacidad,Tamaulipas,60+,40239.0,168974.0,188.0,,ENADIS (INEGI),Personas de 18 años o más que solicitaron el servicio,enadis
discriminacion,Le negaron injustificadamente algún derecho,2017,Mujeres,Sin discapacidad,Tlaxcala,60+,18367.0,60267.0,632.0,,ENADIS (INEGI),Personas de 18 años o más que solicitaron el servicio,enadis
discriminacion,Le negaron injustificadamente algún derecho,2017,Mujeres,Sin discapacidad,Veracruz,60+,108201.0,377197.0,338.0,,ENADIS (INEGI),Personas de 18 años o más que solicitaron el servicio,enadis
discriminacion,Le negaron injustificadamente algún derecho,2017,Mujeres,Sin discapacidad,Yucatán,60+,13629.0,89103.0,172.0,,ENADIS (INEGI),Personas de 18 años o más que solicitaron el servicio,enadis
discriminacion,Le negaron injustificadamente algún derecho,2017,Mujeres,Sin discapacidad,Zacatecas,60+,14985.0,61684.0,189.0,,ENADIS (INEGI),Personas de 18 años o más que solicitaron el servicio,enadis
discriminacion,Le negaron atención médica o medicamentos,2017,Hombres,Con discapacidad,Aguascalientes,60+,809.0,6010.0,27.0,,ENADIS (INEGI),Personas de 18 años o más que solicitaron el servicio,enadis
discriminacion,Le negaron atención médica o medicamentos,2017,Hombres,Con discapacidad,Baja California,60+,1461.0,35922.0,46.0,,ENADIS (INEGI),Personas de 18 años o más que solicitaron el servicio,enadis
discriminacion,Le negaron atención médica o medicamentos,2017,Hombres,Con discapacidad,Baja California Sur,60+,2011.0,8353.0,43.0,,ENADIS (INEGI),Personas de 18 años o más que solicitaron el servicio,enadis
discriminacion,Le negaron atención médica o medicamentos,2017,Hombres,Con discapacidad,Campeche,60+,447.0,7539.0,41.0,,ENADIS (INEGI),Personas de 18 años o más que solicitaron el servicio,enadis
discriminacion,Le negaron atención médica o medicamentos,2017,Hombres,Con discapacidad,Chiapas,60+,4075.0,20931.0,30.0,,ENADIS (INEGI),Personas de 18 años o más que solicitaron el servicio,enadis
discriminacion,Le negaron atención médica o medicamentos,2017,Hombres,Con discapacidad,Chihuahua,60+,2280.0,25217.0,29.0,,ENADIS (INEGI),Personas de 18 años o más que solicitaron el servicio,enadis
discriminacion,Le negaron atención médica o medicamentos,2017,Hombres,Con discapacidad,Ciudad de México,60+,5412.0,77609.0,41.0,,ENADIS (INEGI),Personas de 18 años o más que solicitaron el servicio,enadis
discriminacion,Le negaron atención médica o medicamentos,2017,Hombres,Con discapacidad,Coahuila,60+,518.0,14677.0,20.0,,ENADIS (INEGI),Personas de 18 años o más que solicitaron el servicio,enadis
discriminacion,Le negaron atención médica o medicamentos,2017,Hombres,Con discapacidad,Colima,60+,612.0,5871.0,30.0,,ENADIS (INEGI),Personas de 18 años o más que solicitaron el servicio,enadis
discriminacion,Le negaron atención médica o medicamentos,2017,Hombres,Con discapacidad,Durango,60+,539.0,6844.0,24.0,,ENADIS (INEGI),Personas de 18 años o más que solicitaron el servicio,enadis
discriminacion,Le negaron atención médica o medicamentos,2017,Hombres,Con discapacidad,Guanajuato,60+,4693.0,26712.0,57.0,,ENADIS (INEGI),Personas de 18 años o más que solicitaron el servicio,enadis
discriminacion,Le negaron atención médica o medicamentos,2017,Hombres,Con discapacidad,Guerrero,60+,4515.0,31177.0,34.0,,ENADIS (INEGI),Personas de 18 años o más que solicitaron el servicio,enadis
discriminacion,Le negaron atención médica o medicamentos,2017,Hombres,Con discapacidad,Hidalgo,60+,2033.0,20824.0,79.0,,ENADIS (INEGI),Personas de 18 años o más que solicitaron el servicio,enadis
discriminacion,Le negaron atención médica o medicamentos,2017,Hombres,Con discapacidad,Jalisco,60+,22618.0,120691.0,25.0,,ENADIS (INEGI),Personas de 18 años o más que solicitaron el servicio,enadis
discriminacion,Le negaron atención médica o medicamentos,2017,Hombres,Con discapacidad,Michoacán,60+,8886.0,50239.0,64.0,,ENADIS (INEGI),Personas de 18 años o más que solicitaron el servicio,enadis
discriminacion,Le negaron atención médica o medicamentos,2017,Hombres,Con discapacidad,Morelos,60+,2220.0,16235.0,51.0,,ENADIS (INEGI),Personas de 18 años o más que solicitaron el servicio,enadis
discriminacion,Le negaron atención médica o medicamentos,2017,Hombres,Con discapacidad,México,60+,11487.0,113893.0,39.0,,ENADIS (INEGI),Personas de 18 años o más que solicitaron el servicio,enadis
discriminacion,Le negaron atención médica o medicamentos,2017,Hombres,Con discapacidad,Nayarit,60+,75.0,10208.0,38.0,,ENADIS (INEGI),Personas de 18 años o más que solicitaron el servicio,enadis
discriminacion,Le negaron atención médica o medicamentos,2017,Hombres,Con discapacidad,Nuevo León,60+,2194.0,61845.0,39.0,,ENADIS (INEGI),Personas de 18 años o más que solicitaron el servicio,enadis
discriminacion,Le negaron atención médica o medicamentos,2017,Hombres,Con discapacidad,Oaxaca,60+,5338.0,28330.0,38.0,,ENADIS (INEGI),Personas de 18 años o más que solicitaron el servicio,enadis
discriminacion,Le negaron atención médica o medicamentos,2017,Hombres,Con discapacidad,Puebla,60+,7166.0,42025.0,32.0,,ENADIS (INEGI),Personas de 18 años o más que solicitaron el servicio,enadis
discriminacion,Le negaron atención médica o medicamentos,2017,Hombres,Con discapacidad,Querétaro,60+,904.0,10800.0,32.0,,ENADIS (INEGI),Personas de 18 años o más que solicitaron el servicio,enadis
discriminacion,Le negaron atención médica o medicamentos,2017,Hombres,Con discapacidad,Quintana Roo,60+,242.0,7851.0,17.0,,ENADIS (INEGI),Personas de 18 años o más que solicitaron el servicio,enadis
discriminacion,Le negaron atención médica o medicamentos,2017,Hombres,Con discapacidad,San Luis Potosí,60+,183.0,21940.0,27.0,,ENADIS (INEGI),Personas de 18 años o más que solicitaron el servicio,enadis
discriminacion,Le negaron atención médica o medicamentos,2017,Hombres,Con discapacidad,Sinaloa,60+,343.0,19129.0,25.0,,ENADIS (INEGI),Personas de 18 años o más que solicitaron el servicio,enadis
discriminacion,Le negaron atención médica o medicamentos,2017,Hombres,Con discapacidad,Sonora,60+,2033.0,21478.0,23.0,,ENADIS (INEGI),Personas de 18 años o más que solicitaron el servicio,enadis
discriminacion,Le negaron atención médica o medicamentos,2017,Hombres,Con discapacidad,Tabasco,60+,3747.0,25295.0,68.0,,ENADIS (INEGI),Personas de 18 años o más que solicitaron el servicio,enadis
discriminacion,Le negaron atención médica o medicamentos,2017,Hombres,Con discapacidad,Tamaulipas,60+,8070.0,44829.0,43.0,,ENADIS (INEGI),Personas de 18 años o más que solicitaron el servicio,enadis
discriminacion,Le negaron atención médica o medicamentos,2017,Hombres,Con discapacidad,Tlaxcala,60+,1194.0,9371.0,97.0,,ENADIS (INEGI),Personas de 18 años o más que solicitaron el servicio,enadis
discriminacion,Le negaron atención médica o medicamentos,2017,Hombres,Con discapacidad,Veracruz,60+,9125.0,44123.0,42.0,,ENADIS (INEGI),Personas de 18 años o más que solicitaron el servicio,enadis
discriminacion,Le negaron atención médica o medicamentos,2017,Hombres,Con discapacidad,Yucatán,60+,2746.0,29789.0,54.0,,ENADIS (INEGI),Personas de 18 años o más que solicitaron el servicio,enadis
discriminacion,Le negaron atención médica o medicamentos,2017,Hombres,Con discapacidad,Zacatecas,60+,3336.0,17602.0,47.0,,ENADIS (INEGI),Personas de 18 años o más que solicitaron el servicio,enadis
discriminacion,Le negaron atención médica o medicamentos,2017,Hombres,Sin discapacidad,Aguascalientes,60+,1749.0,52149.0,177.0,,ENADIS (INEGI),Personas de 18 años o más que solicitaron el servicio,enadis
discriminacion,Le negaron atención médica o medicamentos,2017,Hombres,Sin discapacidad,Baja California,60+,10907.0,113545.0,118.0,,ENADIS (INEGI),Personas de 18 años o más que solicitaron el servicio,enadis
discriminacion,Le negaron atención médica o medicamentos,2017,Hombres,Sin discapacidad,Baja California Sur,60+,1302.0,29410.0,164.0,,ENADIS (INEGI),Personas de 18 años o más que solicitaron el servicio,enadis
discriminacion,Le negaron atención médica o medicamentos,2017,Hombres,Sin discapacidad,Campeche,60+,943.0,30117.0,168.0,,ENADIS (INEGI),Personas de 18 años o más que solicitaron el servicio,enadis
discriminacion,Le negaron atención médica o medicamentos,2017,Hombres,Sin discapacidad,Chiapas,60+,28033.0,150831.0,165.0,,ENADIS (INEGI),Personas de 18 años o más que solicitaron el servicio,enadis
discriminacion,Le negaron atención médica o medicamentos,2017,Hombres,Sin discapacidad,Chihuahua,60+,10370.0,136656.0,153.0,,ENADIS (INEGI),Personas de 18 años o más que solicitaron el servicio,enadis
discriminacion,Le negaron atención médica o medicamentos,2017,Hombres,Sin discapacidad,Ciudad de México,60+,24300.0,446979.0,183.0,,ENADIS (INEGI),Personas de 18 años o más que solicitaron el servicio,enadis
discriminacion,Le negaron atención médica o medicamentos,2017,Hombres,Sin discapacidad,Coahuila,60+,9347.0,130884.0,193.0,,ENADIS (INEGI),Personas de 18 años o más que solicitaron el servicio,enadis
discriminacion,Le negaron atención médica o medicamentos,2017,Hombres,Sin discapacidad,Colima,60+,1524.0,33695.0,143.0,,ENADIS (INEGI),Personas de 18 años o más que solicitaron el servicio,enadis
discriminacion,Le negaron atención médica o medicamentos,2017,Hombres,Sin discapacidad,Durango,60+,7668.0,81736.0,195.0,,ENADIS (INEGI),Personas de 18 años o más que solicitaron el servicio,enadis
discriminacion,Le negaron atención médica o medicamentos,2017,Hombres,Sin discapacidad,Guanajuato,60+,16597.0,240196.0,521.0,,ENADIS (INEGI),Personas de 18 años o más que solicitaron el servicio,enadis
discriminacion,Le negaron atención médica o medicamentos,2017,Hombres,Sin discapacidad,Guerrero,60+,20883.0,140995.0,141.0,,ENADIS (INEGI),Personas de 18 años o más que solicitaron el servicio,enadis
discriminacion,Le negaron atención médica o medicamentos,2017,Hombres,Sin discapacidad,Hidalgo,60+,13920.0,111676.0,449.0,,ENADIS (INEGI),Personas de 18 años o más que solicitaron el servicio,enadis
discriminacion,Le negaron atención médica o medicamentos,2017,Hombres,Sin discapacidad,Jalisco,60+,26992.0,311570.0,157.0,,ENADIS (INEGI),Personas de 18 años o más que solicitaron el servicio,enadis
discriminacion,Le negaron atención médica o medicamentos,2017,Hombres,Sin discapacidad,Michoacán,60+,16798.0,211936.0,293.0,,ENADIS (INEGI),Personas de 18 años o más que solicitaron el servicio,enadis
discriminacion,Le negaron atención médica o medicamentos,2017,Hombres,Sin discapacidad,Morelos,60+,7811.0,92440.0,259.0,,ENADIS (INEGI),Personas de 18 años o más que solicitaron el servicio,enadis
discriminacion,Le negaron atención médica o medicamentos,2017,Hombres,Sin discapacidad,México,60+,113427.0,682746.0,173.0,,ENADIS (INEGI),Personas de 18 años o más que solicitaron el servicio,enadis
discriminacion,Le negaron atención médica o medicamentos,2017,Hombres,Sin discapacidad,Nayarit,60+,1743.0,56314.0,177.0,,ENADIS (INEGI),Personas de 18 años o más que solicitaron el servicio,enadis
discriminacion,Le negaron atención médica o medicamentos,2017,Hombres,Sin discapacidad,Nuevo León,60+,4768.0,240092.0,170.0,,ENADIS (INEGI),Personas de 18 años o más que solicitaron el servicio,enadis
discriminacion,Le negaron atención médica o medicamentos,2017,Hombres,Sin discapacidad,Oaxaca,60+,33017.0,208225.0,275.0,,ENADIS (INEGI),Personas de 18 años o más que solicitaron el servicio,enadis
discriminacion,Le negaron atención médica o medicamentos,2017,Hombres,Sin discapacidad,Puebla,60+,30204.0,260652.0,182.0,,ENADIS (INEGI),Personas de 18 años o más que solicitaron el servicio,enadis
discriminacion,Le negaron atención médica o medicamentos,2017,Hombres,Sin discapacidad,Querétaro,60+,6060.0,76420.0,170.0,,ENADIS (INEGI),Personas de 18 años o más que solicitaron el servicio,enadis
discriminacion,Le negaron atención médica o medicamentos,2017,Hombres,Sin discapacidad,Quintana Roo,60+,4278.0,44117.0,133.0,,ENADIS (INEGI),Personas de 18 años o más que solicitaron el servicio,enadis
discriminacion,Le negaron atención médica o medicamentos,2017,Hombres,Sin discapacidad,San Luis Potosí,60+,13710.0,139967.0,182.0,,ENADIS (INEGI),Personas de 18 años o más que solicitaron el servicio,enadis
discriminacion,Le negaron atención médica o medicamentos,2017,Hombres,Sin discapacidad,Sinaloa,60+,4738.0,138892.0,175.0,,ENADIS (INEGI),Personas de 18 años o más que solicitaron el servicio,enadis
discriminacion,Le negaron atención médica o medicamentos,2017,Hombres,Sin discapacidad,Sonora,60+,1313.0,114588.0,162.0,,ENADIS (INEGI),Personas de 18 años o más que solicitaron el servicio,enadis
discriminacion,Le negaron atención médica o medicamentos,2017,Hombres,Sin discapacidad,Tabasco,60+,10976.0,77963.0,245.0,,ENADIS (INEGI),Personas de 18 años o más que solicitaron el servicio,enadis
discriminacion,Le negaron atención médica o medicamentos,2017,Hombres,Sin discapacidad,Tamaulipas,60+,5804.0,159492.0,154.0,,ENADIS (INEGI),Personas de 18 años o más que solicitaron el servicio,enadis
discriminacion,Le negaron atención médica o medicamentos,2017,Hombres,Sin discapacidad,Tlaxcala,60+,5701.0,47426.0,496.0,,ENADIS (INEGI),Personas de 18 años o más que solicitaron el servicio,enadis
discriminacion,Le negaron atención médica o medicamentos,2017,Hombres,Sin discapacidad,Veracruz,60+,53264.0,354141.0,255.0,,ENADIS (INEGI),Personas de 18 años o más que solicitaron el servicio,enadis
discriminacion,Le negaron atención médica o medicamentos,2017,Hombres,Sin discapacidad,Yucatán,60+,9441.0,83867.0,172.0,,ENADIS (INEGI),Personas de 18 años o más que solicitaron el servicio,enadis
discriminacion,Le negaron atención médica o medicamentos,2017,Hombres,Sin discapacidad,Zacatecas,60+,3378.0,60598.0,152.0,,ENADIS (INEGI),Personas de 18 años o más que solicitaron el servicio,enadis
discriminacion,Le negaron atención médica o medicamentos,2017,Mujeres,Con discapacidad,Aguascalientes,60+,1000.0,13142.0,51.0,,ENADIS (INEGI),Personas de 18 años o más que solicitaron el servicio,enadis
discriminacion,Le negaron atención médica o medicamentos,2017,Mujeres,Con discapacidad,Baja California,60+,2577.0,45482.0,69.0,,ENADIS (INEGI),Personas de 18 años o más que solicitaron el servicio,enadis
discriminacion,Le negaron atención médica o medicamentos,2017,Mujeres,Con discapacidad,Baja California Sur,60+,330.0,10291.0,61.0,,ENADIS (INEGI),Personas de 18 años o más que solicitaron el servicio,enadis
discriminacion,Le negaron atención médica o medicamentos,2017,Mujeres,Con discapacidad,Campeche,60+,1123.0,10207.0,66.0,,ENADIS (INEGI),Personas de 18 años o más que solicitaron el servicio,enadis
discriminacion,Le negaron atención médica o medicamentos,2017,Mujeres,Con discapacidad,Chiapas,60+,8321.0,42633.0,59.0,,ENADIS (INEGI),Personas de 18 años o más que solicitaron el servicio,enadis
discriminacion,Le negaron atención médica o medicamentos,2017,Mujeres,Con discapacidad,Chihuahua,60+,5874.0,44418.0,53.0,,ENADIS (INEGI),Personas de 18 años o más que solicitaron el servicio,enadis
discriminacion,Le negaron atención médica o medicamentos,2017,Mujeres,Con discapacidad,Ciudad de México,60+,22228.0,161116.0,79.0,,ENADIS (INEGI),Personas de 18 años o más que solicitaron el servicio,enadis
discriminacion,Le negaron atención médica o medicamentos,2017,Mujeres,Con discapacidad,Coahuila,60+,719.0,11137.0,25.0,,ENADIS (INEGI),Personas de 18 años o más que solicitaron el servicio,enadis
discriminacion,Le negaron atención médica o medicamentos,2017,Mujeres,Con discapacidad,Colima,60+,188.0,11279.0,55.0,,ENADIS (INEGI),Personas de 18 años o más que solicitaron el servicio,enadis
discriminacion,Le negaron atención médica o medicamentos,2017,Mujeres,Con discapacidad,Durango,60+,350.0,13379.0,36.0,,ENADIS (INEGI),Personas de 18 años o más que solicitaron el servicio,enadis
discriminacion,Le negaron atención médica o medicamentos,2017,Mujeres,Con discapacidad,Guanajuato,60+,1773.0,37417.0,102.0,,ENADIS (INEGI),Personas de 18 años o más que solicitaron el servicio,enadis
discriminacion,Le negaron atención médica o medicamentos,2017,Mujeres,Con discapacidad,Guerrero,60+,4052.0,28911.0,53.0,,ENADIS (INEGI),Personas de 18 años o más que solicitaron el servicio,enadis
discriminacion,Le negaron atención médica o medicamentos,2017,Mujeres,Con discapacidad,Hidalgo,60+,2456.0,27089.0,121.0,,ENADIS (INEGI),Personas de 18 años o más que solicitaron el servicio,enadis
discriminacion,Le negaron atención médica o medicamentos,2017,Mujeres,Con discapacidad,Jalisco,60+,14909.0,101817.0,64.0,,ENADIS (INEGI),Personas de 18 años o más que solicitaron el servicio,enadis
discriminacion,Le negaron atención médica o medicamentos,2017,Mujeres,Con discapacidad,Michoacán,60+,5765.0,69928.0,86.0,,ENADIS (INEGI),Personas de 18 años o más que solicitaron el servicio,enadis
discriminacion,Le negaron atención médica o medicamentos,2017,Mujeres,Con discapacidad,Morelos,60+,4948.0,32266.0,83.0,,ENADIS (INEGI),Personas de 18 años o más que solicitaron el servicio,enadis
discriminacion,Le negaron atención médica o medicamentos,2017,Mujeres,Con discapacidad,México,60+,20804.0,173516.0,56.0,,ENADIS (INEGI),Personas de 18 años o más que solicitaron el servicio,enadis
discriminacion,Le negaron atención médica o medicamentos,2017,Mujeres,Con discapacidad,Nayarit,60+,993.0,11643.0,63.0,,ENADIS (INEGI),Personas de 18 años o más que solicitaron el servicio,enadis
discriminacion,Le negaron atención médica o medicamentos,2017,Mujeres,Con discapacidad,Nuevo León,60+,2718.0,70996.0,59.0,,ENADIS (INEGI),Personas de 18 años o más que solicitaron el servicio,enadis
discriminacion,Le negaron atención médica o medicamentos,2017,Mujeres,Con discapacidad,Oaxaca,60+,9132.0,32208.0,61.0,,ENADIS (INEGI),Personas de 18 años o más que solicitaron el servicio,enadis
discriminacion,Le negaron atención médica o medicamentos,2017,Mujeres,Con discapacidad,Puebla,60+,4920.0,38177.0,39.0,,ENADIS (INEGI),Personas de 18 años o más que solicitaron el servicio,enadis
discriminacion,Le negaron atención médica o medicamentos,2017,Mujeres,Con discapacidad,Querétaro,60+,1170.0,24103.0,54.0,,ENADIS (INEGI),Personas de 18 años o más que solicitaron el servicio,enadis
discriminacion,Le negaron atención médica o medicamentos,2017,Mujeres,Con discapacidad,Quintana Roo,60+,765.0,12332.0,39.0,,ENADIS (INEGI),Personas de 18 años o más que solicitaron el servicio,enadis
discriminacion,Le negaron atención médica o medicamentos,2017,Mujeres,Con discapacidad,San Luis Potosí,60+,2714.0,23335.0,37.0,,ENADIS (INEGI),Personas de 18 años o más que solicitaron el servicio,enadis
discriminacion,Le negaron atención médica o medicamentos,2017,Mujeres,Con discapacidad,Sinaloa,60+,509.0,36620.0,39.0,,ENADIS (INEGI),Personas de 18 años o más que solicitaron el servicio,enadis
discriminacion,Le negaron atención médica o medicamentos,2017,Mujeres,Con discapacidad,Sonora,60+,943.0,25597.0,41.0,,ENADIS (INEGI),Personas de 18 años o más que solicitaron el servicio,enadis
discriminacion,Le negaron atención médica o medicamentos,2017,Mujeres,Con discapacidad,Tabasco,60+,4578.0,31601.0,99.0,,ENADIS (INEGI),Personas de 18 años o más que solicitaron el servicio,enadis
discriminacion,Le negaron atención médica o medicamentos,2017,Mujeres,Con discapacidad,Tamaulipas,60+,5732.0,64106.0,75.0,,ENADIS (INEGI),Personas de 18 años o más que solicitaron el servicio,enadis
discriminacion,Le negaron atención médica o medicamentos,2017,Mujeres,Con discapacidad,Tlaxcala,60+,1259.0,10557.0,115.0,,ENADIS (INEGI),Personas de 18 años o más que solicitaron el servicio,enadis
discriminacion,Le negaron atención médica o medicamentos,2017,Mujeres,Con discapacidad,Veracruz,60+,9958.0,100360.0,86.0,,ENADIS (INEGI),Personas de 18 años o más que solicitaron el servicio,enadis
discriminacion,Le negaron atención médica o medicamentos,2017,Mujeres,Con discapacidad,Yucatán,60+,2549.0,40932.0,101.0,,ENADIS (INEGI),Personas de 18 años o más que solicitaron el servicio,enadis
discriminacion,Le negaron atención médica o medicamentos,2017,Mujeres,Con discapacidad,Zacatecas,60+,2293.0,34667.0,93.0,,ENADIS (INEGI),Personas de 18 años o más que solicitaron el servicio,enadis
discriminacion,Le negaron atención médica o medicamentos,2017,Mujeres,Sin discapacidad,Aguascalientes,60+,5023.0,51644.0,182.0,,ENADIS (INEGI),Personas de 18 años o más que solicitaron el servicio,enadis
discriminacion,Le negaron atención médica o medicamentos,2017,Mujeres,Sin discapacidad,Baja California,60+,4394.0,118128.0,141.0,,ENADIS (INEGI),Personas de 18 años o más que solicitaron el servicio,enadis
discriminacion,Le negaron atención médica o medicamentos,2017,Mujeres,Sin discapacidad,Baja California Sur,60+,601.0,24666.0,172.0,,ENADIS (INEGI),Personas de 18 años o más que solicitaron el servicio,enadis
discriminacion,Le negaron atención médica o medicamentos,2017,Mujeres,Sin discapacidad,Campeche,60+,2636.0,35966.0,187.0,,ENADIS (INEGI),Personas de 18 años o más que solicitaron el servicio,enadis
discriminacion,Le negaron atención médica o medicamentos,2017,Mujeres,Sin discapacidad,Chiapas,60+,10903.0,156447.0,165.0,,ENADIS (INEGI),Personas de 18 años o más que solicitaron el servicio,enadis
discriminacion,Le negaron atención médica o medicamentos,2017,Mujeres,Sin discapacidad,Chihuahua,60+,11015.0,160706.0,186.0,,ENADIS (INEGI),Personas de 18 años o más que solicitaron el servicio,enadis
discriminacion,Le negaron atención médica o medicamentos,2017,Mujeres,Sin discapacidad,Ciudad de México,60+,26027.0,603748.0,247.0,,ENADIS (INEGI),Personas de 18 años o más que solicitaron el servicio,enadis
discriminacion,Le negaron atención médica o medicamentos,2017,Mujeres,Sin discapacidad,Coahuila,60+,5331.0,165633.0,232.0,,ENADIS (INEGI),Personas de 18 años o más que solicitaron el servicio,enadis
discriminacion,Le negaron atención médica o medicamentos,2017,Mujeres,Sin discapacidad,Colima,60+,1499.0,28937.0,159.0,,ENADIS (INEGI),Personas de 18 años o más que solicitaron el servicio,enadis
discriminacion,Le negaron atención médica o medicamentos,2017,Mujeres,Sin discapacidad,Durango,60+,5264.0,88985.0,232.0,,ENADIS (INEGI),Personas de 18 años o más que solicitaron el servicio,enadis
discriminacion,Le negaron atención médica o medicamentos,2017,Mujeres,Sin discapacidad,Guanajuato,60+,26394.0,293071.0,627.0,,ENADIS (INEGI),Personas de 18 años o más que solicitaron el servicio,enadis
discriminacion,Le negaron atención médica o medicamentos,2017,Mujeres,Sin discapacidad,Guerrero,60+,19334.0,161199.0,184.0,,ENADIS (INEGI),Personas de 18 años o más que solicitaron el servicio,enadis
discriminacion,Le negaron atención médica o medicamentos,2017,Mujeres,Sin discapacidad,Hidalgo,60+,10473.0,118297.0,491.0,,ENADIS (INEGI),Personas de 18 años o más que solicitaron el servicio,enadis
discriminacion,Le negaron atención médica o medicamentos,2017,Mujeres,Sin discapacidad,Jalisco,60+,33221.0,362681.0,199.0,,ENADIS (INEGI),Personas de 18 años o más que solicitaron el servicio,enadis
discriminacion,Le negaron atención médica o medicamentos,2017,Mujeres,Sin discapacidad,Michoacán,60+,22025.0,239337.0,321.0,,ENADIS (INEGI),Personas de 18 años o más que solicitaron el servicio,enadis
discriminacion,Le negaron atención médica o medicamentos,2017,Mujeres,Sin discapacidad,Morelos,60+,7244.0,99913.0,337.0,,ENADIS (INEGI),Personas de 18 años o más que solicitaron el servicio,enadis
discriminacion,Le negaron atención médica o medicamentos,2017,Mujeres,Sin discapacidad,México,60+,141535.0,738024.0,189.0,,ENADIS (INEGI),Personas de 18 años o más que solicitaron el servicio,enadis
discriminacion,Le negaron atención médica o medicamentos,2017,Mujeres,Sin discapacidad,Nayarit,60+,2713.0,67208.0,221.0,,ENADIS (INEGI),Personas de 18 años o más que solicitaron el servicio,enadis
discriminacion,Le negaron atención médica o medicamentos,2017,Mujeres,Sin discapacidad,Nuevo León,60+,5507.0,257041.0,193.0,,ENADIS (INEGI),Personas de 18 años o más que solicitaron el servicio,enadis
discriminacion,Le negaron atención médica o medicamentos,2017,Mujeres,Sin discapacidad,Oaxaca,60+,38617.0,237690.0,340.0,,ENADIS (INEGI),Personas de 18 años o más que solicitaron el servicio,enadis
discriminacion,Le negaron atención médica o medicamentos,2017,Mujeres,Sin discapacidad,Puebla,60+,33525.0,348460.0,237.0,,ENADIS (INEGI),Personas de 18 años o más que solicitaron el servicio,enadis
discriminacion,Le negaron atención médica o medicamentos,2017,Mujeres,Sin discapacidad,Querétaro,60+,5059.0,83195.0,190.0,,ENADIS (INEGI),Personas de 18 años o más que solicitaron el servicio,enadis
discriminacion,Le negaron atención médica o medicamentos,2017,Mujeres,Sin discapacidad,Quintana Roo,60+,1529.0,46824.0,147.0,,ENADIS (INEGI),Personas de 18 años o más que solicitaron el servicio,enadis
discriminacion,Le negaron atención médica o medicamentos,2017,Mujeres,Sin discapacidad,San Luis Potosí,60+,18684.0,130121.0,230.0,,ENADIS (INEGI),Personas de 18 años o más que solicitaron el servicio,enadis
discriminacion,Le negaron atención médica o medicamentos,2017,Mujeres,Sin discapacidad,Sinaloa,60+,10993.0,159793.0,218.0,,ENADIS (INEGI),Personas de 18 años o más que solicitaron el servicio,enadis
discriminacion,Le negaron atención médica o medicamentos,2017,Mujeres,Sin discapacidad,Sonora,60+,3499.0,172988.0,206.0,,ENADIS (INEGI),Personas de 18 años o más que solicitaron el servicio,enadis
discriminacion,Le negaron atención médica o medicamentos,2017,Mujeres,Sin discapacidad,Tabasco,60+,12463.0,91986.0,298.0,,ENADIS (INEGI),Personas de 18 años o más que solicitaron el servicio,enadis
discriminacion,Le negaron atención médica o medicamentos,2017,Mujeres,Sin discapacidad,Tamaulipas,60+,15601.0,168974.0,188.0,,ENADIS (INEGI),Personas de 18 años o más que solicitaron el servicio,enadis
discriminacion,Le negaron atención médica o medicamentos,2017,Mujeres,Sin discapacidad,Tlaxcala,60+,6261.0,59758.0,626.0,,ENADIS (INEGI),Personas de 18 años o más que solicitaron el servicio,enadis
discriminacion,Le negaron atención médica o medicamentos,2017,Mujeres,Sin discapacidad,Veracruz,60+,39965.0,369623.0,330.0,,ENADIS (INEGI),Personas de 18 años o más que solicitaron el servicio,enadis
discriminacion,Le negaron atención médica o medicamentos,2017,Mujeres,Sin discapacidad,Yucatán,60+,4117.0,88615.0,170.0,,ENADIS (INEGI),Personas de 18 años o más que solicitaron el servicio,enadis
discriminacion,Le negaron atención médica o medicamentos,2017,Mujeres,Sin discapacidad,Zacatecas,60+,3332.0,60636.0,183.0,,ENADIS (INEGI),Personas de 18 años o más que solicitaron el servicio,enadis
discriminacion,Le negaron apoyos de programas sociales,2017,Hombres,Con discapacidad,Aguascalientes,60+,461.0,5289.0,25.0,,ENADIS (INEGI),Personas de 18 años o más que solicitaron el apoyo,enadis
discriminacion,Le negaron apoyos de programas sociales,2017,Hombres,Con discapacidad,Baja California,60+,2398.0,31157.0,43.0,,ENADIS (INEGI),Personas de 18 años o más que solicitaron el apoyo,enadis
discriminacion,Le negaron apoyos de programas sociales,2017,Hombres,Con discapacidad,Baja California Sur,60+,51.0,5671.0,27.0,,ENADIS (INEGI),Personas de 18 años o más que solicitaron el apoyo,enadis
discriminacion,Le negaron apoyos de programas sociales,2017,Hombres,Con discapacidad,Campeche,60+,395.0,4233.0,22.0,,ENADIS (INEGI),Personas de 18 años o más que solicitaron el apoyo,enadis
discriminacion,Le negaron apoyos de programas sociales,2017,Hombres,Con discapacidad,Chiapas,60+,1238.0,18077.0,25.0,,ENADIS (INEGI),Personas de 18 años o más que solicitaron el apoyo,enadis
discriminacion,Le negaron apoyos de programas sociales,2017,Hombres,Con discapacidad,Chihuahua,60+,1875.0,19740.0,23.0,,ENADIS (INEGI),Personas de 18 años o más que solicitaron el apoyo,enadis
discriminacion,Le negaron apoyos de programas sociales,2017,Hombres,Con discapacidad,Ciudad de México,60+,2483.0,45333.0,25.0,,ENADIS (INEGI),Personas de 18 años o más que solicitaron el apoyo,enadis
discriminacion,Le negaron apoyos de programas sociales,2017,Hombres,Con discapacidad,Coahuila,60+,0.0,14462.0,19.0,,ENADIS (INEGI),Personas de 18 años o más que solicitaron el apoyo,enadis
discriminacion,Le negaron apoyos de programas sociales,2017,Hombres,Con discapacidad,Colima,60+,134.0,4050.0,17.0,,ENADIS (INEGI),Personas de 18 años o más que solicitaron el apoyo,enadis
discriminacion,Le negaron apoyos de programas sociales,2017,Hombres,Con discapacidad,Durango,60+,0.0,5837.0,19.0,,ENADIS (INEGI),Personas de 18 años o más que solicitaron el apoyo,enadis
discriminacion,Le negaron apoyos de programas sociales,2017,Hombres,Con discapacidad,Guanajuato,60+,1704.0,21607.0,45.0,,ENADIS (INEGI),Personas de 18 años o más que solicitaron el apoyo,enadis
discriminacion,Le negaron apoyos de programas sociales,2017,Hombres,Con discapacidad,Guerrero,60+,8019.0,19154.0,18.0,,ENADIS (INEGI),Personas de 18 años o más que solicitaron el apoyo,enadis
discriminacion,Le negaron apoyos de programas sociales,2017,Hombres,Con discapacidad,Hidalgo,60+,1920.0,16883.0,69.0,,ENADIS (INEGI),Personas de 18 años o más que solicitaron el apoyo,enadis
discriminacion,Le negaron apoyos de programas sociales,2017,Hombres,Con discapacidad,Jalisco,60+,1370.0,68628.0,21.0,,ENADIS (INEGI),Personas de 18 años o más que solicitaron el apoyo,enadis
discriminacion,Le negaron apoyos de programas sociales,2017,Hombres,Con discapacidad,Michoacán,60+,2330.0,38894.0,48.0,,ENADIS (INEGI),Personas de 18 años o más que solicitaron el apoyo,enadis
discriminacion,Le negaron apoyos de programas sociales,2017,Hombres,Con discapacidad,Morelos,60+,2834.0,12315.0,42.0,,ENADIS (INEGI),Personas de 18 años o más que solicitaron el apoyo,enadis
discriminacion,Le negaron apoyos de programas sociales,2017,Hombres,Con discapacidad,México,60+,14314.0,106151.0,34.0,,ENADIS (INEGI),Personas de 18 años o más que solicitaron el apoyo,enadis
discriminacion,Le negaron apoyos de programas sociales,2017,Hombres,Con discapacidad,Nayarit,60+,1210.0,8399.0,33.0,,ENADIS (INEGI),Personas de 18 años o más que solicitaron el apoyo,enadis
discriminacion,Le negaron apoyos de programas sociales,2017,Hombres,Con discapacidad,Nuevo León,60+,5800.0,53749.0,32.0,,ENADIS (INEGI),Personas de 18 años o más que solicitaron el apoyo,enadis
discriminacion,Le negaron apoyos de programas sociales,2017,Hombres,Con discapacidad,Oaxaca,60+,1291.0,22459.0,32.0,,ENADIS (INEGI),Personas de 18 años o más que solicitaron el apoyo,enadis
discriminacion,Le negaron apoyos de programas sociales,2017,Hombres,Con discapacidad,Puebla,60+,4729.0,27816.0,25.0,,ENADIS (INEGI),Personas de 18 años o más que solicitaron el apoyo,enadis
discriminacion,Le negaron apoyos de programas sociales,2017,Hombres,Con discapacidad,Querétaro,60+,953.0,9968.0,28.0,,ENADIS (INEGI),Personas de 18 años o más que solicitaron el apoyo,enadis
discriminacion,Le negaron apoyos de programas sociales,2017,Hombres,Con discapacidad,Quintana Roo,60+,275.0,4562.0,9.0,,ENADIS (INEGI),Personas de 18 años o más que solicitaron el apoyo,enadis
discriminacion,Le negaron apoyos de programas sociales,2017,Hombres,Con discapacidad,San Luis Potosí,60+,0.0,14017.0,18.0,,ENADIS (INEGI),Personas de 18 años o más que solicitaron el apoyo,enadis
discriminacion,Le negaron apoyos de programas sociales,2017,Hombres,Con discapacidad,Sinaloa,60+,187.0,16098.0,18.0,,ENADIS (INEGI),Personas de 18 años o más que solicitaron el apoyo,enadis
discriminacion,Le negaron apoyos de programas sociales,2017,Hombres,Con discapacidad,Sonora,60+,1446.0,12970.0,17.0,,ENADIS (INEGI),Personas de 18 años o más que solicitaron el apoyo,enadis
discriminacion,Le negaron apoyos de programas sociales,2017,Hombres,Con discapacidad,Tabasco,60+,50.0,17865.0,44.0,,ENADIS (INEGI),Personas de 18 años o más que solicitaron el apoyo,enadis
discriminacion,Le negaron apoyos de programas sociales,2017,Hombres,Con discapacidad,Tamaulipas,60+,1500.0,42263.0,42.0,,ENADIS (INEGI),Personas de 18 años o más que solicitaron el apoyo,enadis
discriminacion,Le negaron apoyos de programas sociales,2017,Hombres,Con discapacidad,Tlaxcala,60+,1030.0,8124.0,83.0,,ENADIS (INEGI),Personas de 18 años o más que solicitaron el apoyo,enadis
discriminacion,Le negaron apoyos de programas sociales,2017,Hombres,Con discapacidad,Veracruz,60+,10346.0,35136.0,28.0,,ENADIS (INEGI),Personas de 18 años o más que solicitaron el apoyo,enadis
discriminacion,Le negaron apoyos de programas sociales,2017,Hombres,Con discapacidad,Yucatán,60+,4035.0,15961.0,32.0,,ENADIS (INEGI),Personas de 18 años o más que solicitaron el apoyo,enadis
discriminacion,Le negaron apoyos de programas sociales,2017,Hombres,Con discapacidad,Zacatecas,60+,1340.0,11033.0,31.0,,ENADIS (INEGI),Personas de 18 años o más que solicitaron el apoyo,enadis
discriminacion,Le negaron apoyos de programas sociales,2017,Hombres,Sin discapacidad,Aguascalientes,60+,2429.0,50506.0,173.0,,ENADIS (INEGI),Personas de 18 años o más que solicitaron el apoyo,enadis
discriminacion,Le negaron apoyos de programas sociales,2017,Hombres,Sin discapacidad,Baja California,60+,3798.0,116704.0,118.0,,ENADIS (INEGI),Personas de 18 años o más que solicitaron el apoyo,enadis
discriminacion,Le negaron apoyos de programas sociales,2017,Hombres,Sin discapacidad,Baja California Sur,60+,3564.0,22071.0,142.0,,ENADIS (INEGI),Personas de 18 años o más que solicitaron el apoyo,enadis
discriminacion,Le negaron apoyos de programas sociales,2017,Hombres,Sin discapacidad,Campeche,60+,1511.0,23921.0,134.0,,ENADIS (INEGI),Personas de 18 años o más que solicitaron el apoyo,enadis
discriminacion,Le negaron apoyos de programas sociales,2017,Hombres,Sin discapacidad,Chiapas,60+,20255.0,145335.0,159.0,,ENADIS (INEGI),Personas de 18 años o más que solicitaron el apoyo,enadis
discriminacion,Le negaron apoyos de programas sociales,2017,Hombres,Sin discapacidad,Chihuahua,60+,3604.0,126503.0,136.0,,ENADIS (INEGI),Personas de 18 años o más que solicitaron el apoyo,enadis
discriminacion,Le negaron apoyos de programas sociales,2017,Hombres,Sin discapacidad,Ciudad de México,60+,35789.0,415035.0,166.0,,ENADIS (INEGI),Personas de 18 años o más que solicitaron el apoyo,enadis
discriminacion,Le negaron apoyos de programas sociales,2017,Hombres,Sin discapacidad,Coahuila,60+,4702.0,128731.0,186.0,,ENADIS (INEGI),Personas de 18 años o más que solicitaron el apoyo,enadis
discriminacion,Le negaron apoyos de programas sociales,2017,Hombres,Sin discapacidad,Colima,60+,1845.0,21760.0,118.0,,ENADIS (INEGI),Personas de 18 años o más que solicitaron el apoyo,enadis
discriminacion,Le negaron apoyos de programas sociales,2017,Hombres,Sin discapacidad,Durango,60+,4262.0,60364.0,150.0,,ENADIS (INEGI),Personas de 18 años o más que solicitaron el apoyo,enadis
discriminacion,Le negaron apoyos de programas sociales,2017,Hombres,Sin discapacidad,Guanajuato,60+,18147.0,228620.0,492.0,,ENADIS (INEGI),Personas de 18 años o más que solicitaron el apoyo,enadis
discriminacion,Le negaron apoyos de programas sociales,2017,Hombres,Sin discapacidad,Guerrero,60+,12448.0,106093.0,112.0,,ENADIS (INEGI),Personas de 18 años o más que solicitaron el apoyo,enadis
discriminacion,Le negaron apoyos de programas sociales,2017,Hombres,Sin discapacidad,Hidalgo,60+,11549.0,95927.0,393.0,,ENADIS (INEGI),Personas de 18 años o más que solicitaron el apoyo,enadis
discriminacion,Le negaron apoyos de programas sociales,2017,Hombres,Sin discapacidad,Jalisco,60+,15893.0,208277.0,113.0,,ENADIS (INEGI),Personas de 18 años o más que solicitaron el apoyo,enadis
discriminacion,Le negaron apoyos de programas sociales,2017,Hombres,Sin discapacidad,Michoacán,60+,16710.0,206024.0,279.0,,ENADIS (INEGI),Personas de 18 años o más que solicitaron el apoyo,enadis
discriminacion,Le negaron apoyos de programas sociales,2017,Hombres,Sin discapacidad,Morelos,60+,6836.0,81733.0,239.0,,ENADIS (INEGI),Personas de 18 años o más que solicitaron el apoyo,enadis
discriminacion,Le negaron apoyos de programas sociales,2017,Hombres,Sin discapacidad,México,60+,96205.0,695110.0,166.0,,ENADIS (INEGI),Personas de 18 años o más que solicitaron el apoyo,enadis
discriminacion,Le negaron apoyos de programas sociales,2017,Hombres,Sin discapacidad,Nayarit,60+,3324.0,46980.0,154.0,,ENADIS (INEGI),Personas de 18 años o más que solicitaron el apoyo,enadis
discriminacion,Le negaron apoyos de programas sociales,2017,Hombres,Sin discapacidad,Nuevo León,60+,15556.0,214197.0,151.0,,ENADIS (INEGI),Personas de 18 años o más que solicitaron el apoyo,enadis
discriminacion,Le negaron apoyos de programas sociales,2017,Hombres,Sin discapacidad,Oaxaca,60+,27910.0,188658.0,248.0,,ENADIS (INEGI),Personas de 18 años o más que solicitaron el apoyo,enadis
discriminacion,Le negaron apoyos de programas sociales,2017,Hombres,Sin discapacidad,Puebla,60+,32757.0,221347.0,173.0,,ENADIS (INEGI),Personas de 18 años o más que solicitaron el apoyo,enadis
discriminacion,Le negaron apoyos de programas sociales,2017,Hombres,Sin discapacidad,Querétaro,60+,8659.0,76832.0,160.0,,ENADIS (INEGI),Personas de 18 años o más que solicitaron el apoyo,enadis
discriminacion,Le negaron apoyos de programas sociales,2017,Hombres,Sin discapacidad,Quintana Roo,60+,1168.0,27901.0,99.0,,ENADIS (INEGI),Personas de 18 años o más que solicitaron el apoyo,enadis
discriminacion,Le negaron apoyos de programas sociales,2017,Hombres,Sin discapacidad,San Luis Potosí,60+,8084.0,99136.0,146.0,,ENADIS (INEGI),Personas de 18 años o más que solicitaron el apoyo,enadis
discriminacion,Le negaron apoyos de programas sociales,2017,Hombres,Sin discapacidad,Sinaloa,60+,1785.0,105417.0,145.0,,ENADIS (INEGI),Personas de 18 años o más que solicitaron el apoyo,enadis
discriminacion,Le negaron apoyos de programas sociales,2017,Hombres,Sin discapacidad,Sonora,60+,830.0,78614.0,128.0,,ENADIS (INEGI),Personas de 18 años o más que solicitaron el apoyo,enadis
discriminacion,Le negaron apoyos de programas sociales,2017,Hombres,Sin discapacidad,Tabasco,60+,6354.0,62627.0,203.0,,ENADIS (INEGI),Personas de 18 años o más que solicitaron el apoyo,enadis
discriminacion,Le negaron apoyos de programas sociales,2017,Hombres,Sin discapacidad,Tamaulipas,60+,9108.0,156772.0,151.0,,ENADIS (INEGI),Personas de 18 años o más que solicitaron el apoyo,enadis
discriminacion,Le negaron apoyos de programas sociales,2017,Hombres,Sin discapacidad,Tlaxcala,60+,5855.0,42530.0,446.0,,ENADIS (INEGI),Personas de 18 años o más que solicitaron el apoyo,enadis
discriminacion,Le negaron apoyos de programas sociales,2017,Hombres,Sin discapacidad,Veracruz,60+,41726.0,267942.0,209.0,,ENADIS (INEGI),Personas de 18 años o más que solicitaron el apoyo,enadis
discriminacion,Le negaron apoyos de programas sociales,2017,Hombres,Sin discapacidad,Yucatán,60+,5041.0,67990.0,135.0,,ENADIS (INEGI),Personas de 18 años o más que solicitaron el apoyo,enadis
discriminacion,Le negaron apoyos de programas sociales,2017,Hombres,Sin discapacidad,Zacatecas,60+,6910.0,42997.0,120.0,,ENADIS (INEGI),Personas de 18 años o más que solicitaron el apoyo,enadis
discriminacion,Le negaron apoyos de programas sociales,2017,Mujeres,Con discapacidad,Aguascalientes,60+,1367.0,12680.0,48.0,,ENADIS (INEGI),Personas de 18 años o más que solicitaron el apoyo,enadis
discriminacion,Le negaron apoyos de programas sociales,2017,Mujeres,Con discapacidad,Baja California,60+,1188.0,41729.0,61.0,,ENADIS (INEGI),Personas de 18 años o más que solicitaron el apoyo,enadis
discriminacion,Le negaron apoyos de programas sociales,2017,Mujeres,Con discapacidad,Baja California Sur,60+,375.0,5484.0,28.0,,ENADIS (INEGI),Personas de 18 años o más que solicitaron el apoyo,enadis
discriminacion,Le negaron apoyos de programas sociales,2017,Mujeres,Con discapacidad,Campeche,60+,223.0,6456.0,39.0,,ENADIS (INEGI),Personas de 18 años o más que solicitaron el apoyo,enadis
discriminacion,Le negaron apoyos de programas sociales,2017,Mujeres,Con discapacidad,Chiapas,60+,1489.0,37216.0,48.0,,ENADIS (INEGI),Personas de 18 años o más que solicitaron el apoyo,enadis
discriminacion,Le negaron apoyos de programas sociales,2017,Mujeres,Con discapacidad,Chihuahua,60+,846.0,35210.0,42.0,,ENADIS (INEGI),Personas de 18 años o más que solicitaron el apoyo,enadis
discriminacion,Le negaron apoyos de programas sociales,2017,Mujeres,Con discapacidad,Ciudad de México,60+,14697.0,107385.0,51.0,,ENADIS (INEGI),Personas de 18 años o más que solicitaron el apoyo,enadis
discriminacion,Le negaron apoyos de programas sociales,2017,Mujeres,Con discapacidad,Coahuila,60+,0.0,8773.0,19.0,,ENADIS (INEGI),Personas de 18 años o más que solicitaron el apoyo,enadis
discriminacion,Le negaron apoyos de programas sociales,2017,Mujeres,Con discapacidad,Colima,60+,191.0,4879.0,27.0,,ENADIS (INEGI),Personas de 18 años o más que solicitaron el apoyo,enadis
discriminacion,Le negaron apoyos de programas sociales,2017,Mujeres,Con discapacidad,Durango,60+,847.0,8549.0,22.0,,ENADIS (INEGI),Personas de 18 años o más que solicitaron el apoyo,enadis
discriminacion,Le negaron apoyos de programas sociales,2017,Mujeres,Con discapacidad,Guanajuato,60+,417.0,28541.0,77.0,,ENADIS (INEGI),Personas de 18 años o más que solicitaron el apoyo,enadis
discriminacion,Le negaron apoyos de programas sociales,2017,Mujeres,Con discapacidad,Guerrero,60+,2191.0,14669.0,24.0,,ENADIS (INEGI),Personas de 18 años o más que solicitaron el apoyo,enadis
discriminacion,Le negaron apoyos de programas sociales,2017,Mujeres,Con discapacidad,Hidalgo,60+,1347.0,20303.0,91.0,,ENADIS (INEGI),Personas de 18 años o más que solicitaron el apoyo,enadis
discriminacion,Le negaron apoyos de programas sociales,2017,Mujeres,Con discapacidad,Jalisco,60+,8037.0,60242.0,29.0,,ENADIS (INEGI),Personas de 18 años o más que solicitaron el apoyo,enadis
discriminacion,Le negaron apoyos de programas sociales,2017,Mujeres,Con discapacidad,Michoacán,60+,8584.0,56186.0,67.0,,ENADIS (INEGI),Personas de 18 años o más que solicitaron el apoyo,enadis
discriminacion,Le negaron apoyos de programas sociales,2017,Mujeres,Con discapacidad,Morelos,60+,1226.0,23003.0,64.0,,ENADIS (INEGI),Personas de 18 años o más que solicitaron el apoyo,enadis
discriminacion,Le negaron apoyos de programas sociales,2017,Mujeres,Con discapacidad,México,60+,9977.0,160006.0,51.0,,ENADIS (INEGI),Personas de 18 años o más que solicitaron el apoyo,enadis
discriminacion,Le negaron apoyos de programas sociales,2017,Mujeres,Con discapacidad,Nayarit,60+,263.0,7076.0,48.0,,ENADIS (INEGI),Personas de 18 años o más que solicitaron el apoyo,enadis
discriminacion,Le negaron apoyos de programas sociales,2017,Mujeres,Con discapacidad,Nuevo León,60+,0.0,50677.0,43.0,,ENADIS (INEGI),Personas de 18 años o más que solicitaron el apoyo,enadis
discriminacion,Le negaron apoyos de programas sociales,2017,Mujeres,Con discapacidad,Oaxaca,60+,1429.0,24208.0,48.0,,ENADIS (INEGI),Personas de 18 años o más que solicitaron el apoyo,enadis
discriminacion,Le negaron apoyos de programas sociales,2017,Mujeres,Con discapacidad,Puebla,60+,2201.0,34663.0,34.0,,ENADIS (INEGI),Personas de 18 años o más que solicitaron el apoyo,enadis
discriminacion,Le negaron apoyos de programas sociales,2017,Mujeres,Con discapacidad,Querétaro,60+,1168.0,11978.0,33.0,,ENADIS (INEGI),Personas de 18 años o más que solicitaron el apoyo,enadis
discriminacion,Le negaron apoyos de programas sociales,2017,Mujeres,Con discapacidad,Quintana Roo,60+,654.0,2820.0,14.0,,ENADIS (INEGI),Personas de 18 años o más que solicitaron el apoyo,enadis
discriminacion,Le negaron apoyos de programas sociales,2017,Mujeres,Con discapacidad,San Luis Potosí,60+,2415.0,12939.0,19.0,,ENADIS (INEGI),Personas de 18 años o más que solicitaron el apoyo,enadis
discriminacion,Le negaron apoyos de programas sociales,2017,Mujeres,Con discapacidad,Sinaloa,60+,0.0,6079.0,16.0,,ENADIS (INEGI),Personas de 18 años o más que solicitaron el apoyo,enadis
discriminacion,Le negaron apoyos de programas sociales,2017,Mujeres,Con discapacidad,Sonora,60+,1264.0,10900.0,24.0,,ENADIS (INEGI),Personas de 18 años o más que solicitaron el apoyo,enadis
discriminacion,Le negaron apoyos de programas sociales,2017,Mujeres,Con discapacidad,Tabasco,60+,1861.0,16100.0,59.0,,ENADIS (INEGI),Personas de 18 años o más que solicitaron el apoyo,enadis
discriminacion,Le negaron apoyos de programas sociales,2017,Mujeres,Con discapacidad,Tamaulipas,60+,2276.0,58904.0,67.0,,ENADIS (INEGI),Personas de 18 años o más que solicitaron el apoyo,enadis
discriminacion,Le negaron apoyos de programas sociales,2017,Mujeres,Con discapacidad,Tlaxcala,60+,251.0,7469.0,85.0,,ENADIS (INEGI),Personas de 18 años o más que solicitaron el apoyo,enadis
discriminacion,Le negaron apoyos de programas sociales,2017,Mujeres,Con discapacidad,Veracruz,60+,940.0,41608.0,49.0,,ENADIS (INEGI),Personas de 18 años o más que solicitaron el apoyo,enadis
discriminacion,Le negaron apoyos de programas sociales,2017,Mujeres,Con discapacidad,Yucatán,60+,2929.0,25793.0,64.0,,ENADIS (INEGI),Personas de 18 años o más que solicitaron el apoyo,enadis
discriminacion,Le negaron apoyos de programas sociales,2017,Mujeres,Con discapacidad,Zacatecas,60+,1582.0,16946.0,46.0,,ENADIS (INEGI),Personas de 18 años o más que solicitaron el apoyo,enadis
discriminacion,Le negaron apoyos de programas sociales,2017,Mujeres,Sin discapacidad,Aguascalientes,60+,2707.0,48964.0,174.0,,ENADIS (INEGI),Personas de 18 años o más que solicitaron el apoyo,enadis
discriminacion,Le negaron apoyos de programas sociales,2017,Mujeres,Sin discapacidad,Baja California,60+,3247.0,115298.0,140.0,,ENADIS (INEGI),Personas de 18 años o más que solicitaron el apoyo,enadis
discriminacion,Le negaron apoyos de programas sociales,2017,Mujeres,Sin discapacidad,Baja California Sur,60+,575.0,17974.0,119.0,,ENADIS (INEGI),Personas de 18 años o más que solicitaron el apoyo,enadis
discriminacion,Le negaron apoyos de programas sociales,2017,Mujeres,Sin discapacidad,Campeche,60+,1611.0,24597.0,138.0,,ENADIS (INEGI),Personas de 18 años o más que solicitaron el apoyo,enadis
discriminacion,Le negaron apoyos de programas sociales,2017,Mujeres,Sin discapacidad,Chiapas,60+,3408.0,131526.0,140.0,,ENADIS (INEGI),Personas de 18 años o más que solicitaron el apoyo,enadis
discriminacion,Le negaron apoyos de programas sociales,2017,Mujeres,Sin discapacidad,Chihuahua,60+,4101.0,141526.0,156.0,,ENADIS (INEGI),Personas de 18 años o más que solicitaron el apoyo,enadis
discriminacion,Le negaron apoyos de programas sociales,2017,Mujeres,Sin discapacidad,Ciudad de México,60+,40912.0,466830.0,179.0,,ENADIS (INEGI),Personas de 18 años o más que solicitaron el apoyo,enadis
discriminacion,Le negaron apoyos de programas sociales,2017,Mujeres,Sin discapacidad,Coahuila,60+,7182.0,150518.0,202.0,,ENADIS (INEGI),Personas de 18 años o más que solicitaron el apoyo,enadis
discriminacion,Le negaron apoyos de programas sociales,2017,Mujeres,Sin discapacidad,Colima,60+,2377.0,22319.0,123.0,,ENADIS (INEGI),Personas de 18 años o más que solicitaron el apoyo,enadis
discriminacion,Le negaron apoyos de programas sociales,2017,Mujeres,Sin discapacidad,Durango,60+,4183.0,51477.0,149.0,,ENADIS (INEGI),Personas de 18 años o más que solicitaron el apoyo,enadis
discriminacion,Le negaron apoyos de programas sociales,2017,Mujeres,Sin discapacidad,Guanajuato,60+,5510.0,252630.0,550.0,,ENADIS (INEGI),Personas de 18 años o más que solicitaron el apoyo,enadis
discriminacion,Le negaron apoyos de programas sociales,2017,Mujeres,Sin discapacidad,Guerrero,60+,7773.0,87545.0,99.0,,ENADIS (INEGI),Personas de 18 años o más que solicitaron el apoyo,enadis
discriminacion,Le negaron apoyos de programas sociales,2017,Mujeres,Sin discapacidad,Hidalgo,60+,4669.0,101372.0,419.0,,ENADIS (INEGI),Personas de 18 años o más que solicitaron el apoyo,enadis
discriminacion,Le negaron apoyos de programas sociales,2017,Mujeres,Sin discapacidad,Jalisco,60+,5391.0,175359.0,108.0,,ENADIS (INEGI),Personas de 18 años o más que solicitaron el apoyo,enadis
discriminacion,Le negaron apoyos de programas sociales,2017,Mujeres,Sin discapacidad,Michoacán,60+,6674.0,198837.0,269.0,,ENADIS (INEGI),Personas de 18 años o más que solicitaron el apoyo,enadis
discriminacion,Le negaron apoyos de programas sociales,2017,Mujeres,Sin discapacidad,Morelos,60+,5198.0,85321.0,292.0,,ENADIS (INEGI),Personas de 18 años o más que solicitaron el apoyo,enadis
discriminacion,Le negaron apoyos de programas sociales,2017,Mujeres,Sin discapacidad,México,60+,86342.0,679482.0,176.0,,ENADIS (INEGI),Personas de 18 años o más que solicitaron el apoyo,enadis
discriminacion,Le negaron apoyos de programas sociales,2017,Mujeres,Sin discapacidad,Nayarit,60+,1103.0,42817.0,166.0,,ENADIS (INEGI),Personas de 18 años o más que solicitaron el apoyo,enadis
discriminacion,Le negaron apoyos de programas sociales,2017,Mujeres,Sin discapacidad,Nuevo León,60+,3285.0,205165.0,158.0,,ENADIS (INEGI),Personas de 18 años o más que solicitaron el apoyo,enadis
discriminacion,Le negaron apoyos de programas sociales,2017,Mujeres,Sin discapacidad,Oaxaca,60+,14103.0,200070.0,289.0,,ENADIS (INEGI),Personas de 18 años o más que solicitaron el apoyo,enadis
discriminacion,Le negaron apoyos de programas sociales,2017,Mujeres,Sin discapacidad,Puebla,60+,15915.0,266592.0,205.0,,ENADIS (INEGI),Personas de 18 años o más que solicitaron el apoyo,enadis
discriminacion,Le negaron apoyos de programas sociales,2017,Mujeres,Sin discapacidad,Querétaro,60+,1880.0,72035.0,158.0,,ENADIS (INEGI),Personas de 18 años o más que solicitaron el apoyo,enadis
discriminacion,Le negaron apoyos de programas sociales,2017,Mujeres,Sin discapacidad,Quintana Roo,60+,736.0,29671.0,91.0,,ENADIS (INEGI),Personas de 18 años o más que solicitaron el apoyo,enadis
discriminacion,Le negaron apoyos de programas sociales,2017,Mujeres,Sin discapacidad,San Luis Potosí,60+,5587.0,95696.0,166.0,,ENADIS (INEGI),Personas de 18 años o más que solicitaron el apoyo,enadis
discriminacion,Le negaron apoyos de programas sociales,2017,Mujeres,Sin discapacidad,Sinaloa,60+,4308.0,105630.0,153.0,,ENADIS (INEGI),Personas de 18 años o más que solicitaron el apoyo,enadis
discriminacion,Le negaron apoyos de programas sociales,2017,Mujeres,Sin discapacidad,Sonora,60+,331.0,92735.0,132.0,,ENADIS (INEGI),Personas de 18 años o más que solicitaron el apoyo,enadis
discriminacion,Le negaron apoyos de programas sociales,2017,Mujeres,Sin discapacidad,Tabasco,60+,2333.0,60095.0,205.0,,ENADIS (INEGI),Personas de 18 años o más que solicitaron el apoyo,enadis
discriminacion,Le negaron apoyos de programas sociales,2017,Mujeres,Sin discapacidad,Tamaulipas,60+,4696.0,158292.0,173.0,,ENADIS (INEGI),Personas de 18 años o más que solicitaron el apoyo,enadis
discriminacion,Le negaron apoyos de programas sociales,2017,Mujeres,Sin discapacidad,Tlaxcala,60+,5506.0,48912.0,509.0,,ENADIS (INEGI),Personas de 18 años o más que solicitaron el apoyo,enadis
discriminacion,Le negaron apoyos de programas sociales,2017,Mujeres,Sin discapacidad,Veracruz,60+,21220.0,264697.0,254.0,,ENADIS (INEGI),Personas de 18 años o más que solicitaron el apoyo,enadis
discriminacion,Le negaron apoyos de programas sociales,2017,Mujeres,Sin discapacidad,Yucatán,60+,1590.0,48094.0,111.0,,ENADIS (INEGI),Personas de 18 años o más que solicitaron el apoyo,enadis
discriminacion,Le negaron apoyos de programas sociales,2017,Mujeres,Sin discapacidad,Zacatecas,60+,1122.0,28230.0,104.0,,ENADIS (INEGI),Personas de 18 años o más que solicitaron el apoyo,enadis
discriminacion,Le negaron injustificadamente algún derecho,2022,Hombres,Con discapacidad,Aguascalientes,60+,3737.0,14368.0,41.0,,ENADIS (INEGI),Personas de 18 años o más que solicitaron el servicio,enadis
discriminacion,Le negaron injustificadamente algún derecho,2022,Hombres,Con discapacidad,Baja California,60+,6635.0,21605.0,18.0,,ENADIS (INEGI),Personas de 18 años o más que solicitaron el servicio,enadis
discriminacion,Le negaron injustificadamente algún derecho,2022,Hombres,Con discapacidad,Baja California Sur,60+,863.0,5276.0,22.0,,ENADIS (INEGI),Personas de 18 años o más que solicitaron el servicio,enadis
discriminacion,Le negaron injustificadamente algún derecho,2022,Hombres,Con discapacidad,Campeche,60+,3145.0,10949.0,48.0,,ENADIS (INEGI),Personas de 18 años o más que solicitaron el servicio,enadis
discriminacion,Le negaron injustificadamente algún derecho,2022,Hombres,Con discapacidad,Chiapas,60+,7356.0,43450.0,38.0,,ENADIS (INEGI),Personas de 18 años o más que solicitaron el servicio,enadis
discriminacion,Le negaron injustificadamente algún derecho,2022,Hombres,Con discapacidad,Chihuahua,60+,7145.0,48433.0,47.0,,ENADIS (INEGI),Personas de 18 años o más que solicitaron el servicio,enadis
discriminacion,Le negaron injustificadamente algún derecho,2022,Hombres,Con discapacidad,Ciudad de México,60+,17963.0,72900.0,24.0,,ENADIS (INEGI),Personas de 18 años o más que solicitaron el servicio,enadis
discriminacion,Le negaron injustificadamente algún derecho,2022,Hombres,Con discapacidad,Coahuila,60+,6369.0,21866.0,26.0,,ENADIS (INEGI),Personas de 18 años o más que solicitaron el servicio,enadis
discriminacion,Le negaron injustificadamente algún derecho,2022,Hombres,Con discapacidad,Colima,60+,1197.0,5646.0,23.0,,ENADIS (INEGI),Personas de 18 años o más que solicitaron el servicio,enadis
discriminacion,Le negaron injustificadamente algún derecho,2022,Hombres,Con discapacidad,Durango,60+,3628.0,20910.0,51.0,,ENADIS (INEGI),Personas de 18 años o más que solicitaron el servicio,enadis
discriminacion,Le negaron injustificadamente algún derecho,2022,Hombres,Con discapacidad,Guanajuato,60+,18030.0,33098.0,21.0,,ENADIS (INEGI),Personas de 18 años o más que solicitaron el servicio,enadis
discriminacion,Le negaron injustificadamente algún derecho,2022,Hombres,Con discapacidad,Guerrero,60+,11294.0,34386.0,41.0,,ENADIS (INEGI),Personas de 18 años o más que solicitaron el servicio,enadis
discriminacion,Le negaron injustificadamente algún derecho,2022,Hombres,Con discapacidad,Hidalgo,60+,4566.0,25350.0,31.0,,ENADIS (INEGI),Personas de 18 años o más que solicitaron el servicio,enadis
discriminacion,Le negaron injustificadamente algún derecho,2022,Hombres,Con discapacidad,Jalisco,60+,17164.0,60979.0,28.0,,ENADIS (INEGI),Personas de 18 años o más que solicitaron el servicio,enadis
discriminacion,Le negaron injustificadamente algún derecho,2022,Hombres,Con discapacidad,Michoacán,60+,9607.0,33912.0,25.0,,ENADIS (INEGI),Personas de 18 años o más que solicitaron el servicio,enadis
discriminacion,Le negaron injustificadamente algún derecho,2022,Hombres,Con discapacidad,Morelos,60+,8034.0,15787.0,26.0,,ENADIS (INEGI),Personas de 18 años o más que solicitaron el servicio,enadis
discriminacion,Le negaron injustificadamente algún derecho,2022,Hombres,Con discapacidad,México,60+,30663.0,90233.0,24.0,,ENADIS (INEGI),Personas de 18 años o más que solicitaron el servicio,enadis
discriminacion,Le negaron injustificadamente algún derecho,2022,Hombres,Con discapacidad,Nayarit,60+,1589.0,9820.0,30.0,,ENADIS (INEGI),Personas de 18 años o más que solicitaron el servicio,enadis
discriminacion,Le negaron injustificadamente algún derecho,2022,Hombres,Con discapacidad,Nuevo León,60+,13744.0,51928.0,31.0,,ENADIS (INEGI),Personas de 18 años o más que solicitaron el servicio,enadis
discriminacion,Le negaron injustificadamente algún derecho,2022,Hombres,Con discapacidad,Oaxaca,60+,11139.0,45758.0,42.0,,ENADIS (INEGI),Personas de 18 años o más que solicitaron el servicio,enadis
discriminacion,Le negaron injustificadamente algún derecho,2022,Hombres,Con discapacidad,Puebla,60+,30769.0,62031.0,31.0,,ENADIS (INEGI),Personas de 18 años o más que solicitaron el servicio,enadis
discriminacion,Le negaron injustificadamente algún derecho,2022,Hombres,Con discapacidad,Querétaro,60+,3008.0,22189.0,31.0,,ENADIS (INEGI),Personas de 18 años o más que solicitaron el servicio,enadis
discriminacion,Le negaron injustificadamente algún derecho,2022,Hombres,Con discapacidad,Quintana Roo,60+,4336.0,14366.0,26.0,,ENADIS (INEGI),Personas de 18 años o más que solicitaron el servicio,enadis
discriminacion,Le negaron injustificadamente algún derecho,2022,Hombres,Con discapacidad,San Luis Potosí,60+,5418.0,21065.0,27.0,,ENADIS (INEGI),Personas de 18 años o más que solicitaron el servicio,enadis
discriminacion,Le negaron injustificadamente algún derecho,2022,Hombres,Con discapacidad,Sinaloa,60+,7260.0,33396.0,48.0,,ENADIS (INEGI),Personas de 18 años o más que solicitaron el servicio,enadis
discriminacion,Le negaron injustificadamente algún derecho,2022,Hombres,Con discapacidad,Sonora,60+,4059.0,20103.0,26.0,,ENADIS (INEGI),Personas de 18 años o más que solicitaron el servicio,enadis
discriminacion,Le negaron injustificadamente algún derecho,2022,Hombres,Con discapacidad,Tabasco,60+,10102.0,27762.0,41.0,,ENADIS (INEGI),Personas de 18 años o más que solicitaron el servicio,enadis
discriminacion,Le negaron injustificadamente algún derecho,2022,Hombres,Con discapacidad,Tamaulipas,60+,7106.0,41576.0,35.0,,ENADIS (INEGI),Personas de 18 años o más que solicitaron el servicio,enadis
discriminacion,Le negaron injustificadamente algún derecho,2022,Hombres,Con discapacidad,Tlaxcala,60+,2726.0,8883.0,27.0,,ENADIS (INEGI),Personas de 18 años o más que solicitaron el servicio,enadis
discriminacion,Le negaron injustificadamente algún derecho,2022,Hombres,Con discapacidad,Veracruz,60+,22181.0,85754.0,39.0,,ENADIS (INEGI),Personas de 18 años o más que solicitaron el servicio,enadis
discriminacion,Le negaron injustificadamente algún derecho,2022,Hombres,Con discapacidad,Yucatán,60+,7884.0,25910.0,42.0,,ENADIS (INEGI),Personas de 18 años o más que solicitaron el servicio,enadis
discriminacion,Le negaron injustificadamente algún derecho,2022,Hombres,Con discapacidad,Zacatecas,60+,4457.0,19459.0,43.0,,ENADIS (INEGI),Personas de 18 años o más que solicitaron el servicio,enadis
discriminacion,Le negaron injustificadamente algún derecho,2022,Hombres,Sin discapacidad,Aguascalientes,60+,14245.0,72036.0,190.0,,ENADIS (INEGI),Personas de 18 años o más que solicitaron el servicio,enadis
discriminacion,Le negaron injustificadamente algún derecho,2022,Hombres,Sin discapacidad,Baja California,60+,33357.0,176701.0,149.0,,ENADIS (INEGI),Personas de 18 años o más que solicitaron el servicio,enadis
discriminacion,Le negaron injustificadamente algún derecho,2022,Hombres,Sin discapacidad,Baja California Sur,60+,4953.0,29650.0,133.0,,ENADIS (INEGI),Personas de 18 años o más que solicitaron el servicio,enadis
discriminacion,Le negaron injustificadamente algún derecho,2022,Hombres,Sin discapacidad,Campeche,60+,6058.0,37356.0,162.0,,ENADIS (INEGI),Personas de 18 años o más que solicitaron el servicio,enadis
discriminacion,Le negaron injustificadamente algún derecho,2022,Hombres,Sin discapacidad,Chiapas,60+,49666.0,204601.0,186.0,,ENADIS (INEGI),Personas de 18 años o más que solicitaron el servicio,enadis
discriminacion,Le negaron injustificadamente algún derecho,2022,Hombres,Sin discapacidad,Chihuahua,60+,25959.0,167669.0,145.0,,ENADIS (INEGI),Personas de 18 años o más que solicitaron el servicio,enadis
discriminacion,Le negaron injustificadamente algún derecho,2022,Hombres,Sin discapacidad,Ciudad de México,60+,160884.0,582366.0,194.0,,ENADIS (INEGI),Personas de 18 años o más que solicitaron el servicio,enadis
discriminacion,Le negaron injustificadamente algún derecho,2022,Hombres,Sin discapacidad,Coahuila,60+,30214.0,154762.0,180.0,,ENADIS (INEGI),Personas de 18 años o más que solicitaron el servicio,enadis
discriminacion,Le negaron injustificadamente algún derecho,2022,Hombres,Sin discapacidad,Colima,60+,7437.0,38068.0,167.0,,ENADIS (INEGI),Personas de 18 años o más que solicitaron el servicio,enadis
discriminacion,Le negaron injustificadamente algún derecho,2022,Hombres,Sin discapacidad,Durango,60+,16383.0,78234.0,179.0,,ENADIS (INEGI),Personas de 18 años o más que solicitaron el servicio,enadis
discriminacion,Le negaron injustificadamente algún derecho,2022,Hombres,Sin discapacidad,Guanajuato,60+,67909.0,320773.0,183.0,,ENADIS (INEGI),Personas de 18 años o más que solicitaron el servicio,enadis
discriminacion,Le negaron injustificadamente algún derecho,2022,Hombres,Sin discapacidad,Guerrero,60+,43789.0,175079.0,206.0,,ENADIS (INEGI),Personas de 18 años o más que solicitaron el servicio,enadis
discriminacion,Le negaron injustificadamente algún derecho,2022,Hombres,Sin discapacidad,Hidalgo,60+,33058.0,167005.0,202.0,,ENADIS (INEGI),Personas de 18 años o más que solicitaron el servicio,enadis
discriminacion,Le negaron injustificadamente algún derecho,2022,Hombres,Sin discapacidad,Jalisco,60+,112231.0,461369.0,204.0,,ENADIS (INEGI),Personas de 18 años o más que solicitaron el servicio,enadis
discriminacion,Le negaron injustificadamente algún derecho,2022,Hombres,Sin discapacidad,Michoacán,60+,56465.0,247902.0,193.0,,ENADIS (INEGI),Personas de 18 años o más que solicitaron el servicio,enadis
discriminacion,Le negaron injustificadamente algún derecho,2022,Hombres,Sin discapacidad,Morelos,60+,37894.0,110594.0,198.0,,ENADIS (INEGI),Personas de 18 años o más que solicitaron el servicio,enadis
discriminacion,Le negaron injustificadamente algún derecho,2022,Hombres,Sin discapacidad,México,60+,230258.0,847643.0,211.0,,ENADIS (INEGI),Personas de 18 años o más que solicitaron el servicio,enadis
discriminacion,Le negaron injustificadamente algún derecho,2022,Hombres,Sin discapacidad,Nayarit,60+,17182.0,75116.0,228.0,,ENADIS (INEGI),Personas de 18 años o más que solicitaron el servicio,enadis
discriminacion,Le negaron injustificadamente algún derecho,2022,Hombres,Sin discapacidad,Nuevo León,60+,71091.0,298924.0,171.0,,ENADIS (INEGI),Personas de 18 años o más que solicitaron el servicio,enadis
discriminacion,Le negaron injustificadamente algún derecho,2022,Hombres,Sin discapacidad,Oaxaca,60+,49422.0,198674.0,193.0,,ENADIS (INEGI),Personas de 18 años o más que solicitaron el servicio,enadis
discriminacion,Le negaron injustificadamente algún derecho,2022,Hombres,Sin discapacidad,Puebla,60+,80339.0,288057.0,147.0,,ENADIS (INEGI),Personas de 18 años o más que solicitaron el servicio,enadis
discriminacion,Le negaron injustificadamente algún derecho,2022,Hombres,Sin discapacidad,Querétaro,60+,34418.0,120540.0,158.0,,ENADIS (INEGI),Personas de 18 años o más que solicitaron el servicio,enadis
discriminacion,Le negaron injustificadamente algún derecho,2022,Hombres,Sin discapacidad,Quintana Roo,60+,17326.0,66888.0,138.0,,ENADIS (INEGI),Personas de 18 años o más que solicitaron el servicio,enadis
discriminacion,Le negaron injustificadamente algún derecho,2022,Hombres,Sin discapacidad,San Luis Potosí,60+,32028.0,152568.0,187.0,,ENADIS (INEGI),Personas de 18 años o más que solicitaron el servicio,enadis
discriminacion,Le negaron injustificadamente algún derecho,2022,Hombres,Sin discapacidad,Sinaloa,60+,24198.0,171900.0,227.0,,ENADIS (INEGI),Personas de 18 años o más que solicitaron el servicio,enadis
discriminacion,Le negaron injustificadamente algún derecho,2022,Hombres,Sin discapacidad,Sonora,60+,36649.0,151694.0,200.0,,ENADIS (INEGI),Personas de 18 años o más que solicitaron el servicio,enadis
discriminacion,Le negaron injustificadamente algún derecho,2022,Hombres,Sin discapacidad,Tabasco,60+,33710.0,102132.0,165.0,,ENADIS (INEGI),Personas de 18 años o más que solicitaron el servicio,enadis
discriminacion,Le negaron injustificadamente algún derecho,2022,Hombres,Sin discapacidad,Tamaulipas,60+,32821.0,180738.0,160.0,,ENADIS (INEGI),Personas de 18 años o más que solicitaron el servicio,enadis
discriminacion,Le negaron injustificadamente algún derecho,2022,Hombres,Sin discapacidad,Tlaxcala,60+,20160.0,58257.0,174.0,,ENADIS (INEGI),Personas de 18 años o más que solicitaron el servicio,enadis
discriminacion,Le negaron injustificadamente algún derecho,2022,Hombres,Sin discapacidad,Veracruz,60+,90973.0,408704.0,190.0,,ENADIS (INEGI),Personas de 18 años o más que solicitaron el servicio,enadis
discriminacion,Le negaron injustificadamente algún derecho,2022,Hombres,Sin discapacidad,Yucatán,60+,29541.0,113560.0,177.0,,ENADIS (INEGI),Personas de 18 años o más que solicitaron el servicio,enadis
discriminacion,Le negaron injustificadamente algún derecho,2022,Hombres,Sin discapacidad,Zacatecas,60+,13481.0,71568.0,169.0,,ENADIS (INEGI),Personas de 18 años o más que solicitaron el servicio,enadis
discriminacion,Le negaron injustificadamente algún derecho,2022,Mujeres,Con discapacidad,Aguascalientes,60+,3155.0,13661.0,36.0,,ENADIS (INEGI),Personas de 18 años o más que solicitaron el servicio,enadis
discriminacion,Le negaron injustificadamente algún derecho,2022,Mujeres,Con discapacidad,Baja California,60+,9563.0,36378.0,31.0,,ENADIS (INEGI),Personas de 18 años o más que solicitaron el servicio,enadis
discriminacion,Le negaron injustificadamente algún derecho,2022,Mujeres,Con discapacidad,Baja California Sur,60+,1709.0,6621.0,32.0,,ENADIS (INEGI),Personas de 18 años o más que solicitaron el servicio,enadis
discriminacion,Le negaron injustificadamente algún derecho,2022,Mujeres,Con discapacidad,Campeche,60+,3516.0,15554.0,69.0,,ENADIS (INEGI),Personas de 18 años o más que solicitaron el servicio,enadis
discriminacion,Le negaron injustificadamente algún derecho,2022,Mujeres,Con discapacidad,Chiapas,60+,7145.0,45591.0,45.0,,ENADIS (INEGI),Personas de 18 años o más que solicitaron el servicio,enadis
discriminacion,Le negaron injustificadamente algún derecho,2022,Mujeres,Con discapacidad,Chihuahua,60+,9462.0,40457.0,38.0,,ENADIS (INEGI),Personas de 18 años o más que solicitaron el servicio,enadis
discriminacion,Le negaron injustificadamente algún derecho,2022,Mujeres,Con discapacidad,Ciudad de México,60+,32875.0,162428.0,54.0,,ENADIS (INEGI),Personas de 18 años o más que solicitaron el servicio,enadis
discriminacion,Le negaron injustificadamente algún derecho,2022,Mujeres,Con discapacidad,Coahuila,60+,3173.0,21377.0,26.0,,ENADIS (INEGI),Personas de 18 años o más que solicitaron el servicio,enadis
discriminacion,Le negaron injustificadamente algún derecho,2022,Mujeres,Con discapacidad,Colima,60+,1849.0,8121.0,35.0,,ENADIS (INEGI),Personas de 18 años o más que solicitaron el servicio,enadis
discriminacion,Le negaron injustificadamente algún derecho,2022,Mujeres,Con discapacidad,Durango,60+,5385.0,27438.0,65.0,,ENADIS (INEGI),Personas de 18 años o más que solicitaron el servicio,enadis
discriminacion,Le negaron injustificadamente algún derecho,2022,Mujeres,Con discapacidad,Guanajuato,60+,23579.0,73354.0,47.0,,ENADIS (INEGI),Personas de 18 años o más que solicitaron el servicio,enadis
discriminacion,Le negaron injustificadamente algún derecho,2022,Mujeres,Con discapacidad,Guerrero,60+,12213.0,40496.0,51.0,,ENADIS (INEGI),Personas de 18 años o más que solicitaron el servicio,enadis
discriminacion,Le negaron injustificadamente algún derecho,2022,Mujeres,Con discapacidad,Hidalgo,60+,5438.0,35577.0,43.0,,ENADIS (INEGI),Personas de 18 años o más que solicitaron el servicio,enadis
discriminacion,Le negaron injustificadamente algún derecho,2022,Mujeres,Con discapacidad,Jalisco,60+,10423.0,73449.0,34.0,,ENADIS (INEGI),Personas de 18 años o más que solicitaron el servicio,enadis
discriminacion,Le negaron injustificadamente algún derecho,2022,Mujeres,Con discapacidad,Michoacán,60+,13055.0,49005.0,36.0,,ENADIS (INEGI),Personas de 18 años o más que solicitaron el servicio,enadis
discriminacion,Le negaron injustificadamente algún derecho,2022,Mujeres,Con discapacidad,Morelos,60+,7491.0,21685.0,42.0,,ENADIS (INEGI),Personas de 18 años o más que solicitaron el servicio,enadis
discriminacion,Le negaron injustificadamente algún derecho,2022,Mujeres,Con discapacidad,México,60+,25851.0,127976.0,31.0,,ENADIS (INEGI),Personas de 18 años o más que solicitaron el servicio,enadis
discriminacion,Le negaron injustificadamente algún derecho,2022,Mujeres,Con discapacidad,Nayarit,60+,1386.0,11437.0,35.0,,ENADIS (INEGI),Personas de 18 años o más que solicitaron el servicio,enadis
discriminacion,Le negaron injustificadamente algún derecho,2022,Mujeres,Con discapacidad,Nuevo León,60+,15012.0,47560.0,27.0,,ENADIS (INEGI),Personas de 18 años o más que solicitaron el servicio,enadis
discriminacion,Le negaron injustificadamente algún derecho,2022,Mujeres,Con discapacidad,Oaxaca,60+,5486.0,52759.0,48.0,,ENADIS (INEGI),Personas de 18 años o más que solicitaron el servicio,enadis
discriminacion,Le negaron injustificadamente algún derecho,2022,Mujeres,Con discapacidad,Puebla,60+,17179.0,59193.0,32.0,,ENADIS (INEGI),Personas de 18 años o más que solicitaron el servicio,enadis
discriminacion,Le negaron injustificadamente algún derecho,2022,Mujeres,Con discapacidad,Querétaro,60+,9660.0,28967.0,43.0,,ENADIS (INEGI),Personas de 18 años o más que solicitaron el servicio,enadis
discriminacion,Le negaron injustificadamente algún derecho,2022,Mujeres,Con discapacidad,Quintana Roo,60+,2804.0,10756.0,24.0,,ENADIS (INEGI),Personas de 18 años o más que solicitaron el servicio,enadis
discriminacion,Le negaron injustificadamente algún derecho,2022,Mujeres,Con discapacidad,San Luis Potosí,60+,10153.0,36124.0,45.0,,ENADIS (INEGI),Personas de 18 años o más que solicitaron el servicio,enadis
discriminacion,Le negaron injustificadamente algún derecho,2022,Mujeres,Con discapacidad,Sinaloa,60+,6837.0,38809.0,53.0,,ENADIS (INEGI),Personas de 18 años o más que solicitaron el servicio,enadis
discriminacion,Le negaron injustificadamente algún derecho,2022,Mujeres,Con discapacidad,Sonora,60+,6219.0,32633.0,45.0,,ENADIS (INEGI),Personas de 18 años o más que solicitaron el servicio,enadis
discriminacion,Le negaron injustificadamente algún derecho,2022,Mujeres,Con discapacidad,Tabasco,60+,5500.0,33821.0,55.0,,ENADIS (INEGI),Personas de 18 años o más que solicitaron el servicio,enadis
discriminacion,Le negaron injustificadamente algún derecho,2022,Mujeres,Con discapacidad,Tamaulipas,60+,4360.0,38752.0,33.0,,ENADIS (INEGI),Personas de 18 años o más que solicitaron el servicio,enadis
discriminacion,Le negaron injustificadamente algún derecho,2022,Mujeres,Con discapacidad,Tlaxcala,60+,2851.0,11567.0,35.0,,ENADIS (INEGI),Personas de 18 años o más que solicitaron el servicio,enadis
discriminacion,Le negaron injustificadamente algún derecho,2022,Mujeres,Con discapacidad,Veracruz,60+,24963.0,156413.0,68.0,,ENADIS (INEGI),Personas de 18 años o más que solicitaron el servicio,enadis
discriminacion,Le negaron injustificadamente algún derecho,2022,Mujeres,Con discapacidad,Yucatán,60+,7330.0,35094.0,58.0,,ENADIS (INEGI),Personas de 18 años o más que solicitaron el servicio,enadis
discriminacion,Le negaron injustificadamente algún derecho,2022,Mujeres,Con discapacidad,Zacatecas,60+,4440.0,21005.0,50.0,,ENADIS (INEGI),Personas de 18 años o más que solicitaron el servicio,enadis
discriminacion,Le negaron injustificadamente algún derecho,2022,Mujeres,Sin discapacidad,Aguascalientes,60+,10340.0,73894.0,199.0,,ENADIS (INEGI),Personas de 18 años o más que solicitaron el servicio,enadis
discriminacion,Le negaron injustificadamente algún derecho,2022,Mujeres,Sin discapacidad,Baja California,60+,17452.0,202219.0,169.0,,ENADIS (INEGI),Personas de 18 años o más que solicitaron el servicio,enadis
discriminacion,Le negaron injustificadamente algún derecho,2022,Mujeres,Sin discapacidad,Baja California Sur,60+,4856.0,33867.0,151.0,,ENADIS (INEGI),Personas de 18 años o más que solicitaron el servicio,enadis
discriminacion,Le negaron injustificadamente algún derecho,2022,Mujeres,Sin discapacidad,Campeche,60+,5169.0,39998.0,175.0,,ENADIS (INEGI),Personas de 18 años o más que solicitaron el servicio,enadis
discriminacion,Le negaron injustificadamente algún derecho,2022,Mujeres,Sin discapacidad,Chiapas,60+,28707.0,210502.0,194.0,,ENADIS (INEGI),Personas de 18 años o más que solicitaron el servicio,enadis
discriminacion,Le negaron injustificadamente algún derecho,2022,Mujeres,Sin discapacidad,Chihuahua,60+,30860.0,198068.0,173.0,,ENADIS (INEGI),Personas de 18 años o más que solicitaron el servicio,enadis
discriminacion,Le negaron injustificadamente algún derecho,2022,Mujeres,Sin discapacidad,Ciudad de México,60+,144451.0,843052.0,284.0,,ENADIS (INEGI),Personas de 18 años o más que solicitaron el servicio,enadis
discriminacion,Le negaron injustificadamente algún derecho,2022,Mujeres,Sin discapacidad,Coahuila,60+,20128.0,180517.0,212.0,,ENADIS (INEGI),Personas de 18 años o más que solicitaron el servicio,enadis
discriminacion,Le negaron injustificadamente algún derecho,2022,Mujeres,Sin discapacidad,Colima,60+,7855.0,46977.0,208.0,,ENADIS (INEGI),Personas de 18 años o más que solicitaron el servicio,enadis
discriminacion,Le negaron injustificadamente algún derecho,2022,Mujeres,Sin discapacidad,Durango,60+,16034.0,81343.0,189.0,,ENADIS (INEGI),Personas de 18 años o más que solicitaron el servicio,enadis
discriminacion,Le negaron injustificadamente algún derecho,2022,Mujeres,Sin discapacidad,Guanajuato,60+,63610.0,369701.0,219.0,,ENADIS (INEGI),Personas de 18 años o más que solicitaron el servicio,enadis
discriminacion,Le negaron injustificadamente algún derecho,2022,Mujeres,Sin discapacidad,Guerrero,60+,32534.0,175067.0,218.0,,ENADIS (INEGI),Personas de 18 años o más que solicitaron el servicio,enadis
discriminacion,Le negaron injustificadamente algún derecho,2022,Mujeres,Sin discapacidad,Hidalgo,60+,36164.0,184603.0,226.0,,ENADIS (INEGI),Personas de 18 años o más que solicitaron el servicio,enadis
discriminacion,Le negaron injustificadamente algún derecho,2022,Mujeres,Sin discapacidad,Jalisco,60+,84440.0,518198.0,224.0,,ENADIS (INEGI),Personas de 18 años o más que solicitaron el servicio,enadis
discriminacion,Le negaron injustificadamente algún derecho,2022,Mujeres,Sin discapacidad,Michoacán,60+,54537.0,300077.0,232.0,,ENADIS (INEGI),Personas de 18 años o más que solicitaron el servicio,enadis
discriminacion,Le negaron injustificadamente algún derecho,2022,Mujeres,Sin discapacidad,Morelos,60+,34384.0,135003.0,245.0,,ENADIS (INEGI),Personas de 18 años o más que solicitaron el servicio,enadis
discriminacion,Le negaron injustificadamente algún derecho,2022,Mujeres,Sin discapacidad,México,60+,238382.0,1059669.0,264.0,,ENADIS (INEGI),Personas de 18 años o más que solicitaron el servicio,enadis
discriminacion,Le negaron injustificadamente algún derecho,2022,Mujeres,Sin discapacidad,Nayarit,60+,9029.0,81582.0,255.0,,ENADIS (INEGI),Personas de 18 años o más que solicitaron el servicio,enadis
discriminacion,Le negaron injustificadamente algún derecho,2022,Mujeres,Sin discapacidad,Nuevo León,60+,51379.0,381299.0,217.0,,ENADIS (INEGI),Personas de 18 años o más que solicitaron el servicio,enadis
discriminacion,Le negaron injustificadamente algún derecho,2022,Mujeres,Sin discapacidad,Oaxaca,60+,39116.0,223213.0,221.0,,ENADIS (INEGI),Personas de 18 años o más que solicitaron el servicio,enadis
discriminacion,Le negaron injustificadamente algún derecho,2022,Mujeres,Sin discapacidad,Puebla,60+,65701.0,352886.0,190.0,,ENADIS (INEGI),Personas de 18 años o más que solicitaron el servicio,enadis
discriminacion,Le negaron injustificadamente algún derecho,2022,Mujeres,Sin discapacidad,Querétaro,60+,28997.0,143074.0,199.0,,ENADIS (INEGI),Personas de 18 años o más que solicitaron el servicio,enadis
discriminacion,Le negaron injustificadamente algún derecho,2022,Mujeres,Sin discapacidad,Quintana Roo,60+,11596.0,70786.0,144.0,,ENADIS (INEGI),Personas de 18 años o más que solicitaron el servicio,enadis
discriminacion,Le negaron injustificadamente algún derecho,2022,Mujeres,Sin discapacidad,San Luis Potosí,60+,31117.0,177104.0,222.0,,ENADIS (INEGI),Personas de 18 años o más que solicitaron el servicio,enadis
discriminacion,Le negaron injustificadamente algún derecho,2022,Mujeres,Sin discapacidad,Sinaloa,60+,17447.0,206524.0,275.0,,ENADIS (INEGI),Personas de 18 años o más que solicitaron el servicio,enadis
discriminacion,Le negaron injustificadamente algún derecho,2022,Mujeres,Sin discapacidad,Sonora,60+,25088.0,159033.0,205.0,,ENADIS (INEGI),Personas de 18 años o más que solicitaron el servicio,enadis
discriminacion,Le negaron injustificadamente algún derecho,2022,Mujeres,Sin discapacidad,Tabasco,60+,27096.0,114458.0,185.0,,ENADIS (INEGI),Personas de 18 años o más que solicitaron el servicio,enadis
discriminacion,Le negaron injustificadamente algún derecho,2022,Mujeres,Sin discapacidad,Tamaulipas,60+,27546.0,218118.0,191.0,,ENADIS (INEGI),Personas de 18 años o más que solicitaron el servicio,enadis
discriminacion,Le negaron injustificadamente algún derecho,2022,Mujeres,Sin discapacidad,Tlaxcala,60+,14892.0,76286.0,231.0,,ENADIS (INEGI),Personas de 18 años o más que solicitaron el servicio,enadis
discriminacion,Le negaron injustificadamente algún derecho,2022,Mujeres,Sin discapacidad,Veracruz,60+,95643.0,521231.0,234.0,,ENADIS (INEGI),Personas de 18 años o más que solicitaron el servicio,enadis
discriminacion,Le negaron injustificadamente algún derecho,2022,Mujeres,Sin discapacidad,Yucatán,60+,20147.0,119311.0,192.0,,ENADIS (INEGI),Personas de 18 años o más que solicitaron el servicio,enadis
discriminacion,Le negaron injustificadamente algún derecho,2022,Mujeres,Sin discapacidad,Zacatecas,60+,14270.0,91901.0,215.0,,ENADIS (INEGI),Personas de 18 años o más que solicitaron el servicio,enadis
discriminacion,Le negaron atención médica o medicamentos,2022,Hombres,Con discapacidad,Aguascalientes,60+,1708.0,14093.0,40.0,,ENADIS (INEGI),Personas de 18 años o más que solicitaron el servicio,enadis
discriminacion,Le negaron atención médica o medicamentos,2022,Hombres,Con discapacidad,Baja California,60+,2169.0,21605.0,18.0,,ENADIS (INEGI),Personas de 18 años o más que solicitaron el servicio,enadis
discriminacion,Le negaron atención médica o medicamentos,2022,Hombres,Con discapacidad,Baja California Sur,60+,175.0,5276.0,22.0,,ENADIS (INEGI),Personas de 18 años o más que solicitaron el servicio,enadis
discriminacion,Le negaron atención médica o medicamentos,2022,Hombres,Con discapacidad,Campeche,60+,985.0,10128.0,44.0,,ENADIS (INEGI),Personas de 18 años o más que solicitaron el servicio,enadis
discriminacion,Le negaron atención médica o medicamentos,2022,Hombres,Con discapacidad,Chiapas,60+,4710.0,42339.0,37.0,,ENADIS (INEGI),Personas de 18 años o más que solicitaron el servicio,enadis
discriminacion,Le negaron atención médica o medicamentos,2022,Hombres,Con discapacidad,Chihuahua,60+,2014.0,47437.0,46.0,,ENADIS (INEGI),Personas de 18 años o más que solicitaron el servicio,enadis
discriminacion,Le negaron atención médica o medicamentos,2022,Hombres,Con discapacidad,Ciudad de México,60+,14797.0,72900.0,24.0,,ENADIS (INEGI),Personas de 18 años o más que solicitaron el servicio,enadis
discriminacion,Le negaron atención médica o medicamentos,2022,Hombres,Con discapacidad,Coahuila,60+,3099.0,21047.0,25.0,,ENADIS (INEGI),Personas de 18 años o más que solicitaron el servicio,enadis
discriminacion,Le negaron atención médica o medicamentos,2022,Hombres,Con discapacidad,Colima,60+,0.0,4935.0,20.0,,ENADIS (INEGI),Personas de 18 años o más que solicitaron el servicio,enadis
discriminacion,Le negaron atención médica o medicamentos,2022,Hombres,Con discapacidad,Durango,60+,627.0,20910.0,51.0,,ENADIS (INEGI),Personas de 18 años o más que solicitaron el servicio,enadis
discriminacion,Le negaron atención médica o medicamentos,2022,Hombres,Con discapacidad,Guanajuato,60+,5708.0,31829.0,20.0,,ENADIS (INEGI),Personas de 18 años o más que solicitaron el servicio,enadis
discriminacion,Le negaron atención médica o medicamentos,2022,Hombres,Con discapacidad,Guerrero,60+,1390.0,31195.0,37.0,,ENADIS (INEGI),Personas de 18 años o más que solicitaron el servicio,enadis
discriminacion,Le negaron atención médica o medicamentos,2022,Hombres,Con discapacidad,Hidalgo,60+,1358.0,24295.0,30.0,,ENADIS (INEGI),Personas de 18 años o más que solicitaron el servicio,enadis
discriminacion,Le negaron atención médica o medicamentos,2022,Hombres,Con discapacidad,Jalisco,60+,2262.0,59307.0,27.0,,ENADIS (INEGI),Personas de 18 años o más que solicitaron el servicio,enadis
discriminacion,Le negaron atención médica o medicamentos,2022,Hombres,Con discapacidad,Michoacán,60+,2765.0,33912.0,25.0,,ENADIS (INEGI),Personas de 18 años o más que solicitaron el servicio,enadis
discriminacion,Le negaron atención médica o medicamentos,2022,Hombres,Con discapacidad,Morelos,60+,6498.0,15075.0,25.0,,ENADIS (INEGI),Personas de 18 años o más que solicitaron el servicio,enadis
discriminacion,Le negaron atención médica o medicamentos,2022,Hombres,Con discapacidad,México,60+,8018.0,90233.0,24.0,,ENADIS (INEGI),Personas de 18 años o más que solicitaron el servicio,enadis
discriminacion,Le negaron atención médica o medicamentos,2022,Hombres,Con discapacidad,Nayarit,60+,644.0,9488.0,29.0,,ENADIS (INEGI),Personas de 18 años o más que solicitaron el servicio,enadis
discriminacion,Le negaron atención médica o medicamentos,2022,Hombres,Con discapacidad,Nuevo León,60+,5034.0,51928.0,31.0,,ENADIS (INEGI),Personas de 18 años o más que solicitaron el servicio,enadis
discriminacion,Le negaron atención médica o medicamentos,2022,Hombres,Con discapacidad,Oaxaca,60+,2699.0,41079.0,38.0,,ENADIS (INEGI),Personas de 18 años o más que solicitaron el servicio,enadis
discriminacion,Le negaron atención médica o medicamentos,2022,Hombres,Con discapacidad,Puebla,60+,10126.0,62031.0,31.0,,ENADIS (INEGI),Personas de 18 años o más que solicitaron el servicio,enadis
discriminacion,Le negaron atención médica o medicamentos,2022,Hombres,Con discapacidad,Querétaro,60+,2253.0,22189.0,31.0,,ENADIS (INEGI),Personas de 18 años o más que solicitaron el servicio,enadis
discriminacion,Le negaron atención médica o medicamentos,2022,Hombres,Con discapacidad,Quintana Roo,60+,3271.0,14366.0,26.0,,ENADIS (INEGI),Personas de 18 años o más que solicitaron el servicio,enadis
discriminacion,Le negaron atención médica o medicamentos,2022,Hombres,Con discapacidad,San Luis Potosí,60+,1586.0,18609.0,23.0,,ENADIS (INEGI),Personas de 18 años o más que solicitaron el servicio,enadis
discriminacion,Le negaron atención médica o medicamentos,2022,Hombres,Con discapacidad,Sinaloa,60+,3915.0,32572.0,47.0,,ENADIS (INEGI),Personas de 18 años o más que solicitaron el servicio,enadis
discriminacion,Le negaron atención médica o medicamentos,2022,Hombres,Con discapacidad,Sonora,60+,1790.0,19564.0,25.0,,ENADIS (INEGI),Personas de 18 años o más que solicitaron el servicio,enadis
discriminacion,Le negaron atención médica o medicamentos,2022,Hombres,Con discapacidad,Tabasco,60+,4412.0,24755.0,37.0,,ENADIS (INEGI),Personas de 18 años o más que solicitaron el servicio,enadis
discriminacion,Le negaron atención médica o medicamentos,2022,Hombres,Con discapacidad,Tamaulipas,60+,3823.0,39707.0,34.0,,ENADIS (INEGI),Personas de 18 años o más que solicitaron el servicio,enadis
discriminacion,Le negaron atención médica o medicamentos,2022,Hombres,Con discapacidad,Tlaxcala,60+,1597.0,7938.0,25.0,,ENADIS (INEGI),Personas de 18 años o más que solicitaron el servicio,enadis
discriminacion,Le negaron atención médica o medicamentos,2022,Hombres,Con discapacidad,Veracruz,60+,11805.0,81368.0,37.0,,ENADIS (INEGI),Personas de 18 años o más que solicitaron el servicio,enadis
discriminacion,Le negaron atención médica o medicamentos,2022,Hombres,Con discapacidad,Yucatán,60+,5063.0,23637.0,38.0,,ENADIS (INEGI),Personas de 18 años o más que solicitaron el servicio,enadis
discriminacion,Le negaron atención médica o medicamentos,2022,Hombres,Con discapacidad,Zacatecas,60+,2686.0,18991.0,42.0,,ENADIS (INEGI),Personas de 18 años o más que solicitaron el servicio,enadis
discriminacion,Le negaron atención médica o medicamentos,2022,Hombres,Sin discapacidad,Aguascalientes,60+,5075.0,69610.0,184.0,,ENADIS (INEGI),Personas de 18 años o más que solicitaron el servicio,enadis
discriminacion,Le negaron atención médica o medicamentos,2022,Hombres,Sin discapacidad,Baja California,60+,12353.0,162744.0,137.0,,ENADIS (INEGI),Personas de 18 años o más que solicitaron el servicio,enadis
discriminacion,Le negaron atención médica o medicamentos,2022,Hombres,Sin discapacidad,Baja California Sur,60+,1591.0,27223.0,124.0,,ENADIS (INEGI),Personas de 18 años o más que solicitaron el servicio,enadis
discriminacion,Le negaron atención médica o medicamentos,2022,Hombres,Sin discapacidad,Campeche,60+,2875.0,34880.0,152.0,,ENADIS (INEGI),Personas de 18 años o más que solicitaron el servicio,enadis
discriminacion,Le negaron atención médica o medicamentos,2022,Hombres,Sin discapacidad,Chiapas,60+,22864.0,198783.0,181.0,,ENADIS (INEGI),Personas de 18 años o más que solicitaron el servicio,enadis
discriminacion,Le negaron atención médica o medicamentos,2022,Hombres,Sin discapacidad,Chihuahua,60+,12368.0,148662.0,129.0,,ENADIS (INEGI),Personas de 18 años o más que solicitaron el servicio,enadis
discriminacion,Le negaron atención médica o medicamentos,2022,Hombres,Sin discapacidad,Ciudad de México,60+,59879.0,543495.0,182.0,,ENADIS (INEGI),Personas de 18 años o más que solicitaron el servicio,enadis
discriminacion,Le negaron atención médica o medicamentos,2022,Hombres,Sin discapacidad,Coahuila,60+,11483.0,150648.0,175.0,,ENADIS (INEGI),Personas de 18 años o más que solicitaron el servicio,enadis
discriminacion,Le negaron atención médica o medicamentos,2022,Hombres,Sin discapacidad,Colima,60+,2133.0,35303.0,157.0,,ENADIS (INEGI),Personas de 18 años o más que solicitaron el servicio,enadis
discriminacion,Le negaron atención médica o medicamentos,2022,Hombres,Sin discapacidad,Durango,60+,5343.0,69097.0,160.0,,ENADIS (INEGI),Personas de 18 años o más que solicitaron el servicio,enadis
discriminacion,Le negaron atención médica o medicamentos,2022,Hombres,Sin discapacidad,Guanajuato,60+,23656.0,300267.0,171.0,,ENADIS (INEGI),Personas de 18 años o más que solicitaron el servicio,enadis
discriminacion,Le negaron atención médica o medicamentos,2022,Hombres,Sin discapacidad,Guerrero,60+,15705.0,161359.0,192.0,,ENADIS (INEGI),Personas de 18 años o más que solicitaron el servicio,enadis
discriminacion,Le negaron atención médica o medicamentos,2022,Hombres,Sin discapacidad,Hidalgo,60+,12746.0,160683.0,194.0,,ENADIS (INEGI),Personas de 18 años o más que solicitaron el servicio,enadis
discriminacion,Le negaron atención médica o medicamentos,2022,Hombres,Sin discapacidad,Jalisco,60+,45103.0,418486.0,185.0,,ENADIS (INEGI),Personas de 18 años o más que solicitaron el servicio,enadis
discriminacion,Le negaron atención médica o medicamentos,2022,Hombres,Sin discapacidad,Michoacán,60+,24946.0,236465.0,184.0,,ENADIS (INEGI),Personas de 18 años o más que solicitaron el servicio,enadis
discriminacion,Le negaron atención médica o medicamentos,2022,Hombres,Sin discapacidad,Morelos,60+,17135.0,104536.0,188.0,,ENADIS (INEGI),Personas de 18 años o más que solicitaron el servicio,enadis
discriminacion,Le negaron atención médica o medicamentos,2022,Hombres,Sin discapacidad,México,60+,99559.0,822918.0,205.0,,ENADIS (INEGI),Personas de 18 años o más que solicitaron el servicio,enadis
discriminacion,Le negaron atención médica o medicamentos,2022,Hombres,Sin discapacidad,Nayarit,60+,5373.0,70827.0,215.0,,ENADIS (INEGI),Personas de 18 años o más que solicitaron el servicio,enadis
discriminacion,Le negaron atención médica o medicamentos,2022,Hombres,Sin discapacidad,Nuevo León,60+,10964.0,285365.0,163.0,,ENADIS (INEGI),Personas de 18 años o más que solicitaron el servicio,enadis
discriminacion,Le negaron atención médica o medicamentos,2022,Hombres,Sin discapacidad,Oaxaca,60+,17182.0,190505.0,186.0,,ENADIS (INEGI),Personas de 18 años o más que solicitaron el servicio,enadis
discriminacion,Le negaron atención médica o medicamentos,2022,Hombres,Sin discapacidad,Puebla,60+,32331.0,268419.0,138.0,,ENADIS (INEGI),Personas de 18 años o más que solicitaron el servicio,enadis
discriminacion,Le negaron atención médica o medicamentos,2022,Hombres,Sin discapacidad,Querétaro,60+,12561.0,116212.0,152.0,,ENADIS (INEGI),Personas de 18 años o más que solicitaron el servicio,enadis
discriminacion,Le negaron atención médica o medicamentos,2022,Hombres,Sin discapacidad,Quintana Roo,60+,5265.0,62797.0,130.0,,ENADIS (INEGI),Personas de 18 años o más que solicitaron el servicio,enadis
discriminacion,Le negaron atención médica o medicamentos,2022,Hombres,Sin discapacidad,San Luis Potosí,60+,13297.0,139572.0,170.0,,ENADIS (INEGI),Personas de 18 años o más que solicitaron el servicio,enadis
discriminacion,Le negaron atención médica o medicamentos,2022,Hombres,Sin discapacidad,Sinaloa,60+,6225.0,167784.0,220.0,,ENADIS (INEGI),Personas de 18 años o más que solicitaron el servicio,enadis
discriminacion,Le negaron atención médica o medicamentos,2022,Hombres,Sin discapacidad,Sonora,60+,12853.0,147034.0,194.0,,ENADIS (INEGI),Personas de 18 años o más que solicitaron el servicio,enadis
discriminacion,Le negaron atención médica o medicamentos,2022,Hombres,Sin discapacidad,Tabasco,60+,19946.0,96844.0,156.0,,ENADIS (INEGI),Personas de 18 años o más que solicitaron el servicio,enadis
discriminacion,Le negaron atención médica o medicamentos,2022,Hombres,Sin discapacidad,Tamaulipas,60+,13172.0,173956.0,154.0,,ENADIS (INEGI),Personas de 18 años o más que solicitaron el servicio,enadis
discriminacion,Le negaron atención médica o medicamentos,2022,Hombres,Sin discapacidad,Tlaxcala,60+,7495.0,55647.0,166.0,,ENADIS (INEGI),Personas de 18 años o más que solicitaron el servicio,enadis
discriminacion,Le negaron atención médica o medicamentos,2022,Hombres,Sin discapacidad,Veracruz,60+,34992.0,388689.0,179.0,,ENADIS (INEGI),Personas de 18 años o más que solicitaron el servicio,enadis
discriminacion,Le negaron atención médica o medicamentos,2022,Hombres,Sin discapacidad,Yucatán,60+,11173.0,110385.0,172.0,,ENADIS (INEGI),Personas de 18 años o más que solicitaron el servicio,enadis
discriminacion,Le negaron atención médica o medicamentos,2022,Hombres,Sin discapacidad,Zacatecas,60+,5490.0,69097.0,163.0,,ENADIS (INEGI),Personas de 18 años o más que solicitaron el servicio,enadis
discriminacion,Le negaron atención médica o medicamentos,2022,Mujeres,Con discapacidad,Aguascalientes,60+,2064.0,13351.0,35.0,,ENADIS (INEGI),Personas de 18 años o más que solicitaron el servicio,enadis
discriminacion,Le negaron atención médica o medicamentos,2022,Mujeres,Con discapacidad,Baja California,60+,2358.0,35271.0,30.0,,ENADIS (INEGI),Personas de 18 años o más que solicitaron el servicio,enadis
discriminacion,Le negaron atención médica o medicamentos,2022,Mujeres,Con discapacidad,Baja California Sur,60+,1203.0,6621.0,32.0,,ENADIS (INEGI),Personas de 18 años o más que solicitaron el servicio,enadis
discriminacion,Le negaron atención médica o medicamentos,2022,Mujeres,Con discapacidad,Campeche,60+,2152.0,15135.0,67.0,,ENADIS (INEGI),Personas de 18 años o más que solicitaron el servicio,enadis
discriminacion,Le negaron atención médica o medicamentos,2022,Mujeres,Con discapacidad,Chiapas,60+,5191.0,45591.0,45.0,,ENADIS (INEGI),Personas de 18 años o más que solicitaron el servicio,enadis
discriminacion,Le negaron atención médica o medicamentos,2022,Mujeres,Con discapacidad,Chihuahua,60+,2179.0,40457.0,38.0,,ENADIS (INEGI),Personas de 18 años o más que solicitaron el servicio,enadis
discriminacion,Le negaron atención médica o medicamentos,2022,Mujeres,Con discapacidad,Ciudad de México,60+,13492.0,162428.0,54.0,,ENADIS (INEGI),Personas de 18 años o más que solicitaron el servicio,enadis
discriminacion,Le negaron atención médica o medicamentos,2022,Mujeres,Con discapacidad,Coahuila,60+,2324.0,21377.0,26.0,,ENADIS (INEGI),Personas de 18 años o más que solicitaron el servicio,enadis
discriminacion,Le negaron atención médica o medicamentos,2022,Mujeres,Con discapacidad,Colima,60+,254.0,7904.0,34.0,,ENADIS (INEGI),Personas de 18 años o más que solicitaron el servicio,enadis
discriminacion,Le negaron atención médica o medicamentos,2022,Mujeres,Con discapacidad,Durango,60+,1672.0,24862.0,59.0,,ENADIS (INEGI),Personas de 18 años o más que solicitaron el servicio,enadis
discriminacion,Le negaron atención médica o medicamentos,2022,Mujeres,Con discapacidad,Guanajuato,60+,9972.0,68495.0,44.0,,ENADIS (INEGI),Personas de 18 años o más que solicitaron el servicio,enadis
discriminacion,Le negaron atención médica o medicamentos,2022,Mujeres,Con discapacidad,Guerrero,60+,6575.0,38502.0,48.0,,ENADIS (INEGI),Personas de 18 años o más que solicitaron el servicio,enadis
discriminacion,Le negaron atención médica o medicamentos,2022,Mujeres,Con discapacidad,Hidalgo,60+,4403.0,35577.0,43.0,,ENADIS (INEGI),Personas de 18 años o más que solicitaron el servicio,enadis
discriminacion,Le negaron atención médica o medicamentos,2022,Mujeres,Con discapacidad,Jalisco,60+,4762.0,71277.0,33.0,,ENADIS (INEGI),Personas de 18 años o más que solicitaron el servicio,enadis
discriminacion,Le negaron atención médica o medicamentos,2022,Mujeres,Con discapacidad,Michoacán,60+,1650.0,49005.0,36.0,,ENADIS (INEGI),Personas de 18 años o más que solicitaron el servicio,enadis
discriminacion,Le negaron atención médica o medicamentos,2022,Mujeres,Con discapacidad,Morelos,60+,4456.0,21427.0,41.0,,ENADIS (INEGI),Personas de 18 años o más que solicitaron el servicio,enadis
discriminacion,Le negaron atención médica o medicamentos,2022,Mujeres,Con discapacidad,México,60+,14640.0,127976.0,31.0,,ENADIS (INEGI),Personas de 18 años o más que solicitaron el servicio,enadis
discriminacion,Le negaron atención médica o medicamentos,2022,Mujeres,Con discapacidad,Nayarit,60+,1386.0,11437.0,35.0,,ENADIS (INEGI),Personas de 18 años o más que solicitaron el servicio,enadis
discriminacion,Le negaron atención médica o medicamentos,2022,Mujeres,Con discapacidad,Nuevo León,60+,9167.0,47560.0,27.0,,ENADIS (INEGI),Personas de 18 años o más que solicitaron el servicio,enadis
discriminacion,Le negaron atención médica o medicamentos,2022,Mujeres,Con discapacidad,Oaxaca,60+,3193.0,51858.0,47.0,,ENADIS (INEGI),Personas de 18 años o más que solicitaron el servicio,enadis
discriminacion,Le negaron atención médica o medicamentos,2022,Mujeres,Con discapacidad,Puebla,60+,6667.0,54739.0,29.0,,ENADIS (INEGI),Personas de 18 años o más que solicitaron el servicio,enadis
discriminacion,Le negaron atención médica o medicamentos,2022,Mujeres,Con discapacidad,Querétaro,60+,5014.0,28967.0,43.0,,ENADIS (INEGI),Personas de 18 años o más que solicitaron el servicio,enadis
discriminacion,Le negaron atención médica o medicamentos,2022,Mujeres,Con discapacidad,Quintana Roo,60+,1995.0,10756.0,24.0,,ENADIS (INEGI),Personas de 18 años o más que solicitaron el servicio,enadis
discriminacion,Le negaron atención médica o medicamentos,2022,Mujeres,Con discapacidad,San Luis Potosí,60+,7330.0,35365.0,44.0,,ENADIS (INEGI),Personas de 18 años o más que solicitaron el servicio,enadis
discriminacion,Le negaron atención médica o medicamentos,2022,Mujeres,Con discapacidad,Sinaloa,60+,4043.0,38809.0,53.0,,ENADIS (INEGI),Personas de 18 años o más que solicitaron el servicio,enadis
discriminacion,Le negaron atención médica o medicamentos,2022,Mujeres,Con discapacidad,Sonora,60+,5074.0,32633.0,45.0,,ENADIS (INEGI),Personas de 18 años o más que solicitaron el servicio,enadis
discriminacion,Le negaron atención médica o medicamentos,2022,Mujeres,Con discapacidad,Tabasco,60+,3103.0,32535.0,53.0,,ENADIS (INEGI),Personas de 18 años o más que solicitaron el servicio,enadis
discriminacion,Le negaron atención médica o medicamentos,2022,Mujeres,Con discapacidad,Tamaulipas,60+,2087.0,38752.0,33.0,,ENADIS (INEGI),Personas de 18 años o más que solicitaron el servicio,enadis
discriminacion,Le negaron atención médica o medicamentos,2022,Mujeres,Con discapacidad,Tlaxcala,60+,815.0,11279.0,34.0,,ENADIS (INEGI),Personas de 18 años o más que solicitaron el servicio,enadis
discriminacion,Le negaron atención médica o medicamentos,2022,Mujeres,Con discapacidad,Veracruz,60+,10878.0,156413.0,68.0,,ENADIS (INEGI),Personas de 18 años o más que solicitaron el servicio,enadis
discriminacion,Le negaron atención médica o medicamentos,2022,Mujeres,Con discapacidad,Yucatán,60+,4166.0,34421.0,57.0,,ENADIS (INEGI),Personas de 18 años o más que solicitaron el servicio,enadis
discriminacion,Le negaron atención médica o medicamentos,2022,Mujeres,Con discapacidad,Zacatecas,60+,2106.0,21005.0,50.0,,ENADIS (INEGI),Personas de 18 años o más que solicitaron el servicio,enadis
discriminacion,Le negaron atención médica o medicamentos,2022,Mujeres,Sin discapacidad,Aguascalientes,60+,5148.0,70374.0,189.0,,ENADIS (INEGI),Personas de 18 años o más que solicitaron el servicio,enadis
discriminacion,Le negaron atención médica o medicamentos,2022,Mujeres,Sin discapacidad,Baja California,60+,6653.0,190473.0,158.0,,ENADIS (INEGI),Personas de 18 años o más que solicitaron el servicio,enadis
discriminacion,Le negaron atención médica o medicamentos,2022,Mujeres,Sin discapacidad,Baja California Sur,60+,1140.0,33622.0,150.0,,ENADIS (INEGI),Personas de 18 años o más que solicitaron el servicio,enadis
discriminacion,Le negaron atención médica o medicamentos,2022,Mujeres,Sin discapacidad,Campeche,60+,3329.0,37466.0,164.0,,ENADIS (INEGI),Personas de 18 años o más que solicitaron el servicio,enadis
discriminacion,Le negaron atención médica o medicamentos,2022,Mujeres,Sin discapacidad,Chiapas,60+,17955.0,207552.0,191.0,,ENADIS (INEGI),Personas de 18 años o más que solicitaron el servicio,enadis
discriminacion,Le negaron atención médica o medicamentos,2022,Mujeres,Sin discapacidad,Chihuahua,60+,16786.0,190192.0,166.0,,ENADIS (INEGI),Personas de 18 años o más que solicitaron el servicio,enadis
discriminacion,Le negaron atención médica o medicamentos,2022,Mujeres,Sin discapacidad,Ciudad de México,60+,60018.0,826935.0,278.0,,ENADIS (INEGI),Personas de 18 años o más que solicitaron el servicio,enadis
discriminacion,Le negaron atención médica o medicamentos,2022,Mujeres,Sin discapacidad,Coahuila,60+,7850.0,174732.0,205.0,,ENADIS (INEGI),Personas de 18 años o más que solicitaron el servicio,enadis
discriminacion,Le negaron atención médica o medicamentos,2022,Mujeres,Sin discapacidad,Colima,60+,2630.0,43728.0,192.0,,ENADIS (INEGI),Personas de 18 años o más que solicitaron el servicio,enadis
discriminacion,Le negaron atención médica o medicamentos,2022,Mujeres,Sin discapacidad,Durango,60+,8350.0,75260.0,178.0,,ENADIS (INEGI),Personas de 18 años o más que solicitaron el servicio,enadis
discriminacion,Le negaron atención médica o medicamentos,2022,Mujeres,Sin discapacidad,Guanajuato,60+,34749.0,362134.0,214.0,,ENADIS (INEGI),Personas de 18 años o más que solicitaron el servicio,enadis
discriminacion,Le negaron atención médica o medicamentos,2022,Mujeres,Sin discapacidad,Guerrero,60+,11277.0,167337.0,209.0,,ENADIS (INEGI),Personas de 18 años o más que solicitaron el servicio,enadis
discriminacion,Le negaron atención médica o medicamentos,2022,Mujeres,Sin discapacidad,Hidalgo,60+,19152.0,182174.0,223.0,,ENADIS (INEGI),Personas de 18 años o más que solicitaron el servicio,enadis
discriminacion,Le negaron atención médica o medicamentos,2022,Mujeres,Sin discapacidad,Jalisco,60+,55635.0,496521.0,215.0,,ENADIS (INEGI),Personas de 18 años o más que solicitaron el servicio,enadis
discriminacion,Le negaron atención médica o medicamentos,2022,Mujeres,Sin discapacidad,Michoacán,60+,31391.0,298427.0,231.0,,ENADIS (INEGI),Personas de 18 años o más que solicitaron el servicio,enadis
discriminacion,Le negaron atención médica o medicamentos,2022,Mujeres,Sin discapacidad,Morelos,60+,17267.0,131413.0,238.0,,ENADIS (INEGI),Personas de 18 años o más que solicitaron el servicio,enadis
discriminacion,Le negaron atención médica o medicamentos,2022,Mujeres,Sin discapacidad,México,60+,121325.0,1059669.0,264.0,,ENADIS (INEGI),Personas de 18 años o más que solicitaron el servicio,enadis
discriminacion,Le negaron atención médica o medicamentos,2022,Mujeres,Sin discapacidad,Nayarit,60+,4777.0,81582.0,255.0,,ENADIS (INEGI),Personas de 18 años o más que solicitaron el servicio,enadis
discriminacion,Le negaron atención médica o medicamentos,2022,Mujeres,Sin discapacidad,Nuevo León,60+,20217.0,381299.0,217.0,,ENADIS (INEGI),Personas de 18 años o más que solicitaron el servicio,enadis
discriminacion,Le negaron atención médica o medicamentos,2022,Mujeres,Sin discapacidad,Oaxaca,60+,14158.0,221552.0,219.0,,ENADIS (INEGI),Personas de 18 años o más que solicitaron el servicio,enadis
discriminacion,Le negaron atención médica o medicamentos,2022,Mujeres,Sin discapacidad,Puebla,60+,25095.0,330922.0,180.0,,ENADIS (INEGI),Personas de 18 años o más que solicitaron el servicio,enadis
discriminacion,Le negaron atención médica o medicamentos,2022,Mujeres,Sin discapacidad,Querétaro,60+,10891.0,139702.0,194.0,,ENADIS (INEGI),Personas de 18 años o más que solicitaron el servicio,enadis
discriminacion,Le negaron atención médica o medicamentos,2022,Mujeres,Sin discapacidad,Quintana Roo,60+,2834.0,68154.0,139.0,,ENADIS (INEGI),Personas de 18 años o más que solicitaron el servicio,enadis
discriminacion,Le negaron atención médica o medicamentos,2022,Mujeres,Sin discapacidad,San Luis Potosí,60+,14074.0,169050.0,212.0,,ENADIS (INEGI),Personas de 18 años o más que solicitaron el servicio,enadis
discriminacion,Le negaron atención médica o medicamentos,2022,Mujeres,Sin discapacidad,Sinaloa,60+,2434.0,199142.0,266.0,,ENADIS (INEGI),Personas de 18 años o más que solicitaron el servicio,enadis
discriminacion,Le negaron atención médica o medicamentos,2022,Mujeres,Sin discapacidad,Sonora,60+,12904.0,156915.0,202.0,,ENADIS (INEGI),Personas de 18 años o más que solicitaron el servicio,enadis
discriminacion,Le negaron atención médica o medicamentos,2022,Mujeres,Sin discapacidad,Tabasco,60+,13112.0,110587.0,179.0,,ENADIS (INEGI),Personas de 18 años o más que solicitaron el servicio,enadis
discriminacion,Le negaron atención médica o medicamentos,2022,Mujeres,Sin discapacidad,Tamaulipas,60+,7584.0,213409.0,188.0,,ENADIS (INEGI),Personas de 18 años o más que solicitaron el servicio,enadis
discriminacion,Le negaron atención médica o medicamentos,2022,Mujeres,Sin discapacidad,Tlaxcala,60+,7747.0,73396.0,222.0,,ENADIS (INEGI),Personas de 18 años o más que solicitaron el servicio,enadis
discriminacion,Le negaron atención médica o medicamentos,2022,Mujeres,Sin discapacidad,Veracruz,60+,39059.0,498026.0,224.0,,ENADIS (INEGI),Personas de 18 años o más que solicitaron el servicio,enadis
discriminacion,Le negaron atención médica o medicamentos,2022,Mujeres,Sin discapacidad,Yucatán,60+,9223.0,118518.0,190.0,,ENADIS (INEGI),Personas de 18 años o más que solicitaron el servicio,enadis
discriminacion,Le negaron atención médica o medicamentos,2022,Mujeres,Sin discapacidad,Zacatecas,60+,4599.0,91323.0,214.0,,ENADIS (INEGI),Personas de 18 años o más que solicitaron el servicio,enadis
discriminacion,Le negaron apoyos de programas sociales,2022,Hombres,Con discapacidad,Aguascalientes,60+,1153.0,12733.0,36.0,,ENADIS (INEGI),Personas de 18 años o más que solicitaron el apoyo,enadis
discriminacion,Le negaron apoyos de programas sociales,2022,Hombres,Con discapacidad,Baja California,60+,1106.0,18701.0,15.0,,ENADIS (INEGI),Personas de 18 años o más que solicitaron el apoyo,enadis
discriminacion,Le negaron apoyos de programas sociales,2022,Hombres,Con discapacidad,Baja California Sur,60+,170.0,4186.0,18.0,,ENADIS (INEGI),Personas de 18 años o más que solicitaron el apoyo,enadis
discriminacion,Le negaron apoyos de programas sociales,2022,Hombres,Con discapacidad,Campeche,60+,1010.0,7362.0,32.0,,ENADIS (INEGI),Personas de 18 años o más que solicitaron el apoyo,enadis
discriminacion,Le negaron apoyos de programas sociales,2022,Hombres,Con discapacidad,Chiapas,60+,2014.0,30896.0,27.0,,ENADIS (INEGI),Personas de 18 años o más que solicitaron el apoyo,enadis
discriminacion,Le negaron apoyos de programas sociales,2022,Hombres,Con discapacidad,Chihuahua,60+,0.0,31971.0,31.0,,ENADIS (INEGI),Personas de 18 años o más que solicitaron el apoyo,enadis
discriminacion,Le negaron apoyos de programas sociales,2022,Hombres,Con discapacidad,Ciudad de México,60+,5219.0,47557.0,16.0,,ENADIS (INEGI),Personas de 18 años o más que solicitaron el apoyo,enadis
discriminacion,Le negaron apoyos de programas sociales,2022,Hombres,Con discapacidad,Coahuila,60+,2433.0,19811.0,23.0,,ENADIS (INEGI),Personas de 18 años o más que solicitaron el apoyo,enadis
discriminacion,Le negaron apoyos de programas sociales,2022,Hombres,Con discapacidad,Colima,60+,798.0,3396.0,14.0,,ENADIS (INEGI),Personas de 18 años o más que solicitaron el apoyo,enadis
discriminacion,Le negaron apoyos de programas sociales,2022,Hombres,Con discapacidad,Durango,60+,1207.0,11699.0,30.0,,ENADIS (INEGI),Personas de 18 años o más que solicitaron el apoyo,enadis
discriminacion,Le negaron apoyos de programas sociales,2022,Hombres,Con discapacidad,Guanajuato,60+,1872.0,25097.0,16.0,,ENADIS (INEGI),Personas de 18 años o más que solicitaron el apoyo,enadis
discriminacion,Le negaron apoyos de programas sociales,2022,Hombres,Con discapacidad,Guerrero,60+,4154.0,23274.0,27.0,,ENADIS (INEGI),Personas de 18 años o más que solicitaron el apoyo,enadis
discriminacion,Le negaron apoyos de programas sociales,2022,Hombres,Con discapacidad,Hidalgo,60+,1623.0,24295.0,30.0,,ENADIS (INEGI),Personas de 18 años o más que solicitaron el apoyo,enadis
discriminacion,Le negaron apoyos de programas sociales,2022,Hombres,Con discapacidad,Jalisco,60+,2014.0,39673.0,18.0,,ENADIS (INEGI),Personas de 18 años o más que solicitaron el apoyo,enadis
discriminacion,Le negaron apoyos de programas sociales,2022,Hombres,Con discapacidad,Michoacán,60+,0.0,29912.0,22.0,,ENADIS (INEGI),Personas de 18 años o más que solicitaron el apoyo,enadis
discriminacion,Le negaron apoyos de programas sociales,2022,Hombres,Con discapacidad,Morelos,60+,1628.0,13255.0,22.0,,ENADIS (INEGI),Personas de 18 años o más que solicitaron el apoyo,enadis
discriminacion,Le negaron apoyos de programas sociales,2022,Hombres,Con discapacidad,México,60+,3365.0,90233.0,24.0,,ENADIS (INEGI),Personas de 18 años o más que solicitaron el apoyo,enadis
discriminacion,Le negaron apoyos de programas sociales,2022,Hombres,Con discapacidad,Nayarit,60+,286.0,9198.0,28.0,,ENADIS (INEGI),Personas de 18 años o más que solicitaron el apoyo,enadis
discriminacion,Le negaron apoyos de programas sociales,2022,Hombres,Con discapacidad,Nuevo León,60+,2773.0,42961.0,26.0,,ENADIS (INEGI),Personas de 18 años o más que solicitaron el apoyo,enadis
discriminacion,Le negaron apoyos de programas sociales,2022,Hombres,Con discapacidad,Oaxaca,60+,7168.0,34122.0,31.0,,ENADIS (INEGI),Personas de 18 años o más que solicitaron el apoyo,enadis
discriminacion,Le negaron apoyos de programas sociales,2022,Hombres,Con discapacidad,Puebla,60+,8724.0,56634.0,28.0,,ENADIS (INEGI),Personas de 18 años o más que solicitaron el apoyo,enadis
discriminacion,Le negaron apoyos de programas sociales,2022,Hombres,Con discapacidad,Querétaro,60+,702.0,18234.0,25.0,,ENADIS (INEGI),Personas de 18 años o más que solicitaron el apoyo,enadis
discriminacion,Le negaron apoyos de programas sociales,2022,Hombres,Con discapacidad,Quintana Roo,60+,1198.0,11746.0,21.0,,ENADIS (INEGI),Personas de 18 años o más que solicitaron el apoyo,enadis
discriminacion,Le negaron apoyos de programas sociales,2022,Hombres,Con discapacidad,San Luis Potosí,60+,368.0,10795.0,15.0,,ENADIS (INEGI),Personas de 18 años o más que solicitaron el apoyo,enadis
discriminacion,Le negaron apoyos de programas sociales,2022,Hombres,Con discapacidad,Sinaloa,60+,1198.0,26964.0,39.0,,ENADIS (INEGI),Personas de 18 años o más que solicitaron el apoyo,enadis
discriminacion,Le negaron apoyos de programas sociales,2022,Hombres,Con discapacidad,Sonora,60+,1553.0,17238.0,22.0,,ENADIS (INEGI),Personas de 18 años o más que solicitaron el apoyo,enadis
discriminacion,Le negaron apoyos de programas sociales,2022,Hombres,Con discapacidad,Tabasco,60+,1856.0,16669.0,25.0,,ENADIS (INEGI),Personas de 18 años o más que solicitaron el apoyo,enadis
discriminacion,Le negaron apoyos de programas sociales,2022,Hombres,Con discapacidad,Tamaulipas,60+,2502.0,37467.0,32.0,,ENADIS (INEGI),Personas de 18 años o más que solicitaron el apoyo,enadis
discriminacion,Le negaron apoyos de programas sociales,2022,Hombres,Con discapacidad,Tlaxcala,60+,0.0,7120.0,22.0,,ENADIS (INEGI),Personas de 18 años o más que solicitaron el apoyo,enadis
discriminacion,Le negaron apoyos de programas sociales,2022,Hombres,Con discapacidad,Veracruz,60+,13287.0,62138.0,28.0,,ENADIS (INEGI),Personas de 18 años o más que solicitaron el apoyo,enadis
discriminacion,Le negaron apoyos de programas sociales,2022,Hombres,Con discapacidad,Yucatán,60+,3030.0,20519.0,33.0,,ENADIS (INEGI),Personas de 18 años o más que solicitaron el apoyo,enadis
discriminacion,Le negaron apoyos de programas sociales,2022,Hombres,Con discapacidad,Zacatecas,60+,1019.0,17876.0,39.0,,ENADIS (INEGI),Personas de 18 años o más que solicitaron el apoyo,enadis
discriminacion,Le negaron apoyos de programas sociales,2022,Hombres,Sin discapacidad,Aguascalientes,60+,3538.0,67279.0,177.0,,ENADIS (INEGI),Personas de 18 años o más que solicitaron el apoyo,enadis
discriminacion,Le negaron apoyos de programas sociales,2022,Hombres,Sin discapacidad,Baja California,60+,11368.0,159999.0,134.0,,ENADIS (INEGI),Personas de 18 años o más que solicitaron el apoyo,enadis
discriminacion,Le negaron apoyos de programas sociales,2022,Hombres,Sin discapacidad,Baja California Sur,60+,1055.0,26367.0,120.0,,ENADIS (INEGI),Personas de 18 años o más que solicitaron el apoyo,enadis
discriminacion,Le negaron apoyos de programas sociales,2022,Hombres,Sin discapacidad,Campeche,60+,481.0,27282.0,120.0,,ENADIS (INEGI),Personas de 18 años o más que solicitaron el apoyo,enadis
discriminacion,Le negaron apoyos de programas sociales,2022,Hombres,Sin discapacidad,Chiapas,60+,15524.0,172612.0,157.0,,ENADIS (INEGI),Personas de 18 años o más que solicitaron el apoyo,enadis
discriminacion,Le negaron apoyos de programas sociales,2022,Hombres,Sin discapacidad,Chihuahua,60+,3885.0,149510.0,129.0,,ENADIS (INEGI),Personas de 18 años o más que solicitaron el apoyo,enadis
discriminacion,Le negaron apoyos de programas sociales,2022,Hombres,Sin discapacidad,Ciudad de México,60+,45952.0,515233.0,171.0,,ENADIS (INEGI),Personas de 18 años o más que solicitaron el apoyo,enadis
discriminacion,Le negaron apoyos de programas sociales,2022,Hombres,Sin discapacidad,Coahuila,60+,9108.0,141452.0,165.0,,ENADIS (INEGI),Personas de 18 años o más que solicitaron el apoyo,enadis
discriminacion,Le negaron apoyos de programas sociales,2022,Hombres,Sin discapacidad,Colima,60+,1775.0,28481.0,126.0,,ENADIS (INEGI),Personas de 18 años o más que solicitaron el apoyo,enadis
discriminacion,Le negaron apoyos de programas sociales,2022,Hombres,Sin discapacidad,Durango,60+,3146.0,50365.0,115.0,,ENADIS (INEGI),Personas de 18 años o más que solicitaron el apoyo,enadis
discriminacion,Le negaron apoyos de programas sociales,2022,Hombres,Sin discapacidad,Guanajuato,60+,19423.0,288717.0,163.0,,ENADIS (INEGI),Personas de 18 años o más que solicitaron el apoyo,enadis
discriminacion,Le negaron apoyos de programas sociales,2022,Hombres,Sin discapacidad,Guerrero,60+,13312.0,126769.0,150.0,,ENADIS (INEGI),Personas de 18 años o más que solicitaron el apoyo,enadis
discriminacion,Le negaron apoyos de programas sociales,2022,Hombres,Sin discapacidad,Hidalgo,60+,10136.0,147175.0,178.0,,ENADIS (INEGI),Personas de 18 años o más que solicitaron el apoyo,enadis
discriminacion,Le negaron apoyos de programas sociales,2022,Hombres,Sin discapacidad,Jalisco,60+,17495.0,347700.0,151.0,,ENADIS (INEGI),Personas de 18 años o más que solicitaron el apoyo,enadis
discriminacion,Le negaron apoyos de programas sociales,2022,Hombres,Sin discapacidad,Michoacán,60+,17789.0,218331.0,170.0,,ENADIS (INEGI),Personas de 18 años o más que solicitaron el apoyo,enadis
discriminacion,Le negaron apoyos de programas sociales,2022,Hombres,Sin discapacidad,Morelos,60+,8504.0,99370.0,177.0,,ENADIS (INEGI),Personas de 18 años o más que solicitaron el apoyo,enadis
discriminacion,Le negaron apoyos de programas sociales,2022,Hombres,Sin discapacidad,México,60+,66942.0,814065.0,203.0,,ENADIS (INEGI),Personas de 18 años o más que solicitaron el apoyo,enadis
discriminacion,Le negaron apoyos de programas sociales,2022,Hombres,Sin discapacidad,Nayarit,60+,4622.0,67953.0,208.0,,ENADIS (INEGI),Personas de 18 años o más que solicitaron el apoyo,enadis
discriminacion,Le negaron apoyos de programas sociales,2022,Hombres,Sin discapacidad,Nuevo León,60+,16063.0,269883.0,154.0,,ENADIS (INEGI),Personas de 18 años o más que solicitaron el apoyo,enadis
discriminacion,Le negaron apoyos de programas sociales,2022,Hombres,Sin discapacidad,Oaxaca,60+,18897.0,160848.0,156.0,,ENADIS (INEGI),Personas de 18 años o más que solicitaron el apoyo,enadis
discriminacion,Le negaron apoyos de programas sociales,2022,Hombres,Sin discapacidad,Puebla,60+,30574.0,256313.0,133.0,,ENADIS (INEGI),Personas de 18 años o más que solicitaron el apoyo,enadis
discriminacion,Le negaron apoyos de programas sociales,2022,Hombres,Sin discapacidad,Querétaro,60+,7556.0,99877.0,132.0,,ENADIS (INEGI),Personas de 18 años o más que solicitaron el apoyo,enadis
discriminacion,Le negaron apoyos de programas sociales,2022,Hombres,Sin discapacidad,Quintana Roo,60+,3001.0,59849.0,122.0,,ENADIS (INEGI),Personas de 18 años o más que solicitaron el apoyo,enadis
discriminacion,Le negaron apoyos de programas sociales,2022,Hombres,Sin discapacidad,San Luis Potosí,60+,8667.0,99897.0,120.0,,ENADIS (INEGI),Personas de 18 años o más que solicitaron el apoyo,enadis
discriminacion,Le negaron apoyos de programas sociales,2022,Hombres,Sin discapacidad,Sinaloa,60+,5408.0,158167.0,208.0,,ENADIS (INEGI),Personas de 18 años o más que solicitaron el apoyo,enadis
discriminacion,Le negaron apoyos de programas sociales,2022,Hombres,Sin discapacidad,Sonora,60+,11444.0,142939.0,189.0,,ENADIS (INEGI),Personas de 18 años o más que solicitaron el apoyo,enadis
discriminacion,Le negaron apoyos de programas sociales,2022,Hombres,Sin discapacidad,Tabasco,60+,8103.0,71877.0,119.0,,ENADIS (INEGI),Personas de 18 años o más que solicitaron el apoyo,enadis
discriminacion,Le negaron apoyos de programas sociales,2022,Hombres,Sin discapacidad,Tamaulipas,60+,9080.0,159857.0,141.0,,ENADIS (INEGI),Personas de 18 años o más que solicitaron el apoyo,enadis
discriminacion,Le negaron apoyos de programas sociales,2022,Hombres,Sin discapacidad,Tlaxcala,60+,7832.0,50724.0,152.0,,ENADIS (INEGI),Personas de 18 años o más que solicitaron el apoyo,enadis
discriminacion,Le negaron apoyos de programas sociales,2022,Hombres,Sin discapacidad,Veracruz,60+,29012.0,349284.0,161.0,,ENADIS (INEGI),Personas de 18 años o más que solicitaron el apoyo,enadis
discriminacion,Le negaron apoyos de programas sociales,2022,Hombres,Sin discapacidad,Yucatán,60+,5404.0,87451.0,135.0,,ENADIS (INEGI),Personas de 18 años o más que solicitaron el apoyo,enadis
discriminacion,Le negaron apoyos de programas sociales,2022,Hombres,Sin discapacidad,Zacatecas,60+,4622.0,67617.0,160.0,,ENADIS (INEGI),Personas de 18 años o más que solicitaron el apoyo,enadis
discriminacion,Le negaron apoyos de programas sociales,2022,Mujeres,Con discapacidad,Aguascalientes,60+,391.0,12684.0,33.0,,ENADIS (INEGI),Personas de 18 años o más que solicitaron el apoyo,enadis
discriminacion,Le negaron apoyos de programas sociales,2022,Mujeres,Con discapacidad,Baja California,60+,4205.0,31782.0,27.0,,ENADIS (INEGI),Personas de 18 años o más que solicitaron el apoyo,enadis
discriminacion,Le negaron apoyos de programas sociales,2022,Mujeres,Con discapacidad,Baja California Sur,60+,158.0,4096.0,20.0,,ENADIS (INEGI),Personas de 18 años o más que solicitaron el apoyo,enadis
discriminacion,Le negaron apoyos de programas sociales,2022,Mujeres,Con discapacidad,Campeche,60+,1056.0,8374.0,37.0,,ENADIS (INEGI),Personas de 18 años o más que solicitaron el apoyo,enadis
discriminacion,Le negaron apoyos de programas sociales,2022,Mujeres,Con discapacidad,Chiapas,60+,0.0,33186.0,33.0,,ENADIS (INEGI),Personas de 18 años o más que solicitaron el apoyo,enadis
discriminacion,Le negaron apoyos de programas sociales,2022,Mujeres,Con discapacidad,Chihuahua,60+,0.0,25460.0,24.0,,ENADIS (INEGI),Personas de 18 años o más que solicitaron el apoyo,enadis
discriminacion,Le negaron apoyos de programas sociales,2022,Mujeres,Con discapacidad,Ciudad de México,60+,5937.0,118068.0,39.0,,ENADIS (INEGI),Personas de 18 años o más que solicitaron el apoyo,enadis
discriminacion,Le negaron apoyos de programas sociales,2022,Mujeres,Con discapacidad,Coahuila,60+,0.0,17196.0,21.0,,ENADIS (INEGI),Personas de 18 años o más que solicitaron el apoyo,enadis
discriminacion,Le negaron apoyos de programas sociales,2022,Mujeres,Con discapacidad,Colima,60+,313.0,4264.0,18.0,,ENADIS (INEGI),Personas de 18 años o más que solicitaron el apoyo,enadis
discriminacion,Le negaron apoyos de programas sociales,2022,Mujeres,Con discapacidad,Durango,60+,839.0,12771.0,32.0,,ENADIS (INEGI),Personas de 18 años o más que solicitaron el apoyo,enadis
discriminacion,Le negaron apoyos de programas sociales,2022,Mujeres,Con discapacidad,Guanajuato,60+,10715.0,46320.0,30.0,,ENADIS (INEGI),Personas de 18 años o más que solicitaron el apoyo,enadis
discriminacion,Le negaron apoyos de programas sociales,2022,Mujeres,Con discapacidad,Guerrero,60+,1688.0,21072.0,26.0,,ENADIS (INEGI),Personas de 18 años o más que solicitaron el apoyo,enadis
discriminacion,Le negaron apoyos de programas sociales,2022,Mujeres,Con discapacidad,Hidalgo,60+,719.0,31799.0,38.0,,ENADIS (INEGI),Personas de 18 años o más que solicitaron el apoyo,enadis
discriminacion,Le negaron apoyos de programas sociales,2022,Mujeres,Con discapacidad,Jalisco,60+,0.0,46287.0,21.0,,ENADIS (INEGI),Personas de 18 años o más que solicitaron el apoyo,enadis
discriminacion,Le negaron apoyos de programas sociales,2022,Mujeres,Con discapacidad,Michoacán,60+,7147.0,41377.0,30.0,,ENADIS (INEGI),Personas de 18 años o más que solicitaron el apoyo,enadis
discriminacion,Le negaron apoyos de programas sociales,2022,Mujeres,Con discapacidad,Morelos,60+,1710.0,19839.0,37.0,,ENADIS (INEGI),Personas de 18 años o más que solicitaron el apoyo,enadis
discriminacion,Le negaron apoyos de programas sociales,2022,Mujeres,Con discapacidad,México,60+,0.0,127976.0,31.0,,ENADIS (INEGI),Personas de 18 años o más que solicitaron el apoyo,enadis
discriminacion,Le negaron apoyos de programas sociales,2022,Mujeres,Con discapacidad,Nayarit,60+,1103.0,9082.0,28.0,,ENADIS (INEGI),Personas de 18 años o más que solicitaron el apoyo,enadis
discriminacion,Le negaron apoyos de programas sociales,2022,Mujeres,Con discapacidad,Nuevo León,60+,0.0,35504.0,20.0,,ENADIS (INEGI),Personas de 18 años o más que solicitaron el apoyo,enadis
discriminacion,Le negaron apoyos de programas sociales,2022,Mujeres,Con discapacidad,Oaxaca,60+,1124.0,33354.0,31.0,,ENADIS (INEGI),Personas de 18 años o más que solicitaron el apoyo,enadis
discriminacion,Le negaron apoyos de programas sociales,2022,Mujeres,Con discapacidad,Puebla,60+,8741.0,44346.0,23.0,,ENADIS (INEGI),Personas de 18 años o más que solicitaron el apoyo,enadis
discriminacion,Le negaron apoyos de programas sociales,2022,Mujeres,Con discapacidad,Querétaro,60+,1373.0,17293.0,25.0,,ENADIS (INEGI),Personas de 18 años o más que solicitaron el apoyo,enadis
discriminacion,Le negaron apoyos de programas sociales,2022,Mujeres,Con discapacidad,Quintana Roo,60+,477.0,7565.0,17.0,,ENADIS (INEGI),Personas de 18 años o más que solicitaron el apoyo,enadis
discriminacion,Le negaron apoyos de programas sociales,2022,Mujeres,Con discapacidad,San Luis Potosí,60+,0.0,18396.0,22.0,,ENADIS (INEGI),Personas de 18 años o más que solicitaron el apoyo,enadis
discriminacion,Le negaron apoyos de programas sociales,2022,Mujeres,Con discapacidad,Sinaloa,60+,0.0,28261.0,39.0,,ENADIS (INEGI),Personas de 18 años o más que solicitaron el apoyo,enadis
discriminacion,Le negaron apoyos de programas sociales,2022,Mujeres,Con discapacidad,Sonora,60+,0.0,24997.0,35.0,,ENADIS (INEGI),Personas de 18 años o más que solicitaron el apoyo,enadis
discriminacion,Le negaron apoyos de programas sociales,2022,Mujeres,Con discapacidad,Tabasco,60+,2257.0,19089.0,29.0,,ENADIS (INEGI),Personas de 18 años o más que solicitaron el apoyo,enadis
discriminacion,Le negaron apoyos de programas sociales,2022,Mujeres,Con discapacidad,Tamaulipas,60+,0.0,32665.0,28.0,,ENADIS (INEGI),Personas de 18 años o más que solicitaron el apoyo,enadis
discriminacion,Le negaron apoyos de programas sociales,2022,Mujeres,Con discapacidad,Tlaxcala,60+,1046.0,7436.0,22.0,,ENADIS (INEGI),Personas de 18 años o más que solicitaron el apoyo,enadis
discriminacion,Le negaron apoyos de programas sociales,2022,Mujeres,Con discapacidad,Veracruz,60+,11936.0,102031.0,43.0,,ENADIS (INEGI),Personas de 18 años o más que solicitaron el apoyo,enadis
discriminacion,Le negaron apoyos de programas sociales,2022,Mujeres,Con discapacidad,Yucatán,60+,603.0,20099.0,34.0,,ENADIS (INEGI),Personas de 18 años o más que solicitaron el apoyo,enadis
discriminacion,Le negaron apoyos de programas sociales,2022,Mujeres,Con discapacidad,Zacatecas,60+,0.0,16619.0,40.0,,ENADIS (INEGI),Personas de 18 años o más que solicitaron el apoyo,enadis
discriminacion,Le negaron apoyos de programas sociales,2022,Mujeres,Sin discapacidad,Aguascalientes,60+,2557.0,67017.0,180.0,,ENADIS (INEGI),Personas de 18 años o más que solicitaron el apoyo,enadis
discriminacion,Le negaron apoyos de programas sociales,2022,Mujeres,Sin discapacidad,Baja California,60+,5018.0,169701.0,141.0,,ENADIS (INEGI),Personas de 18 años o más que solicitaron el apoyo,enadis
discriminacion,Le negaron apoyos de programas sociales,2022,Mujeres,Sin discapacidad,Baja California Sur,60+,1928.0,28460.0,131.0,,ENADIS (INEGI),Personas de 18 años o más que solicitaron el apoyo,enadis
discriminacion,Le negaron apoyos de programas sociales,2022,Mujeres,Sin discapacidad,Campeche,60+,1234.0,24695.0,109.0,,ENADIS (INEGI),Personas de 18 años o más que solicitaron el apoyo,enadis
discriminacion,Le negaron apoyos de programas sociales,2022,Mujeres,Sin discapacidad,Chiapas,60+,4153.0,150261.0,141.0,,ENADIS (INEGI),Personas de 18 años o más que solicitaron el apoyo,enadis
discriminacion,Le negaron apoyos de programas sociales,2022,Mujeres,Sin discapacidad,Chihuahua,60+,5344.0,164363.0,143.0,,ENADIS (INEGI),Personas de 18 años o más que solicitaron el apoyo,enadis
discriminacion,Le negaron apoyos de programas sociales,2022,Mujeres,Sin discapacidad,Ciudad de México,60+,34173.0,704881.0,235.0,,ENADIS (INEGI),Personas de 18 años o más que solicitaron el apoyo,enadis
discriminacion,Le negaron apoyos de programas sociales,2022,Mujeres,Sin discapacidad,Coahuila,60+,2008.0,155919.0,185.0,,ENADIS (INEGI),Personas de 18 años o más que solicitaron el apoyo,enadis
discriminacion,Le negaron apoyos de programas sociales,2022,Mujeres,Sin discapacidad,Colima,60+,1381.0,28041.0,122.0,,ENADIS (INEGI),Personas de 18 años o más que solicitaron el apoyo,enadis
discriminacion,Le negaron apoyos de programas sociales,2022,Mujeres,Sin discapacidad,Durango,60+,3231.0,50866.0,119.0,,ENADIS (INEGI),Personas de 18 años o más que solicitaron el apoyo,enadis
discriminacion,Le negaron apoyos de programas sociales,2022,Mujeres,Sin discapacidad,Guanajuato,60+,6590.0,285865.0,169.0,,ENADIS (INEGI),Personas de 18 años o más que solicitaron el apoyo,enadis
discriminacion,Le negaron apoyos de programas sociales,2022,Mujeres,Sin discapacidad,Guerrero,60+,4240.0,117680.0,146.0,,ENADIS (INEGI),Personas de 18 años o más que solicitaron el apoyo,enadis
discriminacion,Le negaron apoyos de programas sociales,2022,Mujeres,Sin discapacidad,Hidalgo,60+,10622.0,163229.0,200.0,,ENADIS (INEGI),Personas de 18 años o más que solicitaron el apoyo,enadis
discriminacion,Le negaron apoyos de programas sociales,2022,Mujeres,Sin discapacidad,Jalisco,60+,19150.0,304333.0,127.0,,ENADIS (INEGI),Personas de 18 años o más que solicitaron el apoyo,enadis
discriminacion,Le negaron apoyos de programas sociales,2022,Mujeres,Sin discapacidad,Michoacán,60+,16617.0,260018.0,201.0,,ENADIS (INEGI),Personas de 18 años o más que solicitaron el apoyo,enadis
discriminacion,Le negaron apoyos de programas sociales,2022,Mujeres,Sin discapacidad,Morelos,60+,7312.0,120216.0,218.0,,ENADIS (INEGI),Personas de 18 años o más que solicitaron el apoyo,enadis
discriminacion,Le negaron apoyos de programas sociales,2022,Mujeres,Sin discapacidad,México,60+,59634.0,992729.0,248.0,,ENADIS (INEGI),Personas de 18 años o más que solicitaron el apoyo,enadis
discriminacion,Le negaron apoyos de programas sociales,2022,Mujeres,Sin discapacidad,Nayarit,60+,1508.0,74605.0,234.0,,ENADIS (INEGI),Personas de 18 años o más que solicitaron el apoyo,enadis
discriminacion,Le negaron apoyos de programas sociales,2022,Mujeres,Sin discapacidad,Nuevo León,60+,3895.0,335494.0,191.0,,ENADIS (INEGI),Personas de 18 años o más que solicitaron el apoyo,enadis
discriminacion,Le negaron apoyos de programas sociales,2022,Mujeres,Sin discapacidad,Oaxaca,60+,5145.0,168118.0,167.0,,ENADIS (INEGI),Personas de 18 años o más que solicitaron el apoyo,enadis
discriminacion,Le negaron apoyos de programas sociales,2022,Mujeres,Sin discapacidad,Puebla,60+,22253.0,282325.0,155.0,,ENADIS (INEGI),Personas de 18 años o más que solicitaron el apoyo,enadis
discriminacion,Le negaron apoyos de programas sociales,2022,Mujeres,Sin discapacidad,Querétaro,60+,7051.0,111055.0,153.0,,ENADIS (INEGI),Personas de 18 años o más que solicitaron el apoyo,enadis
discriminacion,Le negaron apoyos de programas sociales,2022,Mujeres,Sin discapacidad,Quintana Roo,60+,2735.0,57581.0,117.0,,ENADIS (INEGI),Personas de 18 años o más que solicitaron el apoyo,enadis
discriminacion,Le negaron apoyos de programas sociales,2022,Mujeres,Sin discapacidad,San Luis Potosí,60+,8249.0,98392.0,125.0,,ENADIS (INEGI),Personas de 18 años o más que solicitaron el apoyo,enadis
discriminacion,Le negaron apoyos de programas sociales,2022,Mujeres,Sin discapacidad,Sinaloa,60+,3855.0,176986.0,238.0,,ENADIS (INEGI),Personas de 18 años o más que solicitaron el apoyo,enadis
discriminacion,Le negaron apoyos de programas sociales,2022,Mujeres,Sin discapacidad,Sonora,60+,3727.0,144915.0,187.0,,ENADIS (INEGI),Personas de 18 años o más que solicitaron el apoyo,enadis
discriminacion,Le negaron apoyos de programas sociales,2022,Mujeres,Sin discapacidad,Tabasco,60+,2958.0,70865.0,118.0,,ENADIS (INEGI),Personas de 18 años o más que solicitaron el apoyo,enadis
discriminacion,Le negaron apoyos de programas sociales,2022,Mujeres,Sin discapacidad,Tamaulipas,60+,7709.0,197047.0,171.0,,ENADIS (INEGI),Personas de 18 años o más que solicitaron el apoyo,enadis
discriminacion,Le negaron apoyos de programas sociales,2022,Mujeres,Sin discapacidad,Tlaxcala,60+,3060.0,59053.0,178.0,,ENADIS (INEGI),Personas de 18 años o más que solicitaron el apoyo,enadis
discriminacion,Le negaron apoyos de programas sociales,2022,Mujeres,Sin discapacidad,Veracruz,60+,15957.0,423203.0,188.0,,ENADIS (INEGI),Personas de 18 años o más que solicitaron el apoyo,enadis
discriminacion,Le negaron apoyos de programas sociales,2022,Mujeres,Sin discapacidad,Yucatán,60+,4999.0,79372.0,128.0,,ENADIS (INEGI),Personas de 18 años o más que solicitaron el apoyo,enadis
discriminacion,Le negaron apoyos de programas sociales,2022,Mujeres,Sin discapacidad,Zacatecas,60+,3108.0,79761.0,186.0,,ENADIS (INEGI),Personas de 18 años o más que solicitaron el apoyo,enadis
