tema,indicador,anio,sexo,disc,entidad,rango_edad,tipo_discapacidad,num,den,casos,fuente,universo,encuesta
distribucion,Distribución por dominio de dificultad,2020,Hombres,Con discapacidad,Aguascalientes,18-29,Ver,1603.0,3461.0,208.0,"Censo de Población y Vivienda, cuestionario ampliado (INEGI)",Personas de 18 años o más con discapacidad,censo
distribucion,Distribución por dominio de dificultad,2020,Hombres,Con discapacidad,Aguascalientes,30-44,Ver,2035.0,5243.0,322.0,"Censo de Población y Vivienda, cuestionario ampliado (INEGI)",Personas de 18 años o más con discapacidad,censo
distribucion,Distribución por dominio de dificultad,2020,Hombres,Con discapacidad,Aguascalientes,45-59,Ver,2621.0,6333.0,459.0,"Censo de Población y Vivienda, cuestionario ampliado (INEGI)",Personas de 18 años o más con discapacidad,censo
distribucion,Distribución por dominio de dificultad,2020,Hombres,Con discapacidad,Aguascalientes,60+,Ver,4426.0,13270.0,995.0,"Censo de Población y Vivienda, cuestionario ampliado (INEGI)",Personas de 18 años o más con discapacidad,censo
distribucion,Distribución por dominio de dificultad,2020,Hombres,Con discapacidad,Baja California,18-29,Ver,3727.0,8010.0,170.0,"Censo de Población y Vivienda, cuestionario ampliado (INEGI)",Personas de 18 años o más con discapacidad,censo
distribucion,Distribución por dominio de dificultad,2020,Hombres,Con discapacidad,Baja California,30-44,Ver,4910.0,9875.0,205.0,"Censo de Población y Vivienda, cuestionario ampliado (INEGI)",Personas de 18 años o más con discapacidad,censo
distribucion,Distribución por dominio de dificultad,2020,Hombres,Con discapacidad,Baja California,45-59,Ver,6356.0,15222.0,352.0,"Censo de Población y Vivienda, cuestionario ampliado (INEGI)",Personas de 18 años o más con discapacidad,censo
distribucion,Distribución por dominio de dificultad,2020,Hombres,Con discapacidad,Baja California,60+,Ver,12799.0,29937.0,653.0,"Censo de Población y Vivienda, cuestionario ampliado (INEGI)",Personas de 18 años o más con discapacidad,censo
distribucion,Distribución por dominio de dificultad,2020,Hombres,Con discapacidad,Baja California Sur,18-29,Ver,486.0,1233.0,71.0,"Censo de Población y Vivienda, cuestionario ampliado (INEGI)",Personas de 18 años o más con discapacidad,censo
distribucion,Distribución por dominio de dificultad,2020,Hombres,Con discapacidad,Baja California Sur,30-44,Ver,891.0,1996.0,121.0,"Censo de Población y Vivienda, cuestionario ampliado (INEGI)",Personas de 18 años o más con discapacidad,censo
distribucion,Distribución por dominio de dificultad,2020,Hombres,Con discapacidad,Baja California Sur,45-59,Ver,1610.0,3105.0,190.0,"Censo de Población y Vivienda, cuestionario ampliado (INEGI)",Personas de 18 años o más con discapacidad,censo
distribucion,Distribución por dominio de dificultad,2020,Hombres,Con discapacidad,Baja California Sur,60+,Ver,2725.0,6334.0,415.0,"Censo de Población y Vivienda, cuestionario ampliado (INEGI)",Personas de 18 años o más con discapacidad,censo
distribucion,Distribución por dominio de dificultad,2020,Hombres,Con discapacidad,Campeche,18-29,Ver,878.0,2019.0,169.0,"Censo de Población y Vivienda, cuestionario ampliado (INEGI)",Personas de 18 años o más con discapacidad,censo
distribucion,Distribución por dominio de dificultad,2020,Hombres,Con discapacidad,Campeche,30-44,Ver,1048.0,2332.0,231.0,"Censo de Población y Vivienda, cuestionario ampliado (INEGI)",Personas de 18 años o más con discapacidad,censo
distribucion,Distribución por dominio de dificultad,2020,Hombres,Con discapacidad,Campeche,45-59,Ver,2138.0,4824.0,419.0,"Censo de Población y Vivienda, cuestionario ampliado (INEGI)",Personas de 18 años o más con discapacidad,censo
distribucion,Distribución por dominio de dificultad,2020,Hombres,Con discapacidad,Campeche,60+,Ver,5100.0,11431.0,1095.0,"Censo de Población y Vivienda, cuestionario ampliado (INEGI)",Personas de 18 años o más con discapacidad,censo
distribucion,Distribución por dominio de dificultad,2020,Hombres,Con discapacidad,Chiapas,18-29,Ver,2915.0,8941.0,1932.0,"Censo de Población y Vivienda, cuestionario ampliado (INEGI)",Personas de 18 años o más con discapacidad,censo
distribucion,Distribución por dominio de dificultad,2020,Hombres,Con discapacidad,Chiapas,30-44,Ver,3944.0,11129.0,2363.0,"Censo de Población y Vivienda, cuestionario ampliado (INEGI)",Personas de 18 años o más con discapacidad,censo
distribucion,Distribución por dominio de dificultad,2020,Hombres,Con discapacidad,Chiapas,45-59,Ver,9100.0,17642.0,3450.0,"Censo de Población y Vivienda, cuestionario ampliado (INEGI)",Personas de 18 años o más con discapacidad,censo
distribucion,Distribución por dominio de dificultad,2020,Hombres,Con discapacidad,Chiapas,60+,Ver,25124.0,49681.0,10325.0,"Censo de Población y Vivienda, cuestionario ampliado (INEGI)",Personas de 18 años o más con discapacidad,censo
distribucion,Distribución por dominio de dificultad,2020,Hombres,Con discapacidad,Chihuahua,18-29,Ver,2995.0,6278.0,476.0,"Censo de Población y Vivienda, cuestionario ampliado (INEGI)",Personas de 18 años o más con discapacidad,censo
distribucion,Distribución por dominio de dificultad,2020,Hombres,Con discapacidad,Chihuahua,30-44,Ver,3204.0,7379.0,701.0,"Censo de Población y Vivienda, cuestionario ampliado (INEGI)",Personas de 18 años o más con discapacidad,censo
distribucion,Distribución por dominio de dificultad,2020,Hombres,Con discapacidad,Chihuahua,45-59,Ver,6027.0,15419.0,1353.0,"Censo de Población y Vivienda, cuestionario ampliado (INEGI)",Personas de 18 años o más con discapacidad,censo
distribucion,Distribución por dominio de dificultad,2020,Hombres,Con discapacidad,Chihuahua,60+,Ver,12434.0,32345.0,4275.0,"Censo de Población y Vivienda, cuestionario ampliado (INEGI)",Personas de 18 años o más con discapacidad,censo
distribucion,Distribución por dominio de dificultad,2020,Hombres,Con discapacidad,Ciudad de México,18-29,Ver,10002.0,18282.0,547.0,"Censo de Población y Vivienda, cuestionario ampliado (INEGI)",Personas de 18 años o más con discapacidad,censo
distribucion,Distribución por dominio de dificultad,2020,Hombres,Con discapacidad,Ciudad de México,30-44,Ver,10417.0,22825.0,718.0,"Censo de Población y Vivienda, cuestionario ampliado (INEGI)",Personas de 18 años o más con discapacidad,censo
distribucion,Distribución por dominio de dificultad,2020,Hombres,Con discapacidad,Ciudad de México,45-59,Ver,20675.0,41893.0,1277.0,"Censo de Población y Vivienda, cuestionario ampliado (INEGI)",Personas de 18 años o más con discapacidad,censo
distribucion,Distribución por dominio de dificultad,2020,Hombres,Con discapacidad,Ciudad de México,60+,Ver,39266.0,103507.0,2978.0,"Censo de Población y Vivienda, cuestionario ampliado (INEGI)",Personas de 18 años o más con discapacidad,censo
distribucion,Distribución por dominio de dificultad,2020,Hombres,Con discapacidad,Coahuila,18-29,Ver,1954.0,4932.0,370.0,"Censo de Población y Vivienda, cuestionario ampliado (INEGI)",Personas de 18 años o más con discapacidad,censo
distribucion,Distribución por dominio de dificultad,2020,Hombres,Con discapacidad,Coahuila,30-44,Ver,3383.0,7443.0,585.0,"Censo de Población y Vivienda, cuestionario ampliado (INEGI)",Personas de 18 años o más con discapacidad,censo
distribucion,Distribución por dominio de dificultad,2020,Hombres,Con discapacidad,Coahuila,45-59,Ver,5548.0,12133.0,1061.0,"Censo de Población y Vivienda, cuestionario ampliado (INEGI)",Personas de 18 años o más con discapacidad,censo
distribucion,Distribución por dominio de dificultad,2020,Hombres,Con discapacidad,Coahuila,60+,Ver,10625.0,27208.0,2562.0,"Censo de Población y Vivienda, cuestionario ampliado (INEGI)",Personas de 18 años o más con discapacidad,censo
distribucion,Distribución por dominio de dificultad,2020,Hombres,Con discapacidad,Colima,18-29,Ver,469.0,1195.0,120.0,"Censo de Población y Vivienda, cuestionario ampliado (INEGI)",Personas de 18 años o más con discapacidad,censo
distribucion,Distribución por dominio de dificultad,2020,Hombres,Con discapacidad,Colima,30-44,Ver,796.0,2026.0,193.0,"Censo de Población y Vivienda, cuestionario ampliado (INEGI)",Personas de 18 años o más con discapacidad,censo
distribucion,Distribución por dominio de dificultad,2020,Hombres,Con discapacidad,Colima,45-59,Ver,1183.0,3275.0,311.0,"Censo de Población y Vivienda, cuestionario ampliado (INEGI)",Personas de 18 años o más con discapacidad,censo
distribucion,Distribución por dominio de dificultad,2020,Hombres,Con discapacidad,Colima,60+,Ver,3476.0,8441.0,868.0,"Censo de Población y Vivienda, cuestionario ampliado (INEGI)",Personas de 18 años o más con discapacidad,censo
distribucion,Distribución por dominio de dificultad,2020,Hombres,Con discapacidad,Durango,18-29,Ver,1956.0,4148.0,525.0,"Censo de Población y Vivienda, cuestionario ampliado (INEGI)",Personas de 18 años o más con discapacidad,censo
distribucion,Distribución por dominio de dificultad,2020,Hombres,Con discapacidad,Durango,30-44,Ver,2203.0,5312.0,743.0,"Censo de Población y Vivienda, cuestionario ampliado (INEGI)",Personas de 18 años o más con discapacidad,censo
distribucion,Distribución por dominio de dificultad,2020,Hombres,Con discapacidad,Durango,45-59,Ver,3547.0,7987.0,1176.0,"Censo de Población y Vivienda, cuestionario ampliado (INEGI)",Personas de 18 años o más con discapacidad,censo
distribucion,Distribución por dominio de dificultad,2020,Hombres,Con discapacidad,Durango,60+,Ver,7940.0,21066.0,3661.0,"Censo de Población y Vivienda, cuestionario ampliado (INEGI)",Personas de 18 años o más con discapacidad,censo
distribucion,Distribución por dominio de dificultad,2020,Hombres,Con discapacidad,Guanajuato,18-29,Ver,5614.0,12356.0,826.0,"Censo de Población y Vivienda, cuestionario ampliado (INEGI)",Personas de 18 años o más con discapacidad,censo
distribucion,Distribución por dominio de dificultad,2020,Hombres,Con discapacidad,Guanajuato,30-44,Ver,6652.0,16482.0,1015.0,"Censo de Población y Vivienda, cuestionario ampliado (INEGI)",Personas de 18 años o más con discapacidad,censo
distribucion,Distribución por dominio de dificultad,2020,Hombres,Con discapacidad,Guanajuato,45-59,Ver,10324.0,23789.0,1548.0,"Censo de Población y Vivienda, cuestionario ampliado (INEGI)",Personas de 18 años o más con discapacidad,censo
distribucion,Distribución por dominio de dificultad,2020,Hombres,Con discapacidad,Guanajuato,60+,Ver,22688.0,58849.0,4566.0,"Censo de Población y Vivienda, cuestionario ampliado (INEGI)",Personas de 18 años o más con discapacidad,censo
distribucion,Distribución por dominio de dificultad,2020,Hombres,Con discapacidad,Guerrero,18-29,Ver,2437.0,7064.0,1659.0,"Censo de Población y Vivienda, cuestionario ampliado (INEGI)",Personas de 18 años o más con discapacidad,censo
distribucion,Distribución por dominio de dificultad,2020,Hombres,Con discapacidad,Guerrero,30-44,Ver,3710.0,10808.0,2135.0,"Censo de Población y Vivienda, cuestionario ampliado (INEGI)",Personas de 18 años o más con discapacidad,censo
distribucion,Distribución por dominio de dificultad,2020,Hombres,Con discapacidad,Guerrero,45-59,Ver,7588.0,17388.0,3329.0,"Censo de Población y Vivienda, cuestionario ampliado (INEGI)",Personas de 18 años o más con discapacidad,censo
distribucion,Distribución por dominio de dificultad,2020,Hombres,Con discapacidad,Guerrero,60+,Ver,22235.0,50415.0,10636.0,"Censo de Población y Vivienda, cuestionario ampliado (INEGI)",Personas de 18 años o más con discapacidad,censo
distribucion,Distribución por dominio de dificultad,2020,Hombres,Con discapacidad,Hidalgo,18-29,Ver,3087.0,6424.0,997.0,"Censo de Población y Vivienda, cuestionario ampliado (INEGI)",Personas de 18 años o más con discapacidad,censo
distribucion,Distribución por dominio de dificultad,2020,Hombres,Con discapacidad,Hidalgo,30-44,Ver,3433.0,7747.0,1367.0,"Censo de Población y Vivienda, cuestionario ampliado (INEGI)",Personas de 18 años o más con discapacidad,censo
distribucion,Distribución por dominio de dificultad,2020,Hombres,Con discapacidad,Hidalgo,45-59,Ver,6498.0,13990.0,2301.0,"Censo de Población y Vivienda, cuestionario ampliado (INEGI)",Personas de 18 años o más con discapacidad,censo
distribucion,Distribución por dominio de dificultad,2020,Hombres,Con discapacidad,Hidalgo,60+,Ver,15243.0,36669.0,7062.0,"Censo de Población y Vivienda, cuestionario ampliado (INEGI)",Personas de 18 años o más con discapacidad,censo
distribucion,Distribución por dominio de dificultad,2020,Hombres,Con discapacidad,Jalisco,18-29,Ver,5630.0,13492.0,1445.0,"Censo de Población y Vivienda, cuestionario ampliado (INEGI)",Personas de 18 años o más con discapacidad,censo
distribucion,Distribución por dominio de dificultad,2020,Hombres,Con discapacidad,Jalisco,30-44,Ver,8675.0,20557.0,2042.0,"Censo de Población y Vivienda, cuestionario ampliado (INEGI)",Personas de 18 años o más con discapacidad,censo
distribucion,Distribución por dominio de dificultad,2020,Hombres,Con discapacidad,Jalisco,45-59,Ver,13260.0,32987.0,3364.0,"Censo de Población y Vivienda, cuestionario ampliado (INEGI)",Personas de 18 años o más con discapacidad,censo
distribucion,Distribución por dominio de dificultad,2020,Hombres,Con discapacidad,Jalisco,60+,Ver,29938.0,82156.0,10143.0,"Censo de Población y Vivienda, cuestionario ampliado (INEGI)",Personas de 18 años o más con discapacidad,censo
distribucion,Distribución por dominio de dificultad,2020,Hombres,Con discapacidad,Michoacán,18-29,Ver,3573.0,8489.0,1346.0,"Censo de Población y Vivienda, cuestionario ampliado (INEGI)",Personas de 18 años o más con discapacidad,censo
distribucion,Distribución por dominio de dificultad,2020,Hombres,Con discapacidad,Michoacán,30-44,Ver,4474.0,12662.0,1982.0,"Censo de Población y Vivienda, cuestionario ampliado (INEGI)",Personas de 18 años o más con discapacidad,censo
distribucion,Distribución por dominio de dificultad,2020,Hombres,Con discapacidad,Michoacán,45-59,Ver,9221.0,20204.0,3252.0,"Censo de Población y Vivienda, cuestionario ampliado (INEGI)",Personas de 18 años o más con discapacidad,censo
distribucion,Distribución por dominio de dificultad,2020,Hombres,Con discapacidad,Michoacán,60+,Ver,23136.0,59611.0,10369.0,"Censo de Población y Vivienda, cuestionario ampliado (INEGI)",Personas de 18 años o más con discapacidad,censo
distribucion,Distribución por dominio de dificultad,2020,Hombres,Con discapacidad,Morelos,18-29,Ver,1552.0,3472.0,451.0,"Censo de Población y Vivienda, cuestionario ampliado (INEGI)",Personas de 18 años o más con discapacidad,censo
distribucion,Distribución por dominio de dificultad,2020,Hombres,Con discapacidad,Morelos,30-44,Ver,2351.0,5472.0,634.0,"Censo de Población y Vivienda, cuestionario ampliado (INEGI)",Personas de 18 años o más con discapacidad,censo
distribucion,Distribución por dominio de dificultad,2020,Hombres,Con discapacidad,Morelos,45-59,Ver,4234.0,9318.0,1109.0,"Censo de Población y Vivienda, cuestionario ampliado (INEGI)",Personas de 18 años o más con discapacidad,censo
distribucion,Distribución por dominio de dificultad,2020,Hombres,Con discapacidad,Morelos,60+,Ver,10071.0,25720.0,3142.0,"Censo de Población y Vivienda, cuestionario ampliado (INEGI)",Personas de 18 años o más con discapacidad,censo
distribucion,Distribución por dominio de dificultad,2020,Hombres,Con discapacidad,México,18-29,Ver,18400.0,32467.0,2362.0,"Censo de Población y Vivienda, cuestionario ampliado (INEGI)",Personas de 18 años o más con discapacidad,censo
distribucion,Distribución por dominio de dificultad,2020,Hombres,Con discapacidad,México,30-44,Ver,20143.0,42276.0,2932.0,"Censo de Población y Vivienda, cuestionario ampliado (INEGI)",Personas de 18 años o más con discapacidad,censo
distribucion,Distribución por dominio de dificultad,2020,Hombres,Con discapacidad,México,45-59,Ver,34056.0,69088.0,4624.0,"Censo de Población y Vivienda, cuestionario ampliado (INEGI)",Personas de 18 años o más con discapacidad,censo
distribucion,Distribución por dominio de dificultad,2020,Hombres,Con discapacidad,México,60+,Ver,58390.0,140681.0,10314.0,"Censo de Población y Vivienda, cuestionario ampliado (INEGI)",Personas de 18 años o más con discapacidad,censo
distribucion,Distribución por dominio de dificultad,2020,Hombres,Con discapacidad,Nayarit,18-29,Ver,1359.0,2943.0,345.0,"Censo de Población y Vivienda, cuestionario ampliado (INEGI)",Personas de 18 años o más con discapacidad,censo
distribucion,Distribución por dominio de dificultad,2020,Hombres,Con discapacidad,Nayarit,30-44,Ver,904.0,2981.0,456.0,"Censo de Población y Vivienda, cuestionario ampliado (INEGI)",Personas de 18 años o más con discapacidad,censo
distribucion,Distribución por dominio de dificultad,2020,Hombres,Con discapacidad,Nayarit,45-59,Ver,2212.0,5234.0,749.0,"Censo de Población y Vivienda, cuestionario ampliado (INEGI)",Personas de 18 años o más con discapacidad,censo
distribucion,Distribución por dominio de dificultad,2020,Hombres,Con discapacidad,Nayarit,60+,Ver,5562.0,14896.0,2231.0,"Censo de Población y Vivienda, cuestionario ampliado (INEGI)",Personas de 18 años o más con discapacidad,censo
distribucion,Distribución por dominio de dificultad,2020,Hombres,Con discapacidad,Nuevo León,18-29,Ver,4428.0,9098.0,531.0,"Censo de Población y Vivienda, cuestionario ampliado (INEGI)",Personas de 18 años o más con discapacidad,censo
distribucion,Distribución por dominio de dificultad,2020,Hombres,Con discapacidad,Nuevo León,30-44,Ver,4457.0,10415.0,674.0,"Censo de Población y Vivienda, cuestionario ampliado (INEGI)",Personas de 18 años o más con discapacidad,censo
distribucion,Distribución por dominio de dificultad,2020,Hombres,Con discapacidad,Nuevo León,45-59,Ver,8455.0,19101.0,1314.0,"Censo de Población y Vivienda, cuestionario ampliado (INEGI)",Personas de 18 años o más con discapacidad,censo
distribucion,Distribución por dominio de dificultad,2020,Hombres,Con discapacidad,Nuevo León,60+,Ver,18057.0,42986.0,3266.0,"Censo de Población y Vivienda, cuestionario ampliado (INEGI)",Personas de 18 años o más con discapacidad,censo
distribucion,Distribución por dominio de dificultad,2020,Hombres,Con discapacidad,Oaxaca,18-29,Ver,3490.0,9352.0,4698.0,"Censo de Población y Vivienda, cuestionario ampliado (INEGI)",Personas de 18 años o más con discapacidad,censo
distribucion,Distribución por dominio de dificultad,2020,Hombres,Con discapacidad,Oaxaca,30-44,Ver,4980.0,13352.0,6570.0,"Censo de Población y Vivienda, cuestionario ampliado (INEGI)",Personas de 18 años o más con discapacidad,censo
distribucion,Distribución por dominio de dificultad,2020,Hombres,Con discapacidad,Oaxaca,45-59,Ver,10201.0,20984.0,10595.0,"Censo de Población y Vivienda, cuestionario ampliado (INEGI)",Personas de 18 años o más con discapacidad,censo
distribucion,Distribución por dominio de dificultad,2020,Hombres,Con discapacidad,Oaxaca,60+,Ver,30636.0,65118.0,35153.0,"Censo de Población y Vivienda, cuestionario ampliado (INEGI)",Personas de 18 años o más con discapacidad,censo
distribucion,Distribución por dominio de dificultad,2020,Hombres,Con discapacidad,Puebla,18-29,Ver,6288.0,13898.0,2754.0,"Censo de Población y Vivienda, cuestionario ampliado (INEGI)",Personas de 18 años o más con discapacidad,censo
distribucion,Distribución por dominio de dificultad,2020,Hombres,Con discapacidad,Puebla,30-44,Ver,6112.0,15408.0,3569.0,"Censo de Población y Vivienda, cuestionario ampliado (INEGI)",Personas de 18 años o más con discapacidad,censo
distribucion,Distribución por dominio de dificultad,2020,Hombres,Con discapacidad,Puebla,45-59,Ver,10891.0,24320.0,5306.0,"Censo de Población y Vivienda, cuestionario ampliado (INEGI)",Personas de 18 años o más con discapacidad,censo
distribucion,Distribución por dominio de dificultad,2020,Hombres,Con discapacidad,Puebla,60+,Ver,26343.0,65208.0,16499.0,"Censo de Población y Vivienda, cuestionario ampliado (INEGI)",Personas de 18 años o más con discapacidad,censo
distribucion,Distribución por dominio de dificultad,2020,Hombres,Con discapacidad,Querétaro,18-29,Ver,1800.0,3711.0,302.0,"Censo de Población y Vivienda, cuestionario ampliado (INEGI)",Personas de 18 años o más con discapacidad,censo
distribucion,Distribución por dominio de dificultad,2020,Hombres,Con discapacidad,Querétaro,30-44,Ver,2287.0,5237.0,365.0,"Censo de Población y Vivienda, cuestionario ampliado (INEGI)",Personas de 18 años o más con discapacidad,censo
distribucion,Distribución por dominio de dificultad,2020,Hombres,Con discapacidad,Querétaro,45-59,Ver,4136.0,8548.0,572.0,"Censo de Población y Vivienda, cuestionario ampliado (INEGI)",Personas de 18 años o más con discapacidad,censo
distribucion,Distribución por dominio de dificultad,2020,Hombres,Con discapacidad,Querétaro,60+,Ver,8296.0,20519.0,1580.0,"Censo de Población y Vivienda, cuestionario ampliado (INEGI)",Personas de 18 años o más con discapacidad,censo
distribucion,Distribución por dominio de dificultad,2020,Hombres,Con discapacidad,Quintana Roo,18-29,Ver,1668.0,3141.0,129.0,"Censo de Población y Vivienda, cuestionario ampliado (INEGI)",Personas de 18 años o más con discapacidad,censo
distribucion,Distribución por dominio de dificultad,2020,Hombres,Con discapacidad,Quintana Roo,30-44,Ver,2156.0,4420.0,203.0,"Censo de Población y Vivienda, cuestionario ampliado (INEGI)",Personas de 18 años o más con discapacidad,censo
distribucion,Distribución por dominio de dificultad,2020,Hombres,Con discapacidad,Quintana Roo,45-59,Ver,2509.0,5573.0,278.0,"Censo de Población y Vivienda, cuestionario ampliado (INEGI)",Personas de 18 años o más con discapacidad,censo
distribucion,Distribución por dominio de dificultad,2020,Hombres,Con discapacidad,Quintana Roo,60+,Ver,4589.0,10885.0,627.0,"Censo de Población y Vivienda, cuestionario ampliado (INEGI)",Personas de 18 años o más con discapacidad,censo
distribucion,Distribución por dominio de dificultad,2020,Hombres,Con discapacidad,San Luis Potosí,18-29,Ver,1451.0,4768.0,720.0,"Censo de Población y Vivienda, cuestionario ampliado (INEGI)",Personas de 18 años o más con discapacidad,censo
distribucion,Distribución por dominio de dificultad,2020,Hombres,Con discapacidad,San Luis Potosí,30-44,Ver,2282.0,6817.0,1008.0,"Censo de Población y Vivienda, cuestionario ampliado (INEGI)",Personas de 18 años o más con discapacidad,censo
distribucion,Distribución por dominio de dificultad,2020,Hombres,Con discapacidad,San Luis Potosí,45-59,Ver,5013.0,11288.0,1758.0,"Censo de Población y Vivienda, cuestionario ampliado (INEGI)",Personas de 18 años o más con discapacidad,censo
distribucion,Distribución por dominio de dificultad,2020,Hombres,Con discapacidad,San Luis Potosí,60+,Ver,13938.0,34998.0,5834.0,"Censo de Población y Vivienda, cuestionario ampliado (INEGI)",Personas de 18 años o más con discapacidad,censo
distribucion,Distribución por dominio de dificultad,2020,Hombres,Con discapacidad,Sinaloa,18-29,Ver,2050.0,5405.0,299.0,"Censo de Población y Vivienda, cuestionario ampliado (INEGI)",Personas de 18 años o más con discapacidad,censo
distribucion,Distribución por dominio de dificultad,2020,Hombres,Con discapacidad,Sinaloa,30-44,Ver,2408.0,7793.0,499.0,"Censo de Población y Vivienda, cuestionario ampliado (INEGI)",Personas de 18 años o más con discapacidad,censo
distribucion,Distribución por dominio de dificultad,2020,Hombres,Con discapacidad,Sinaloa,45-59,Ver,4711.0,13197.0,790.0,"Censo de Población y Vivienda, cuestionario ampliado (INEGI)",Personas de 18 años o más con discapacidad,censo
distribucion,Distribución por dominio de dificultad,2020,Hombres,Con discapacidad,Sinaloa,60+,Ver,14904.0,35296.0,2266.0,"Censo de Población y Vivienda, cuestionario ampliado (INEGI)",Personas de 18 años o más con discapacidad,censo
distribucion,Distribución por dominio de dificultad,2020,Hombres,Con discapacidad,Sonora,18-29,Ver,2941.0,6167.0,514.0,"Censo de Población y Vivienda, cuestionario ampliado (INEGI)",Personas de 18 años o más con discapacidad,censo
distribucion,Distribución por dominio de dificultad,2020,Hombres,Con discapacidad,Sonora,30-44,Ver,2742.0,7395.0,679.0,"Censo de Población y Vivienda, cuestionario ampliado (INEGI)",Personas de 18 años o más con discapacidad,censo
distribucion,Distribución por dominio de dificultad,2020,Hombres,Con discapacidad,Sonora,45-59,Ver,5671.0,12111.0,1304.0,"Censo de Población y Vivienda, cuestionario ampliado (INEGI)",Personas de 18 años o más con discapacidad,censo
distribucion,Distribución por dominio de dificultad,2020,Hombres,Con discapacidad,Sonora,60+,Ver,13755.0,31569.0,3782.0,"Censo de Población y Vivienda, cuestionario ampliado (INEGI)",Personas de 18 años o más con discapacidad,censo
distribucion,Distribución por dominio de dificultad,2020,Hombres,Con discapacidad,Tabasco,18-29,Ver,2330.0,6530.0,362.0,"Censo de Población y Vivienda, cuestionario ampliado (INEGI)",Personas de 18 años o más con discapacidad,censo
distribucion,Distribución por dominio de dificultad,2020,Hombres,Con discapacidad,Tabasco,30-44,Ver,2924.0,7619.0,530.0,"Censo de Población y Vivienda, cuestionario ampliado (INEGI)",Personas de 18 años o más con discapacidad,censo
distribucion,Distribución por dominio de dificultad,2020,Hombres,Con discapacidad,Tabasco,45-59,Ver,7074.0,13996.0,920.0,"Censo de Población y Vivienda, cuestionario ampliado (INEGI)",Personas de 18 años o más con discapacidad,censo
distribucion,Distribución por dominio de dificultad,2020,Hombres,Con discapacidad,Tabasco,60+,Ver,15239.0,30592.0,2114.0,"Censo de Población y Vivienda, cuestionario ampliado (INEGI)",Personas de 18 años o más con discapacidad,censo
distribucion,Distribución por dominio de dificultad,2020,Hombres,Con discapacidad,Tamaulipas,18-29,Ver,2746.0,5668.0,386.0,"Censo de Población y Vivienda, cuestionario ampliado (INEGI)",Personas de 18 años o más con discapacidad,censo
distribucion,Distribución por dominio de dificultad,2020,Hombres,Con discapacidad,Tamaulipas,30-44,Ver,3010.0,7779.0,574.0,"Censo de Población y Vivienda, cuestionario ampliado (INEGI)",Personas de 18 años o más con discapacidad,censo
distribucion,Distribución por dominio de dificultad,2020,Hombres,Con discapacidad,Tamaulipas,45-59,Ver,7088.0,15816.0,1149.0,"Censo de Población y Vivienda, cuestionario ampliado (INEGI)",Personas de 18 años o más con discapacidad,censo
distribucion,Distribución por dominio de dificultad,2020,Hombres,Con discapacidad,Tamaulipas,60+,Ver,15902.0,37158.0,3555.0,"Censo de Población y Vivienda, cuestionario ampliado (INEGI)",Personas de 18 años o más con discapacidad,censo
distribucion,Distribución por dominio de dificultad,2020,Hombres,Con discapacidad,Tlaxcala,18-29,Ver,1208.0,2584.0,638.0,"Censo de Población y Vivienda, cuestionario ampliado (INEGI)",Personas de 18 años o más con discapacidad,censo
distribucion,Distribución por dominio de dificultad,2020,Hombres,Con discapacidad,Tlaxcala,30-44,Ver,1338.0,2996.0,733.0,"Censo de Población y Vivienda, cuestionario ampliado (INEGI)",Personas de 18 años o más con discapacidad,censo
distribucion,Distribución por dominio de dificultad,2020,Hombres,Con discapacidad,Tlaxcala,45-59,Ver,2120.0,4199.0,1082.0,"Censo de Población y Vivienda, cuestionario ampliado (INEGI)",Personas de 18 años o más con discapacidad,censo
distribucion,Distribución por dominio de dificultad,2020,Hombres,Con discapacidad,Tlaxcala,60+,Ver,4837.0,11957.0,3117.0,"Censo de Población y Vivienda, cuestionario ampliado (INEGI)",Personas de 18 años o más con discapacidad,censo
distribucion,Distribución por dominio de dificultad,2020,Hombres,Con discapacidad,Veracruz,18-29,Ver,5418.0,14981.0,2776.0,"Censo de Población y Vivienda, cuestionario ampliado (INEGI)",Personas de 18 años o más con discapacidad,censo
distribucion,Distribución por dominio de dificultad,2020,Hombres,Con discapacidad,Veracruz,30-44,Ver,7914.0,20980.0,3931.0,"Censo de Población y Vivienda, cuestionario ampliado (INEGI)",Personas de 18 años o más con discapacidad,censo
distribucion,Distribución por dominio de dificultad,2020,Hombres,Con discapacidad,Veracruz,45-59,Ver,19481.0,39133.0,6822.0,"Censo de Población y Vivienda, cuestionario ampliado (INEGI)",Personas de 18 años o más con discapacidad,censo
distribucion,Distribución por dominio de dificultad,2020,Hombres,Con discapacidad,Veracruz,60+,Ver,51209.0,108670.0,18980.0,"Censo de Población y Vivienda, cuestionario ampliado (INEGI)",Personas de 18 años o más con discapacidad,censo
distribucion,Distribución por dominio de dificultad,2020,Hombres,Con discapacidad,Yucatán,18-29,Ver,1700.0,4723.0,1031.0,"Censo de Población y Vivienda, cuestionario ampliado (INEGI)",Personas de 18 años o más con discapacidad,censo
distribucion,Distribución por dominio de dificultad,2020,Hombres,Con discapacidad,Yucatán,30-44,Ver,2841.0,6207.0,1464.0,"Censo de Población y Vivienda, cuestionario ampliado (INEGI)",Personas de 18 años o más con discapacidad,censo
distribucion,Distribución por dominio de dificultad,2020,Hombres,Con discapacidad,Yucatán,45-59,Ver,5092.0,10974.0,2356.0,"Censo de Población y Vivienda, cuestionario ampliado (INEGI)",Personas de 18 años o más con discapacidad,censo
distribucion,Distribución por dominio de dificultad,2020,Hombres,Con discapacidad,Yucatán,60+,Ver,12079.0,30468.0,7203.0,"Censo de Población y Vivienda, cuestionario ampliado (INEGI)",Personas de 18 años o más con discapacidad,censo
distribucion,Distribución por dominio de dificultad,2020,Hombres,Con discapacidad,Zacatecas,18-29,Ver,1420.0,3341.0,583.0,"Censo de Población y Vivienda, cuestionario ampliado (INEGI)",Personas de 18 años o más con discapacidad,censo
distribucion,Distribución por dominio de dificultad,2020,Hombres,Con discapacidad,Zacatecas,30-44,Ver,1846.0,4546.0,850.0,"Censo de Población y Vivienda, cuestionario ampliado (INEGI)",Personas de 18 años o más con discapacidad,censo
distribucion,Distribución por dominio de dificultad,2020,Hombres,Con discapacidad,Zacatecas,45-59,Ver,3039.0,7061.0,1404.0,"Censo de Población y Vivienda, cuestionario ampliado (INEGI)",Personas de 18 años o más con discapacidad,censo
distribucion,Distribución por dominio de dificultad,2020,Hombres,Con discapacidad,Zacatecas,60+,Ver,8437.0,21794.0,4760.0,"Censo de Población y Vivienda, cuestionario ampliado (INEGI)",Personas de 18 años o más con discapacidad,censo
distribucion,Distribución por dominio de dificultad,2020,Mujeres,Con discapacidad,Aguascalientes,18-29,Ver,2020.0,3506.0,217.0,"Censo de Población y Vivienda, cuestionario ampliado (INEGI)",Personas de 18 años o más con discapacidad,censo
distribucion,Distribución por dominio de dificultad,2020,Mujeres,Con discapacidad,Aguascalientes,30-44,Ver,2318.0,4696.0,267.0,"Censo de Población y Vivienda, cuestionario ampliado (INEGI)",Personas de 18 años o más con discapacidad,censo
distribucion,Distribución por dominio de dificultad,2020,Mujeres,Con discapacidad,Aguascalientes,45-59,Ver,4279.0,8947.0,531.0,"Censo de Población y Vivienda, cuestionario ampliado (INEGI)",Personas de 18 años o más con discapacidad,censo
distribucion,Distribución por dominio de dificultad,2020,Mujeres,Con discapacidad,Aguascalientes,60+,Ver,7221.0,18099.0,1219.0,"Censo de Población y Vivienda, cuestionario ampliado (INEGI)",Personas de 18 años o más con discapacidad,censo
distribucion,Distribución por dominio de dificultad,2020,Mujeres,Con discapacidad,Baja California,18-29,Ver,5343.0,8274.0,167.0,"Censo de Población y Vivienda, cuestionario ampliado (INEGI)",Personas de 18 años o más con discapacidad,censo
distribucion,Distribución por dominio de dificultad,2020,Mujeres,Con discapacidad,Baja California,30-44,Ver,4912.0,9732.0,201.0,"Censo de Población y Vivienda, cuestionario ampliado (INEGI)",Personas de 18 años o más con discapacidad,censo
distribucion,Distribución por dominio de dificultad,2020,Mujeres,Con discapacidad,Baja California,45-59,Ver,11000.0,20331.0,431.0,"Censo de Población y Vivienda, cuestionario ampliado (INEGI)",Personas de 18 años o más con discapacidad,censo
distribucion,Distribución por dominio de dificultad,2020,Mujeres,Con discapacidad,Baja California,60+,Ver,15425.0,41033.0,903.0,"Censo de Población y Vivienda, cuestionario ampliado (INEGI)",Personas de 18 años o más con discapacidad,censo
distribucion,Distribución por dominio de dificultad,2020,Mujeres,Con discapacidad,Baja California Sur,18-29,Ver,729.0,1222.0,72.0,"Censo de Población y Vivienda, cuestionario ampliado (INEGI)",Personas de 18 años o más con discapacidad,censo
distribucion,Distribución por dominio de dificultad,2020,Mujeres,Con discapacidad,Baja California Sur,30-44,Ver,982.0,2030.0,121.0,"Censo de Población y Vivienda, cuestionario ampliado (INEGI)",Personas de 18 años o más con discapacidad,censo
distribucion,Distribución por dominio de dificultad,2020,Mujeres,Con discapacidad,Baja California Sur,45-59,Ver,1791.0,3560.0,224.0,"Censo de Población y Vivienda, cuestionario ampliado (INEGI)",Personas de 18 años o más con discapacidad,censo
distribucion,Distribución por dominio de dificultad,2020,Mujeres,Con discapacidad,Baja California Sur,60+,Ver,3387.0,7964.0,532.0,"Censo de Población y Vivienda, cuestionario ampliado (INEGI)",Personas de 18 años o más con discapacidad,censo
distribucion,Distribución por dominio de dificultad,2020,Mujeres,Con discapacidad,Campeche,18-29,Ver,1043.0,1843.0,159.0,"Censo de Población y Vivienda, cuestionario ampliado (INEGI)",Personas de 18 años o más con discapacidad,censo
distribucion,Distribución por dominio de dificultad,2020,Mujeres,Con discapacidad,Campeche,30-44,Ver,1480.0,3226.0,253.0,"Censo de Población y Vivienda, cuestionario ampliado (INEGI)",Personas de 18 años o más con discapacidad,censo
distribucion,Distribución por dominio de dificultad,2020,Mujeres,Con discapacidad,Campeche,45-59,Ver,3290.0,6312.0,499.0,"Censo de Población y Vivienda, cuestionario ampliado (INEGI)",Personas de 18 años o más con discapacidad,censo
distribucion,Distribución por dominio de dificultad,2020,Mujeres,Con discapacidad,Campeche,60+,Ver,6083.0,13958.0,1200.0,"Censo de Población y Vivienda, cuestionario ampliado (INEGI)",Personas de 18 años o más con discapacidad,censo
distribucion,Distribución por dominio de dificultad,2020,Mujeres,Con discapacidad,Chiapas,18-29,Ver,2770.0,7278.0,1544.0,"Censo de Población y Vivienda, cuestionario ampliado (INEGI)",Personas de 18 años o más con discapacidad,censo
distribucion,Distribución por dominio de dificultad,2020,Mujeres,Con discapacidad,Chiapas,30-44,Ver,4079.0,10596.0,2212.0,"Censo de Población y Vivienda, cuestionario ampliado (INEGI)",Personas de 18 años o más con discapacidad,censo
distribucion,Distribución por dominio de dificultad,2020,Mujeres,Con discapacidad,Chiapas,45-59,Ver,11460.0,22210.0,4219.0,"Censo de Población y Vivienda, cuestionario ampliado (INEGI)",Personas de 18 años o más con discapacidad,censo
distribucion,Distribución por dominio de dificultad,2020,Mujeres,Con discapacidad,Chiapas,60+,Ver,26691.0,54873.0,11188.0,"Censo de Población y Vivienda, cuestionario ampliado (INEGI)",Personas de 18 años o más con discapacidad,censo
distribucion,Distribución por dominio de dificultad,2020,Mujeres,Con discapacidad,Chihuahua,18-29,Ver,2649.0,5126.0,445.0,"Censo de Población y Vivienda, cuestionario ampliado (INEGI)",Personas de 18 años o más con discapacidad,censo
distribucion,Distribución por dominio de dificultad,2020,Mujeres,Con discapacidad,Chihuahua,30-44,Ver,3630.0,7681.0,613.0,"Censo de Población y Vivienda, cuestionario ampliado (INEGI)",Personas de 18 años o más con discapacidad,censo
distribucion,Distribución por dominio de dificultad,2020,Mujeres,Con discapacidad,Chihuahua,45-59,Ver,7528.0,16252.0,1366.0,"Censo de Población y Vivienda, cuestionario ampliado (INEGI)",Personas de 18 años o más con discapacidad,censo
distribucion,Distribución por dominio de dificultad,2020,Mujeres,Con discapacidad,Chihuahua,60+,Ver,18839.0,49111.0,4786.0,"Censo de Población y Vivienda, cuestionario ampliado (INEGI)",Personas de 18 años o más con discapacidad,censo
distribucion,Distribución por dominio de dificultad,2020,Mujeres,Con discapacidad,Ciudad de México,18-29,Ver,11294.0,17464.0,550.0,"Censo de Población y Vivienda, cuestionario ampliado (INEGI)",Personas de 18 años o más con discapacidad,censo
distribucion,Distribución por dominio de dificultad,2020,Mujeres,Con discapacidad,Ciudad de México,30-44,Ver,12441.0,22651.0,728.0,"Censo de Población y Vivienda, cuestionario ampliado (INEGI)",Personas de 18 años o más con discapacidad,censo
distribucion,Distribución por dominio de dificultad,2020,Mujeres,Con discapacidad,Ciudad de México,45-59,Ver,25487.0,53090.0,1623.0,"Censo de Población y Vivienda, cuestionario ampliado (INEGI)",Personas de 18 años o más con discapacidad,censo
distribucion,Distribución por dominio de dificultad,2020,Mujeres,Con discapacidad,Ciudad de México,60+,Ver,60790.0,165757.0,4812.0,"Censo de Población y Vivienda, cuestionario ampliado (INEGI)",Personas de 18 años o más con discapacidad,censo
distribucion,Distribución por dominio de dificultad,2020,Mujeres,Con discapacidad,Coahuila,18-29,Ver,2743.0,4815.0,385.0,"Censo de Población y Vivienda, cuestionario ampliado (INEGI)",Personas de 18 años o más con discapacidad,censo
distribucion,Distribución por dominio de dificultad,2020,Mujeres,Con discapacidad,Coahuila,30-44,Ver,2479.0,5170.0,456.0,"Censo de Población y Vivienda, cuestionario ampliado (INEGI)",Personas de 18 años o más con discapacidad,censo
distribucion,Distribución por dominio de dificultad,2020,Mujeres,Con discapacidad,Coahuila,45-59,Ver,6230.0,12672.0,1134.0,"Censo de Población y Vivienda, cuestionario ampliado (INEGI)",Personas de 18 años o más con discapacidad,censo
distribucion,Distribución por dominio de dificultad,2020,Mujeres,Con discapacidad,Coahuila,60+,Ver,13480.0,32709.0,2815.0,"Censo de Población y Vivienda, cuestionario ampliado (INEGI)",Personas de 18 años o más con discapacidad,censo
distribucion,Distribución por dominio de dificultad,2020,Mujeres,Con discapacidad,Colima,18-29,Ver,614.0,1257.0,106.0,"Censo de Población y Vivienda, cuestionario ampliado (INEGI)",Personas de 18 años o más con discapacidad,censo
distribucion,Distribución por dominio de dificultad,2020,Mujeres,Con discapacidad,Colima,30-44,Ver,1080.0,1889.0,155.0,"Censo de Población y Vivienda, cuestionario ampliado (INEGI)",Personas de 18 años o más con discapacidad,censo
distribucion,Distribución por dominio de dificultad,2020,Mujeres,Con discapacidad,Colima,45-59,Ver,2155.0,4341.0,364.0,"Censo de Población y Vivienda, cuestionario ampliado (INEGI)",Personas de 18 años o más con discapacidad,censo
distribucion,Distribución por dominio de dificultad,2020,Mujeres,Con discapacidad,Colima,60+,Ver,4502.0,10575.0,1008.0,"Censo de Población y Vivienda, cuestionario ampliado (INEGI)",Personas de 18 años o más con discapacidad,censo
distribucion,Distribución por dominio de dificultad,2020,Mujeres,Con discapacidad,Durango,18-29,Ver,1986.0,3464.0,459.0,"Censo de Población y Vivienda, cuestionario ampliado (INEGI)",Personas de 18 años o más con discapacidad,censo
distribucion,Distribución por dominio de dificultad,2020,Mujeres,Con discapacidad,Durango,30-44,Ver,2081.0,4402.0,638.0,"Censo de Población y Vivienda, cuestionario ampliado (INEGI)",Personas de 18 años o más con discapacidad,censo
distribucion,Distribución por dominio de dificultad,2020,Mujeres,Con discapacidad,Durango,45-59,Ver,4642.0,9358.0,1328.0,"Censo de Población y Vivienda, cuestionario ampliado (INEGI)",Personas de 18 años o más con discapacidad,censo
distribucion,Distribución por dominio de dificultad,2020,Mujeres,Con discapacidad,Durango,60+,Ver,10174.0,25741.0,4075.0,"Censo de Población y Vivienda, cuestionario ampliado (INEGI)",Personas de 18 años o más con discapacidad,censo
distribucion,Distribución por dominio de dificultad,2020,Mujeres,Con discapacidad,Guanajuato,18-29,Ver,6342.0,11513.0,730.0,"Censo de Población y Vivienda, cuestionario ampliado (INEGI)",Personas de 18 años o más con discapacidad,censo
distribucion,Distribución por dominio de dificultad,2020,Mujeres,Con discapacidad,Guanajuato,30-44,Ver,7427.0,15505.0,999.0,"Censo de Población y Vivienda, cuestionario ampliado (INEGI)",Personas de 18 años o más con discapacidad,censo
distribucion,Distribución por dominio de dificultad,2020,Mujeres,Con discapacidad,Guanajuato,45-59,Ver,14640.0,29945.0,1937.0,"Censo de Población y Vivienda, cuestionario ampliado (INEGI)",Personas de 18 años o más con discapacidad,censo
distribucion,Distribución por dominio de dificultad,2020,Mujeres,Con discapacidad,Guanajuato,60+,Ver,31974.0,78634.0,5980.0,"Censo de Población y Vivienda, cuestionario ampliado (INEGI)",Personas de 18 años o más con discapacidad,censo
distribucion,Distribución por dominio de dificultad,2020,Mujeres,Con discapacidad,Guerrero,18-29,Ver,2945.0,6754.0,1454.0,"Censo de Población y Vivienda, cuestionario ampliado (INEGI)",Personas de 18 años o más con discapacidad,censo
distribucion,Distribución por dominio de dificultad,2020,Mujeres,Con discapacidad,Guerrero,30-44,Ver,4321.0,9595.0,2081.0,"Censo de Población y Vivienda, cuestionario ampliado (INEGI)",Personas de 18 años o más con discapacidad,censo
distribucion,Distribución por dominio de dificultad,2020,Mujeres,Con discapacidad,Guerrero,45-59,Ver,9425.0,20441.0,4163.0,"Censo de Población y Vivienda, cuestionario ampliado (INEGI)",Personas de 18 años o más con discapacidad,censo
distribucion,Distribución por dominio de dificultad,2020,Mujeres,Con discapacidad,Guerrero,60+,Ver,27462.0,63558.0,12862.0,"Censo de Población y Vivienda, cuestionario ampliado (INEGI)",Personas de 18 años o más con discapacidad,censo
distribucion,Distribución por dominio de dificultad,2020,Mujeres,Con discapacidad,Hidalgo,18-29,Ver,3282.0,6022.0,946.0,"Censo de Población y Vivienda, cuestionario ampliado (INEGI)",Personas de 18 años o más con discapacidad,censo
distribucion,Distribución por dominio de dificultad,2020,Mujeres,Con discapacidad,Hidalgo,30-44,Ver,4648.0,9341.0,1480.0,"Censo de Población y Vivienda, cuestionario ampliado (INEGI)",Personas de 18 años o más con discapacidad,censo
distribucion,Distribución por dominio de dificultad,2020,Mujeres,Con discapacidad,Hidalgo,45-59,Ver,8191.0,16418.0,2693.0,"Censo de Población y Vivienda, cuestionario ampliado (INEGI)",Personas de 18 años o más con discapacidad,censo
distribucion,Distribución por dominio de dificultad,2020,Mujeres,Con discapacidad,Hidalgo,60+,Ver,20141.0,46197.0,8310.0,"Censo de Población y Vivienda, cuestionario ampliado (INEGI)",Personas de 18 años o más con discapacidad,censo
distribucion,Distribución por dominio de dificultad,2020,Mujeres,Con discapacidad,Jalisco,18-29,Ver,6807.0,12293.0,1268.0,"Censo de Población y Vivienda, cuestionario ampliado (INEGI)",Personas de 18 años o más con discapacidad,censo
distribucion,Distribución por dominio de dificultad,2020,Mujeres,Con discapacidad,Jalisco,30-44,Ver,6905.0,17416.0,1854.0,"Censo de Población y Vivienda, cuestionario ampliado (INEGI)",Personas de 18 años o más con discapacidad,censo
distribucion,Distribución por dominio de dificultad,2020,Mujeres,Con discapacidad,Jalisco,45-59,Ver,18853.0,39239.0,3938.0,"Censo de Población y Vivienda, cuestionario ampliado (INEGI)",Personas de 18 años o más con discapacidad,censo
distribucion,Distribución por dominio de dificultad,2020,Mujeres,Con discapacidad,Jalisco,60+,Ver,43476.0,114952.0,12376.0,"Censo de Población y Vivienda, cuestionario ampliado (INEGI)",Personas de 18 años o más con discapacidad,censo
distribucion,Distribución por dominio de dificultad,2020,Mujeres,Con discapacidad,Michoacán,18-29,Ver,4814.0,8783.0,1202.0,"Censo de Población y Vivienda, cuestionario ampliado (INEGI)",Personas de 18 años o más con discapacidad,censo
distribucion,Distribución por dominio de dificultad,2020,Mujeres,Con discapacidad,Michoacán,30-44,Ver,5789.0,12461.0,1835.0,"Censo de Población y Vivienda, cuestionario ampliado (INEGI)",Personas de 18 años o más con discapacidad,censo
distribucion,Distribución por dominio de dificultad,2020,Mujeres,Con discapacidad,Michoacán,45-59,Ver,12674.0,24334.0,3855.0,"Censo de Población y Vivienda, cuestionario ampliado (INEGI)",Personas de 18 años o más con discapacidad,censo
distribucion,Distribución por dominio de dificultad,2020,Mujeres,Con discapacidad,Michoacán,60+,Ver,31648.0,76684.0,12845.0,"Censo de Población y Vivienda, cuestionario ampliado (INEGI)",Personas de 18 años o más con discapacidad,censo
distribucion,Distribución por dominio de dificultad,2020,Mujeres,Con discapacidad,Morelos,18-29,Ver,1994.0,3675.0,425.0,"Censo de Población y Vivienda, cuestionario ampliado (INEGI)",Personas de 18 años o más con discapacidad,censo
distribucion,Distribución por dominio de dificultad,2020,Mujeres,Con discapacidad,Morelos,30-44,Ver,2565.0,5276.0,602.0,"Censo de Población y Vivienda, cuestionario ampliado (INEGI)",Personas de 18 años o más con discapacidad,censo
distribucion,Distribución por dominio de dificultad,2020,Mujeres,Con discapacidad,Morelos,45-59,Ver,5857.0,11197.0,1326.0,"Censo de Población y Vivienda, cuestionario ampliado (INEGI)",Personas de 18 años o más con discapacidad,censo
distribucion,Distribución por dominio de dificultad,2020,Mujeres,Con discapacidad,Morelos,60+,Ver,13057.0,31334.0,3700.0,"Censo de Población y Vivienda, cuestionario ampliado (INEGI)",Personas de 18 años o más con discapacidad,censo
distribucion,Distribución por dominio de dificultad,2020,Mujeres,Con discapacidad,México,18-29,Ver,18782.0,29632.0,2085.0,"Censo de Población y Vivienda, cuestionario ampliado (INEGI)",Personas de 18 años o más con discapacidad,censo
distribucion,Distribución por dominio de dificultad,2020,Mujeres,Con discapacidad,México,30-44,Ver,21577.0,40067.0,2807.0,"Censo de Población y Vivienda, cuestionario ampliado (INEGI)",Personas de 18 años o más con discapacidad,censo
distribucion,Distribución por dominio de dificultad,2020,Mujeres,Con discapacidad,México,45-59,Ver,43243.0,80658.0,5498.0,"Censo de Población y Vivienda, cuestionario ampliado (INEGI)",Personas de 18 años o más con discapacidad,censo
distribucion,Distribución por dominio de dificultad,2020,Mujeres,Con discapacidad,México,60+,Ver,85822.0,193790.0,13467.0,"Censo de Población y Vivienda, cuestionario ampliado (INEGI)",Personas de 18 años o más con discapacidad,censo
distribucion,Distribución por dominio de dificultad,2020,Mujeres,Con discapacidad,Nayarit,18-29,Ver,1446.0,2480.0,315.0,"Censo de Población y Vivienda, cuestionario ampliado (INEGI)",Personas de 18 años o más con discapacidad,censo
distribucion,Distribución por dominio de dificultad,2020,Mujeres,Con discapacidad,Nayarit,30-44,Ver,1523.0,3190.0,432.0,"Censo de Población y Vivienda, cuestionario ampliado (INEGI)",Personas de 18 años o más con discapacidad,censo
distribucion,Distribución por dominio de dificultad,2020,Mujeres,Con discapacidad,Nayarit,45-59,Ver,2766.0,6120.0,873.0,"Censo de Población y Vivienda, cuestionario ampliado (INEGI)",Personas de 18 años o más con discapacidad,censo
distribucion,Distribución por dominio de dificultad,2020,Mujeres,Con discapacidad,Nayarit,60+,Ver,7404.0,19117.0,2673.0,"Censo de Población y Vivienda, cuestionario ampliado (INEGI)",Personas de 18 años o más con discapacidad,censo
distribucion,Distribución por dominio de dificultad,2020,Mujeres,Con discapacidad,Nuevo León,18-29,Ver,6253.0,8856.0,561.0,"Censo de Población y Vivienda, cuestionario ampliado (INEGI)",Personas de 18 años o más con discapacidad,censo
distribucion,Distribución por dominio de dificultad,2020,Mujeres,Con discapacidad,Nuevo León,30-44,Ver,5226.0,9407.0,657.0,"Censo de Población y Vivienda, cuestionario ampliado (INEGI)",Personas de 18 años o más con discapacidad,censo
distribucion,Distribución por dominio de dificultad,2020,Mujeres,Con discapacidad,Nuevo León,45-59,Ver,11171.0,20549.0,1375.0,"Censo de Población y Vivienda, cuestionario ampliado (INEGI)",Personas de 18 años o más con discapacidad,censo
distribucion,Distribución por dominio de dificultad,2020,Mujeres,Con discapacidad,Nuevo León,60+,Ver,23135.0,58677.0,3869.0,"Censo de Población y Vivienda, cuestionario ampliado (INEGI)",Personas de 18 años o más con discapacidad,censo
distribucion,Distribución por dominio de dificultad,2020,Mujeres,Con discapacidad,Oaxaca,18-29,Ver,4030.0,8385.0,4213.0,"Censo de Población y Vivienda, cuestionario ampliado (INEGI)",Personas de 18 años o más con discapacidad,censo
distribucion,Distribución por dominio de dificultad,2020,Mujeres,Con discapacidad,Oaxaca,30-44,Ver,5801.0,13259.0,6389.0,"Censo de Población y Vivienda, cuestionario ampliado (INEGI)",Personas de 18 años o más con discapacidad,censo
distribucion,Distribución por dominio de dificultad,2020,Mujeres,Con discapacidad,Oaxaca,45-59,Ver,13770.0,26339.0,12854.0,"Censo de Población y Vivienda, cuestionario ampliado (INEGI)",Personas de 18 años o más con discapacidad,censo
distribucion,Distribución por dominio de dificultad,2020,Mujeres,Con discapacidad,Oaxaca,60+,Ver,37003.0,79019.0,41760.0,"Censo de Población y Vivienda, cuestionario ampliado (INEGI)",Personas de 18 años o más con discapacidad,censo
distribucion,Distribución por dominio de dificultad,2020,Mujeres,Con discapacidad,Puebla,18-29,Ver,6905.0,11486.0,2420.0,"Censo de Población y Vivienda, cuestionario ampliado (INEGI)",Personas de 18 años o más con discapacidad,censo
distribucion,Distribución por dominio de dificultad,2020,Mujeres,Con discapacidad,Puebla,30-44,Ver,6870.0,15867.0,3375.0,"Censo de Población y Vivienda, cuestionario ampliado (INEGI)",Personas de 18 años o más con discapacidad,censo
distribucion,Distribución por dominio de dificultad,2020,Mujeres,Con discapacidad,Puebla,45-59,Ver,12320.0,27458.0,6111.0,"Censo de Población y Vivienda, cuestionario ampliado (INEGI)",Personas de 18 años o más con discapacidad,censo
distribucion,Distribución por dominio de dificultad,2020,Mujeres,Con discapacidad,Puebla,60+,Ver,37110.0,85414.0,20397.0,"Censo de Población y Vivienda, cuestionario ampliado (INEGI)",Personas de 18 años o más con discapacidad,censo
distribucion,Distribución por dominio de dificultad,2020,Mujeres,Con discapacidad,Querétaro,18-29,Ver,2191.0,3752.0,266.0,"Censo de Población y Vivienda, cuestionario ampliado (INEGI)",Personas de 18 años o más con discapacidad,censo
distribucion,Distribución por dominio de dificultad,2020,Mujeres,Con discapacidad,Querétaro,30-44,Ver,1811.0,4522.0,336.0,"Censo de Población y Vivienda, cuestionario ampliado (INEGI)",Personas de 18 años o más con discapacidad,censo
distribucion,Distribución por dominio de dificultad,2020,Mujeres,Con discapacidad,Querétaro,45-59,Ver,4872.0,9722.0,655.0,"Censo de Población y Vivienda, cuestionario ampliado (INEGI)",Personas de 18 años o más con discapacidad,censo
distribucion,Distribución por dominio de dificultad,2020,Mujeres,Con discapacidad,Querétaro,60+,Ver,10652.0,25287.0,1949.0,"Censo de Población y Vivienda, cuestionario ampliado (INEGI)",Personas de 18 años o más con discapacidad,censo
distribucion,Distribución por dominio de dificultad,2020,Mujeres,Con discapacidad,Quintana Roo,18-29,Ver,2448.0,4273.0,162.0,"Censo de Población y Vivienda, cuestionario ampliado (INEGI)",Personas de 18 años o más con discapacidad,censo
distribucion,Distribución por dominio de dificultad,2020,Mujeres,Con discapacidad,Quintana Roo,30-44,Ver,1901.0,3877.0,186.0,"Censo de Población y Vivienda, cuestionario ampliado (INEGI)",Personas de 18 años o más con discapacidad,censo
distribucion,Distribución por dominio de dificultad,2020,Mujeres,Con discapacidad,Quintana Roo,45-59,Ver,3962.0,7981.0,328.0,"Censo de Población y Vivienda, cuestionario ampliado (INEGI)",Personas de 18 años o más con discapacidad,censo
distribucion,Distribución por dominio de dificultad,2020,Mujeres,Con discapacidad,Quintana Roo,60+,Ver,5147.0,10406.0,579.0,"Censo de Población y Vivienda, cuestionario ampliado (INEGI)",Personas de 18 años o más con discapacidad,censo
distribucion,Distribución por dominio de dificultad,2020,Mujeres,Con discapacidad,San Luis Potosí,18-29,Ver,2562.0,4834.0,649.0,"Censo de Población y Vivienda, cuestionario ampliado (INEGI)",Personas de 18 años o más con discapacidad,censo
distribucion,Distribución por dominio de dificultad,2020,Mujeres,Con discapacidad,San Luis Potosí,30-44,Ver,2829.0,6746.0,869.0,"Censo de Población y Vivienda, cuestionario ampliado (INEGI)",Personas de 18 años o más con discapacidad,censo
distribucion,Distribución por dominio de dificultad,2020,Mujeres,Con discapacidad,San Luis Potosí,45-59,Ver,6342.0,12861.0,1877.0,"Censo de Población y Vivienda, cuestionario ampliado (INEGI)",Personas de 18 años o más con discapacidad,censo
distribucion,Distribución por dominio de dificultad,2020,Mujeres,Con discapacidad,San Luis Potosí,60+,Ver,17130.0,41201.0,6317.0,"Censo de Población y Vivienda, cuestionario ampliado (INEGI)",Personas de 18 años o más con discapacidad,censo
distribucion,Distribución por dominio de dificultad,2020,Mujeres,Con discapacidad,Sinaloa,18-29,Ver,2339.0,4942.0,285.0,"Censo de Población y Vivienda, cuestionario ampliado (INEGI)",Personas de 18 años o más con discapacidad,censo
distribucion,Distribución por dominio de dificultad,2020,Mujeres,Con discapacidad,Sinaloa,30-44,Ver,2764.0,6985.0,413.0,"Censo de Población y Vivienda, cuestionario ampliado (INEGI)",Personas de 18 años o más con discapacidad,censo
distribucion,Distribución por dominio de dificultad,2020,Mujeres,Con discapacidad,Sinaloa,45-59,Ver,7270.0,15730.0,915.0,"Censo de Población y Vivienda, cuestionario ampliado (INEGI)",Personas de 18 años o más con discapacidad,censo
distribucion,Distribución por dominio de dificultad,2020,Mujeres,Con discapacidad,Sinaloa,60+,Ver,18132.0,46790.0,2762.0,"Censo de Población y Vivienda, cuestionario ampliado (INEGI)",Personas de 18 años o más con discapacidad,censo
distribucion,Distribución por dominio de dificultad,2020,Mujeres,Con discapacidad,Sonora,18-29,Ver,3614.0,5553.0,510.0,"Censo de Población y Vivienda, cuestionario ampliado (INEGI)",Personas de 18 años o más con discapacidad,censo
distribucion,Distribución por dominio de dificultad,2020,Mujeres,Con discapacidad,Sonora,30-44,Ver,3454.0,7180.0,630.0,"Censo de Población y Vivienda, cuestionario ampliado (INEGI)",Personas de 18 años o más con discapacidad,censo
distribucion,Distribución por dominio de dificultad,2020,Mujeres,Con discapacidad,Sonora,45-59,Ver,8218.0,16085.0,1612.0,"Censo de Población y Vivienda, cuestionario ampliado (INEGI)",Personas de 18 años o más con discapacidad,censo
distribucion,Distribución por dominio de dificultad,2020,Mujeres,Con discapacidad,Sonora,60+,Ver,16917.0,40252.0,4506.0,"Censo de Población y Vivienda, cuestionario ampliado (INEGI)",Personas de 18 años o más con discapacidad,censo
distribucion,Distribución por dominio de dificultad,2020,Mujeres,Con discapacidad,Tabasco,18-29,Ver,3064.0,5731.0,338.0,"Censo de Población y Vivienda, cuestionario ampliado (INEGI)",Personas de 18 años o más con discapacidad,censo
distribucion,Distribución por dominio de dificultad,2020,Mujeres,Con discapacidad,Tabasco,30-44,Ver,3709.0,7812.0,471.0,"Censo de Población y Vivienda, cuestionario ampliado (INEGI)",Personas de 18 años o más con discapacidad,censo
distribucion,Distribución por dominio de dificultad,2020,Mujeres,Con discapacidad,Tabasco,45-59,Ver,10058.0,17157.0,1085.0,"Censo de Población y Vivienda, cuestionario ampliado (INEGI)",Personas de 18 años o más con discapacidad,censo
distribucion,Distribución por dominio de dificultad,2020,Mujeres,Con discapacidad,Tabasco,60+,Ver,18836.0,38455.0,2646.0,"Censo de Población y Vivienda, cuestionario ampliado (INEGI)",Personas de 18 años o más con discapacidad,censo
distribucion,Distribución por dominio de dificultad,2020,Mujeres,Con discapacidad,Tamaulipas,18-29,Ver,2609.0,4736.0,302.0,"Censo de Población y Vivienda, cuestionario ampliado (INEGI)",Personas de 18 años o más con discapacidad,censo
distribucion,Distribución por dominio de dificultad,2020,Mujeres,Con discapacidad,Tamaulipas,30-44,Ver,3541.0,7450.0,507.0,"Censo de Población y Vivienda, cuestionario ampliado (INEGI)",Personas de 18 años o más con discapacidad,censo
distribucion,Distribución por dominio de dificultad,2020,Mujeres,Con discapacidad,Tamaulipas,45-59,Ver,9916.0,19450.0,1347.0,"Censo de Población y Vivienda, cuestionario ampliado (INEGI)",Personas de 18 años o más con discapacidad,censo
distribucion,Distribución por dominio de dificultad,2020,Mujeres,Con discapacidad,Tamaulipas,60+,Ver,20739.0,48814.0,3975.0,"Censo de Población y Vivienda, cuestionario ampliado (INEGI)",Personas de 18 años o más con discapacidad,censo
distribucion,Distribución por dominio de dificultad,2020,Mujeres,Con discapacidad,Tlaxcala,18-29,Ver,1366.0,2216.0,549.0,"Censo de Población y Vivienda, cuestionario ampliado (INEGI)",Personas de 18 años o más con discapacidad,censo
distribucion,Distribución por dominio de dificultad,2020,Mujeres,Con discapacidad,Tlaxcala,30-44,Ver,1791.0,3094.0,734.0,"Censo de Población y Vivienda, cuestionario ampliado (INEGI)",Personas de 18 años o más con discapacidad,censo
distribucion,Distribución por dominio de dificultad,2020,Mujeres,Con discapacidad,Tlaxcala,45-59,Ver,3129.0,5511.0,1372.0,"Censo de Población y Vivienda, cuestionario ampliado (INEGI)",Personas de 18 años o más con discapacidad,censo
distribucion,Distribución por dominio de dificultad,2020,Mujeres,Con discapacidad,Tlaxcala,60+,Ver,6764.0,15298.0,3793.0,"Censo de Población y Vivienda, cuestionario ampliado (INEGI)",Personas de 18 años o más con discapacidad,censo
distribucion,Distribución por dominio de dificultad,2020,Mujeres,Con discapacidad,Veracruz,18-29,Ver,6342.0,13567.0,2429.0,"Censo de Población y Vivienda, cuestionario ampliado (INEGI)",Personas de 18 años o más con discapacidad,censo
distribucion,Distribución por dominio de dificultad,2020,Mujeres,Con discapacidad,Veracruz,30-44,Ver,8931.0,20792.0,3754.0,"Censo de Población y Vivienda, cuestionario ampliado (INEGI)",Personas de 18 años o más con discapacidad,censo
distribucion,Distribución por dominio de dificultad,2020,Mujeres,Con discapacidad,Veracruz,45-59,Ver,25887.0,47807.0,8255.0,"Censo de Población y Vivienda, cuestionario ampliado (INEGI)",Personas de 18 años o más con discapacidad,censo
distribucion,Distribución por dominio de dificultad,2020,Mujeres,Con discapacidad,Veracruz,60+,Ver,64160.0,137828.0,22413.0,"Censo de Población y Vivienda, cuestionario ampliado (INEGI)",Personas de 18 años o más con discapacidad,censo
distribucion,Distribución por dominio de dificultad,2020,Mujeres,Con discapacidad,Yucatán,18-29,Ver,3025.0,4797.0,823.0,"Censo de Población y Vivienda, cuestionario ampliado (INEGI)",Personas de 18 años o más con discapacidad,censo
distribucion,Distribución por dominio de dificultad,2020,Mujeres,Con discapacidad,Yucatán,30-44,Ver,3175.0,6343.0,1272.0,"Censo de Población y Vivienda, cuestionario ampliado (INEGI)",Personas de 18 años o más con discapacidad,censo
distribucion,Distribución por dominio de dificultad,2020,Mujeres,Con discapacidad,Yucatán,45-59,Ver,7027.0,13921.0,2733.0,"Censo de Población y Vivienda, cuestionario ampliado (INEGI)",Personas de 18 años o más con discapacidad,censo
distribucion,Distribución por dominio de dificultad,2020,Mujeres,Con discapacidad,Yucatán,60+,Ver,15845.0,37588.0,7493.0,"Censo de Población y Vivienda, cuestionario ampliado (INEGI)",Personas de 18 años o más con discapacidad,censo
distribucion,Distribución por dominio de dificultad,2020,Mujeres,Con discapacidad,Zacatecas,18-29,Ver,2078.0,3326.0,621.0,"Censo de Población y Vivienda, cuestionario ampliado (INEGI)",Personas de 18 años o más con discapacidad,censo
distribucion,Distribución por dominio de dificultad,2020,Mujeres,Con discapacidad,Zacatecas,30-44,Ver,2102.0,4141.0,813.0,"Censo de Población y Vivienda, cuestionario ampliado (INEGI)",Personas de 18 años o más con discapacidad,censo
distribucion,Distribución por dominio de dificultad,2020,Mujeres,Con discapacidad,Zacatecas,45-59,Ver,4492.0,9235.0,1705.0,"Censo de Población y Vivienda, cuestionario ampliado (INEGI)",Personas de 18 años o más con discapacidad,censo
distribucion,Distribución por dominio de dificultad,2020,Mujeres,Con discapacidad,Zacatecas,60+,Ver,10392.0,26281.0,5519.0,"Censo de Población y Vivienda, cuestionario ampliado (INEGI)",Personas de 18 años o más con discapacidad,censo
distribucion,Distribución por dominio de dificultad,2020,Hombres,Con discapacidad,Aguascalientes,18-29,Oír,368.0,3461.0,208.0,"Censo de Población y Vivienda, cuestionario ampliado (INEGI)",Personas de 18 años o más con discapacidad,censo
distribucion,Distribución por dominio de dificultad,2020,Hombres,Con discapacidad,Aguascalientes,30-44,Oír,724.0,5243.0,322.0,"Censo de Población y Vivienda, cuestionario ampliado (INEGI)",Personas de 18 años o más con discapacidad,censo
distribucion,Distribución por dominio de dificultad,2020,Hombres,Con discapacidad,Aguascalientes,45-59,Oír,1345.0,6333.0,459.0,"Censo de Población y Vivienda, cuestionario ampliado (INEGI)",Personas de 18 años o más con discapacidad,censo
distribucion,Distribución por dominio de dificultad,2020,Hombres,Con discapacidad,Aguascalientes,60+,Oír,3533.0,13270.0,995.0,"Censo de Población y Vivienda, cuestionario ampliado (INEGI)",Personas de 18 años o más con discapacidad,censo
distribucion,Distribución por dominio de dificultad,2020,Hombres,Con discapacidad,Baja California,18-29,Oír,528.0,8010.0,170.0,"Censo de Población y Vivienda, cuestionario ampliado (INEGI)",Personas de 18 años o más con discapacidad,censo
distribucion,Distribución por dominio de dificultad,2020,Hombres,Con discapacidad,Baja California,30-44,Oír,1192.0,9875.0,205.0,"Censo de Población y Vivienda, cuestionario ampliado (INEGI)",Personas de 18 años o más con discapacidad,censo
distribucion,Distribución por dominio de dificultad,2020,Hombres,Con discapacidad,Baja California,45-59,Oír,2051.0,15222.0,352.0,"Censo de Población y Vivienda, cuestionario ampliado (INEGI)",Personas de 18 años o más con discapacidad,censo
distribucion,Distribución por dominio de dificultad,2020,Hombres,Con discapacidad,Baja California,60+,Oír,7886.0,29937.0,653.0,"Censo de Población y Vivienda, cuestionario ampliado (INEGI)",Personas de 18 años o más con discapacidad,censo
distribucion,Distribución por dominio de dificultad,2020,Hombres,Con discapacidad,Baja California Sur,18-29,Oír,210.0,1233.0,71.0,"Censo de Población y Vivienda, cuestionario ampliado (INEGI)",Personas de 18 años o más con discapacidad,censo
distribucion,Distribución por dominio de dificultad,2020,Hombres,Con discapacidad,Baja California Sur,30-44,Oír,345.0,1996.0,121.0,"Censo de Población y Vivienda, cuestionario ampliado (INEGI)",Personas de 18 años o más con discapacidad,censo
distribucion,Distribución por dominio de dificultad,2020,Hombres,Con discapacidad,Baja California Sur,45-59,Oír,570.0,3105.0,190.0,"Censo de Población y Vivienda, cuestionario ampliado (INEGI)",Personas de 18 años o más con discapacidad,censo
distribucion,Distribución por dominio de dificultad,2020,Hombres,Con discapacidad,Baja California Sur,60+,Oír,1527.0,6334.0,415.0,"Censo de Población y Vivienda, cuestionario ampliado (INEGI)",Personas de 18 años o más con discapacidad,censo
distribucion,Distribución por dominio de dificultad,2020,Hombres,Con discapacidad,Campeche,18-29,Oír,459.0,2019.0,169.0,"Censo de Población y Vivienda, cuestionario ampliado (INEGI)",Personas de 18 años o más con discapacidad,censo
distribucion,Distribución por dominio de dificultad,2020,Hombres,Con discapacidad,Campeche,30-44,Oír,358.0,2332.0,231.0,"Censo de Población y Vivienda, cuestionario ampliado (INEGI)",Personas de 18 años o más con discapacidad,censo
distribucion,Distribución por dominio de dificultad,2020,Hombres,Con discapacidad,Campeche,45-59,Oír,881.0,4824.0,419.0,"Censo de Población y Vivienda, cuestionario ampliado (INEGI)",Personas de 18 años o más con discapacidad,censo
distribucion,Distribución por dominio de dificultad,2020,Hombres,Con discapacidad,Campeche,60+,Oír,3643.0,11431.0,1095.0,"Censo de Población y Vivienda, cuestionario ampliado (INEGI)",Personas de 18 años o más con discapacidad,censo
distribucion,Distribución por dominio de dificultad,2020,Hombres,Con discapacidad,Chiapas,18-29,Oír,2103.0,8941.0,1932.0,"Censo de Población y Vivienda, cuestionario ampliado (INEGI)",Personas de 18 años o más con discapacidad,censo
distribucion,Distribución por dominio de dificultad,2020,Hombres,Con discapacidad,Chiapas,30-44,Oír,2001.0,11129.0,2363.0,"Censo de Población y Vivienda, cuestionario ampliado (INEGI)",Personas de 18 años o más con discapacidad,censo
distribucion,Distribución por dominio de dificultad,2020,Hombres,Con discapacidad,Chiapas,45-59,Oír,2990.0,17642.0,3450.0,"Censo de Población y Vivienda, cuestionario ampliado (INEGI)",Personas de 18 años o más con discapacidad,censo
distribucion,Distribución por dominio de dificultad,2020,Hombres,Con discapacidad,Chiapas,60+,Oír,18102.0,49681.0,10325.0,"Censo de Población y Vivienda, cuestionario ampliado (INEGI)",Personas de 18 años o más con discapacidad,censo
distribucion,Distribución por dominio de dificultad,2020,Hombres,Con discapacidad,Chihuahua,18-29,Oír,712.0,6278.0,476.0,"Censo de Población y Vivienda, cuestionario ampliado (INEGI)",Personas de 18 años o más con discapacidad,censo
distribucion,Distribución por dominio de dificultad,2020,Hombres,Con discapacidad,Chihuahua,30-44,Oír,700.0,7379.0,701.0,"Censo de Población y Vivienda, cuestionario ampliado (INEGI)",Personas de 18 años o más con discapacidad,censo
distribucion,Distribución por dominio de dificultad,2020,Hombres,Con discapacidad,Chihuahua,45-59,Oír,2789.0,15419.0,1353.0,"Censo de Población y Vivienda, cuestionario ampliado (INEGI)",Personas de 18 años o más con discapacidad,censo
distribucion,Distribución por dominio de dificultad,2020,Hombres,Con discapacidad,Chihuahua,60+,Oír,10164.0,32345.0,4275.0,"Censo de Población y Vivienda, cuestionario ampliado (INEGI)",Personas de 18 años o más con discapacidad,censo
distribucion,Distribución por dominio de dificultad,2020,Hombres,Con discapacidad,Ciudad de México,18-29,Oír,2332.0,18282.0,547.0,"Censo de Población y Vivienda, cuestionario ampliado (INEGI)",Personas de 18 años o más con discapacidad,censo
distribucion,Distribución por dominio de dificultad,2020,Hombres,Con discapacidad,Ciudad de México,30-44,Oír,3926.0,22825.0,718.0,"Censo de Población y Vivienda, cuestionario ampliado (INEGI)",Personas de 18 años o más con discapacidad,censo
distribucion,Distribución por dominio de dificultad,2020,Hombres,Con discapacidad,Ciudad de México,45-59,Oír,8140.0,41893.0,1277.0,"Censo de Población y Vivienda, cuestionario ampliado (INEGI)",Personas de 18 años o más con discapacidad,censo
distribucion,Distribución por dominio de dificultad,2020,Hombres,Con discapacidad,Ciudad de México,60+,Oír,36196.0,103507.0,2978.0,"Censo de Población y Vivienda, cuestionario ampliado (INEGI)",Personas de 18 años o más con discapacidad,censo
distribucion,Distribución por dominio de dificultad,2020,Hombres,Con discapacidad,Coahuila,18-29,Oír,811.0,4932.0,370.0,"Censo de Población y Vivienda, cuestionario ampliado (INEGI)",Personas de 18 años o más con discapacidad,censo
distribucion,Distribución por dominio de dificultad,2020,Hombres,Con discapacidad,Coahuila,30-44,Oír,1153.0,7443.0,585.0,"Censo de Población y Vivienda, cuestionario ampliado (INEGI)",Personas de 18 años o más con discapacidad,censo
distribucion,Distribución por dominio de dificultad,2020,Hombres,Con discapacidad,Coahuila,45-59,Oír,2319.0,12133.0,1061.0,"Censo de Población y Vivienda, cuestionario ampliado (INEGI)",Personas de 18 años o más con discapacidad,censo
distribucion,Distribución por dominio de dificultad,2020,Hombres,Con discapacidad,Coahuila,60+,Oír,8539.0,27208.0,2562.0,"Censo de Población y Vivienda, cuestionario ampliado (INEGI)",Personas de 18 años o más con discapacidad,censo
distribucion,Distribución por dominio de dificultad,2020,Hombres,Con discapacidad,Colima,18-29,Oír,131.0,1195.0,120.0,"Censo de Población y Vivienda, cuestionario ampliado (INEGI)",Personas de 18 años o más con discapacidad,censo
distribucion,Distribución por dominio de dificultad,2020,Hombres,Con discapacidad,Colima,30-44,Oír,256.0,2026.0,193.0,"Censo de Población y Vivienda, cuestionario ampliado (INEGI)",Personas de 18 años o más con discapacidad,censo
distribucion,Distribución por dominio de dificultad,2020,Hombres,Con discapacidad,Colima,45-59,Oír,511.0,3275.0,311.0,"Censo de Población y Vivienda, cuestionario ampliado (INEGI)",Personas de 18 años o más con discapacidad,censo
distribucion,Distribución por dominio de dificultad,2020,Hombres,Con discapacidad,Colima,60+,Oír,2367.0,8441.0,868.0,"Censo de Población y Vivienda, cuestionario ampliado (INEGI)",Personas de 18 años o más con discapacidad,censo
distribucion,Distribución por dominio de dificultad,2020,Hombres,Con discapacidad,Durango,18-29,Oír,459.0,4148.0,525.0,"Censo de Población y Vivienda, cuestionario ampliado (INEGI)",Personas de 18 años o más con discapacidad,censo
distribucion,Distribución por dominio de dificultad,2020,Hombres,Con discapacidad,Durango,30-44,Oír,735.0,5312.0,743.0,"Censo de Población y Vivienda, cuestionario ampliado (INEGI)",Personas de 18 años o más con discapacidad,censo
distribucion,Distribución por dominio de dificultad,2020,Hombres,Con discapacidad,Durango,45-59,Oír,1153.0,7987.0,1176.0,"Censo de Población y Vivienda, cuestionario ampliado (INEGI)",Personas de 18 años o más con discapacidad,censo
distribucion,Distribución por dominio de dificultad,2020,Hombres,Con discapacidad,Durango,60+,Oír,6097.0,21066.0,3661.0,"Censo de Población y Vivienda, cuestionario ampliado (INEGI)",Personas de 18 años o más con discapacidad,censo
distribucion,Distribución por dominio de dificultad,2020,Hombres,Con discapacidad,Guanajuato,18-29,Oír,1498.0,12356.0,826.0,"Censo de Población y Vivienda, cuestionario ampliado (INEGI)",Personas de 18 años o más con discapacidad,censo
distribucion,Distribución por dominio de dificultad,2020,Hombres,Con discapacidad,Guanajuato,30-44,Oír,2153.0,16482.0,1015.0,"Censo de Población y Vivienda, cuestionario ampliado (INEGI)",Personas de 18 años o más con discapacidad,censo
distribucion,Distribución por dominio de dificultad,2020,Hombres,Con discapacidad,Guanajuato,45-59,Oír,3954.0,23789.0,1548.0,"Censo de Población y Vivienda, cuestionario ampliado (INEGI)",Personas de 18 años o más con discapacidad,censo
distribucion,Distribución por dominio de dificultad,2020,Hombres,Con discapacidad,Guanajuato,60+,Oír,17887.0,58849.0,4566.0,"Censo de Población y Vivienda, cuestionario ampliado (INEGI)",Personas de 18 años o más con discapacidad,censo
distribucion,Distribución por dominio de dificultad,2020,Hombres,Con discapacidad,Guerrero,18-29,Oír,1156.0,7064.0,1659.0,"Censo de Población y Vivienda, cuestionario ampliado (INEGI)",Personas de 18 años o más con discapacidad,censo
distribucion,Distribución por dominio de dificultad,2020,Hombres,Con discapacidad,Guerrero,30-44,Oír,1751.0,10808.0,2135.0,"Censo de Población y Vivienda, cuestionario ampliado (INEGI)",Personas de 18 años o más con discapacidad,censo
distribucion,Distribución por dominio de dificultad,2020,Hombres,Con discapacidad,Guerrero,45-59,Oír,2878.0,17388.0,3329.0,"Censo de Población y Vivienda, cuestionario ampliado (INEGI)",Personas de 18 años o más con discapacidad,censo
distribucion,Distribución por dominio de dificultad,2020,Hombres,Con discapacidad,Guerrero,60+,Oír,16602.0,50415.0,10636.0,"Censo de Población y Vivienda, cuestionario ampliado (INEGI)",Personas de 18 años o más con discapacidad,censo
distribucion,Distribución por dominio de dificultad,2020,Hombres,Con discapacidad,Hidalgo,18-29,Oír,862.0,6424.0,997.0,"Censo de Población y Vivienda, cuestionario ampliado (INEGI)",Personas de 18 años o más con discapacidad,censo
distribucion,Distribución por dominio de dificultad,2020,Hombres,Con discapacidad,Hidalgo,30-44,Oír,1159.0,7747.0,1367.0,"Censo de Población y Vivienda, cuestionario ampliado (INEGI)",Personas de 18 años o más con discapacidad,censo
distribucion,Distribución por dominio de dificultad,2020,Hombres,Con discapacidad,Hidalgo,45-59,Oír,2779.0,13990.0,2301.0,"Censo de Población y Vivienda, cuestionario ampliado (INEGI)",Personas de 18 años o más con discapacidad,censo
distribucion,Distribución por dominio de dificultad,2020,Hombres,Con discapacidad,Hidalgo,60+,Oír,13597.0,36669.0,7062.0,"Censo de Población y Vivienda, cuestionario ampliado (INEGI)",Personas de 18 años o más con discapacidad,censo
distribucion,Distribución por dominio de dificultad,2020,Hombres,Con discapacidad,Jalisco,18-29,Oír,1787.0,13492.0,1445.0,"Censo de Población y Vivienda, cuestionario ampliado (INEGI)",Personas de 18 años o más con discapacidad,censo
distribucion,Distribución por dominio de dificultad,2020,Hombres,Con discapacidad,Jalisco,30-44,Oír,2957.0,20557.0,2042.0,"Censo de Población y Vivienda, cuestionario ampliado (INEGI)",Personas de 18 años o más con discapacidad,censo
distribucion,Distribución por dominio de dificultad,2020,Hombres,Con discapacidad,Jalisco,45-59,Oír,5672.0,32987.0,3364.0,"Censo de Población y Vivienda, cuestionario ampliado (INEGI)",Personas de 18 años o más con discapacidad,censo
distribucion,Distribución por dominio de dificultad,2020,Hombres,Con discapacidad,Jalisco,60+,Oír,25207.0,82156.0,10143.0,"Censo de Población y Vivienda, cuestionario ampliado (INEGI)",Personas de 18 años o más con discapacidad,censo
distribucion,Distribución por dominio de dificultad,2020,Hombres,Con discapacidad,Michoacán,18-29,Oír,1214.0,8489.0,1346.0,"Censo de Población y Vivienda, cuestionario ampliado (INEGI)",Personas de 18 años o más con discapacidad,censo
distribucion,Distribución por dominio de dificultad,2020,Hombres,Con discapacidad,Michoacán,30-44,Oír,1758.0,12662.0,1982.0,"Censo de Población y Vivienda, cuestionario ampliado (INEGI)",Personas de 18 años o más con discapacidad,censo
distribucion,Distribución por dominio de dificultad,2020,Hombres,Con discapacidad,Michoacán,45-59,Oír,3659.0,20204.0,3252.0,"Censo de Población y Vivienda, cuestionario ampliado (INEGI)",Personas de 18 años o más con discapacidad,censo
distribucion,Distribución por dominio de dificultad,2020,Hombres,Con discapacidad,Michoacán,60+,Oír,21292.0,59611.0,10369.0,"Censo de Población y Vivienda, cuestionario ampliado (INEGI)",Personas de 18 años o más con discapacidad,censo
distribucion,Distribución por dominio de dificultad,2020,Hombres,Con discapacidad,Morelos,18-29,Oír,505.0,3472.0,451.0,"Censo de Población y Vivienda, cuestionario ampliado (INEGI)",Personas de 18 años o más con discapacidad,censo
distribucion,Distribución por dominio de dificultad,2020,Hombres,Con discapacidad,Morelos,30-44,Oír,954.0,5472.0,634.0,"Censo de Población y Vivienda, cuestionario ampliado (INEGI)",Personas de 18 años o más con discapacidad,censo
distribucion,Distribución por dominio de dificultad,2020,Hombres,Con discapacidad,Morelos,45-59,Oír,1794.0,9318.0,1109.0,"Censo de Población y Vivienda, cuestionario ampliado (INEGI)",Personas de 18 años o más con discapacidad,censo
distribucion,Distribución por dominio de dificultad,2020,Hombres,Con discapacidad,Morelos,60+,Oír,9111.0,25720.0,3142.0,"Censo de Población y Vivienda, cuestionario ampliado (INEGI)",Personas de 18 años o más con discapacidad,censo
distribucion,Distribución por dominio de dificultad,2020,Hombres,Con discapacidad,México,18-29,Oír,4283.0,32467.0,2362.0,"Censo de Población y Vivienda, cuestionario ampliado (INEGI)",Personas de 18 años o más con discapacidad,censo
distribucion,Distribución por dominio de dificultad,2020,Hombres,Con discapacidad,México,30-44,Oír,6540.0,42276.0,2932.0,"Censo de Población y Vivienda, cuestionario ampliado (INEGI)",Personas de 18 años o más con discapacidad,censo
distribucion,Distribución por dominio de dificultad,2020,Hombres,Con discapacidad,México,45-59,Oír,12604.0,69088.0,4624.0,"Censo de Población y Vivienda, cuestionario ampliado (INEGI)",Personas de 18 años o más con discapacidad,censo
distribucion,Distribución por dominio de dificultad,2020,Hombres,Con discapacidad,México,60+,Oír,51084.0,140681.0,10314.0,"Censo de Población y Vivienda, cuestionario ampliado (INEGI)",Personas de 18 años o más con discapacidad,censo
distribucion,Distribución por dominio de dificultad,2020,Hombres,Con discapacidad,Nayarit,18-29,Oír,481.0,2943.0,345.0,"Censo de Población y Vivienda, cuestionario ampliado (INEGI)",Personas de 18 años o más con discapacidad,censo
distribucion,Distribución por dominio de dificultad,2020,Hombres,Con discapacidad,Nayarit,30-44,Oír,551.0,2981.0,456.0,"Censo de Población y Vivienda, cuestionario ampliado (INEGI)",Personas de 18 años o más con discapacidad,censo
distribucion,Distribución por dominio de dificultad,2020,Hombres,Con discapacidad,Nayarit,45-59,Oír,785.0,5234.0,749.0,"Censo de Población y Vivienda, cuestionario ampliado (INEGI)",Personas de 18 años o más con discapacidad,censo
distribucion,Distribución por dominio de dificultad,2020,Hombres,Con discapacidad,Nayarit,60+,Oír,4494.0,14896.0,2231.0,"Censo de Población y Vivienda, cuestionario ampliado (INEGI)",Personas de 18 años o más con discapacidad,censo
distribucion,Distribución por dominio de dificultad,2020,Hombres,Con discapacidad,Nuevo León,18-29,Oír,1386.0,9098.0,531.0,"Censo de Población y Vivienda, cuestionario ampliado (INEGI)",Personas de 18 años o más con discapacidad,censo
distribucion,Distribución por dominio de dificultad,2020,Hombres,Con discapacidad,Nuevo León,30-44,Oír,1673.0,10415.0,674.0,"Censo de Población y Vivienda, cuestionario ampliado (INEGI)",Personas de 18 años o más con discapacidad,censo
distribucion,Distribución por dominio de dificultad,2020,Hombres,Con discapacidad,Nuevo León,45-59,Oír,3346.0,19101.0,1314.0,"Censo de Población y Vivienda, cuestionario ampliado (INEGI)",Personas de 18 años o más con discapacidad,censo
distribucion,Distribución por dominio de dificultad,2020,Hombres,Con discapacidad,Nuevo León,60+,Oír,12102.0,42986.0,3266.0,"Censo de Población y Vivienda, cuestionario ampliado (INEGI)",Personas de 18 años o más con discapacidad,censo
distribucion,Distribución por dominio de dificultad,2020,Hombres,Con discapacidad,Oaxaca,18-29,Oír,1673.0,9352.0,4698.0,"Censo de Población y Vivienda, cuestionario ampliado (INEGI)",Personas de 18 años o más con discapacidad,censo
distribucion,Distribución por dominio de dificultad,2020,Hombres,Con discapacidad,Oaxaca,30-44,Oír,2297.0,13352.0,6570.0,"Censo de Población y Vivienda, cuestionario ampliado (INEGI)",Personas de 18 años o más con discapacidad,censo
distribucion,Distribución por dominio de dificultad,2020,Hombres,Con discapacidad,Oaxaca,45-59,Oír,3557.0,20984.0,10595.0,"Censo de Población y Vivienda, cuestionario ampliado (INEGI)",Personas de 18 años o más con discapacidad,censo
distribucion,Distribución por dominio de dificultad,2020,Hombres,Con discapacidad,Oaxaca,60+,Oír,23990.0,65118.0,35153.0,"Censo de Población y Vivienda, cuestionario ampliado (INEGI)",Personas de 18 años o más con discapacidad,censo
distribucion,Distribución por dominio de dificultad,2020,Hombres,Con discapacidad,Puebla,18-29,Oír,1846.0,13898.0,2754.0,"Censo de Población y Vivienda, cuestionario ampliado (INEGI)",Personas de 18 años o más con discapacidad,censo
distribucion,Distribución por dominio de dificultad,2020,Hombres,Con discapacidad,Puebla,30-44,Oír,3287.0,15408.0,3569.0,"Censo de Población y Vivienda, cuestionario ampliado (INEGI)",Personas de 18 años o más con discapacidad,censo
distribucion,Distribución por dominio de dificultad,2020,Hombres,Con discapacidad,Puebla,45-59,Oír,4821.0,24320.0,5306.0,"Censo de Población y Vivienda, cuestionario ampliado (INEGI)",Personas de 18 años o más con discapacidad,censo
distribucion,Distribución por dominio de dificultad,2020,Hombres,Con discapacidad,Puebla,60+,Oír,23324.0,65208.0,16499.0,"Censo de Población y Vivienda, cuestionario ampliado (INEGI)",Personas de 18 años o más con discapacidad,censo
distribucion,Distribución por dominio de dificultad,2020,Hombres,Con discapacidad,Querétaro,18-29,Oír,454.0,3711.0,302.0,"Censo de Población y Vivienda, cuestionario ampliado (INEGI)",Personas de 18 años o más con discapacidad,censo
distribucion,Distribución por dominio de dificultad,2020,Hombres,Con discapacidad,Querétaro,30-44,Oír,743.0,5237.0,365.0,"Censo de Población y Vivienda, cuestionario ampliado (INEGI)",Personas de 18 años o más con discapacidad,censo
distribucion,Distribución por dominio de dificultad,2020,Hombres,Con discapacidad,Querétaro,45-59,Oír,1381.0,8548.0,572.0,"Censo de Población y Vivienda, cuestionario ampliado (INEGI)",Personas de 18 años o más con discapacidad,censo
distribucion,Distribución por dominio de dificultad,2020,Hombres,Con discapacidad,Querétaro,60+,Oír,6961.0,20519.0,1580.0,"Censo de Población y Vivienda, cuestionario ampliado (INEGI)",Personas de 18 años o más con discapacidad,censo
distribucion,Distribución por dominio de dificultad,2020,Hombres,Con discapacidad,Quintana Roo,18-29,Oír,238.0,3141.0,129.0,"Censo de Población y Vivienda, cuestionario ampliado (INEGI)",Personas de 18 años o más con discapacidad,censo
distribucion,Distribución por dominio de dificultad,2020,Hombres,Con discapacidad,Quintana Roo,30-44,Oír,597.0,4420.0,203.0,"Censo de Población y Vivienda, cuestionario ampliado (INEGI)",Personas de 18 años o más con discapacidad,censo
distribucion,Distribución por dominio de dificultad,2020,Hombres,Con discapacidad,Quintana Roo,45-59,Oír,736.0,5573.0,278.0,"Censo de Población y Vivienda, cuestionario ampliado (INEGI)",Personas de 18 años o más con discapacidad,censo
distribucion,Distribución por dominio de dificultad,2020,Hombres,Con discapacidad,Quintana Roo,60+,Oír,3322.0,10885.0,627.0,"Censo de Población y Vivienda, cuestionario ampliado (INEGI)",Personas de 18 años o más con discapacidad,censo
distribucion,Distribución por dominio de dificultad,2020,Hombres,Con discapacidad,San Luis Potosí,18-29,Oír,993.0,4768.0,720.0,"Censo de Población y Vivienda, cuestionario ampliado (INEGI)",Personas de 18 años o más con discapacidad,censo
distribucion,Distribución por dominio de dificultad,2020,Hombres,Con discapacidad,San Luis Potosí,30-44,Oír,1096.0,6817.0,1008.0,"Censo de Población y Vivienda, cuestionario ampliado (INEGI)",Personas de 18 años o más con discapacidad,censo
distribucion,Distribución por dominio de dificultad,2020,Hombres,Con discapacidad,San Luis Potosí,45-59,Oír,1552.0,11288.0,1758.0,"Censo de Población y Vivienda, cuestionario ampliado (INEGI)",Personas de 18 años o más con discapacidad,censo
distribucion,Distribución por dominio de dificultad,2020,Hombres,Con discapacidad,San Luis Potosí,60+,Oír,12818.0,34998.0,5834.0,"Censo de Población y Vivienda, cuestionario ampliado (INEGI)",Personas de 18 años o más con discapacidad,censo
distribucion,Distribución por dominio de dificultad,2020,Hombres,Con discapacidad,Sinaloa,18-29,Oír,665.0,5405.0,299.0,"Censo de Población y Vivienda, cuestionario ampliado (INEGI)",Personas de 18 años o más con discapacidad,censo
distribucion,Distribución por dominio de dificultad,2020,Hombres,Con discapacidad,Sinaloa,30-44,Oír,1009.0,7793.0,499.0,"Censo de Población y Vivienda, cuestionario ampliado (INEGI)",Personas de 18 años o más con discapacidad,censo
distribucion,Distribución por dominio de dificultad,2020,Hombres,Con discapacidad,Sinaloa,45-59,Oír,1976.0,13197.0,790.0,"Censo de Población y Vivienda, cuestionario ampliado (INEGI)",Personas de 18 años o más con discapacidad,censo
distribucion,Distribución por dominio de dificultad,2020,Hombres,Con discapacidad,Sinaloa,60+,Oír,10774.0,35296.0,2266.0,"Censo de Población y Vivienda, cuestionario ampliado (INEGI)",Personas de 18 años o más con discapacidad,censo
distribucion,Distribución por dominio de dificultad,2020,Hombres,Con discapacidad,Sonora,18-29,Oír,728.0,6167.0,514.0,"Censo de Población y Vivienda, cuestionario ampliado (INEGI)",Personas de 18 años o más con discapacidad,censo
distribucion,Distribución por dominio de dificultad,2020,Hombres,Con discapacidad,Sonora,30-44,Oír,1140.0,7395.0,679.0,"Censo de Población y Vivienda, cuestionario ampliado (INEGI)",Personas de 18 años o más con discapacidad,censo
distribucion,Distribución por dominio de dificultad,2020,Hombres,Con discapacidad,Sonora,45-59,Oír,1764.0,12111.0,1304.0,"Censo de Población y Vivienda, cuestionario ampliado (INEGI)",Personas de 18 años o más con discapacidad,censo
distribucion,Distribución por dominio de dificultad,2020,Hombres,Con discapacidad,Sonora,60+,Oír,8477.0,31569.0,3782.0,"Censo de Población y Vivienda, cuestionario ampliado (INEGI)",Personas de 18 años o más con discapacidad,censo
distribucion,Distribución por dominio de dificultad,2020,Hombres,Con discapacidad,Tabasco,18-29,Oír,1077.0,6530.0,362.0,"Censo de Población y Vivienda, cuestionario ampliado (INEGI)",Personas de 18 años o más con discapacidad,censo
distribucion,Distribución por dominio de dificultad,2020,Hombres,Con discapacidad,Tabasco,30-44,Oír,1290.0,7619.0,530.0,"Censo de Población y Vivienda, cuestionario ampliado (INEGI)",Personas de 18 años o más con discapacidad,censo
distribucion,Distribución por dominio de dificultad,2020,Hombres,Con discapacidad,Tabasco,45-59,Oír,2067.0,13996.0,920.0,"Censo de Población y Vivienda, cuestionario ampliado (INEGI)",Personas de 18 años o más con discapacidad,censo
distribucion,Distribución por dominio de dificultad,2020,Hombres,Con discapacidad,Tabasco,60+,Oír,8280.0,30592.0,2114.0,"Censo de Población y Vivienda, cuestionario ampliado (INEGI)",Personas de 18 años o más con discapacidad,censo
distribucion,Distribución por dominio de dificultad,2020,Hombres,Con discapacidad,Tamaulipas,18-29,Oír,560.0,5668.0,386.0,"Censo de Población y Vivienda, cuestionario ampliado (INEGI)",Personas de 18 años o más con discapacidad,censo
distribucion,Distribución por dominio de dificultad,2020,Hombres,Con discapacidad,Tamaulipas,30-44,Oír,1349.0,7779.0,574.0,"Censo de Población y Vivienda, cuestionario ampliado (INEGI)",Personas de 18 años o más con discapacidad,censo
distribucion,Distribución por dominio de dificultad,2020,Hombres,Con discapacidad,Tamaulipas,45-59,Oír,3021.0,15816.0,1149.0,"Censo de Población y Vivienda, cuestionario ampliado (INEGI)",Personas de 18 años o más con discapacidad,censo
distribucion,Distribución por dominio de dificultad,2020,Hombres,Con discapacidad,Tamaulipas,60+,Oír,11006.0,37158.0,3555.0,"Censo de Población y Vivienda, cuestionario ampliado (INEGI)",Personas de 18 años o más con discapacidad,censo
distribucion,Distribución por dominio de dificultad,2020,Hombres,Con discapacidad,Tlaxcala,18-29,Oír,292.0,2584.0,638.0,"Censo de Población y Vivienda, cuestionario ampliado (INEGI)",Personas de 18 años o más con discapacidad,censo
distribucion,Distribución por dominio de dificultad,2020,Hombres,Con discapacidad,Tlaxcala,30-44,Oír,392.0,2996.0,733.0,"Censo de Población y Vivienda, cuestionario ampliado (INEGI)",Personas de 18 años o más con discapacidad,censo
distribucion,Distribución por dominio de dificultad,2020,Hombres,Con discapacidad,Tlaxcala,45-59,Oír,686.0,4199.0,1082.0,"Censo de Población y Vivienda, cuestionario ampliado (INEGI)",Personas de 18 años o más con discapacidad,censo
distribucion,Distribución por dominio de dificultad,2020,Hombres,Con discapacidad,Tlaxcala,60+,Oír,4166.0,11957.0,3117.0,"Censo de Población y Vivienda, cuestionario ampliado (INEGI)",Personas de 18 años o más con discapacidad,censo
distribucion,Distribución por dominio de dificultad,2020,Hombres,Con discapacidad,Veracruz,18-29,Oír,2828.0,14981.0,2776.0,"Censo de Población y Vivienda, cuestionario ampliado (INEGI)",Personas de 18 años o más con discapacidad,censo
distribucion,Distribución por dominio de dificultad,2020,Hombres,Con discapacidad,Veracruz,30-44,Oír,4023.0,20980.0,3931.0,"Censo de Población y Vivienda, cuestionario ampliado (INEGI)",Personas de 18 años o más con discapacidad,censo
distribucion,Distribución por dominio de dificultad,2020,Hombres,Con discapacidad,Veracruz,45-59,Oír,7089.0,39133.0,6822.0,"Censo de Población y Vivienda, cuestionario ampliado (INEGI)",Personas de 18 años o más con discapacidad,censo
distribucion,Distribución por dominio de dificultad,2020,Hombres,Con discapacidad,Veracruz,60+,Oír,37919.0,108670.0,18980.0,"Censo de Población y Vivienda, cuestionario ampliado (INEGI)",Personas de 18 años o más con discapacidad,censo
distribucion,Distribución por dominio de dificultad,2020,Hombres,Con discapacidad,Yucatán,18-29,Oír,717.0,4723.0,1031.0,"Censo de Población y Vivienda, cuestionario ampliado (INEGI)",Personas de 18 años o más con discapacidad,censo
distribucion,Distribución por dominio de dificultad,2020,Hombres,Con discapacidad,Yucatán,30-44,Oír,777.0,6207.0,1464.0,"Censo de Población y Vivienda, cuestionario ampliado (INEGI)",Personas de 18 años o más con discapacidad,censo
distribucion,Distribución por dominio de dificultad,2020,Hombres,Con discapacidad,Yucatán,45-59,Oír,1765.0,10974.0,2356.0,"Censo de Población y Vivienda, cuestionario ampliado (INEGI)",Personas de 18 años o más con discapacidad,censo
distribucion,Distribución por dominio de dificultad,2020,Hombres,Con discapacidad,Yucatán,60+,Oír,9510.0,30468.0,7203.0,"Censo de Población y Vivienda, cuestionario ampliado (INEGI)",Personas de 18 años o más con discapacidad,censo
distribucion,Distribución por dominio de dificultad,2020,Hombres,Con discapacidad,Zacatecas,18-29,Oír,430.0,3341.0,583.0,"Censo de Población y Vivienda, cuestionario ampliado (INEGI)",Personas de 18 años o más con discapacidad,censo
distribucion,Distribución por dominio de dificultad,2020,Hombres,Con discapacidad,Zacatecas,30-44,Oír,696.0,4546.0,850.0,"Censo de Población y Vivienda, cuestionario ampliado (INEGI)",Personas de 18 años o más con discapacidad,censo
distribucion,Distribución por dominio de dificultad,2020,Hombres,Con discapacidad,Zacatecas,45-59,Oír,1007.0,7061.0,1404.0,"Censo de Población y Vivienda, cuestionario ampliado (INEGI)",Personas de 18 años o más con discapacidad,censo
distribucion,Distribución por dominio de dificultad,2020,Hombres,Con discapacidad,Zacatecas,60+,Oír,6608.0,21794.0,4760.0,"Censo de Población y Vivienda, cuestionario ampliado (INEGI)",Personas de 18 años o más con discapacidad,censo
distribucion,Distribución por dominio de dificultad,2020,Mujeres,Con discapacidad,Aguascalientes,18-29,Oír,284.0,3506.0,217.0,"Censo de Población y Vivienda, cuestionario ampliado (INEGI)",Personas de 18 años o más con discapacidad,censo
distribucion,Distribución por dominio de dificultad,2020,Mujeres,Con discapacidad,Aguascalientes,30-44,Oír,652.0,4696.0,267.0,"Censo de Población y Vivienda, cuestionario ampliado (INEGI)",Personas de 18 años o más con discapacidad,censo
distribucion,Distribución por dominio de dificultad,2020,Mujeres,Con discapacidad,Aguascalientes,45-59,Oír,817.0,8947.0,531.0,"Censo de Población y Vivienda, cuestionario ampliado (INEGI)",Personas de 18 años o más con discapacidad,censo
distribucion,Distribución por dominio de dificultad,2020,Mujeres,Con discapacidad,Aguascalientes,60+,Oír,3603.0,18099.0,1219.0,"Censo de Población y Vivienda, cuestionario ampliado (INEGI)",Personas de 18 años o más con discapacidad,censo
distribucion,Distribución por dominio de dificultad,2020,Mujeres,Con discapacidad,Baja California,18-29,Oír,972.0,8274.0,167.0,"Censo de Población y Vivienda, cuestionario ampliado (INEGI)",Personas de 18 años o más con discapacidad,censo
distribucion,Distribución por dominio de dificultad,2020,Mujeres,Con discapacidad,Baja California,30-44,Oír,1249.0,9732.0,201.0,"Censo de Población y Vivienda, cuestionario ampliado (INEGI)",Personas de 18 años o más con discapacidad,censo
distribucion,Distribución por dominio de dificultad,2020,Mujeres,Con discapacidad,Baja California,45-59,Oír,1631.0,20331.0,431.0,"Censo de Población y Vivienda, cuestionario ampliado (INEGI)",Personas de 18 años o más con discapacidad,censo
distribucion,Distribución por dominio de dificultad,2020,Mujeres,Con discapacidad,Baja California,60+,Oír,9387.0,41033.0,903.0,"Censo de Población y Vivienda, cuestionario ampliado (INEGI)",Personas de 18 años o más con discapacidad,censo
distribucion,Distribución por dominio de dificultad,2020,Mujeres,Con discapacidad,Baja California Sur,18-29,Oír,97.0,1222.0,72.0,"Censo de Población y Vivienda, cuestionario ampliado (INEGI)",Personas de 18 años o más con discapacidad,censo
distribucion,Distribución por dominio de dificultad,2020,Mujeres,Con discapacidad,Baja California Sur,30-44,Oír,271.0,2030.0,121.0,"Censo de Población y Vivienda, cuestionario ampliado (INEGI)",Personas de 18 años o más con discapacidad,censo
distribucion,Distribución por dominio de dificultad,2020,Mujeres,Con discapacidad,Baja California Sur,45-59,Oír,329.0,3560.0,224.0,"Censo de Población y Vivienda, cuestionario ampliado (INEGI)",Personas de 18 años o más con discapacidad,censo
distribucion,Distribución por dominio de dificultad,2020,Mujeres,Con discapacidad,Baja California Sur,60+,Oír,1431.0,7964.0,532.0,"Censo de Población y Vivienda, cuestionario ampliado (INEGI)",Personas de 18 años o más con discapacidad,censo
distribucion,Distribución por dominio de dificultad,2020,Mujeres,Con discapacidad,Campeche,18-29,Oír,276.0,1843.0,159.0,"Censo de Población y Vivienda, cuestionario ampliado (INEGI)",Personas de 18 años o más con discapacidad,censo
distribucion,Distribución por dominio de dificultad,2020,Mujeres,Con discapacidad,Campeche,30-44,Oír,513.0,3226.0,253.0,"Censo de Población y Vivienda, cuestionario ampliado (INEGI)",Personas de 18 años o más con discapacidad,censo
distribucion,Distribución por dominio de dificultad,2020,Mujeres,Con discapacidad,Campeche,45-59,Oír,831.0,6312.0,499.0,"Censo de Población y Vivienda, cuestionario ampliado (INEGI)",Personas de 18 años o más con discapacidad,censo
distribucion,Distribución por dominio de dificultad,2020,Mujeres,Con discapacidad,Campeche,60+,Oír,3016.0,13958.0,1200.0,"Censo de Población y Vivienda, cuestionario ampliado (INEGI)",Personas de 18 años o más con discapacidad,censo
distribucion,Distribución por dominio de dificultad,2020,Mujeres,Con discapacidad,Chiapas,18-29,Oír,1571.0,7278.0,1544.0,"Censo de Población y Vivienda, cuestionario ampliado (INEGI)",Personas de 18 años o más con discapacidad,censo
distribucion,Distribución por dominio de dificultad,2020,Mujeres,Con discapacidad,Chiapas,30-44,Oír,2041.0,10596.0,2212.0,"Censo de Población y Vivienda, cuestionario ampliado (INEGI)",Personas de 18 años o más con discapacidad,censo
distribucion,Distribución por dominio de dificultad,2020,Mujeres,Con discapacidad,Chiapas,45-59,Oír,3155.0,22210.0,4219.0,"Censo de Población y Vivienda, cuestionario ampliado (INEGI)",Personas de 18 años o más con discapacidad,censo
distribucion,Distribución por dominio de dificultad,2020,Mujeres,Con discapacidad,Chiapas,60+,Oír,15138.0,54873.0,11188.0,"Censo de Población y Vivienda, cuestionario ampliado (INEGI)",Personas de 18 años o más con discapacidad,censo
distribucion,Distribución por dominio de dificultad,2020,Mujeres,Con discapacidad,Chihuahua,18-29,Oír,511.0,5126.0,445.0,"Censo de Población y Vivienda, cuestionario ampliado (INEGI)",Personas de 18 años o más con discapacidad,censo
distribucion,Distribución por dominio de dificultad,2020,Mujeres,Con discapacidad,Chihuahua,30-44,Oír,1279.0,7681.0,613.0,"Censo de Población y Vivienda, cuestionario ampliado (INEGI)",Personas de 18 años o más con discapacidad,censo
distribucion,Distribución por dominio de dificultad,2020,Mujeres,Con discapacidad,Chihuahua,45-59,Oír,2466.0,16252.0,1366.0,"Censo de Población y Vivienda, cuestionario ampliado (INEGI)",Personas de 18 años o más con discapacidad,censo
distribucion,Distribución por dominio de dificultad,2020,Mujeres,Con discapacidad,Chihuahua,60+,Oír,9353.0,49111.0,4786.0,"Censo de Población y Vivienda, cuestionario ampliado (INEGI)",Personas de 18 años o más con discapacidad,censo
distribucion,Distribución por dominio de dificultad,2020,Mujeres,Con discapacidad,Ciudad de México,18-29,Oír,1574.0,17464.0,550.0,"Censo de Población y Vivienda, cuestionario ampliado (INEGI)",Personas de 18 años o más con discapacidad,censo
distribucion,Distribución por dominio de dificultad,2020,Mujeres,Con discapacidad,Ciudad de México,30-44,Oír,2914.0,22651.0,728.0,"Censo de Población y Vivienda, cuestionario ampliado (INEGI)",Personas de 18 años o más con discapacidad,censo
distribucion,Distribución por dominio de dificultad,2020,Mujeres,Con discapacidad,Ciudad de México,45-59,Oír,9032.0,53090.0,1623.0,"Censo de Población y Vivienda, cuestionario ampliado (INEGI)",Personas de 18 años o más con discapacidad,censo
distribucion,Distribución por dominio de dificultad,2020,Mujeres,Con discapacidad,Ciudad de México,60+,Oír,40265.0,165757.0,4812.0,"Censo de Población y Vivienda, cuestionario ampliado (INEGI)",Personas de 18 años o más con discapacidad,censo
distribucion,Distribución por dominio de dificultad,2020,Mujeres,Con discapacidad,Coahuila,18-29,Oír,600.0,4815.0,385.0,"Censo de Población y Vivienda, cuestionario ampliado (INEGI)",Personas de 18 años o más con discapacidad,censo
distribucion,Distribución por dominio de dificultad,2020,Mujeres,Con discapacidad,Coahuila,30-44,Oír,1058.0,5170.0,456.0,"Censo de Población y Vivienda, cuestionario ampliado (INEGI)",Personas de 18 años o más con discapacidad,censo
distribucion,Distribución por dominio de dificultad,2020,Mujeres,Con discapacidad,Coahuila,45-59,Oír,1787.0,12672.0,1134.0,"Censo de Población y Vivienda, cuestionario ampliado (INEGI)",Personas de 18 años o más con discapacidad,censo
distribucion,Distribución por dominio de dificultad,2020,Mujeres,Con discapacidad,Coahuila,60+,Oír,6608.0,32709.0,2815.0,"Censo de Población y Vivienda, cuestionario ampliado (INEGI)",Personas de 18 años o más con discapacidad,censo
distribucion,Distribución por dominio de dificultad,2020,Mujeres,Con discapacidad,Colima,18-29,Oír,164.0,1257.0,106.0,"Censo de Población y Vivienda, cuestionario ampliado (INEGI)",Personas de 18 años o más con discapacidad,censo
distribucion,Distribución por dominio de dificultad,2020,Mujeres,Con discapacidad,Colima,30-44,Oír,178.0,1889.0,155.0,"Censo de Población y Vivienda, cuestionario ampliado (INEGI)",Personas de 18 años o más con discapacidad,censo
distribucion,Distribución por dominio de dificultad,2020,Mujeres,Con discapacidad,Colima,45-59,Oír,492.0,4341.0,364.0,"Censo de Población y Vivienda, cuestionario ampliado (INEGI)",Personas de 18 años o más con discapacidad,censo
distribucion,Distribución por dominio de dificultad,2020,Mujeres,Con discapacidad,Colima,60+,Oír,1995.0,10575.0,1008.0,"Censo de Población y Vivienda, cuestionario ampliado (INEGI)",Personas de 18 años o más con discapacidad,censo
distribucion,Distribución por dominio de dificultad,2020,Mujeres,Con discapacidad,Durango,18-29,Oír,455.0,3464.0,459.0,"Censo de Población y Vivienda, cuestionario ampliado (INEGI)",Personas de 18 años o más con discapacidad,censo
distribucion,Distribución por dominio de dificultad,2020,Mujeres,Con discapacidad,Durango,30-44,Oír,693.0,4402.0,638.0,"Censo de Población y Vivienda, cuestionario ampliado (INEGI)",Personas de 18 años o más con discapacidad,censo
distribucion,Distribución por dominio de dificultad,2020,Mujeres,Con discapacidad,Durango,45-59,Oír,1306.0,9358.0,1328.0,"Censo de Población y Vivienda, cuestionario ampliado (INEGI)",Personas de 18 años o más con discapacidad,censo
distribucion,Distribución por dominio de dificultad,2020,Mujeres,Con discapacidad,Durango,60+,Oír,4927.0,25741.0,4075.0,"Censo de Población y Vivienda, cuestionario ampliado (INEGI)",Personas de 18 años o más con discapacidad,censo
distribucion,Distribución por dominio de dificultad,2020,Mujeres,Con discapacidad,Guanajuato,18-29,Oír,1033.0,11513.0,730.0,"Censo de Población y Vivienda, cuestionario ampliado (INEGI)",Personas de 18 años o más con discapacidad,censo
distribucion,Distribución por dominio de dificultad,2020,Mujeres,Con discapacidad,Guanajuato,30-44,Oír,2022.0,15505.0,999.0,"Censo de Población y Vivienda, cuestionario ampliado (INEGI)",Personas de 18 años o más con discapacidad,censo
distribucion,Distribución por dominio de dificultad,2020,Mujeres,Con discapacidad,Guanajuato,45-59,Oír,4254.0,29945.0,1937.0,"Censo de Población y Vivienda, cuestionario ampliado (INEGI)",Personas de 18 años o más con discapacidad,censo
distribucion,Distribución por dominio de dificultad,2020,Mujeres,Con discapacidad,Guanajuato,60+,Oír,16742.0,78634.0,5980.0,"Censo de Población y Vivienda, cuestionario ampliado (INEGI)",Personas de 18 años o más con discapacidad,censo
distribucion,Distribución por dominio de dificultad,2020,Mujeres,Con discapacidad,Guerrero,18-29,Oír,965.0,6754.0,1454.0,"Censo de Población y Vivienda, cuestionario ampliado (INEGI)",Personas de 18 años o más con discapacidad,censo
distribucion,Distribución por dominio de dificultad,2020,Mujeres,Con discapacidad,Guerrero,30-44,Oír,1405.0,9595.0,2081.0,"Censo de Población y Vivienda, cuestionario ampliado (INEGI)",Personas de 18 años o más con discapacidad,censo
distribucion,Distribución por dominio de dificultad,2020,Mujeres,Con discapacidad,Guerrero,45-59,Oír,2720.0,20441.0,4163.0,"Censo de Población y Vivienda, cuestionario ampliado (INEGI)",Personas de 18 años o más con discapacidad,censo
distribucion,Distribución por dominio de dificultad,2020,Mujeres,Con discapacidad,Guerrero,60+,Oír,14923.0,63558.0,12862.0,"Censo de Población y Vivienda, cuestionario ampliado (INEGI)",Personas de 18 años o más con discapacidad,censo
distribucion,Distribución por dominio de dificultad,2020,Mujeres,Con discapacidad,Hidalgo,18-29,Oír,686.0,6022.0,946.0,"Censo de Población y Vivienda, cuestionario ampliado (INEGI)",Personas de 18 años o más con discapacidad,censo
distribucion,Distribución por dominio de dificultad,2020,Mujeres,Con discapacidad,Hidalgo,30-44,Oír,1428.0,9341.0,1480.0,"Censo de Población y Vivienda, cuestionario ampliado (INEGI)",Personas de 18 años o más con discapacidad,censo
distribucion,Distribución por dominio de dificultad,2020,Mujeres,Con discapacidad,Hidalgo,45-59,Oír,2161.0,16418.0,2693.0,"Censo de Población y Vivienda, cuestionario ampliado (INEGI)",Personas de 18 años o más con discapacidad,censo
distribucion,Distribución por dominio de dificultad,2020,Mujeres,Con discapacidad,Hidalgo,60+,Oír,12590.0,46197.0,8310.0,"Censo de Población y Vivienda, cuestionario ampliado (INEGI)",Personas de 18 años o más con discapacidad,censo
distribucion,Distribución por dominio de dificultad,2020,Mujeres,Con discapacidad,Jalisco,18-29,Oír,884.0,12293.0,1268.0,"Censo de Población y Vivienda, cuestionario ampliado (INEGI)",Personas de 18 años o más con discapacidad,censo
distribucion,Distribución por dominio de dificultad,2020,Mujeres,Con discapacidad,Jalisco,30-44,Oír,2671.0,17416.0,1854.0,"Censo de Población y Vivienda, cuestionario ampliado (INEGI)",Personas de 18 años o más con discapacidad,censo
distribucion,Distribución por dominio de dificultad,2020,Mujeres,Con discapacidad,Jalisco,45-59,Oír,4220.0,39239.0,3938.0,"Censo de Población y Vivienda, cuestionario ampliado (INEGI)",Personas de 18 años o más con discapacidad,censo
distribucion,Distribución por dominio de dificultad,2020,Mujeres,Con discapacidad,Jalisco,60+,Oír,24074.0,114952.0,12376.0,"Censo de Población y Vivienda, cuestionario ampliado (INEGI)",Personas de 18 años o más con discapacidad,censo
distribucion,Distribución por dominio de dificultad,2020,Mujeres,Con discapacidad,Michoacán,18-29,Oír,1257.0,8783.0,1202.0,"Censo de Población y Vivienda, cuestionario ampliado (INEGI)",Personas de 18 años o más con discapacidad,censo
distribucion,Distribución por dominio de dificultad,2020,Mujeres,Con discapacidad,Michoacán,30-44,Oír,1789.0,12461.0,1835.0,"Censo de Población y Vivienda, cuestionario ampliado (INEGI)",Personas de 18 años o más con discapacidad,censo
distribucion,Distribución por dominio de dificultad,2020,Mujeres,Con discapacidad,Michoacán,45-59,Oír,2854.0,24334.0,3855.0,"Censo de Población y Vivienda, cuestionario ampliado (INEGI)",Personas de 18 años o más con discapacidad,censo
distribucion,Distribución por dominio de dificultad,2020,Mujeres,Con discapacidad,Michoacán,60+,Oír,18283.0,76684.0,12845.0,"Censo de Población y Vivienda, cuestionario ampliado (INEGI)",Personas de 18 años o más con discapacidad,censo
distribucion,Distribución por dominio de dificultad,2020,Mujeres,Con discapacidad,Morelos,18-29,Oír,442.0,3675.0,425.0,"Censo de Población y Vivienda, cuestionario ampliado (INEGI)",Personas de 18 años o más con discapacidad,censo
distribucion,Distribución por dominio de dificultad,2020,Mujeres,Con discapacidad,Morelos,30-44,Oír,886.0,5276.0,602.0,"Censo de Población y Vivienda, cuestionario ampliado (INEGI)",Personas de 18 años o más con discapacidad,censo
distribucion,Distribución por dominio de dificultad,2020,Mujeres,Con discapacidad,Morelos,45-59,Oír,1499.0,11197.0,1326.0,"Censo de Población y Vivienda, cuestionario ampliado (INEGI)",Personas de 18 años o más con discapacidad,censo
distribucion,Distribución por dominio de dificultad,2020,Mujeres,Con discapacidad,Morelos,60+,Oír,8167.0,31334.0,3700.0,"Censo de Población y Vivienda, cuestionario ampliado (INEGI)",Personas de 18 años o más con discapacidad,censo
distribucion,Distribución por dominio de dificultad,2020,Mujeres,Con discapacidad,México,18-29,Oír,2926.0,29632.0,2085.0,"Censo de Población y Vivienda, cuestionario ampliado (INEGI)",Personas de 18 años o más con discapacidad,censo
distribucion,Distribución por dominio de dificultad,2020,Mujeres,Con discapacidad,México,30-44,Oír,5936.0,40067.0,2807.0,"Censo de Población y Vivienda, cuestionario ampliado (INEGI)",Personas de 18 años o más con discapacidad,censo
distribucion,Distribución por dominio de dificultad,2020,Mujeres,Con discapacidad,México,45-59,Oír,10587.0,80658.0,5498.0,"Censo de Población y Vivienda, cuestionario ampliado (INEGI)",Personas de 18 años o más con discapacidad,censo
distribucion,Distribución por dominio de dificultad,2020,Mujeres,Con discapacidad,México,60+,Oír,51265.0,193790.0,13467.0,"Censo de Población y Vivienda, cuestionario ampliado (INEGI)",Personas de 18 años o más con discapacidad,censo
distribucion,Distribución por dominio de dificultad,2020,Mujeres,Con discapacidad,Nayarit,18-29,Oír,205.0,2480.0,315.0,"Censo de Población y Vivienda, cuestionario ampliado (INEGI)",Personas de 18 años o más con discapacidad,censo
distribucion,Distribución por dominio de dificultad,2020,Mujeres,Con discapacidad,Nayarit,30-44,Oír,484.0,3190.0,432.0,"Censo de Población y Vivienda, cuestionario ampliado (INEGI)",Personas de 18 años o más con discapacidad,censo
distribucion,Distribución por dominio de dificultad,2020,Mujeres,Con discapacidad,Nayarit,45-59,Oír,728.0,6120.0,873.0,"Censo de Población y Vivienda, cuestionario ampliado (INEGI)",Personas de 18 años o más con discapacidad,censo
distribucion,Distribución por dominio de dificultad,2020,Mujeres,Con discapacidad,Nayarit,60+,Oír,3768.0,19117.0,2673.0,"Censo de Población y Vivienda, cuestionario ampliado (INEGI)",Personas de 18 años o más con discapacidad,censo
distribucion,Distribución por dominio de dificultad,2020,Mujeres,Con discapacidad,Nuevo León,18-29,Oír,940.0,8856.0,561.0,"Censo de Población y Vivienda, cuestionario ampliado (INEGI)",Personas de 18 años o más con discapacidad,censo
distribucion,Distribución por dominio de dificultad,2020,Mujeres,Con discapacidad,Nuevo León,30-44,Oír,1294.0,9407.0,657.0,"Censo de Población y Vivienda, cuestionario ampliado (INEGI)",Personas de 18 años o más con discapacidad,censo
distribucion,Distribución por dominio de dificultad,2020,Mujeres,Con discapacidad,Nuevo León,45-59,Oír,2286.0,20549.0,1375.0,"Censo de Población y Vivienda, cuestionario ampliado (INEGI)",Personas de 18 años o más con discapacidad,censo
distribucion,Distribución por dominio de dificultad,2020,Mujeres,Con discapacidad,Nuevo León,60+,Oír,11182.0,58677.0,3869.0,"Censo de Población y Vivienda, cuestionario ampliado (INEGI)",Personas de 18 años o más con discapacidad,censo
distribucion,Distribución por dominio de dificultad,2020,Mujeres,Con discapacidad,Oaxaca,18-29,Oír,1318.0,8385.0,4213.0,"Censo de Población y Vivienda, cuestionario ampliado (INEGI)",Personas de 18 años o más con discapacidad,censo
distribucion,Distribución por dominio de dificultad,2020,Mujeres,Con discapacidad,Oaxaca,30-44,Oír,2271.0,13259.0,6389.0,"Censo de Población y Vivienda, cuestionario ampliado (INEGI)",Personas de 18 años o más con discapacidad,censo
distribucion,Distribución por dominio de dificultad,2020,Mujeres,Con discapacidad,Oaxaca,45-59,Oír,3634.0,26339.0,12854.0,"Censo de Población y Vivienda, cuestionario ampliado (INEGI)",Personas de 18 años o más con discapacidad,censo
distribucion,Distribución por dominio de dificultad,2020,Mujeres,Con discapacidad,Oaxaca,60+,Oír,21808.0,79019.0,41760.0,"Censo de Población y Vivienda, cuestionario ampliado (INEGI)",Personas de 18 años o más con discapacidad,censo
distribucion,Distribución por dominio de dificultad,2020,Mujeres,Con discapacidad,Puebla,18-29,Oír,1044.0,11486.0,2420.0,"Censo de Población y Vivienda, cuestionario ampliado (INEGI)",Personas de 18 años o más con discapacidad,censo
distribucion,Distribución por dominio de dificultad,2020,Mujeres,Con discapacidad,Puebla,30-44,Oír,2568.0,15867.0,3375.0,"Censo de Población y Vivienda, cuestionario ampliado (INEGI)",Personas de 18 años o más con discapacidad,censo
distribucion,Distribución por dominio de dificultad,2020,Mujeres,Con discapacidad,Puebla,45-59,Oír,4037.0,27458.0,6111.0,"Censo de Población y Vivienda, cuestionario ampliado (INEGI)",Personas de 18 años o más con discapacidad,censo
distribucion,Distribución por dominio de dificultad,2020,Mujeres,Con discapacidad,Puebla,60+,Oír,24206.0,85414.0,20397.0,"Censo de Población y Vivienda, cuestionario ampliado (INEGI)",Personas de 18 años o más con discapacidad,censo
distribucion,Distribución por dominio de dificultad,2020,Mujeres,Con discapacidad,Querétaro,18-29,Oír,604.0,3752.0,266.0,"Censo de Población y Vivienda, cuestionario ampliado (INEGI)",Personas de 18 años o más con discapacidad,censo
distribucion,Distribución por dominio de dificultad,2020,Mujeres,Con discapacidad,Querétaro,30-44,Oír,821.0,4522.0,336.0,"Censo de Población y Vivienda, cuestionario ampliado (INEGI)",Personas de 18 años o más con discapacidad,censo
distribucion,Distribución por dominio de dificultad,2020,Mujeres,Con discapacidad,Querétaro,45-59,Oír,1293.0,9722.0,655.0,"Censo de Población y Vivienda, cuestionario ampliado (INEGI)",Personas de 18 años o más con discapacidad,censo
distribucion,Distribución por dominio de dificultad,2020,Mujeres,Con discapacidad,Querétaro,60+,Oír,6865.0,25287.0,1949.0,"Censo de Población y Vivienda, cuestionario ampliado (INEGI)",Personas de 18 años o más con discapacidad,censo
distribucion,Distribución por dominio de dificultad,2020,Mujeres,Con discapacidad,Quintana Roo,18-29,Oír,307.0,4273.0,162.0,"Censo de Población y Vivienda, cuestionario ampliado (INEGI)",Personas de 18 años o más con discapacidad,censo
distribucion,Distribución por dominio de dificultad,2020,Mujeres,Con discapacidad,Quintana Roo,30-44,Oír,753.0,3877.0,186.0,"Censo de Población y Vivienda, cuestionario ampliado (INEGI)",Personas de 18 años o más con discapacidad,censo
distribucion,Distribución por dominio de dificultad,2020,Mujeres,Con discapacidad,Quintana Roo,45-59,Oír,697.0,7981.0,328.0,"Censo de Población y Vivienda, cuestionario ampliado (INEGI)",Personas de 18 años o más con discapacidad,censo
distribucion,Distribución por dominio de dificultad,2020,Mujeres,Con discapacidad,Quintana Roo,60+,Oír,2629.0,10406.0,579.0,"Censo de Población y Vivienda, cuestionario ampliado (INEGI)",Personas de 18 años o más con discapacidad,censo
distribucion,Distribución por dominio de dificultad,2020,Mujeres,Con discapacidad,San Luis Potosí,18-29,Oír,632.0,4834.0,649.0,"Censo de Población y Vivienda, cuestionario ampliado (INEGI)",Personas de 18 años o más con discapacidad,censo
distribucion,Distribución por dominio de dificultad,2020,Mujeres,Con discapacidad,San Luis Potosí,30-44,Oír,751.0,6746.0,869.0,"Censo de Población y Vivienda, cuestionario ampliado (INEGI)",Personas de 18 años o más con discapacidad,censo
distribucion,Distribución por dominio de dificultad,2020,Mujeres,Con discapacidad,San Luis Potosí,45-59,Oír,1704.0,12861.0,1877.0,"Censo de Población y Vivienda, cuestionario ampliado (INEGI)",Personas de 18 años o más con discapacidad,censo
distribucion,Distribución por dominio de dificultad,2020,Mujeres,Con discapacidad,San Luis Potosí,60+,Oír,11128.0,41201.0,6317.0,"Censo de Población y Vivienda, cuestionario ampliado (INEGI)",Personas de 18 años o más con discapacidad,censo
distribucion,Distribución por dominio de dificultad,2020,Mujeres,Con discapacidad,Sinaloa,18-29,Oír,771.0,4942.0,285.0,"Censo de Población y Vivienda, cuestionario ampliado (INEGI)",Personas de 18 años o más con discapacidad,censo
distribucion,Distribución por dominio de dificultad,2020,Mujeres,Con discapacidad,Sinaloa,30-44,Oír,1048.0,6985.0,413.0,"Censo de Población y Vivienda, cuestionario ampliado (INEGI)",Personas de 18 años o más con discapacidad,censo
distribucion,Distribución por dominio de dificultad,2020,Mujeres,Con discapacidad,Sinaloa,45-59,Oír,1956.0,15730.0,915.0,"Censo de Población y Vivienda, cuestionario ampliado (INEGI)",Personas de 18 años o más con discapacidad,censo
distribucion,Distribución por dominio de dificultad,2020,Mujeres,Con discapacidad,Sinaloa,60+,Oír,8630.0,46790.0,2762.0,"Censo de Población y Vivienda, cuestionario ampliado (INEGI)",Personas de 18 años o más con discapacidad,censo
distribucion,Distribución por dominio de dificultad,2020,Mujeres,Con discapacidad,Sonora,18-29,Oír,665.0,5553.0,510.0,"Censo de Población y Vivienda, cuestionario ampliado (INEGI)",Personas de 18 años o más con discapacidad,censo
distribucion,Distribución por dominio de dificultad,2020,Mujeres,Con discapacidad,Sonora,30-44,Oír,1186.0,7180.0,630.0,"Censo de Población y Vivienda, cuestionario ampliado (INEGI)",Personas de 18 años o más con discapacidad,censo
distribucion,Distribución por dominio de dificultad,2020,Mujeres,Con discapacidad,Sonora,45-59,Oír,1616.0,16085.0,1612.0,"Censo de Población y Vivienda, cuestionario ampliado (INEGI)",Personas de 18 años o más con discapacidad,censo
distribucion,Distribución por dominio de dificultad,2020,Mujeres,Con discapacidad,Sonora,60+,Oír,7563.0,40252.0,4506.0,"Censo de Población y Vivienda, cuestionario ampliado (INEGI)",Personas de 18 años o más con discapacidad,censo
distribucion,Distribución por dominio de dificultad,2020,Mujeres,Con discapacidad,Tabasco,18-29,Oír,856.0,5731.0,338.0,"Censo de Población y Vivienda, cuestionario ampliado (INEGI)",Personas de 18 años o más con discapacidad,censo
distribucion,Distribución por dominio de dificultad,2020,Mujeres,Con discapacidad,Tabasco,30-44,Oír,1129.0,7812.0,471.0,"Censo de Población y Vivienda, cuestionario ampliado (INEGI)",Personas de 18 años o más con discapacidad,censo
distribucion,Distribución por dominio de dificultad,2020,Mujeres,Con discapacidad,Tabasco,45-59,Oír,1996.0,17157.0,1085.0,"Censo de Población y Vivienda, cuestionario ampliado (INEGI)",Personas de 18 años o más con discapacidad,censo
distribucion,Distribución por dominio de dificultad,2020,Mujeres,Con discapacidad,Tabasco,60+,Oír,7558.0,38455.0,2646.0,"Censo de Población y Vivienda, cuestionario ampliado (INEGI)",Personas de 18 años o más con discapacidad,censo
distribucion,Distribución por dominio de dificultad,2020,Mujeres,Con discapacidad,Tamaulipas,18-29,Oír,720.0,4736.0,302.0,"Censo de Población y Vivienda, cuestionario ampliado (INEGI)",Personas de 18 años o más con discapacidad,censo
distribucion,Distribución por dominio de dificultad,2020,Mujeres,Con discapacidad,Tamaulipas,30-44,Oír,1373.0,7450.0,507.0,"Censo de Población y Vivienda, cuestionario ampliado (INEGI)",Personas de 18 años o más con discapacidad,censo
distribucion,Distribución por dominio de dificultad,2020,Mujeres,Con discapacidad,Tamaulipas,45-59,Oír,1959.0,19450.0,1347.0,"Censo de Población y Vivienda, cuestionario ampliado (INEGI)",Personas de 18 años o más con discapacidad,censo
distribucion,Distribución por dominio de dificultad,2020,Mujeres,Con discapacidad,Tamaulipas,60+,Oír,9501.0,48814.0,3975.0,"Censo de Población y Vivienda, cuestionario ampliado (INEGI)",Personas de 18 años o más con discapacidad,censo
distribucion,Distribución por dominio de dificultad,2020,Mujeres,Con discapacidad,Tlaxcala,18-29,Oír,237.0,2216.0,549.0,"Censo de Población y Vivienda, cuestionario ampliado (INEGI)",Personas de 18 años o más con discapacidad,censo
distribucion,Distribución por dominio de dificultad,2020,Mujeres,Con discapacidad,Tlaxcala,30-44,Oír,403.0,3094.0,734.0,"Censo de Población y Vivienda, cuestionario ampliado (INEGI)",Personas de 18 años o más con discapacidad,censo
distribucion,Distribución por dominio de dificultad,2020,Mujeres,Con discapacidad,Tlaxcala,45-59,Oír,734.0,5511.0,1372.0,"Censo de Población y Vivienda, cuestionario ampliado (INEGI)",Personas de 18 años o más con discapacidad,censo
distribucion,Distribución por dominio de dificultad,2020,Mujeres,Con discapacidad,Tlaxcala,60+,Oír,4258.0,15298.0,3793.0,"Censo de Población y Vivienda, cuestionario ampliado (INEGI)",Personas de 18 años o más con discapacidad,censo
distribucion,Distribución por dominio de dificultad,2020,Mujeres,Con discapacidad,Veracruz,18-29,Oír,2317.0,13567.0,2429.0,"Censo de Población y Vivienda, cuestionario ampliado (INEGI)",Personas de 18 años o más con discapacidad,censo
distribucion,Distribución por dominio de dificultad,2020,Mujeres,Con discapacidad,Veracruz,30-44,Oír,3625.0,20792.0,3754.0,"Censo de Población y Vivienda, cuestionario ampliado (INEGI)",Personas de 18 años o más con discapacidad,censo
distribucion,Distribución por dominio de dificultad,2020,Mujeres,Con discapacidad,Veracruz,45-59,Oír,6225.0,47807.0,8255.0,"Censo de Población y Vivienda, cuestionario ampliado (INEGI)",Personas de 18 años o más con discapacidad,censo
distribucion,Distribución por dominio de dificultad,2020,Mujeres,Con discapacidad,Veracruz,60+,Oír,36955.0,137828.0,22413.0,"Censo de Población y Vivienda, cuestionario ampliado (INEGI)",Personas de 18 años o más con discapacidad,censo
distribucion,Distribución por dominio de dificultad,2020,Mujeres,Con discapacidad,Yucatán,18-29,Oír,544.0,4797.0,823.0,"Censo de Población y Vivienda, cuestionario ampliado (INEGI)",Personas de 18 años o más con discapacidad,censo
distribucion,Distribución por dominio de dificultad,2020,Mujeres,Con discapacidad,Yucatán,30-44,Oír,1041.0,6343.0,1272.0,"Censo de Población y Vivienda, cuestionario ampliado (INEGI)",Personas de 18 años o más con discapacidad,censo
distribucion,Distribución por dominio de dificultad,2020,Mujeres,Con discapacidad,Yucatán,45-59,Oír,1457.0,13921.0,2733.0,"Censo de Población y Vivienda, cuestionario ampliado (INEGI)",Personas de 18 años o más con discapacidad,censo
distribucion,Distribución por dominio de dificultad,2020,Mujeres,Con discapacidad,Yucatán,60+,Oír,7913.0,37588.0,7493.0,"Censo de Población y Vivienda, cuestionario ampliado (INEGI)",Personas de 18 años o más con discapacidad,censo
distribucion,Distribución por dominio de dificultad,2020,Mujeres,Con discapacidad,Zacatecas,18-29,Oír,315.0,3326.0,621.0,"Censo de Población y Vivienda, cuestionario ampliado (INEGI)",Personas de 18 años o más con discapacidad,censo
distribucion,Distribución por dominio de dificultad,2020,Mujeres,Con discapacidad,Zacatecas,30-44,Oír,409.0,4141.0,813.0,"Censo de Población y Vivienda, cuestionario ampliado (INEGI)",Personas de 18 años o más con discapacidad,censo
distribucion,Distribución por dominio de dificultad,2020,Mujeres,Con discapacidad,Zacatecas,45-59,Oír,1158.0,9235.0,1705.0,"Censo de Población y Vivienda, cuestionario ampliado (INEGI)",Personas de 18 años o más con discapacidad,censo
distribucion,Distribución por dominio de dificultad,2020,Mujeres,Con discapacidad,Zacatecas,60+,Oír,5638.0,26281.0,5519.0,"Censo de Población y Vivienda, cuestionario ampliado (INEGI)",Personas de 18 años o más con discapacidad,censo
distribucion,Distribución por dominio de dificultad,2020,Hombres,Con discapacidad,Aguascalientes,18-29,Caminar,953.0,3461.0,208.0,"Censo de Población y Vivienda, cuestionario ampliado (INEGI)",Personas de 18 años o más con discapacidad,censo
distribucion,Distribución por dominio de dificultad,2020,Hombres,Con discapacidad,Aguascalientes,30-44,Caminar,2028.0,5243.0,322.0,"Censo de Población y Vivienda, cuestionario ampliado (INEGI)",Personas de 18 años o más con discapacidad,censo
distribucion,Distribución por dominio de dificultad,2020,Hombres,Con discapacidad,Aguascalientes,45-59,Caminar,2306.0,6333.0,459.0,"Censo de Población y Vivienda, cuestionario ampliado (INEGI)",Personas de 18 años o más con discapacidad,censo
distribucion,Distribución por dominio de dificultad,2020,Hombres,Con discapacidad,Aguascalientes,60+,Caminar,8085.0,13270.0,995.0,"Censo de Población y Vivienda, cuestionario ampliado (INEGI)",Personas de 18 años o más con discapacidad,censo
distribucion,Distribución por dominio de dificultad,2020,Hombres,Con discapacidad,Baja California,18-29,Caminar,1946.0,8010.0,170.0,"Censo de Población y Vivienda, cuestionario ampliado (INEGI)",Personas de 18 años o más con discapacidad,censo
distribucion,Distribución por dominio de dificultad,2020,Hombres,Con discapacidad,Baja California,30-44,Caminar,3332.0,9875.0,205.0,"Censo de Población y Vivienda, cuestionario ampliado (INEGI)",Personas de 18 años o más con discapacidad,censo
distribucion,Distribución por dominio de dificultad,2020,Hombres,Con discapacidad,Baja California,45-59,Caminar,7964.0,15222.0,352.0,"Censo de Población y Vivienda, cuestionario ampliado (INEGI)",Personas de 18 años o más con discapacidad,censo
distribucion,Distribución por dominio de dificultad,2020,Hombres,Con discapacidad,Baja California,60+,Caminar,16999.0,29937.0,653.0,"Censo de Población y Vivienda, cuestionario ampliado (INEGI)",Personas de 18 años o más con discapacidad,censo
distribucion,Distribución por dominio de dificultad,2020,Hombres,Con discapacidad,Baja California Sur,18-29,Caminar,369.0,1233.0,71.0,"Censo de Población y Vivienda, cuestionario ampliado (INEGI)",Personas de 18 años o más con discapacidad,censo
distribucion,Distribución por dominio de dificultad,2020,Hombres,Con discapacidad,Baja California Sur,30-44,Caminar,539.0,1996.0,121.0,"Censo de Población y Vivienda, cuestionario ampliado (INEGI)",Personas de 18 años o más con discapacidad,censo
distribucion,Distribución por dominio de dificultad,2020,Hombres,Con discapacidad,Baja California Sur,45-59,Caminar,1326.0,3105.0,190.0,"Censo de Población y Vivienda, cuestionario ampliado (INEGI)",Personas de 18 años o más con discapacidad,censo
distribucion,Distribución por dominio de dificultad,2020,Hombres,Con discapacidad,Baja California Sur,60+,Caminar,3542.0,6334.0,415.0,"Censo de Población y Vivienda, cuestionario ampliado (INEGI)",Personas de 18 años o más con discapacidad,censo
distribucion,Distribución por dominio de dificultad,2020,Hombres,Con discapacidad,Campeche,18-29,Caminar,375.0,2019.0,169.0,"Censo de Población y Vivienda, cuestionario ampliado (INEGI)",Personas de 18 años o más con discapacidad,censo
distribucion,Distribución por dominio de dificultad,2020,Hombres,Con discapacidad,Campeche,30-44,Caminar,863.0,2332.0,231.0,"Censo de Población y Vivienda, cuestionario ampliado (INEGI)",Personas de 18 años o más con discapacidad,censo
distribucion,Distribución por dominio de dificultad,2020,Hombres,Con discapacidad,Campeche,45-59,Caminar,1931.0,4824.0,419.0,"Censo de Población y Vivienda, cuestionario ampliado (INEGI)",Personas de 18 años o más con discapacidad,censo
distribucion,Distribución por dominio de dificultad,2020,Hombres,Con discapacidad,Campeche,60+,Caminar,6917.0,11431.0,1095.0,"Censo de Población y Vivienda, cuestionario ampliado (INEGI)",Personas de 18 años o más con discapacidad,censo
distribucion,Distribución por dominio de dificultad,2020,Hombres,Con discapacidad,Chiapas,18-29,Caminar,2714.0,8941.0,1932.0,"Censo de Población y Vivienda, cuestionario ampliado (INEGI)",Personas de 18 años o más con discapacidad,censo
distribucion,Distribución por dominio de dificultad,2020,Hombres,Con discapacidad,Chiapas,30-44,Caminar,4209.0,11129.0,2363.0,"Censo de Población y Vivienda, cuestionario ampliado (INEGI)",Personas de 18 años o más con discapacidad,censo
distribucion,Distribución por dominio de dificultad,2020,Hombres,Con discapacidad,Chiapas,45-59,Caminar,6784.0,17642.0,3450.0,"Censo de Población y Vivienda, cuestionario ampliado (INEGI)",Personas de 18 años o más con discapacidad,censo
distribucion,Distribución por dominio de dificultad,2020,Hombres,Con discapacidad,Chiapas,60+,Caminar,25594.0,49681.0,10325.0,"Censo de Población y Vivienda, cuestionario ampliado (INEGI)",Personas de 18 años o más con discapacidad,censo
distribucion,Distribución por dominio de dificultad,2020,Hombres,Con discapacidad,Chihuahua,18-29,Caminar,1817.0,6278.0,476.0,"Censo de Población y Vivienda, cuestionario ampliado (INEGI)",Personas de 18 años o más con discapacidad,censo
distribucion,Distribución por dominio de dificultad,2020,Hombres,Con discapacidad,Chihuahua,30-44,Caminar,2961.0,7379.0,701.0,"Censo de Población y Vivienda, cuestionario ampliado (INEGI)",Personas de 18 años o más con discapacidad,censo
distribucion,Distribución por dominio de dificultad,2020,Hombres,Con discapacidad,Chihuahua,45-59,Caminar,7583.0,15419.0,1353.0,"Censo de Población y Vivienda, cuestionario ampliado (INEGI)",Personas de 18 años o más con discapacidad,censo
distribucion,Distribución por dominio de dificultad,2020,Hombres,Con discapacidad,Chihuahua,60+,Caminar,19405.0,32345.0,4275.0,"Censo de Población y Vivienda, cuestionario ampliado (INEGI)",Personas de 18 años o más con discapacidad,censo
distribucion,Distribución por dominio de dificultad,2020,Hombres,Con discapacidad,Ciudad de México,18-29,Caminar,4090.0,18282.0,547.0,"Censo de Población y Vivienda, cuestionario ampliado (INEGI)",Personas de 18 años o más con discapacidad,censo
distribucion,Distribución por dominio de dificultad,2020,Hombres,Con discapacidad,Ciudad de México,30-44,Caminar,7051.0,22825.0,718.0,"Censo de Población y Vivienda, cuestionario ampliado (INEGI)",Personas de 18 años o más con discapacidad,censo
distribucion,Distribución por dominio de dificultad,2020,Hombres,Con discapacidad,Ciudad de México,45-59,Caminar,15693.0,41893.0,1277.0,"Censo de Población y Vivienda, cuestionario ampliado (INEGI)",Personas de 18 años o más con discapacidad,censo
distribucion,Distribución por dominio de dificultad,2020,Hombres,Con discapacidad,Ciudad de México,60+,Caminar,57297.0,103507.0,2978.0,"Censo de Población y Vivienda, cuestionario ampliado (INEGI)",Personas de 18 años o más con discapacidad,censo
distribucion,Distribución por dominio de dificultad,2020,Hombres,Con discapacidad,Coahuila,18-29,Caminar,1380.0,4932.0,370.0,"Censo de Población y Vivienda, cuestionario ampliado (INEGI)",Personas de 18 años o más con discapacidad,censo
distribucion,Distribución por dominio de dificultad,2020,Hombres,Con discapacidad,Coahuila,30-44,Caminar,2735.0,7443.0,585.0,"Censo de Población y Vivienda, cuestionario ampliado (INEGI)",Personas de 18 años o más con discapacidad,censo
distribucion,Distribución por dominio de dificultad,2020,Hombres,Con discapacidad,Coahuila,45-59,Caminar,5484.0,12133.0,1061.0,"Censo de Población y Vivienda, cuestionario ampliado (INEGI)",Personas de 18 años o más con discapacidad,censo
distribucion,Distribución por dominio de dificultad,2020,Hombres,Con discapacidad,Coahuila,60+,Caminar,15811.0,27208.0,2562.0,"Censo de Población y Vivienda, cuestionario ampliado (INEGI)",Personas de 18 años o más con discapacidad,censo
distribucion,Distribución por dominio de dificultad,2020,Hombres,Con discapacidad,Colima,18-29,Caminar,362.0,1195.0,120.0,"Censo de Población y Vivienda, cuestionario ampliado (INEGI)",Personas de 18 años o más con discapacidad,censo
distribucion,Distribución por dominio de dificultad,2020,Hombres,Con discapacidad,Colima,30-44,Caminar,778.0,2026.0,193.0,"Censo de Población y Vivienda, cuestionario ampliado (INEGI)",Personas de 18 años o más con discapacidad,censo
distribucion,Distribución por dominio de dificultad,2020,Hombres,Con discapacidad,Colima,45-59,Caminar,1587.0,3275.0,311.0,"Censo de Población y Vivienda, cuestionario ampliado (INEGI)",Personas de 18 años o más con discapacidad,censo
distribucion,Distribución por dominio de dificultad,2020,Hombres,Con discapacidad,Colima,60+,Caminar,5030.0,8441.0,868.0,"Censo de Población y Vivienda, cuestionario ampliado (INEGI)",Personas de 18 años o más con discapacidad,censo
distribucion,Distribución por dominio de dificultad,2020,Hombres,Con discapacidad,Durango,18-29,Caminar,1128.0,4148.0,525.0,"Censo de Población y Vivienda, cuestionario ampliado (INEGI)",Personas de 18 años o más con discapacidad,censo
distribucion,Distribución por dominio de dificultad,2020,Hombres,Con discapacidad,Durango,30-44,Caminar,2174.0,5312.0,743.0,"Censo de Población y Vivienda, cuestionario ampliado (INEGI)",Personas de 18 años o más con discapacidad,censo
distribucion,Distribución por dominio de dificultad,2020,Hombres,Con discapacidad,Durango,45-59,Caminar,3799.0,7987.0,1176.0,"Censo de Población y Vivienda, cuestionario ampliado (INEGI)",Personas de 18 años o más con discapacidad,censo
distribucion,Distribución por dominio de dificultad,2020,Hombres,Con discapacidad,Durango,60+,Caminar,13121.0,21066.0,3661.0,"Censo de Población y Vivienda, cuestionario ampliado (INEGI)",Personas de 18 años o más con discapacidad,censo
distribucion,Distribución por dominio de dificultad,2020,Hombres,Con discapacidad,Guanajuato,18-29,Caminar,3511.0,12356.0,826.0,"Censo de Población y Vivienda, cuestionario ampliado (INEGI)",Personas de 18 años o más con discapacidad,censo
distribucion,Distribución por dominio de dificultad,2020,Hombres,Con discapacidad,Guanajuato,30-44,Caminar,6029.0,16482.0,1015.0,"Censo de Población y Vivienda, cuestionario ampliado (INEGI)",Personas de 18 años o más con discapacidad,censo
distribucion,Distribución por dominio de dificultad,2020,Hombres,Con discapacidad,Guanajuato,45-59,Caminar,10624.0,23789.0,1548.0,"Censo de Población y Vivienda, cuestionario ampliado (INEGI)",Personas de 18 años o más con discapacidad,censo
distribucion,Distribución por dominio de dificultad,2020,Hombres,Con discapacidad,Guanajuato,60+,Caminar,36782.0,58849.0,4566.0,"Censo de Población y Vivienda, cuestionario ampliado (INEGI)",Personas de 18 años o más con discapacidad,censo
distribucion,Distribución por dominio de dificultad,2020,Hombres,Con discapacidad,Guerrero,18-29,Caminar,1976.0,7064.0,1659.0,"Censo de Población y Vivienda, cuestionario ampliado (INEGI)",Personas de 18 años o más con discapacidad,censo
distribucion,Distribución por dominio de dificultad,2020,Hombres,Con discapacidad,Guerrero,30-44,Caminar,4033.0,10808.0,2135.0,"Censo de Población y Vivienda, cuestionario ampliado (INEGI)",Personas de 18 años o más con discapacidad,censo
distribucion,Distribución por dominio de dificultad,2020,Hombres,Con discapacidad,Guerrero,45-59,Caminar,8120.0,17388.0,3329.0,"Censo de Población y Vivienda, cuestionario ampliado (INEGI)",Personas de 18 años o más con discapacidad,censo
distribucion,Distribución por dominio de dificultad,2020,Hombres,Con discapacidad,Guerrero,60+,Caminar,29572.0,50415.0,10636.0,"Censo de Población y Vivienda, cuestionario ampliado (INEGI)",Personas de 18 años o más con discapacidad,censo
distribucion,Distribución por dominio de dificultad,2020,Hombres,Con discapacidad,Hidalgo,18-29,Caminar,1482.0,6424.0,997.0,"Censo de Población y Vivienda, cuestionario ampliado (INEGI)",Personas de 18 años o más con discapacidad,censo
distribucion,Distribución por dominio de dificultad,2020,Hombres,Con discapacidad,Hidalgo,30-44,Caminar,2698.0,7747.0,1367.0,"Censo de Población y Vivienda, cuestionario ampliado (INEGI)",Personas de 18 años o más con discapacidad,censo
distribucion,Distribución por dominio de dificultad,2020,Hombres,Con discapacidad,Hidalgo,45-59,Caminar,5414.0,13990.0,2301.0,"Censo de Población y Vivienda, cuestionario ampliado (INEGI)",Personas de 18 años o más con discapacidad,censo
distribucion,Distribución por dominio de dificultad,2020,Hombres,Con discapacidad,Hidalgo,60+,Caminar,19919.0,36669.0,7062.0,"Censo de Población y Vivienda, cuestionario ampliado (INEGI)",Personas de 18 años o más con discapacidad,censo
distribucion,Distribución por dominio de dificultad,2020,Hombres,Con discapacidad,Jalisco,18-29,Caminar,4355.0,13492.0,1445.0,"Censo de Población y Vivienda, cuestionario ampliado (INEGI)",Personas de 18 años o más con discapacidad,censo
distribucion,Distribución por dominio de dificultad,2020,Hombres,Con discapacidad,Jalisco,30-44,Caminar,7183.0,20557.0,2042.0,"Censo de Población y Vivienda, cuestionario ampliado (INEGI)",Personas de 18 años o más con discapacidad,censo
distribucion,Distribución por dominio de dificultad,2020,Hombres,Con discapacidad,Jalisco,45-59,Caminar,15103.0,32987.0,3364.0,"Censo de Población y Vivienda, cuestionario ampliado (INEGI)",Personas de 18 años o más con discapacidad,censo
distribucion,Distribución por dominio de dificultad,2020,Hombres,Con discapacidad,Jalisco,60+,Caminar,50079.0,82156.0,10143.0,"Censo de Población y Vivienda, cuestionario ampliado (INEGI)",Personas de 18 años o más con discapacidad,censo
distribucion,Distribución por dominio de dificultad,2020,Hombres,Con discapacidad,Michoacán,18-29,Caminar,2797.0,8489.0,1346.0,"Censo de Población y Vivienda, cuestionario ampliado (INEGI)",Personas de 18 años o más con discapacidad,censo
distribucion,Distribución por dominio de dificultad,2020,Hombres,Con discapacidad,Michoacán,30-44,Caminar,4981.0,12662.0,1982.0,"Censo de Población y Vivienda, cuestionario ampliado (INEGI)",Personas de 18 años o más con discapacidad,censo
distribucion,Distribución por dominio de dificultad,2020,Hombres,Con discapacidad,Michoacán,45-59,Caminar,9079.0,20204.0,3252.0,"Censo de Población y Vivienda, cuestionario ampliado (INEGI)",Personas de 18 años o más con discapacidad,censo
distribucion,Distribución por dominio de dificultad,2020,Hombres,Con discapacidad,Michoacán,60+,Caminar,34717.0,59611.0,10369.0,"Censo de Población y Vivienda, cuestionario ampliado (INEGI)",Personas de 18 años o más con discapacidad,censo
distribucion,Distribución por dominio de dificultad,2020,Hombres,Con discapacidad,Morelos,18-29,Caminar,806.0,3472.0,451.0,"Censo de Población y Vivienda, cuestionario ampliado (INEGI)",Personas de 18 años o más con discapacidad,censo
distribucion,Distribución por dominio de dificultad,2020,Hombres,Con discapacidad,Morelos,30-44,Caminar,1853.0,5472.0,634.0,"Censo de Población y Vivienda, cuestionario ampliado (INEGI)",Personas de 18 años o más con discapacidad,censo
distribucion,Distribución por dominio de dificultad,2020,Hombres,Con discapacidad,Morelos,45-59,Caminar,3901.0,9318.0,1109.0,"Censo de Población y Vivienda, cuestionario ampliado (INEGI)",Personas de 18 años o más con discapacidad,censo
distribucion,Distribución por dominio de dificultad,2020,Hombres,Con discapacidad,Morelos,60+,Caminar,15037.0,25720.0,3142.0,"Censo de Población y Vivienda, cuestionario ampliado (INEGI)",Personas de 18 años o más con discapacidad,censo
distribucion,Distribución por dominio de dificultad,2020,Hombres,Con discapacidad,México,18-29,Caminar,7799.0,32467.0,2362.0,"Censo de Población y Vivienda, cuestionario ampliado (INEGI)",Personas de 18 años o más con discapacidad,censo
distribucion,Distribución por dominio de dificultad,2020,Hombres,Con discapacidad,México,30-44,Caminar,13375.0,42276.0,2932.0,"Censo de Población y Vivienda, cuestionario ampliado (INEGI)",Personas de 18 años o más con discapacidad,censo
distribucion,Distribución por dominio de dificultad,2020,Hombres,Con discapacidad,México,45-59,Caminar,26999.0,69088.0,4624.0,"Censo de Población y Vivienda, cuestionario ampliado (INEGI)",Personas de 18 años o más con discapacidad,censo
distribucion,Distribución por dominio de dificultad,2020,Hombres,Con discapacidad,México,60+,Caminar,74223.0,140681.0,10314.0,"Censo de Población y Vivienda, cuestionario ampliado (INEGI)",Personas de 18 años o más con discapacidad,censo
distribucion,Distribución por dominio de dificultad,2020,Hombres,Con discapacidad,Nayarit,18-29,Caminar,587.0,2943.0,345.0,"Censo de Población y Vivienda, cuestionario ampliado (INEGI)",Personas de 18 años o más con discapacidad,censo
distribucion,Distribución por dominio de dificultad,2020,Hombres,Con discapacidad,Nayarit,30-44,Caminar,1121.0,2981.0,456.0,"Censo de Población y Vivienda, cuestionario ampliado (INEGI)",Personas de 18 años o más con discapacidad,censo
distribucion,Distribución por dominio de dificultad,2020,Hombres,Con discapacidad,Nayarit,45-59,Caminar,2122.0,5234.0,749.0,"Censo de Población y Vivienda, cuestionario ampliado (INEGI)",Personas de 18 años o más con discapacidad,censo
distribucion,Distribución por dominio de dificultad,2020,Hombres,Con discapacidad,Nayarit,60+,Caminar,8940.0,14896.0,2231.0,"Censo de Población y Vivienda, cuestionario ampliado (INEGI)",Personas de 18 años o más con discapacidad,censo
distribucion,Distribución por dominio de dificultad,2020,Hombres,Con discapacidad,Nuevo León,18-29,Caminar,2092.0,9098.0,531.0,"Censo de Población y Vivienda, cuestionario ampliado (INEGI)",Personas de 18 años o más con discapacidad,censo
distribucion,Distribución por dominio de dificultad,2020,Hombres,Con discapacidad,Nuevo León,30-44,Caminar,3220.0,10415.0,674.0,"Censo de Población y Vivienda, cuestionario ampliado (INEGI)",Personas de 18 años o más con discapacidad,censo
distribucion,Distribución por dominio de dificultad,2020,Hombres,Con discapacidad,Nuevo León,45-59,Caminar,8423.0,19101.0,1314.0,"Censo de Población y Vivienda, cuestionario ampliado (INEGI)",Personas de 18 años o más con discapacidad,censo
distribucion,Distribución por dominio de dificultad,2020,Hombres,Con discapacidad,Nuevo León,60+,Caminar,24652.0,42986.0,3266.0,"Censo de Población y Vivienda, cuestionario ampliado (INEGI)",Personas de 18 años o más con discapacidad,censo
distribucion,Distribución por dominio de dificultad,2020,Hombres,Con discapacidad,Oaxaca,18-29,Caminar,2579.0,9352.0,4698.0,"Censo de Población y Vivienda, cuestionario ampliado (INEGI)",Personas de 18 años o más con discapacidad,censo
distribucion,Distribución por dominio de dificultad,2020,Hombres,Con discapacidad,Oaxaca,30-44,Caminar,4641.0,13352.0,6570.0,"Censo de Población y Vivienda, cuestionario ampliado (INEGI)",Personas de 18 años o más con discapacidad,censo
distribucion,Distribución por dominio de dificultad,2020,Hombres,Con discapacidad,Oaxaca,45-59,Caminar,8536.0,20984.0,10595.0,"Censo de Población y Vivienda, cuestionario ampliado (INEGI)",Personas de 18 años o más con discapacidad,censo
distribucion,Distribución por dominio de dificultad,2020,Hombres,Con discapacidad,Oaxaca,60+,Caminar,36482.0,65118.0,35153.0,"Censo de Población y Vivienda, cuestionario ampliado (INEGI)",Personas de 18 años o más con discapacidad,censo
distribucion,Distribución por dominio de dificultad,2020,Hombres,Con discapacidad,Puebla,18-29,Caminar,3245.0,13898.0,2754.0,"Censo de Población y Vivienda, cuestionario ampliado (INEGI)",Personas de 18 años o más con discapacidad,censo
distribucion,Distribución por dominio de dificultad,2020,Hombres,Con discapacidad,Puebla,30-44,Caminar,4784.0,15408.0,3569.0,"Censo de Población y Vivienda, cuestionario ampliado (INEGI)",Personas de 18 años o más con discapacidad,censo
distribucion,Distribución por dominio de dificultad,2020,Hombres,Con discapacidad,Puebla,45-59,Caminar,10283.0,24320.0,5306.0,"Censo de Población y Vivienda, cuestionario ampliado (INEGI)",Personas de 18 años o más con discapacidad,censo
distribucion,Distribución por dominio de dificultad,2020,Hombres,Con discapacidad,Puebla,60+,Caminar,36828.0,65208.0,16499.0,"Censo de Población y Vivienda, cuestionario ampliado (INEGI)",Personas de 18 años o más con discapacidad,censo
distribucion,Distribución por dominio de dificultad,2020,Hombres,Con discapacidad,Querétaro,18-29,Caminar,718.0,3711.0,302.0,"Censo de Población y Vivienda, cuestionario ampliado (INEGI)",Personas de 18 años o más con discapacidad,censo
distribucion,Distribución por dominio de dificultad,2020,Hombres,Con discapacidad,Querétaro,30-44,Caminar,1849.0,5237.0,365.0,"Censo de Población y Vivienda, cuestionario ampliado (INEGI)",Personas de 18 años o más con discapacidad,censo
distribucion,Distribución por dominio de dificultad,2020,Hombres,Con discapacidad,Querétaro,45-59,Caminar,3931.0,8548.0,572.0,"Censo de Población y Vivienda, cuestionario ampliado (INEGI)",Personas de 18 años o más con discapacidad,censo
distribucion,Distribución por dominio de dificultad,2020,Hombres,Con discapacidad,Querétaro,60+,Caminar,11388.0,20519.0,1580.0,"Censo de Población y Vivienda, cuestionario ampliado (INEGI)",Personas de 18 años o más con discapacidad,censo
distribucion,Distribución por dominio de dificultad,2020,Hombres,Con discapacidad,Quintana Roo,18-29,Caminar,640.0,3141.0,129.0,"Censo de Población y Vivienda, cuestionario ampliado (INEGI)",Personas de 18 años o más con discapacidad,censo
distribucion,Distribución por dominio de dificultad,2020,Hombres,Con discapacidad,Quintana Roo,30-44,Caminar,1413.0,4420.0,203.0,"Censo de Población y Vivienda, cuestionario ampliado (INEGI)",Personas de 18 años o más con discapacidad,censo
distribucion,Distribución por dominio de dificultad,2020,Hombres,Con discapacidad,Quintana Roo,45-59,Caminar,2595.0,5573.0,278.0,"Censo de Población y Vivienda, cuestionario ampliado (INEGI)",Personas de 18 años o más con discapacidad,censo
distribucion,Distribución por dominio de dificultad,2020,Hombres,Con discapacidad,Quintana Roo,60+,Caminar,6378.0,10885.0,627.0,"Censo de Población y Vivienda, cuestionario ampliado (INEGI)",Personas de 18 años o más con discapacidad,censo
distribucion,Distribución por dominio de dificultad,2020,Hombres,Con discapacidad,San Luis Potosí,18-29,Caminar,1218.0,4768.0,720.0,"Censo de Población y Vivienda, cuestionario ampliado (INEGI)",Personas de 18 años o más con discapacidad,censo
distribucion,Distribución por dominio de dificultad,2020,Hombres,Con discapacidad,San Luis Potosí,30-44,Caminar,2560.0,6817.0,1008.0,"Censo de Población y Vivienda, cuestionario ampliado (INEGI)",Personas de 18 años o más con discapacidad,censo
distribucion,Distribución por dominio de dificultad,2020,Hombres,Con discapacidad,San Luis Potosí,45-59,Caminar,4784.0,11288.0,1758.0,"Censo de Población y Vivienda, cuestionario ampliado (INEGI)",Personas de 18 años o más con discapacidad,censo
distribucion,Distribución por dominio de dificultad,2020,Hombres,Con discapacidad,San Luis Potosí,60+,Caminar,18525.0,34998.0,5834.0,"Censo de Población y Vivienda, cuestionario ampliado (INEGI)",Personas de 18 años o más con discapacidad,censo
distribucion,Distribución por dominio de dificultad,2020,Hombres,Con discapacidad,Sinaloa,18-29,Caminar,1626.0,5405.0,299.0,"Censo de Población y Vivienda, cuestionario ampliado (INEGI)",Personas de 18 años o más con discapacidad,censo
distribucion,Distribución por dominio de dificultad,2020,Hombres,Con discapacidad,Sinaloa,30-44,Caminar,3378.0,7793.0,499.0,"Censo de Población y Vivienda, cuestionario ampliado (INEGI)",Personas de 18 años o más con discapacidad,censo
distribucion,Distribución por dominio de dificultad,2020,Hombres,Con discapacidad,Sinaloa,45-59,Caminar,6894.0,13197.0,790.0,"Censo de Población y Vivienda, cuestionario ampliado (INEGI)",Personas de 18 años o más con discapacidad,censo
distribucion,Distribución por dominio de dificultad,2020,Hombres,Con discapacidad,Sinaloa,60+,Caminar,20732.0,35296.0,2266.0,"Censo de Población y Vivienda, cuestionario ampliado (INEGI)",Personas de 18 años o más con discapacidad,censo
distribucion,Distribución por dominio de dificultad,2020,Hombres,Con discapacidad,Sonora,18-29,Caminar,1655.0,6167.0,514.0,"Censo de Población y Vivienda, cuestionario ampliado (INEGI)",Personas de 18 años o más con discapacidad,censo
distribucion,Distribución por dominio de dificultad,2020,Hombres,Con discapacidad,Sonora,30-44,Caminar,2775.0,7395.0,679.0,"Censo de Población y Vivienda, cuestionario ampliado (INEGI)",Personas de 18 años o más con discapacidad,censo
distribucion,Distribución por dominio de dificultad,2020,Hombres,Con discapacidad,Sonora,45-59,Caminar,5135.0,12111.0,1304.0,"Censo de Población y Vivienda, cuestionario ampliado (INEGI)",Personas de 18 años o más con discapacidad,censo
distribucion,Distribución por dominio de dificultad,2020,Hombres,Con discapacidad,Sonora,60+,Caminar,17978.0,31569.0,3782.0,"Censo de Población y Vivienda, cuestionario ampliado (INEGI)",Personas de 18 años o más con discapacidad,censo
distribucion,Distribución por dominio de dificultad,2020,Hombres,Con discapacidad,Tabasco,18-29,Caminar,2028.0,6530.0,362.0,"Censo de Población y Vivienda, cuestionario ampliado (INEGI)",Personas de 18 años o más con discapacidad,censo
distribucion,Distribución por dominio de dificultad,2020,Hombres,Con discapacidad,Tabasco,30-44,Caminar,2899.0,7619.0,530.0,"Censo de Población y Vivienda, cuestionario ampliado (INEGI)",Personas de 18 años o más con discapacidad,censo
distribucion,Distribución por dominio de dificultad,2020,Hombres,Con discapacidad,Tabasco,45-59,Caminar,6740.0,13996.0,920.0,"Censo de Población y Vivienda, cuestionario ampliado (INEGI)",Personas de 18 años o más con discapacidad,censo
distribucion,Distribución por dominio de dificultad,2020,Hombres,Con discapacidad,Tabasco,60+,Caminar,17403.0,30592.0,2114.0,"Censo de Población y Vivienda, cuestionario ampliado (INEGI)",Personas de 18 años o más con discapacidad,censo
distribucion,Distribución por dominio de dificultad,2020,Hombres,Con discapacidad,Tamaulipas,18-29,Caminar,1219.0,5668.0,386.0,"Censo de Población y Vivienda, cuestionario ampliado (INEGI)",Personas de 18 años o más con discapacidad,censo
distribucion,Distribución por dominio de dificultad,2020,Hombres,Con discapacidad,Tamaulipas,30-44,Caminar,2557.0,7779.0,574.0,"Censo de Población y Vivienda, cuestionario ampliado (INEGI)",Personas de 18 años o más con discapacidad,censo
distribucion,Distribución por dominio de dificultad,2020,Hombres,Con discapacidad,Tamaulipas,45-59,Caminar,6461.0,15816.0,1149.0,"Censo de Población y Vivienda, cuestionario ampliado (INEGI)",Personas de 18 años o más con discapacidad,censo
distribucion,Distribución por dominio de dificultad,2020,Hombres,Con discapacidad,Tamaulipas,60+,Caminar,21640.0,37158.0,3555.0,"Censo de Población y Vivienda, cuestionario ampliado (INEGI)",Personas de 18 años o más con discapacidad,censo
distribucion,Distribución por dominio de dificultad,2020,Hombres,Con discapacidad,Tlaxcala,18-29,Caminar,661.0,2584.0,638.0,"Censo de Población y Vivienda, cuestionario ampliado (INEGI)",Personas de 18 años o más con discapacidad,censo
distribucion,Distribución por dominio de dificultad,2020,Hombres,Con discapacidad,Tlaxcala,30-44,Caminar,1054.0,2996.0,733.0,"Censo de Población y Vivienda, cuestionario ampliado (INEGI)",Personas de 18 años o más con discapacidad,censo
distribucion,Distribución por dominio de dificultad,2020,Hombres,Con discapacidad,Tlaxcala,45-59,Caminar,1602.0,4199.0,1082.0,"Censo de Población y Vivienda, cuestionario ampliado (INEGI)",Personas de 18 años o más con discapacidad,censo
distribucion,Distribución por dominio de dificultad,2020,Hombres,Con discapacidad,Tlaxcala,60+,Caminar,6617.0,11957.0,3117.0,"Censo de Población y Vivienda, cuestionario ampliado (INEGI)",Personas de 18 años o más con discapacidad,censo
distribucion,Distribución por dominio de dificultad,2020,Hombres,Con discapacidad,Veracruz,18-29,Caminar,3932.0,14981.0,2776.0,"Censo de Población y Vivienda, cuestionario ampliado (INEGI)",Personas de 18 años o más con discapacidad,censo
distribucion,Distribución por dominio de dificultad,2020,Hombres,Con discapacidad,Veracruz,30-44,Caminar,7501.0,20980.0,3931.0,"Censo de Población y Vivienda, cuestionario ampliado (INEGI)",Personas de 18 años o más con discapacidad,censo
distribucion,Distribución por dominio de dificultad,2020,Hombres,Con discapacidad,Veracruz,45-59,Caminar,15071.0,39133.0,6822.0,"Censo de Población y Vivienda, cuestionario ampliado (INEGI)",Personas de 18 años o más con discapacidad,censo
distribucion,Distribución por dominio de dificultad,2020,Hombres,Con discapacidad,Veracruz,60+,Caminar,57213.0,108670.0,18980.0,"Censo de Población y Vivienda, cuestionario ampliado (INEGI)",Personas de 18 años o más con discapacidad,censo
distribucion,Distribución por dominio de dificultad,2020,Hombres,Con discapacidad,Yucatán,18-29,Caminar,1245.0,4723.0,1031.0,"Censo de Población y Vivienda, cuestionario ampliado (INEGI)",Personas de 18 años o más con discapacidad,censo
distribucion,Distribución por dominio de dificultad,2020,Hombres,Con discapacidad,Yucatán,30-44,Caminar,2104.0,6207.0,1464.0,"Censo de Población y Vivienda, cuestionario ampliado (INEGI)",Personas de 18 años o más con discapacidad,censo
distribucion,Distribución por dominio de dificultad,2020,Hombres,Con discapacidad,Yucatán,45-59,Caminar,4897.0,10974.0,2356.0,"Censo de Población y Vivienda, cuestionario ampliado (INEGI)",Personas de 18 años o más con discapacidad,censo
distribucion,Distribución por dominio de dificultad,2020,Hombres,Con discapacidad,Yucatán,60+,Caminar,18020.0,30468.0,7203.0,"Censo de Población y Vivienda, cuestionario ampliado (INEGI)",Personas de 18 años o más con discapacidad,censo
distribucion,Distribución por dominio de dificultad,2020,Hombres,Con discapacidad,Zacatecas,18-29,Caminar,962.0,3341.0,583.0,"Censo de Población y Vivienda, cuestionario ampliado (INEGI)",Personas de 18 años o más con discapacidad,censo
distribucion,Distribución por dominio de dificultad,2020,Hombres,Con discapacidad,Zacatecas,30-44,Caminar,1698.0,4546.0,850.0,"Censo de Población y Vivienda, cuestionario ampliado (INEGI)",Personas de 18 años o más con discapacidad,censo
distribucion,Distribución por dominio de dificultad,2020,Hombres,Con discapacidad,Zacatecas,45-59,Caminar,3276.0,7061.0,1404.0,"Censo de Población y Vivienda, cuestionario ampliado (INEGI)",Personas de 18 años o más con discapacidad,censo
distribucion,Distribución por dominio de dificultad,2020,Hombres,Con discapacidad,Zacatecas,60+,Caminar,13067.0,21794.0,4760.0,"Censo de Población y Vivienda, cuestionario ampliado (INEGI)",Personas de 18 años o más con discapacidad,censo
distribucion,Distribución por dominio de dificultad,2020,Mujeres,Con discapacidad,Aguascalientes,18-29,Caminar,831.0,3506.0,217.0,"Censo de Población y Vivienda, cuestionario ampliado (INEGI)",Personas de 18 años o más con discapacidad,censo
distribucion,Distribución por dominio de dificultad,2020,Mujeres,Con discapacidad,Aguascalientes,30-44,Caminar,982.0,4696.0,267.0,"Censo de Población y Vivienda, cuestionario ampliado (INEGI)",Personas de 18 años o más con discapacidad,censo
distribucion,Distribución por dominio de dificultad,2020,Mujeres,Con discapacidad,Aguascalientes,45-59,Caminar,4758.0,8947.0,531.0,"Censo de Población y Vivienda, cuestionario ampliado (INEGI)",Personas de 18 años o más con discapacidad,censo
distribucion,Distribución por dominio de dificultad,2020,Mujeres,Con discapacidad,Aguascalientes,60+,Caminar,12939.0,18099.0,1219.0,"Censo de Población y Vivienda, cuestionario ampliado (INEGI)",Personas de 18 años o más con discapacidad,censo
distribucion,Distribución por dominio de dificultad,2020,Mujeres,Con discapacidad,Baja California,18-29,Caminar,1381.0,8274.0,167.0,"Censo de Población y Vivienda, cuestionario ampliado (INEGI)",Personas de 18 años o más con discapacidad,censo
distribucion,Distribución por dominio de dificultad,2020,Mujeres,Con discapacidad,Baja California,30-44,Caminar,3586.0,9732.0,201.0,"Censo de Población y Vivienda, cuestionario ampliado (INEGI)",Personas de 18 años o más con discapacidad,censo
distribucion,Distribución por dominio de dificultad,2020,Mujeres,Con discapacidad,Baja California,45-59,Caminar,9551.0,20331.0,431.0,"Censo de Población y Vivienda, cuestionario ampliado (INEGI)",Personas de 18 años o más con discapacidad,censo
distribucion,Distribución por dominio de dificultad,2020,Mujeres,Con discapacidad,Baja California,60+,Caminar,26398.0,41033.0,903.0,"Censo de Población y Vivienda, cuestionario ampliado (INEGI)",Personas de 18 años o más con discapacidad,censo
distribucion,Distribución por dominio de dificultad,2020,Mujeres,Con discapacidad,Baja California Sur,18-29,Caminar,200.0,1222.0,72.0,"Censo de Población y Vivienda, cuestionario ampliado (INEGI)",Personas de 18 años o más con discapacidad,censo
distribucion,Distribución por dominio de dificultad,2020,Mujeres,Con discapacidad,Baja California Sur,30-44,Caminar,575.0,2030.0,121.0,"Censo de Población y Vivienda, cuestionario ampliado (INEGI)",Personas de 18 años o más con discapacidad,censo
distribucion,Distribución por dominio de dificultad,2020,Mujeres,Con discapacidad,Baja California Sur,45-59,Caminar,1617.0,3560.0,224.0,"Censo de Población y Vivienda, cuestionario ampliado (INEGI)",Personas de 18 años o más con discapacidad,censo
distribucion,Distribución por dominio de dificultad,2020,Mujeres,Con discapacidad,Baja California Sur,60+,Caminar,5301.0,7964.0,532.0,"Censo de Población y Vivienda, cuestionario ampliado (INEGI)",Personas de 18 años o más con discapacidad,censo
distribucion,Distribución por dominio de dificultad,2020,Mujeres,Con discapacidad,Campeche,18-29,Caminar,399.0,1843.0,159.0,"Censo de Población y Vivienda, cuestionario ampliado (INEGI)",Personas de 18 años o más con discapacidad,censo
distribucion,Distribución por dominio de dificultad,2020,Mujeres,Con discapacidad,Campeche,30-44,Caminar,890.0,3226.0,253.0,"Censo de Población y Vivienda, cuestionario ampliado (INEGI)",Personas de 18 años o más con discapacidad,censo
distribucion,Distribución por dominio de dificultad,2020,Mujeres,Con discapacidad,Campeche,45-59,Caminar,2804.0,6312.0,499.0,"Censo de Población y Vivienda, cuestionario ampliado (INEGI)",Personas de 18 años o más con discapacidad,censo
distribucion,Distribución por dominio de dificultad,2020,Mujeres,Con discapacidad,Campeche,60+,Caminar,9942.0,13958.0,1200.0,"Censo de Población y Vivienda, cuestionario ampliado (INEGI)",Personas de 18 años o más con discapacidad,censo
distribucion,Distribución por dominio de dificultad,2020,Mujeres,Con discapacidad,Chiapas,18-29,Caminar,1747.0,7278.0,1544.0,"Censo de Población y Vivienda, cuestionario ampliado (INEGI)",Personas de 18 años o más con discapacidad,censo
distribucion,Distribución por dominio de dificultad,2020,Mujeres,Con discapacidad,Chiapas,30-44,Caminar,3446.0,10596.0,2212.0,"Censo de Población y Vivienda, cuestionario ampliado (INEGI)",Personas de 18 años o más con discapacidad,censo
distribucion,Distribución por dominio de dificultad,2020,Mujeres,Con discapacidad,Chiapas,45-59,Caminar,9932.0,22210.0,4219.0,"Censo de Población y Vivienda, cuestionario ampliado (INEGI)",Personas de 18 años o más con discapacidad,censo
distribucion,Distribución por dominio de dificultad,2020,Mujeres,Con discapacidad,Chiapas,60+,Caminar,33355.0,54873.0,11188.0,"Censo de Población y Vivienda, cuestionario ampliado (INEGI)",Personas de 18 años o más con discapacidad,censo
distribucion,Distribución por dominio de dificultad,2020,Mujeres,Con discapacidad,Chihuahua,18-29,Caminar,1355.0,5126.0,445.0,"Censo de Población y Vivienda, cuestionario ampliado (INEGI)",Personas de 18 años o más con discapacidad,censo
distribucion,Distribución por dominio de dificultad,2020,Mujeres,Con discapacidad,Chihuahua,30-44,Caminar,2834.0,7681.0,613.0,"Censo de Población y Vivienda, cuestionario ampliado (INEGI)",Personas de 18 años o más con discapacidad,censo
distribucion,Distribución por dominio de dificultad,2020,Mujeres,Con discapacidad,Chihuahua,45-59,Caminar,8056.0,16252.0,1366.0,"Censo de Población y Vivienda, cuestionario ampliado (INEGI)",Personas de 18 años o más con discapacidad,censo
distribucion,Distribución por dominio de dificultad,2020,Mujeres,Con discapacidad,Chihuahua,60+,Caminar,32773.0,49111.0,4786.0,"Censo de Población y Vivienda, cuestionario ampliado (INEGI)",Personas de 18 años o más con discapacidad,censo
distribucion,Distribución por dominio de dificultad,2020,Mujeres,Con discapacidad,Ciudad de México,18-29,Caminar,3374.0,17464.0,550.0,"Censo de Población y Vivienda, cuestionario ampliado (INEGI)",Personas de 18 años o más con discapacidad,censo
distribucion,Distribución por dominio de dificultad,2020,Mujeres,Con discapacidad,Ciudad de México,30-44,Caminar,6193.0,22651.0,728.0,"Censo de Población y Vivienda, cuestionario ampliado (INEGI)",Personas de 18 años o más con discapacidad,censo
distribucion,Distribución por dominio de dificultad,2020,Mujeres,Con discapacidad,Ciudad de México,45-59,Caminar,24801.0,53090.0,1623.0,"Censo de Población y Vivienda, cuestionario ampliado (INEGI)",Personas de 18 años o más con discapacidad,censo
distribucion,Distribución por dominio de dificultad,2020,Mujeres,Con discapacidad,Ciudad de México,60+,Caminar,110587.0,165757.0,4812.0,"Censo de Población y Vivienda, cuestionario ampliado (INEGI)",Personas de 18 años o más con discapacidad,censo
distribucion,Distribución por dominio de dificultad,2020,Mujeres,Con discapacidad,Coahuila,18-29,Caminar,895.0,4815.0,385.0,"Censo de Población y Vivienda, cuestionario ampliado (INEGI)",Personas de 18 años o más con discapacidad,censo
distribucion,Distribución por dominio de dificultad,2020,Mujeres,Con discapacidad,Coahuila,30-44,Caminar,1563.0,5170.0,456.0,"Censo de Población y Vivienda, cuestionario ampliado (INEGI)",Personas de 18 años o más con discapacidad,censo
distribucion,Distribución por dominio de dificultad,2020,Mujeres,Con discapacidad,Coahuila,45-59,Caminar,5430.0,12672.0,1134.0,"Censo de Población y Vivienda, cuestionario ampliado (INEGI)",Personas de 18 años o más con discapacidad,censo
distribucion,Distribución por dominio de dificultad,2020,Mujeres,Con discapacidad,Coahuila,60+,Caminar,21262.0,32709.0,2815.0,"Censo de Población y Vivienda, cuestionario ampliado (INEGI)",Personas de 18 años o más con discapacidad,censo
distribucion,Distribución por dominio de dificultad,2020,Mujeres,Con discapacidad,Colima,18-29,Caminar,250.0,1257.0,106.0,"Censo de Población y Vivienda, cuestionario ampliado (INEGI)",Personas de 18 años o más con discapacidad,censo
distribucion,Distribución por dominio de dificultad,2020,Mujeres,Con discapacidad,Colima,30-44,Caminar,543.0,1889.0,155.0,"Censo de Población y Vivienda, cuestionario ampliado (INEGI)",Personas de 18 años o más con discapacidad,censo
distribucion,Distribución por dominio de dificultad,2020,Mujeres,Con discapacidad,Colima,45-59,Caminar,2185.0,4341.0,364.0,"Censo de Población y Vivienda, cuestionario ampliado (INEGI)",Personas de 18 años o más con discapacidad,censo
distribucion,Distribución por dominio de dificultad,2020,Mujeres,Con discapacidad,Colima,60+,Caminar,7067.0,10575.0,1008.0,"Censo de Población y Vivienda, cuestionario ampliado (INEGI)",Personas de 18 años o más con discapacidad,censo
distribucion,Distribución por dominio de dificultad,2020,Mujeres,Con discapacidad,Durango,18-29,Caminar,545.0,3464.0,459.0,"Censo de Población y Vivienda, cuestionario ampliado (INEGI)",Personas de 18 años o más con discapacidad,censo
distribucion,Distribución por dominio de dificultad,2020,Mujeres,Con discapacidad,Durango,30-44,Caminar,1298.0,4402.0,638.0,"Censo de Población y Vivienda, cuestionario ampliado (INEGI)",Personas de 18 años o más con discapacidad,censo
distribucion,Distribución por dominio de dificultad,2020,Mujeres,Con discapacidad,Durango,45-59,Caminar,4107.0,9358.0,1328.0,"Censo de Población y Vivienda, cuestionario ampliado (INEGI)",Personas de 18 años o más con discapacidad,censo
distribucion,Distribución por dominio de dificultad,2020,Mujeres,Con discapacidad,Durango,60+,Caminar,18003.0,25741.0,4075.0,"Censo de Población y Vivienda, cuestionario ampliado (INEGI)",Personas de 18 años o más con discapacidad,censo
distribucion,Distribución por dominio de dificultad,2020,Mujeres,Con discapacidad,Guanajuato,18-29,Caminar,2657.0,11513.0,730.0,"Censo de Población y Vivienda, cuestionario ampliado (INEGI)",Personas de 18 años o más con discapacidad,censo
distribucion,Distribución por dominio de dificultad,2020,Mujeres,Con discapacidad,Guanajuato,30-44,Caminar,5031.0,15505.0,999.0,"Censo de Población y Vivienda, cuestionario ampliado (INEGI)",Personas de 18 años o más con discapacidad,censo
distribucion,Distribución por dominio de dificultad,2020,Mujeres,Con discapacidad,Guanajuato,45-59,Caminar,14557.0,29945.0,1937.0,"Censo de Población y Vivienda, cuestionario ampliado (INEGI)",Personas de 18 años o más con discapacidad,censo
distribucion,Distribución por dominio de dificultad,2020,Mujeres,Con discapacidad,Guanajuato,60+,Caminar,54117.0,78634.0,5980.0,"Censo de Población y Vivienda, cuestionario ampliado (INEGI)",Personas de 18 años o más con discapacidad,censo
distribucion,Distribución por dominio de dificultad,2020,Mujeres,Con discapacidad,Guerrero,18-29,Caminar,1682.0,6754.0,1454.0,"Censo de Población y Vivienda, cuestionario ampliado (INEGI)",Personas de 18 años o más con discapacidad,censo
distribucion,Distribución por dominio de dificultad,2020,Mujeres,Con discapacidad,Guerrero,30-44,Caminar,3189.0,9595.0,2081.0,"Censo de Población y Vivienda, cuestionario ampliado (INEGI)",Personas de 18 años o más con discapacidad,censo
distribucion,Distribución por dominio de dificultad,2020,Mujeres,Con discapacidad,Guerrero,45-59,Caminar,9636.0,20441.0,4163.0,"Censo de Población y Vivienda, cuestionario ampliado (INEGI)",Personas de 18 años o más con discapacidad,censo
distribucion,Distribución por dominio de dificultad,2020,Mujeres,Con discapacidad,Guerrero,60+,Caminar,42683.0,63558.0,12862.0,"Censo de Población y Vivienda, cuestionario ampliado (INEGI)",Personas de 18 años o más con discapacidad,censo
distribucion,Distribución por dominio de dificultad,2020,Mujeres,Con discapacidad,Hidalgo,18-29,Caminar,1224.0,6022.0,946.0,"Censo de Población y Vivienda, cuestionario ampliado (INEGI)",Personas de 18 años o más con discapacidad,censo
distribucion,Distribución por dominio de dificultad,2020,Mujeres,Con discapacidad,Hidalgo,30-44,Caminar,2682.0,9341.0,1480.0,"Censo de Población y Vivienda, cuestionario ampliado (INEGI)",Personas de 18 años o más con discapacidad,censo
distribucion,Distribución por dominio de dificultad,2020,Mujeres,Con discapacidad,Hidalgo,45-59,Caminar,6583.0,16418.0,2693.0,"Censo de Población y Vivienda, cuestionario ampliado (INEGI)",Personas de 18 años o más con discapacidad,censo
distribucion,Distribución por dominio de dificultad,2020,Mujeres,Con discapacidad,Hidalgo,60+,Caminar,28714.0,46197.0,8310.0,"Censo de Población y Vivienda, cuestionario ampliado (INEGI)",Personas de 18 años o más con discapacidad,censo
distribucion,Distribución por dominio de dificultad,2020,Mujeres,Con discapacidad,Jalisco,18-29,Caminar,2950.0,12293.0,1268.0,"Censo de Población y Vivienda, cuestionario ampliado (INEGI)",Personas de 18 años o más con discapacidad,censo
distribucion,Distribución por dominio de dificultad,2020,Mujeres,Con discapacidad,Jalisco,30-44,Caminar,6031.0,17416.0,1854.0,"Censo de Población y Vivienda, cuestionario ampliado (INEGI)",Personas de 18 años o más con discapacidad,censo
distribucion,Distribución por dominio de dificultad,2020,Mujeres,Con discapacidad,Jalisco,45-59,Caminar,18708.0,39239.0,3938.0,"Censo de Población y Vivienda, cuestionario ampliado (INEGI)",Personas de 18 años o más con discapacidad,censo
distribucion,Distribución por dominio de dificultad,2020,Mujeres,Con discapacidad,Jalisco,60+,Caminar,80806.0,114952.0,12376.0,"Censo de Población y Vivienda, cuestionario ampliado (INEGI)",Personas de 18 años o más con discapacidad,censo
distribucion,Distribución por dominio de dificultad,2020,Mujeres,Con discapacidad,Michoacán,18-29,Caminar,1816.0,8783.0,1202.0,"Censo de Población y Vivienda, cuestionario ampliado (INEGI)",Personas de 18 años o más con discapacidad,censo
distribucion,Distribución por dominio de dificultad,2020,Mujeres,Con discapacidad,Michoacán,30-44,Caminar,3895.0,12461.0,1835.0,"Censo de Población y Vivienda, cuestionario ampliado (INEGI)",Personas de 18 años o más con discapacidad,censo
distribucion,Distribución por dominio de dificultad,2020,Mujeres,Con discapacidad,Michoacán,45-59,Caminar,10797.0,24334.0,3855.0,"Censo de Población y Vivienda, cuestionario ampliado (INEGI)",Personas de 18 años o más con discapacidad,censo
distribucion,Distribución por dominio de dificultad,2020,Mujeres,Con discapacidad,Michoacán,60+,Caminar,51849.0,76684.0,12845.0,"Censo de Población y Vivienda, cuestionario ampliado (INEGI)",Personas de 18 años o más con discapacidad,censo
distribucion,Distribución por dominio de dificultad,2020,Mujeres,Con discapacidad,Morelos,18-29,Caminar,782.0,3675.0,425.0,"Censo de Población y Vivienda, cuestionario ampliado (INEGI)",Personas de 18 años o más con discapacidad,censo
distribucion,Distribución por dominio de dificultad,2020,Mujeres,Con discapacidad,Morelos,30-44,Caminar,1468.0,5276.0,602.0,"Censo de Población y Vivienda, cuestionario ampliado (INEGI)",Personas de 18 años o más con discapacidad,censo
distribucion,Distribución por dominio de dificultad,2020,Mujeres,Con discapacidad,Morelos,45-59,Caminar,4378.0,11197.0,1326.0,"Censo de Población y Vivienda, cuestionario ampliado (INEGI)",Personas de 18 años o más con discapacidad,censo
distribucion,Distribución por dominio de dificultad,2020,Mujeres,Con discapacidad,Morelos,60+,Caminar,20947.0,31334.0,3700.0,"Censo de Población y Vivienda, cuestionario ampliado (INEGI)",Personas de 18 años o más con discapacidad,censo
distribucion,Distribución por dominio de dificultad,2020,Mujeres,Con discapacidad,México,18-29,Caminar,6313.0,29632.0,2085.0,"Censo de Población y Vivienda, cuestionario ampliado (INEGI)",Personas de 18 años o más con discapacidad,censo
distribucion,Distribución por dominio de dificultad,2020,Mujeres,Con discapacidad,México,30-44,Caminar,10891.0,40067.0,2807.0,"Censo de Población y Vivienda, cuestionario ampliado (INEGI)",Personas de 18 años o más con discapacidad,censo
distribucion,Distribución por dominio de dificultad,2020,Mujeres,Con discapacidad,México,45-59,Caminar,33763.0,80658.0,5498.0,"Censo de Población y Vivienda, cuestionario ampliado (INEGI)",Personas de 18 años o más con discapacidad,censo
distribucion,Distribución por dominio de dificultad,2020,Mujeres,Con discapacidad,México,60+,Caminar,118890.0,193790.0,13467.0,"Censo de Población y Vivienda, cuestionario ampliado (INEGI)",Personas de 18 años o más con discapacidad,censo
distribucion,Distribución por dominio de dificultad,2020,Mujeres,Con discapacidad,Nayarit,18-29,Caminar,417.0,2480.0,315.0,"Censo de Población y Vivienda, cuestionario ampliado (INEGI)",Personas de 18 años o más con discapacidad,censo
distribucion,Distribución por dominio de dificultad,2020,Mujeres,Con discapacidad,Nayarit,30-44,Caminar,821.0,3190.0,432.0,"Censo de Población y Vivienda, cuestionario ampliado (INEGI)",Personas de 18 años o más con discapacidad,censo
distribucion,Distribución por dominio de dificultad,2020,Mujeres,Con discapacidad,Nayarit,45-59,Caminar,3172.0,6120.0,873.0,"Censo de Población y Vivienda, cuestionario ampliado (INEGI)",Personas de 18 años o más con discapacidad,censo
distribucion,Distribución por dominio de dificultad,2020,Mujeres,Con discapacidad,Nayarit,60+,Caminar,13236.0,19117.0,2673.0,"Censo de Población y Vivienda, cuestionario ampliado (INEGI)",Personas de 18 años o más con discapacidad,censo
distribucion,Distribución por dominio de dificultad,2020,Mujeres,Con discapacidad,Nuevo León,18-29,Caminar,1058.0,8856.0,561.0,"Censo de Población y Vivienda, cuestionario ampliado (INEGI)",Personas de 18 años o más con discapacidad,censo
distribucion,Distribución por dominio de dificultad,2020,Mujeres,Con discapacidad,Nuevo León,30-44,Caminar,2750.0,9407.0,657.0,"Censo de Población y Vivienda, cuestionario ampliado (INEGI)",Personas de 18 años o más con discapacidad,censo
distribucion,Distribución por dominio de dificultad,2020,Mujeres,Con discapacidad,Nuevo León,45-59,Caminar,8431.0,20549.0,1375.0,"Censo de Población y Vivienda, cuestionario ampliado (INEGI)",Personas de 18 años o más con discapacidad,censo
distribucion,Distribución por dominio de dificultad,2020,Mujeres,Con discapacidad,Nuevo León,60+,Caminar,39144.0,58677.0,3869.0,"Censo de Población y Vivienda, cuestionario ampliado (INEGI)",Personas de 18 años o más con discapacidad,censo
distribucion,Distribución por dominio de dificultad,2020,Mujeres,Con discapacidad,Oaxaca,18-29,Caminar,1910.0,8385.0,4213.0,"Censo de Población y Vivienda, cuestionario ampliado (INEGI)",Personas de 18 años o más con discapacidad,censo
distribucion,Distribución por dominio de dificultad,2020,Mujeres,Con discapacidad,Oaxaca,30-44,Caminar,4273.0,13259.0,6389.0,"Censo de Población y Vivienda, cuestionario ampliado (INEGI)",Personas de 18 años o más con discapacidad,censo
distribucion,Distribución por dominio de dificultad,2020,Mujeres,Con discapacidad,Oaxaca,45-59,Caminar,11281.0,26339.0,12854.0,"Censo de Población y Vivienda, cuestionario ampliado (INEGI)",Personas de 18 años o más con discapacidad,censo
distribucion,Distribución por dominio de dificultad,2020,Mujeres,Con discapacidad,Oaxaca,60+,Caminar,50160.0,79019.0,41760.0,"Censo de Población y Vivienda, cuestionario ampliado (INEGI)",Personas de 18 años o más con discapacidad,censo
distribucion,Distribución por dominio de dificultad,2020,Mujeres,Con discapacidad,Puebla,18-29,Caminar,2271.0,11486.0,2420.0,"Censo de Población y Vivienda, cuestionario ampliado (INEGI)",Personas de 18 años o más con discapacidad,censo
distribucion,Distribución por dominio de dificultad,2020,Mujeres,Con discapacidad,Puebla,30-44,Caminar,4924.0,15867.0,3375.0,"Censo de Población y Vivienda, cuestionario ampliado (INEGI)",Personas de 18 años o más con discapacidad,censo
distribucion,Distribución por dominio de dificultad,2020,Mujeres,Con discapacidad,Puebla,45-59,Caminar,12424.0,27458.0,6111.0,"Censo de Población y Vivienda, cuestionario ampliado (INEGI)",Personas de 18 años o más con discapacidad,censo
distribucion,Distribución por dominio de dificultad,2020,Mujeres,Con discapacidad,Puebla,60+,Caminar,53581.0,85414.0,20397.0,"Censo de Población y Vivienda, cuestionario ampliado (INEGI)",Personas de 18 años o más con discapacidad,censo
distribucion,Distribución por dominio de dificultad,2020,Mujeres,Con discapacidad,Querétaro,18-29,Caminar,781.0,3752.0,266.0,"Censo de Población y Vivienda, cuestionario ampliado (INEGI)",Personas de 18 años o más con discapacidad,censo
distribucion,Distribución por dominio de dificultad,2020,Mujeres,Con discapacidad,Querétaro,30-44,Caminar,1314.0,4522.0,336.0,"Censo de Población y Vivienda, cuestionario ampliado (INEGI)",Personas de 18 años o más con discapacidad,censo
distribucion,Distribución por dominio de dificultad,2020,Mujeres,Con discapacidad,Querétaro,45-59,Caminar,4115.0,9722.0,655.0,"Censo de Población y Vivienda, cuestionario ampliado (INEGI)",Personas de 18 años o más con discapacidad,censo
distribucion,Distribución por dominio de dificultad,2020,Mujeres,Con discapacidad,Querétaro,60+,Caminar,15855.0,25287.0,1949.0,"Censo de Población y Vivienda, cuestionario ampliado (INEGI)",Personas de 18 años o más con discapacidad,censo
distribucion,Distribución por dominio de dificultad,2020,Mujeres,Con discapacidad,Quintana Roo,18-29,Caminar,1017.0,4273.0,162.0,"Censo de Población y Vivienda, cuestionario ampliado (INEGI)",Personas de 18 años o más con discapacidad,censo
distribucion,Distribución por dominio de dificultad,2020,Mujeres,Con discapacidad,Quintana Roo,30-44,Caminar,1122.0,3877.0,186.0,"Censo de Población y Vivienda, cuestionario ampliado (INEGI)",Personas de 18 años o más con discapacidad,censo
distribucion,Distribución por dominio de dificultad,2020,Mujeres,Con discapacidad,Quintana Roo,45-59,Caminar,3820.0,7981.0,328.0,"Censo de Población y Vivienda, cuestionario ampliado (INEGI)",Personas de 18 años o más con discapacidad,censo
distribucion,Distribución por dominio de dificultad,2020,Mujeres,Con discapacidad,Quintana Roo,60+,Caminar,6221.0,10406.0,579.0,"Censo de Población y Vivienda, cuestionario ampliado (INEGI)",Personas de 18 años o más con discapacidad,censo
distribucion,Distribución por dominio de dificultad,2020,Mujeres,Con discapacidad,San Luis Potosí,18-29,Caminar,948.0,4834.0,649.0,"Censo de Población y Vivienda, cuestionario ampliado (INEGI)",Personas de 18 años o más con discapacidad,censo
distribucion,Distribución por dominio de dificultad,2020,Mujeres,Con discapacidad,San Luis Potosí,30-44,Caminar,2244.0,6746.0,869.0,"Censo de Población y Vivienda, cuestionario ampliado (INEGI)",Personas de 18 años o más con discapacidad,censo
distribucion,Distribución por dominio de dificultad,2020,Mujeres,Con discapacidad,San Luis Potosí,45-59,Caminar,5229.0,12861.0,1877.0,"Censo de Población y Vivienda, cuestionario ampliado (INEGI)",Personas de 18 años o más con discapacidad,censo
distribucion,Distribución por dominio de dificultad,2020,Mujeres,Con discapacidad,San Luis Potosí,60+,Caminar,26167.0,41201.0,6317.0,"Censo de Población y Vivienda, cuestionario ampliado (INEGI)",Personas de 18 años o más con discapacidad,censo
distribucion,Distribución por dominio de dificultad,2020,Mujeres,Con discapacidad,Sinaloa,18-29,Caminar,1129.0,4942.0,285.0,"Censo de Población y Vivienda, cuestionario ampliado (INEGI)",Personas de 18 años o más con discapacidad,censo
distribucion,Distribución por dominio de dificultad,2020,Mujeres,Con discapacidad,Sinaloa,30-44,Caminar,2102.0,6985.0,413.0,"Censo de Población y Vivienda, cuestionario ampliado (INEGI)",Personas de 18 años o más con discapacidad,censo
distribucion,Distribución por dominio de dificultad,2020,Mujeres,Con discapacidad,Sinaloa,45-59,Caminar,7036.0,15730.0,915.0,"Censo de Población y Vivienda, cuestionario ampliado (INEGI)",Personas de 18 años o más con discapacidad,censo
distribucion,Distribución por dominio de dificultad,2020,Mujeres,Con discapacidad,Sinaloa,60+,Caminar,31853.0,46790.0,2762.0,"Censo de Población y Vivienda, cuestionario ampliado (INEGI)",Personas de 18 años o más con discapacidad,censo
distribucion,Distribución por dominio de dificultad,2020,Mujeres,Con discapacidad,Sonora,18-29,Caminar,1111.0,5553.0,510.0,"Censo de Población y Vivienda, cuestionario ampliado (INEGI)",Personas de 18 años o más con discapacidad,censo
distribucion,Distribución por dominio de dificultad,2020,Mujeres,Con discapacidad,Sonora,30-44,Caminar,1917.0,7180.0,630.0,"Censo de Población y Vivienda, cuestionario ampliado (INEGI)",Personas de 18 años o más con discapacidad,censo
distribucion,Distribución por dominio de dificultad,2020,Mujeres,Con discapacidad,Sonora,45-59,Caminar,7143.0,16085.0,1612.0,"Censo de Población y Vivienda, cuestionario ampliado (INEGI)",Personas de 18 años o más con discapacidad,censo
distribucion,Distribución por dominio de dificultad,2020,Mujeres,Con discapacidad,Sonora,60+,Caminar,26366.0,40252.0,4506.0,"Censo de Población y Vivienda, cuestionario ampliado (INEGI)",Personas de 18 años o más con discapacidad,censo
distribucion,Distribución por dominio de dificultad,2020,Mujeres,Con discapacidad,Tabasco,18-29,Caminar,947.0,5731.0,338.0,"Censo de Población y Vivienda, cuestionario ampliado (INEGI)",Personas de 18 años o más con discapacidad,censo
distribucion,Distribución por dominio de dificultad,2020,Mujeres,Con discapacidad,Tabasco,30-44,Caminar,2689.0,7812.0,471.0,"Censo de Población y Vivienda, cuestionario ampliado (INEGI)",Personas de 18 años o más con discapacidad,censo
distribucion,Distribución por dominio de dificultad,2020,Mujeres,Con discapacidad,Tabasco,45-59,Caminar,6739.0,17157.0,1085.0,"Censo de Población y Vivienda, cuestionario ampliado (INEGI)",Personas de 18 años o más con discapacidad,censo
distribucion,Distribución por dominio de dificultad,2020,Mujeres,Con discapacidad,Tabasco,60+,Caminar,25745.0,38455.0,2646.0,"Censo de Población y Vivienda, cuestionario ampliado (INEGI)",Personas de 18 años o más con discapacidad,censo
distribucion,Distribución por dominio de dificultad,2020,Mujeres,Con discapacidad,Tamaulipas,18-29,Caminar,969.0,4736.0,302.0,"Censo de Población y Vivienda, cuestionario ampliado (INEGI)",Personas de 18 años o más con discapacidad,censo
distribucion,Distribución por dominio de dificultad,2020,Mujeres,Con discapacidad,Tamaulipas,30-44,Caminar,2348.0,7450.0,507.0,"Censo de Población y Vivienda, cuestionario ampliado (INEGI)",Personas de 18 años o más con discapacidad,censo
distribucion,Distribución por dominio de dificultad,2020,Mujeres,Con discapacidad,Tamaulipas,45-59,Caminar,8907.0,19450.0,1347.0,"Censo de Población y Vivienda, cuestionario ampliado (INEGI)",Personas de 18 años o más con discapacidad,censo
distribucion,Distribución por dominio de dificultad,2020,Mujeres,Con discapacidad,Tamaulipas,60+,Caminar,31617.0,48814.0,3975.0,"Censo de Población y Vivienda, cuestionario ampliado (INEGI)",Personas de 18 años o más con discapacidad,censo
distribucion,Distribución por dominio de dificultad,2020,Mujeres,Con discapacidad,Tlaxcala,18-29,Caminar,425.0,2216.0,549.0,"Censo de Población y Vivienda, cuestionario ampliado (INEGI)",Personas de 18 años o más con discapacidad,censo
distribucion,Distribución por dominio de dificultad,2020,Mujeres,Con discapacidad,Tlaxcala,30-44,Caminar,824.0,3094.0,734.0,"Censo de Población y Vivienda, cuestionario ampliado (INEGI)",Personas de 18 años o más con discapacidad,censo
distribucion,Distribución por dominio de dificultad,2020,Mujeres,Con discapacidad,Tlaxcala,45-59,Caminar,2151.0,5511.0,1372.0,"Censo de Población y Vivienda, cuestionario ampliado (INEGI)",Personas de 18 años o más con discapacidad,censo
distribucion,Distribución por dominio de dificultad,2020,Mujeres,Con discapacidad,Tlaxcala,60+,Caminar,9668.0,15298.0,3793.0,"Censo de Población y Vivienda, cuestionario ampliado (INEGI)",Personas de 18 años o más con discapacidad,censo
distribucion,Distribución por dominio de dificultad,2020,Mujeres,Con discapacidad,Veracruz,18-29,Caminar,2966.0,13567.0,2429.0,"Censo de Población y Vivienda, cuestionario ampliado (INEGI)",Personas de 18 años o más con discapacidad,censo
distribucion,Distribución por dominio de dificultad,2020,Mujeres,Con discapacidad,Veracruz,30-44,Caminar,6066.0,20792.0,3754.0,"Censo de Población y Vivienda, cuestionario ampliado (INEGI)",Personas de 18 años o más con discapacidad,censo
distribucion,Distribución por dominio de dificultad,2020,Mujeres,Con discapacidad,Veracruz,45-59,Caminar,18929.0,47807.0,8255.0,"Censo de Población y Vivienda, cuestionario ampliado (INEGI)",Personas de 18 años o más con discapacidad,censo
distribucion,Distribución por dominio de dificultad,2020,Mujeres,Con discapacidad,Veracruz,60+,Caminar,84359.0,137828.0,22413.0,"Censo de Población y Vivienda, cuestionario ampliado (INEGI)",Personas de 18 años o más con discapacidad,censo
distribucion,Distribución por dominio de dificultad,2020,Mujeres,Con discapacidad,Yucatán,18-29,Caminar,987.0,4797.0,823.0,"Censo de Población y Vivienda, cuestionario ampliado (INEGI)",Personas de 18 años o más con discapacidad,censo
distribucion,Distribución por dominio de dificultad,2020,Mujeres,Con discapacidad,Yucatán,30-44,Caminar,1740.0,6343.0,1272.0,"Censo de Población y Vivienda, cuestionario ampliado (INEGI)",Personas de 18 años o más con discapacidad,censo
distribucion,Distribución por dominio de dificultad,2020,Mujeres,Con discapacidad,Yucatán,45-59,Caminar,6481.0,13921.0,2733.0,"Censo de Población y Vivienda, cuestionario ampliado (INEGI)",Personas de 18 años o más con discapacidad,censo
distribucion,Distribución por dominio de dificultad,2020,Mujeres,Con discapacidad,Yucatán,60+,Caminar,26937.0,37588.0,7493.0,"Censo de Población y Vivienda, cuestionario ampliado (INEGI)",Personas de 18 años o más con discapacidad,censo
distribucion,Distribución por dominio de dificultad,2020,Mujeres,Con discapacidad,Zacatecas,18-29,Caminar,707.0,3326.0,621.0,"Censo de Población y Vivienda, cuestionario ampliado (INEGI)",Personas de 18 años o más con discapacidad,censo
distribucion,Distribución por dominio de dificultad,2020,Mujeres,Con discapacidad,Zacatecas,30-44,Caminar,1269.0,4141.0,813.0,"Censo de Población y Vivienda, cuestionario ampliado (INEGI)",Personas de 18 años o más con discapacidad,censo
distribucion,Distribución por dominio de dificultad,2020,Mujeres,Con discapacidad,Zacatecas,45-59,Caminar,4277.0,9235.0,1705.0,"Censo de Población y Vivienda, cuestionario ampliado (INEGI)",Personas de 18 años o más con discapacidad,censo
distribucion,Distribución por dominio de dificultad,2020,Mujeres,Con discapacidad,Zacatecas,60+,Caminar,17526.0,26281.0,5519.0,"Censo de Población y Vivienda, cuestionario ampliado (INEGI)",Personas de 18 años o más con discapacidad,censo
distribucion,Distribución por dominio de dificultad,2020,Hombres,Con discapacidad,Aguascalientes,18-29,Recordar o concentrarse,667.0,3461.0,208.0,"Censo de Población y Vivienda, cuestionario ampliado (INEGI)",Personas de 18 años o más con discapacidad,censo
distribucion,Distribución por dominio de dificultad,2020,Hombres,Con discapacidad,Aguascalientes,30-44,Recordar o concentrarse,1042.0,5243.0,322.0,"Censo de Población y Vivienda, cuestionario ampliado (INEGI)",Personas de 18 años o más con discapacidad,censo
distribucion,Distribución por dominio de dificultad,2020,Hombres,Con discapacidad,Aguascalientes,45-59,Recordar o concentrarse,690.0,6333.0,459.0,"Censo de Población y Vivienda, cuestionario ampliado (INEGI)",Personas de 18 años o más con discapacidad,censo
distribucion,Distribución por dominio de dificultad,2020,Hombres,Con discapacidad,Aguascalientes,60+,Recordar o concentrarse,1785.0,13270.0,995.0,"Censo de Población y Vivienda, cuestionario ampliado (INEGI)",Personas de 18 años o más con discapacidad,censo
distribucion,Distribución por dominio de dificultad,2020,Hombres,Con discapacidad,Baja California,18-29,Recordar o concentrarse,2054.0,8010.0,170.0,"Censo de Población y Vivienda, cuestionario ampliado (INEGI)",Personas de 18 años o más con discapacidad,censo
distribucion,Distribución por dominio de dificultad,2020,Hombres,Con discapacidad,Baja California,30-44,Recordar o concentrarse,1460.0,9875.0,205.0,"Censo de Población y Vivienda, cuestionario ampliado (INEGI)",Personas de 18 años o más con discapacidad,censo
distribucion,Distribución por dominio de dificultad,2020,Hombres,Con discapacidad,Baja California,45-59,Recordar o concentrarse,1345.0,15222.0,352.0,"Censo de Población y Vivienda, cuestionario ampliado (INEGI)",Personas de 18 años o más con discapacidad,censo
distribucion,Distribución por dominio de dificultad,2020,Hombres,Con discapacidad,Baja California,60+,Recordar o concentrarse,5520.0,29937.0,653.0,"Censo de Población y Vivienda, cuestionario ampliado (INEGI)",Personas de 18 años o más con discapacidad,censo
distribucion,Distribución por dominio de dificultad,2020,Hombres,Con discapacidad,Baja California Sur,18-29,Recordar o concentrarse,299.0,1233.0,71.0,"Censo de Población y Vivienda, cuestionario ampliado (INEGI)",Personas de 18 años o más con discapacidad,censo
distribucion,Distribución por dominio de dificultad,2020,Hombres,Con discapacidad,Baja California Sur,30-44,Recordar o concentrarse,309.0,1996.0,121.0,"Censo de Población y Vivienda, cuestionario ampliado (INEGI)",Personas de 18 años o más con discapacidad,censo
distribucion,Distribución por dominio de dificultad,2020,Hombres,Con discapacidad,Baja California Sur,45-59,Recordar o concentrarse,441.0,3105.0,190.0,"Censo de Población y Vivienda, cuestionario ampliado (INEGI)",Personas de 18 años o más con discapacidad,censo
distribucion,Distribución por dominio de dificultad,2020,Hombres,Con discapacidad,Baja California Sur,60+,Recordar o concentrarse,908.0,6334.0,415.0,"Censo de Población y Vivienda, cuestionario ampliado (INEGI)",Personas de 18 años o más con discapacidad,censo
distribucion,Distribución por dominio de dificultad,2020,Hombres,Con discapacidad,Campeche,18-29,Recordar o concentrarse,425.0,2019.0,169.0,"Censo de Población y Vivienda, cuestionario ampliado (INEGI)",Personas de 18 años o más con discapacidad,censo
distribucion,Distribución por dominio de dificultad,2020,Hombres,Con discapacidad,Campeche,30-44,Recordar o concentrarse,428.0,2332.0,231.0,"Censo de Población y Vivienda, cuestionario ampliado (INEGI)",Personas de 18 años o más con discapacidad,censo
distribucion,Distribución por dominio de dificultad,2020,Hombres,Con discapacidad,Campeche,45-59,Recordar o concentrarse,577.0,4824.0,419.0,"Censo de Población y Vivienda, cuestionario ampliado (INEGI)",Personas de 18 años o más con discapacidad,censo
distribucion,Distribución por dominio de dificultad,2020,Hombres,Con discapacidad,Campeche,60+,Recordar o concentrarse,1896.0,11431.0,1095.0,"Censo de Población y Vivienda, cuestionario ampliado (INEGI)",Personas de 18 años o más con discapacidad,censo
distribucion,Distribución por dominio de dificultad,2020,Hombres,Con discapacidad,Chiapas,18-29,Recordar o concentrarse,2532.0,8941.0,1932.0,"Censo de Población y Vivienda, cuestionario ampliado (INEGI)",Personas de 18 años o más con discapacidad,censo
distribucion,Distribución por dominio de dificultad,2020,Hombres,Con discapacidad,Chiapas,30-44,Recordar o concentrarse,2031.0,11129.0,2363.0,"Censo de Población y Vivienda, cuestionario ampliado (INEGI)",Personas de 18 años o más con discapacidad,censo
distribucion,Distribución por dominio de dificultad,2020,Hombres,Con discapacidad,Chiapas,45-59,Recordar o concentrarse,1736.0,17642.0,3450.0,"Censo de Población y Vivienda, cuestionario ampliado (INEGI)",Personas de 18 años o más con discapacidad,censo
distribucion,Distribución por dominio de dificultad,2020,Hombres,Con discapacidad,Chiapas,60+,Recordar o concentrarse,8308.0,49681.0,10325.0,"Censo de Población y Vivienda, cuestionario ampliado (INEGI)",Personas de 18 años o más con discapacidad,censo
distribucion,Distribución por dominio de dificultad,2020,Hombres,Con discapacidad,Chihuahua,18-29,Recordar o concentrarse,1459.0,6278.0,476.0,"Censo de Población y Vivienda, cuestionario ampliado (INEGI)",Personas de 18 años o más con discapacidad,censo
distribucion,Distribución por dominio de dificultad,2020,Hombres,Con discapacidad,Chihuahua,30-44,Recordar o concentrarse,1356.0,7379.0,701.0,"Censo de Población y Vivienda, cuestionario ampliado (INEGI)",Personas de 18 años o más con discapacidad,censo
distribucion,Distribución por dominio de dificultad,2020,Hombres,Con discapacidad,Chihuahua,45-59,Recordar o concentrarse,1428.0,15419.0,1353.0,"Censo de Población y Vivienda, cuestionario ampliado (INEGI)",Personas de 18 años o más con discapacidad,censo
distribucion,Distribución por dominio de dificultad,2020,Hombres,Con discapacidad,Chihuahua,60+,Recordar o concentrarse,5557.0,32345.0,4275.0,"Censo de Población y Vivienda, cuestionario ampliado (INEGI)",Personas de 18 años o más con discapacidad,censo
distribucion,Distribución por dominio de dificultad,2020,Hombres,Con discapacidad,Ciudad de México,18-29,Recordar o concentrarse,3780.0,18282.0,547.0,"Censo de Población y Vivienda, cuestionario ampliado (INEGI)",Personas de 18 años o más con discapacidad,censo
distribucion,Distribución por dominio de dificultad,2020,Hombres,Con discapacidad,Ciudad de México,30-44,Recordar o concentrarse,3363.0,22825.0,718.0,"Censo de Población y Vivienda, cuestionario ampliado (INEGI)",Personas de 18 años o más con discapacidad,censo
distribucion,Distribución por dominio de dificultad,2020,Hombres,Con discapacidad,Ciudad de México,45-59,Recordar o concentrarse,3862.0,41893.0,1277.0,"Censo de Población y Vivienda, cuestionario ampliado (INEGI)",Personas de 18 años o más con discapacidad,censo
distribucion,Distribución por dominio de dificultad,2020,Hombres,Con discapacidad,Ciudad de México,60+,Recordar o concentrarse,15636.0,103507.0,2978.0,"Censo de Población y Vivienda, cuestionario ampliado (INEGI)",Personas de 18 años o más con discapacidad,censo
distribucion,Distribución por dominio de dificultad,2020,Hombres,Con discapacidad,Coahuila,18-29,Recordar o concentrarse,1024.0,4932.0,370.0,"Censo de Población y Vivienda, cuestionario ampliado (INEGI)",Personas de 18 años o más con discapacidad,censo
distribucion,Distribución por dominio de dificultad,2020,Hombres,Con discapacidad,Coahuila,30-44,Recordar o concentrarse,867.0,7443.0,585.0,"Censo de Población y Vivienda, cuestionario ampliado (INEGI)",Personas de 18 años o más con discapacidad,censo
distribucion,Distribución por dominio de dificultad,2020,Hombres,Con discapacidad,Coahuila,45-59,Recordar o concentrarse,1177.0,12133.0,1061.0,"Censo de Población y Vivienda, cuestionario ampliado (INEGI)",Personas de 18 años o más con discapacidad,censo
distribucion,Distribución por dominio de dificultad,2020,Hombres,Con discapacidad,Coahuila,60+,Recordar o concentrarse,3546.0,27208.0,2562.0,"Censo de Población y Vivienda, cuestionario ampliado (INEGI)",Personas de 18 años o más con discapacidad,censo
distribucion,Distribución por dominio de dificultad,2020,Hombres,Con discapacidad,Colima,18-29,Recordar o concentrarse,313.0,1195.0,120.0,"Censo de Población y Vivienda, cuestionario ampliado (INEGI)",Personas de 18 años o más con discapacidad,censo
distribucion,Distribución por dominio de dificultad,2020,Hombres,Con discapacidad,Colima,30-44,Recordar o concentrarse,332.0,2026.0,193.0,"Censo de Población y Vivienda, cuestionario ampliado (INEGI)",Personas de 18 años o más con discapacidad,censo
distribucion,Distribución por dominio de dificultad,2020,Hombres,Con discapacidad,Colima,45-59,Recordar o concentrarse,418.0,3275.0,311.0,"Censo de Población y Vivienda, cuestionario ampliado (INEGI)",Personas de 18 años o más con discapacidad,censo
distribucion,Distribución por dominio de dificultad,2020,Hombres,Con discapacidad,Colima,60+,Recordar o concentrarse,1311.0,8441.0,868.0,"Censo de Población y Vivienda, cuestionario ampliado (INEGI)",Personas de 18 años o más con discapacidad,censo
distribucion,Distribución por dominio de dificultad,2020,Hombres,Con discapacidad,Durango,18-29,Recordar o concentrarse,851.0,4148.0,525.0,"Censo de Población y Vivienda, cuestionario ampliado (INEGI)",Personas de 18 años o más con discapacidad,censo
distribucion,Distribución por dominio de dificultad,2020,Hombres,Con discapacidad,Durango,30-44,Recordar o concentrarse,875.0,5312.0,743.0,"Censo de Población y Vivienda, cuestionario ampliado (INEGI)",Personas de 18 años o más con discapacidad,censo
distribucion,Distribución por dominio de dificultad,2020,Hombres,Con discapacidad,Durango,45-59,Recordar o concentrarse,759.0,7987.0,1176.0,"Censo de Población y Vivienda, cuestionario ampliado (INEGI)",Personas de 18 años o más con discapacidad,censo
distribucion,Distribución por dominio de dificultad,2020,Hombres,Con discapacidad,Durango,60+,Recordar o concentrarse,3013.0,21066.0,3661.0,"Censo de Población y Vivienda, cuestionario ampliado (INEGI)",Personas de 18 años o más con discapacidad,censo
distribucion,Distribución por dominio de dificultad,2020,Hombres,Con discapacidad,Guanajuato,18-29,Recordar o concentrarse,3355.0,12356.0,826.0,"Censo de Población y Vivienda, cuestionario ampliado (INEGI)",Personas de 18 años o más con discapacidad,censo
distribucion,Distribución por dominio de dificultad,2020,Hombres,Con discapacidad,Guanajuato,30-44,Recordar o concentrarse,2829.0,16482.0,1015.0,"Censo de Población y Vivienda, cuestionario ampliado (INEGI)",Personas de 18 años o más con discapacidad,censo
distribucion,Distribución por dominio de dificultad,2020,Hombres,Con discapacidad,Guanajuato,45-59,Recordar o concentrarse,2590.0,23789.0,1548.0,"Censo de Población y Vivienda, cuestionario ampliado (INEGI)",Personas de 18 años o más con discapacidad,censo
distribucion,Distribución por dominio de dificultad,2020,Hombres,Con discapacidad,Guanajuato,60+,Recordar o concentrarse,8963.0,58849.0,4566.0,"Censo de Población y Vivienda, cuestionario ampliado (INEGI)",Personas de 18 años o más con discapacidad,censo
distribucion,Distribución por dominio de dificultad,2020,Hombres,Con discapacidad,Guerrero,18-29,Recordar o concentrarse,1564.0,7064.0,1659.0,"Censo de Población y Vivienda, cuestionario ampliado (INEGI)",Personas de 18 años o más con discapacidad,censo
distribucion,Distribución por dominio de dificultad,2020,Hombres,Con discapacidad,Guerrero,30-44,Recordar o concentrarse,1816.0,10808.0,2135.0,"Censo de Población y Vivienda, cuestionario ampliado (INEGI)",Personas de 18 años o más con discapacidad,censo
distribucion,Distribución por dominio de dificultad,2020,Hombres,Con discapacidad,Guerrero,45-59,Recordar o concentrarse,1443.0,17388.0,3329.0,"Censo de Población y Vivienda, cuestionario ampliado (INEGI)",Personas de 18 años o más con discapacidad,censo
distribucion,Distribución por dominio de dificultad,2020,Hombres,Con discapacidad,Guerrero,60+,Recordar o concentrarse,7904.0,50415.0,10636.0,"Censo de Población y Vivienda, cuestionario ampliado (INEGI)",Personas de 18 años o más con discapacidad,censo
distribucion,Distribución por dominio de dificultad,2020,Hombres,Con discapacidad,Hidalgo,18-29,Recordar o concentrarse,1353.0,6424.0,997.0,"Censo de Población y Vivienda, cuestionario ampliado (INEGI)",Personas de 18 años o más con discapacidad,censo
distribucion,Distribución por dominio de dificultad,2020,Hombres,Con discapacidad,Hidalgo,30-44,Recordar o concentrarse,1237.0,7747.0,1367.0,"Censo de Población y Vivienda, cuestionario ampliado (INEGI)",Personas de 18 años o más con discapacidad,censo
distribucion,Distribución por dominio de dificultad,2020,Hombres,Con discapacidad,Hidalgo,45-59,Recordar o concentrarse,1459.0,13990.0,2301.0,"Censo de Población y Vivienda, cuestionario ampliado (INEGI)",Personas de 18 años o más con discapacidad,censo
distribucion,Distribución por dominio de dificultad,2020,Hombres,Con discapacidad,Hidalgo,60+,Recordar o concentrarse,5907.0,36669.0,7062.0,"Censo de Población y Vivienda, cuestionario ampliado (INEGI)",Personas de 18 años o más con discapacidad,censo
distribucion,Distribución por dominio de dificultad,2020,Hombres,Con discapacidad,Jalisco,18-29,Recordar o concentrarse,3405.0,13492.0,1445.0,"Censo de Población y Vivienda, cuestionario ampliado (INEGI)",Personas de 18 años o más con discapacidad,censo
distribucion,Distribución por dominio de dificultad,2020,Hombres,Con discapacidad,Jalisco,30-44,Recordar o concentrarse,3898.0,20557.0,2042.0,"Censo de Población y Vivienda, cuestionario ampliado (INEGI)",Personas de 18 años o más con discapacidad,censo
distribucion,Distribución por dominio de dificultad,2020,Hombres,Con discapacidad,Jalisco,45-59,Recordar o concentrarse,4050.0,32987.0,3364.0,"Censo de Población y Vivienda, cuestionario ampliado (INEGI)",Personas de 18 años o más con discapacidad,censo
distribucion,Distribución por dominio de dificultad,2020,Hombres,Con discapacidad,Jalisco,60+,Recordar o concentrarse,14062.0,82156.0,10143.0,"Censo de Población y Vivienda, cuestionario ampliado (INEGI)",Personas de 18 años o más con discapacidad,censo
distribucion,Distribución por dominio de dificultad,2020,Hombres,Con discapacidad,Michoacán,18-29,Recordar o concentrarse,1678.0,8489.0,1346.0,"Censo de Población y Vivienda, cuestionario ampliado (INEGI)",Personas de 18 años o más con discapacidad,censo
distribucion,Distribución por dominio de dificultad,2020,Hombres,Con discapacidad,Michoacán,30-44,Recordar o concentrarse,2477.0,12662.0,1982.0,"Censo de Población y Vivienda, cuestionario ampliado (INEGI)",Personas de 18 años o más con discapacidad,censo
distribucion,Distribución por dominio de dificultad,2020,Hombres,Con discapacidad,Michoacán,45-59,Recordar o concentrarse,2113.0,20204.0,3252.0,"Censo de Población y Vivienda, cuestionario ampliado (INEGI)",Personas de 18 años o más con discapacidad,censo
distribucion,Distribución por dominio de dificultad,2020,Hombres,Con discapacidad,Michoacán,60+,Recordar o concentrarse,9747.0,59611.0,10369.0,"Censo de Población y Vivienda, cuestionario ampliado (INEGI)",Personas de 18 años o más con discapacidad,censo
distribucion,Distribución por dominio de dificultad,2020,Hombres,Con discapacidad,Morelos,18-29,Recordar o concentrarse,699.0,3472.0,451.0,"Censo de Población y Vivienda, cuestionario ampliado (INEGI)",Personas de 18 años o más con discapacidad,censo
distribucion,Distribución por dominio de dificultad,2020,Hombres,Con discapacidad,Morelos,30-44,Recordar o concentrarse,727.0,5472.0,634.0,"Censo de Población y Vivienda, cuestionario ampliado (INEGI)",Personas de 18 años o más con discapacidad,censo
distribucion,Distribución por dominio de dificultad,2020,Hombres,Con discapacidad,Morelos,45-59,Recordar o concentrarse,1092.0,9318.0,1109.0,"Censo de Población y Vivienda, cuestionario ampliado (INEGI)",Personas de 18 años o más con discapacidad,censo
distribucion,Distribución por dominio de dificultad,2020,Hombres,Con discapacidad,Morelos,60+,Recordar o concentrarse,4578.0,25720.0,3142.0,"Censo de Población y Vivienda, cuestionario ampliado (INEGI)",Personas de 18 años o más con discapacidad,censo
distribucion,Distribución por dominio de dificultad,2020,Hombres,Con discapacidad,México,18-29,Recordar o concentrarse,6332.0,32467.0,2362.0,"Censo de Población y Vivienda, cuestionario ampliado (INEGI)",Personas de 18 años o más con discapacidad,censo
distribucion,Distribución por dominio de dificultad,2020,Hombres,Con discapacidad,México,30-44,Recordar o concentrarse,5821.0,42276.0,2932.0,"Censo de Población y Vivienda, cuestionario ampliado (INEGI)",Personas de 18 años o más con discapacidad,censo
distribucion,Distribución por dominio de dificultad,2020,Hombres,Con discapacidad,México,45-59,Recordar o concentrarse,5427.0,69088.0,4624.0,"Censo de Población y Vivienda, cuestionario ampliado (INEGI)",Personas de 18 años o más con discapacidad,censo
distribucion,Distribución por dominio de dificultad,2020,Hombres,Con discapacidad,México,60+,Recordar o concentrarse,22854.0,140681.0,10314.0,"Censo de Población y Vivienda, cuestionario ampliado (INEGI)",Personas de 18 años o más con discapacidad,censo
distribucion,Distribución por dominio de dificultad,2020,Hombres,Con discapacidad,Nayarit,18-29,Recordar o concentrarse,678.0,2943.0,345.0,"Censo de Población y Vivienda, cuestionario ampliado (INEGI)",Personas de 18 años o más con discapacidad,censo
distribucion,Distribución por dominio de dificultad,2020,Hombres,Con discapacidad,Nayarit,30-44,Recordar o concentrarse,847.0,2981.0,456.0,"Censo de Población y Vivienda, cuestionario ampliado (INEGI)",Personas de 18 años o más con discapacidad,censo
distribucion,Distribución por dominio de dificultad,2020,Hombres,Con discapacidad,Nayarit,45-59,Recordar o concentrarse,801.0,5234.0,749.0,"Censo de Población y Vivienda, cuestionario ampliado (INEGI)",Personas de 18 años o más con discapacidad,censo
distribucion,Distribución por dominio de dificultad,2020,Hombres,Con discapacidad,Nayarit,60+,Recordar o concentrarse,2519.0,14896.0,2231.0,"Censo de Población y Vivienda, cuestionario ampliado (INEGI)",Personas de 18 años o más con discapacidad,censo
distribucion,Distribución por dominio de dificultad,2020,Hombres,Con discapacidad,Nuevo León,18-29,Recordar o concentrarse,1724.0,9098.0,531.0,"Censo de Población y Vivienda, cuestionario ampliado (INEGI)",Personas de 18 años o más con discapacidad,censo
distribucion,Distribución por dominio de dificultad,2020,Hombres,Con discapacidad,Nuevo León,30-44,Recordar o concentrarse,1816.0,10415.0,674.0,"Censo de Población y Vivienda, cuestionario ampliado (INEGI)",Personas de 18 años o más con discapacidad,censo
distribucion,Distribución por dominio de dificultad,2020,Hombres,Con discapacidad,Nuevo León,45-59,Recordar o concentrarse,1976.0,19101.0,1314.0,"Censo de Población y Vivienda, cuestionario ampliado (INEGI)",Personas de 18 años o más con discapacidad,censo
distribucion,Distribución por dominio de dificultad,2020,Hombres,Con discapacidad,Nuevo León,60+,Recordar o concentrarse,6148.0,42986.0,3266.0,"Censo de Población y Vivienda, cuestionario ampliado (INEGI)",Personas de 18 años o más con discapacidad,censo
distribucion,Distribución por dominio de dificultad,2020,Hombres,Con discapacidad,Oaxaca,18-29,Recordar o concentrarse,2325.0,9352.0,4698.0,"Censo de Población y Vivienda, cuestionario ampliado (INEGI)",Personas de 18 años o más con discapacidad,censo
distribucion,Distribución por dominio de dificultad,2020,Hombres,Con discapacidad,Oaxaca,30-44,Recordar o concentrarse,2483.0,13352.0,6570.0,"Censo de Población y Vivienda, cuestionario ampliado (INEGI)",Personas de 18 años o más con discapacidad,censo
distribucion,Distribución por dominio de dificultad,2020,Hombres,Con discapacidad,Oaxaca,45-59,Recordar o concentrarse,2290.0,20984.0,10595.0,"Censo de Población y Vivienda, cuestionario ampliado (INEGI)",Personas de 18 años o más con discapacidad,censo
distribucion,Distribución por dominio de dificultad,2020,Hombres,Con discapacidad,Oaxaca,60+,Recordar o concentrarse,10865.0,65118.0,35153.0,"Censo de Población y Vivienda, cuestionario ampliado (INEGI)",Personas de 18 años o más con discapacidad,censo
distribucion,Distribución por dominio de dificultad,2020,Hombres,Con discapacidad,Puebla,18-29,Recordar o concentrarse,3317.0,13898.0,2754.0,"Censo de Población y Vivienda, cuestionario ampliado (INEGI)",Personas de 18 años o más con discapacidad,censo
distribucion,Distribución por dominio de dificultad,2020,Hombres,Con discapacidad,Puebla,30-44,Recordar o concentrarse,2543.0,15408.0,3569.0,"Censo de Población y Vivienda, cuestionario ampliado (INEGI)",Personas de 18 años o más con discapacidad,censo
distribucion,Distribución por dominio de dificultad,2020,Hombres,Con discapacidad,Puebla,45-59,Recordar o concentrarse,2704.0,24320.0,5306.0,"Censo de Población y Vivienda, cuestionario ampliado (INEGI)",Personas de 18 años o más con discapacidad,censo
distribucion,Distribución por dominio de dificultad,2020,Hombres,Con discapacidad,Puebla,60+,Recordar o concentrarse,10528.0,65208.0,16499.0,"Censo de Población y Vivienda, cuestionario ampliado (INEGI)",Personas de 18 años o más con discapacidad,censo
distribucion,Distribución por dominio de dificultad,2020,Hombres,Con discapacidad,Querétaro,18-29,Recordar o concentrarse,706.0,3711.0,302.0,"Censo de Población y Vivienda, cuestionario ampliado (INEGI)",Personas de 18 años o más con discapacidad,censo
distribucion,Distribución por dominio de dificultad,2020,Hombres,Con discapacidad,Querétaro,30-44,Recordar o concentrarse,753.0,5237.0,365.0,"Censo de Población y Vivienda, cuestionario ampliado (INEGI)",Personas de 18 años o más con discapacidad,censo
distribucion,Distribución por dominio de dificultad,2020,Hombres,Con discapacidad,Querétaro,45-59,Recordar o concentrarse,675.0,8548.0,572.0,"Censo de Población y Vivienda, cuestionario ampliado (INEGI)",Personas de 18 años o más con discapacidad,censo
distribucion,Distribución por dominio de dificultad,2020,Hombres,Con discapacidad,Querétaro,60+,Recordar o concentrarse,3342.0,20519.0,1580.0,"Censo de Población y Vivienda, cuestionario ampliado (INEGI)",Personas de 18 años o más con discapacidad,censo
distribucion,Distribución por dominio de dificultad,2020,Hombres,Con discapacidad,Quintana Roo,18-29,Recordar o concentrarse,476.0,3141.0,129.0,"Censo de Población y Vivienda, cuestionario ampliado (INEGI)",Personas de 18 años o más con discapacidad,censo
distribucion,Distribución por dominio de dificultad,2020,Hombres,Con discapacidad,Quintana Roo,30-44,Recordar o concentrarse,458.0,4420.0,203.0,"Censo de Población y Vivienda, cuestionario ampliado (INEGI)",Personas de 18 años o más con discapacidad,censo
distribucion,Distribución por dominio de dificultad,2020,Hombres,Con discapacidad,Quintana Roo,45-59,Recordar o concentrarse,480.0,5573.0,278.0,"Censo de Población y Vivienda, cuestionario ampliado (INEGI)",Personas de 18 años o más con discapacidad,censo
distribucion,Distribución por dominio de dificultad,2020,Hombres,Con discapacidad,Quintana Roo,60+,Recordar o concentrarse,1924.0,10885.0,627.0,"Censo de Población y Vivienda, cuestionario ampliado (INEGI)",Personas de 18 años o más con discapacidad,censo
distribucion,Distribución por dominio de dificultad,2020,Hombres,Con discapacidad,San Luis Potosí,18-29,Recordar o concentrarse,1128.0,4768.0,720.0,"Censo de Población y Vivienda, cuestionario ampliado (INEGI)",Personas de 18 años o más con discapacidad,censo
distribucion,Distribución por dominio de dificultad,2020,Hombres,Con discapacidad,San Luis Potosí,30-44,Recordar o concentrarse,1500.0,6817.0,1008.0,"Censo de Población y Vivienda, cuestionario ampliado (INEGI)",Personas de 18 años o más con discapacidad,censo
distribucion,Distribución por dominio de dificultad,2020,Hombres,Con discapacidad,San Luis Potosí,45-59,Recordar o concentrarse,1413.0,11288.0,1758.0,"Censo de Población y Vivienda, cuestionario ampliado (INEGI)",Personas de 18 años o más con discapacidad,censo
distribucion,Distribución por dominio de dificultad,2020,Hombres,Con discapacidad,San Luis Potosí,60+,Recordar o concentrarse,5300.0,34998.0,5834.0,"Censo de Población y Vivienda, cuestionario ampliado (INEGI)",Personas de 18 años o más con discapacidad,censo
distribucion,Distribución por dominio de dificultad,2020,Hombres,Con discapacidad,Sinaloa,18-29,Recordar o concentrarse,1642.0,5405.0,299.0,"Censo de Población y Vivienda, cuestionario ampliado (INEGI)",Personas de 18 años o más con discapacidad,censo
distribucion,Distribución por dominio de dificultad,2020,Hombres,Con discapacidad,Sinaloa,30-44,Recordar o concentrarse,1558.0,7793.0,499.0,"Censo de Población y Vivienda, cuestionario ampliado (INEGI)",Personas de 18 años o más con discapacidad,censo
distribucion,Distribución por dominio de dificultad,2020,Hombres,Con discapacidad,Sinaloa,45-59,Recordar o concentrarse,1359.0,13197.0,790.0,"Censo de Población y Vivienda, cuestionario ampliado (INEGI)",Personas de 18 años o más con discapacidad,censo
distribucion,Distribución por dominio de dificultad,2020,Hombres,Con discapacidad,Sinaloa,60+,Recordar o concentrarse,6181.0,35296.0,2266.0,"Censo de Población y Vivienda, cuestionario ampliado (INEGI)",Personas de 18 años o más con discapacidad,censo
distribucion,Distribución por dominio de dificultad,2020,Hombres,Con discapacidad,Sonora,18-29,Recordar o concentrarse,1643.0,6167.0,514.0,"Censo de Población y Vivienda, cuestionario ampliado (INEGI)",Personas de 18 años o más con discapacidad,censo
distribucion,Distribución por dominio de dificultad,2020,Hombres,Con discapacidad,Sonora,30-44,Recordar o concentrarse,1386.0,7395.0,679.0,"Censo de Población y Vivienda, cuestionario ampliado (INEGI)",Personas de 18 años o más con discapacidad,censo
distribucion,Distribución por dominio de dificultad,2020,Hombres,Con discapacidad,Sonora,45-59,Recordar o concentrarse,931.0,12111.0,1304.0,"Censo de Población y Vivienda, cuestionario ampliado (INEGI)",Personas de 18 años o más con discapacidad,censo
distribucion,Distribución por dominio de dificultad,2020,Hombres,Con discapacidad,Sonora,60+,Recordar o concentrarse,4553.0,31569.0,3782.0,"Censo de Población y Vivienda, cuestionario ampliado (INEGI)",Personas de 18 años o más con discapacidad,censo
distribucion,Distribución por dominio de dificultad,2020,Hombres,Con discapacidad,Tabasco,18-29,Recordar o concentrarse,1813.0,6530.0,362.0,"Censo de Población y Vivienda, cuestionario ampliado (INEGI)",Personas de 18 años o más con discapacidad,censo
distribucion,Distribución por dominio de dificultad,2020,Hombres,Con discapacidad,Tabasco,30-44,Recordar o concentrarse,1176.0,7619.0,530.0,"Censo de Población y Vivienda, cuestionario ampliado (INEGI)",Personas de 18 años o más con discapacidad,censo
distribucion,Distribución por dominio de dificultad,2020,Hombres,Con discapacidad,Tabasco,45-59,Recordar o concentrarse,1234.0,13996.0,920.0,"Censo de Población y Vivienda, cuestionario ampliado (INEGI)",Personas de 18 años o más con discapacidad,censo
distribucion,Distribución por dominio de dificultad,2020,Hombres,Con discapacidad,Tabasco,60+,Recordar o concentrarse,5055.0,30592.0,2114.0,"Censo de Población y Vivienda, cuestionario ampliado (INEGI)",Personas de 18 años o más con discapacidad,censo
distribucion,Distribución por dominio de dificultad,2020,Hombres,Con discapacidad,Tamaulipas,18-29,Recordar o concentrarse,1149.0,5668.0,386.0,"Censo de Población y Vivienda, cuestionario ampliado (INEGI)",Personas de 18 años o más con discapacidad,censo
distribucion,Distribución por dominio de dificultad,2020,Hombres,Con discapacidad,Tamaulipas,30-44,Recordar o concentrarse,1290.0,7779.0,574.0,"Censo de Población y Vivienda, cuestionario ampliado (INEGI)",Personas de 18 años o más con discapacidad,censo
distribucion,Distribución por dominio de dificultad,2020,Hombres,Con discapacidad,Tamaulipas,45-59,Recordar o concentrarse,1245.0,15816.0,1149.0,"Censo de Población y Vivienda, cuestionario ampliado (INEGI)",Personas de 18 años o más con discapacidad,censo
distribucion,Distribución por dominio de dificultad,2020,Hombres,Con discapacidad,Tamaulipas,60+,Recordar o concentrarse,4868.0,37158.0,3555.0,"Censo de Población y Vivienda, cuestionario ampliado (INEGI)",Personas de 18 años o más con discapacidad,censo
distribucion,Distribución por dominio de dificultad,2020,Hombres,Con discapacidad,Tlaxcala,18-29,Recordar o concentrarse,561.0,2584.0,638.0,"Censo de Población y Vivienda, cuestionario ampliado (INEGI)",Personas de 18 años o más con discapacidad,censo
distribucion,Distribución por dominio de dificultad,2020,Hombres,Con discapacidad,Tlaxcala,30-44,Recordar o concentrarse,505.0,2996.0,733.0,"Censo de Población y Vivienda, cuestionario ampliado (INEGI)",Personas de 18 años o más con discapacidad,censo
distribucion,Distribución por dominio de dificultad,2020,Hombres,Con discapacidad,Tlaxcala,45-59,Recordar o concentrarse,392.0,4199.0,1082.0,"Censo de Población y Vivienda, cuestionario ampliado (INEGI)",Personas de 18 años o más con discapacidad,censo
distribucion,Distribución por dominio de dificultad,2020,Hombres,Con discapacidad,Tlaxcala,60+,Recordar o concentrarse,1771.0,11957.0,3117.0,"Censo de Población y Vivienda, cuestionario ampliado (INEGI)",Personas de 18 años o más con discapacidad,censo
distribucion,Distribución por dominio de dificultad,2020,Hombres,Con discapacidad,Veracruz,18-29,Recordar o concentrarse,3681.0,14981.0,2776.0,"Censo de Población y Vivienda, cuestionario ampliado (INEGI)",Personas de 18 años o más con discapacidad,censo
distribucion,Distribución por dominio de dificultad,2020,Hombres,Con discapacidad,Veracruz,30-44,Recordar o concentrarse,3962.0,20980.0,3931.0,"Censo de Población y Vivienda, cuestionario ampliado (INEGI)",Personas de 18 años o más con discapacidad,censo
distribucion,Distribución por dominio de dificultad,2020,Hombres,Con discapacidad,Veracruz,45-59,Recordar o concentrarse,3931.0,39133.0,6822.0,"Censo de Población y Vivienda, cuestionario ampliado (INEGI)",Personas de 18 años o más con discapacidad,censo
distribucion,Distribución por dominio de dificultad,2020,Hombres,Con discapacidad,Veracruz,60+,Recordar o concentrarse,19013.0,108670.0,18980.0,"Censo de Población y Vivienda, cuestionario ampliado (INEGI)",Personas de 18 años o más con discapacidad,censo
distribucion,Distribución por dominio de dificultad,2020,Hombres,Con discapacidad,Yucatán,18-29,Recordar o concentrarse,1317.0,4723.0,1031.0,"Censo de Población y Vivienda, cuestionario ampliado (INEGI)",Personas de 18 años o más con discapacidad,censo
distribucion,Distribución por dominio de dificultad,2020,Hombres,Con discapacidad,Yucatán,30-44,Recordar o concentrarse,661.0,6207.0,1464.0,"Censo de Población y Vivienda, cuestionario ampliado (INEGI)",Personas de 18 años o más con discapacidad,censo
distribucion,Distribución por dominio de dificultad,2020,Hombres,Con discapacidad,Yucatán,45-59,Recordar o concentrarse,959.0,10974.0,2356.0,"Censo de Población y Vivienda, cuestionario ampliado (INEGI)",Personas de 18 años o más con discapacidad,censo
distribucion,Distribución por dominio de dificultad,2020,Hombres,Con discapacidad,Yucatán,60+,Recordar o concentrarse,4895.0,30468.0,7203.0,"Censo de Población y Vivienda, cuestionario ampliado (INEGI)",Personas de 18 años o más con discapacidad,censo
distribucion,Distribución por dominio de dificultad,2020,Hombres,Con discapacidad,Zacatecas,18-29,Recordar o concentrarse,579.0,3341.0,583.0,"Censo de Población y Vivienda, cuestionario ampliado (INEGI)",Personas de 18 años o más con discapacidad,censo
distribucion,Distribución por dominio de dificultad,2020,Hombres,Con discapacidad,Zacatecas,30-44,Recordar o concentrarse,695.0,4546.0,850.0,"Censo de Población y Vivienda, cuestionario ampliado (INEGI)",Personas de 18 años o más con discapacidad,censo
distribucion,Distribución por dominio de dificultad,2020,Hombres,Con discapacidad,Zacatecas,45-59,Recordar o concentrarse,702.0,7061.0,1404.0,"Censo de Población y Vivienda, cuestionario ampliado (INEGI)",Personas de 18 años o más con discapacidad,censo
distribucion,Distribución por dominio de dificultad,2020,Hombres,Con discapacidad,Zacatecas,60+,Recordar o concentrarse,3148.0,21794.0,4760.0,"Censo de Población y Vivienda, cuestionario ampliado (INEGI)",Personas de 18 años o más con discapacidad,censo
distribucion,Distribución por dominio de dificultad,2020,Mujeres,Con discapacidad,Aguascalientes,18-29,Recordar o concentrarse,729.0,3506.0,217.0,"Censo de Población y Vivienda, cuestionario ampliado (INEGI)",Personas de 18 años o más con discapacidad,censo
distribucion,Distribución por dominio de dificultad,2020,Mujeres,Con discapacidad,Aguascalientes,30-44,Recordar o concentrarse,1233.0,4696.0,267.0,"Censo de Población y Vivienda, cuestionario ampliado (INEGI)",Personas de 18 años o más con discapacidad,censo
distribucion,Distribución por dominio de dificultad,2020,Mujeres,Con discapacidad,Aguascalientes,45-59,Recordar o concentrarse,967.0,8947.0,531.0,"Censo de Población y Vivienda, cuestionario ampliado (INEGI)",Personas de 18 años o más con discapacidad,censo
distribucion,Distribución por dominio de dificultad,2020,Mujeres,Con discapacidad,Aguascalientes,60+,Recordar o concentrarse,3213.0,18099.0,1219.0,"Censo de Población y Vivienda, cuestionario ampliado (INEGI)",Personas de 18 años o más con discapacidad,censo
distribucion,Distribución por dominio de dificultad,2020,Mujeres,Con discapacidad,Baja California,18-29,Recordar o concentrarse,1355.0,8274.0,167.0,"Censo de Población y Vivienda, cuestionario ampliado (INEGI)",Personas de 18 años o más con discapacidad,censo
distribucion,Distribución por dominio de dificultad,2020,Mujeres,Con discapacidad,Baja California,30-44,Recordar o concentrarse,1292.0,9732.0,201.0,"Censo de Población y Vivienda, cuestionario ampliado (INEGI)",Personas de 18 años o más con discapacidad,censo
distribucion,Distribución por dominio de dificultad,2020,Mujeres,Con discapacidad,Baja California,45-59,Recordar o concentrarse,2080.0,20331.0,431.0,"Censo de Población y Vivienda, cuestionario ampliado (INEGI)",Personas de 18 años o más con discapacidad,censo
distribucion,Distribución por dominio de dificultad,2020,Mujeres,Con discapacidad,Baja California,60+,Recordar o concentrarse,7508.0,41033.0,903.0,"Censo de Población y Vivienda, cuestionario ampliado (INEGI)",Personas de 18 años o más con discapacidad,censo
distribucion,Distribución por dominio de dificultad,2020,Mujeres,Con discapacidad,Baja California Sur,18-29,Recordar o concentrarse,238.0,1222.0,72.0,"Censo de Población y Vivienda, cuestionario ampliado (INEGI)",Personas de 18 años o más con discapacidad,censo
distribucion,Distribución por dominio de dificultad,2020,Mujeres,Con discapacidad,Baja California Sur,30-44,Recordar o concentrarse,359.0,2030.0,121.0,"Censo de Población y Vivienda, cuestionario ampliado (INEGI)",Personas de 18 años o más con discapacidad,censo
distribucion,Distribución por dominio de dificultad,2020,Mujeres,Con discapacidad,Baja California Sur,45-59,Recordar o concentrarse,508.0,3560.0,224.0,"Censo de Población y Vivienda, cuestionario ampliado (INEGI)",Personas de 18 años o más con discapacidad,censo
distribucion,Distribución por dominio de dificultad,2020,Mujeres,Con discapacidad,Baja California Sur,60+,Recordar o concentrarse,1327.0,7964.0,532.0,"Censo de Población y Vivienda, cuestionario ampliado (INEGI)",Personas de 18 años o más con discapacidad,censo
distribucion,Distribución por dominio de dificultad,2020,Mujeres,Con discapacidad,Campeche,18-29,Recordar o concentrarse,334.0,1843.0,159.0,"Censo de Población y Vivienda, cuestionario ampliado (INEGI)",Personas de 18 años o más con discapacidad,censo
distribucion,Distribución por dominio de dificultad,2020,Mujeres,Con discapacidad,Campeche,30-44,Recordar o concentrarse,549.0,3226.0,253.0,"Censo de Población y Vivienda, cuestionario ampliado (INEGI)",Personas de 18 años o más con discapacidad,censo
distribucion,Distribución por dominio de dificultad,2020,Mujeres,Con discapacidad,Campeche,45-59,Recordar o concentrarse,923.0,6312.0,499.0,"Censo de Población y Vivienda, cuestionario ampliado (INEGI)",Personas de 18 años o más con discapacidad,censo
distribucion,Distribución por dominio de dificultad,2020,Mujeres,Con discapacidad,Campeche,60+,Recordar o concentrarse,2802.0,13958.0,1200.0,"Censo de Población y Vivienda, cuestionario ampliado (INEGI)",Personas de 18 años o más con discapacidad,censo
distribucion,Distribución por dominio de dificultad,2020,Mujeres,Con discapacidad,Chiapas,18-29,Recordar o concentrarse,1860.0,7278.0,1544.0,"Censo de Población y Vivienda, cuestionario ampliado (INEGI)",Personas de 18 años o más con discapacidad,censo
distribucion,Distribución por dominio de dificultad,2020,Mujeres,Con discapacidad,Chiapas,30-44,Recordar o concentrarse,1834.0,10596.0,2212.0,"Censo de Población y Vivienda, cuestionario ampliado (INEGI)",Personas de 18 años o más con discapacidad,censo
distribucion,Distribución por dominio de dificultad,2020,Mujeres,Con discapacidad,Chiapas,45-59,Recordar o concentrarse,2228.0,22210.0,4219.0,"Censo de Población y Vivienda, cuestionario ampliado (INEGI)",Personas de 18 años o más con discapacidad,censo
distribucion,Distribución por dominio de dificultad,2020,Mujeres,Con discapacidad,Chiapas,60+,Recordar o concentrarse,10363.0,54873.0,11188.0,"Censo de Población y Vivienda, cuestionario ampliado (INEGI)",Personas de 18 años o más con discapacidad,censo
distribucion,Distribución por dominio de dificultad,2020,Mujeres,Con discapacidad,Chihuahua,18-29,Recordar o concentrarse,778.0,5126.0,445.0,"Censo de Población y Vivienda, cuestionario ampliado (INEGI)",Personas de 18 años o más con discapacidad,censo
distribucion,Distribución por dominio de dificultad,2020,Mujeres,Con discapacidad,Chihuahua,30-44,Recordar o concentrarse,801.0,7681.0,613.0,"Censo de Población y Vivienda, cuestionario ampliado (INEGI)",Personas de 18 años o más con discapacidad,censo
distribucion,Distribución por dominio de dificultad,2020,Mujeres,Con discapacidad,Chihuahua,45-59,Recordar o concentrarse,2029.0,16252.0,1366.0,"Censo de Población y Vivienda, cuestionario ampliado (INEGI)",Personas de 18 años o más con discapacidad,censo
distribucion,Distribución por dominio de dificultad,2020,Mujeres,Con discapacidad,Chihuahua,60+,Recordar o concentrarse,8236.0,49111.0,4786.0,"Censo de Población y Vivienda, cuestionario ampliado (INEGI)",Personas de 18 años o más con discapacidad,censo
distribucion,Distribución por dominio de dificultad,2020,Mujeres,Con discapacidad,Ciudad de México,18-29,Recordar o concentrarse,3119.0,17464.0,550.0,"Censo de Población y Vivienda, cuestionario ampliado (INEGI)",Personas de 18 años o más con discapacidad,censo
distribucion,Distribución por dominio de dificultad,2020,Mujeres,Con discapacidad,Ciudad de México,30-44,Recordar o concentrarse,3479.0,22651.0,728.0,"Censo de Población y Vivienda, cuestionario ampliado (INEGI)",Personas de 18 años o más con discapacidad,censo
distribucion,Distribución por dominio de dificultad,2020,Mujeres,Con discapacidad,Ciudad de México,45-59,Recordar o concentrarse,6921.0,53090.0,1623.0,"Censo de Población y Vivienda, cuestionario ampliado (INEGI)",Personas de 18 años o más con discapacidad,censo
distribucion,Distribución por dominio de dificultad,2020,Mujeres,Con discapacidad,Ciudad de México,60+,Recordar o concentrarse,26749.0,165757.0,4812.0,"Censo de Población y Vivienda, cuestionario ampliado (INEGI)",Personas de 18 años o más con discapacidad,censo
distribucion,Distribución por dominio de dificultad,2020,Mujeres,Con discapacidad,Coahuila,18-29,Recordar o concentrarse,896.0,4815.0,385.0,"Censo de Población y Vivienda, cuestionario ampliado (INEGI)",Personas de 18 años o más con discapacidad,censo
distribucion,Distribución por dominio de dificultad,2020,Mujeres,Con discapacidad,Coahuila,30-44,Recordar o concentrarse,810.0,5170.0,456.0,"Censo de Población y Vivienda, cuestionario ampliado (INEGI)",Personas de 18 años o más con discapacidad,censo
distribucion,Distribución por dominio de dificultad,2020,Mujeres,Con discapacidad,Coahuila,45-59,Recordar o concentrarse,1283.0,12672.0,1134.0,"Censo de Población y Vivienda, cuestionario ampliado (INEGI)",Personas de 18 años o más con discapacidad,censo
distribucion,Distribución por dominio de dificultad,2020,Mujeres,Con discapacidad,Coahuila,60+,Recordar o concentrarse,5200.0,32709.0,2815.0,"Censo de Población y Vivienda, cuestionario ampliado (INEGI)",Personas de 18 años o más con discapacidad,censo
distribucion,Distribución por dominio de dificultad,2020,Mujeres,Con discapacidad,Colima,18-29,Recordar o concentrarse,339.0,1257.0,106.0,"Censo de Población y Vivienda, cuestionario ampliado (INEGI)",Personas de 18 años o más con discapacidad,censo
distribucion,Distribución por dominio de dificultad,2020,Mujeres,Con discapacidad,Colima,30-44,Recordar o concentrarse,147.0,1889.0,155.0,"Censo de Población y Vivienda, cuestionario ampliado (INEGI)",Personas de 18 años o más con discapacidad,censo
distribucion,Distribución por dominio de dificultad,2020,Mujeres,Con discapacidad,Colima,45-59,Recordar o concentrarse,430.0,4341.0,364.0,"Censo de Población y Vivienda, cuestionario ampliado (INEGI)",Personas de 18 años o más con discapacidad,censo
distribucion,Distribución por dominio de dificultad,2020,Mujeres,Con discapacidad,Colima,60+,Recordar o concentrarse,1804.0,10575.0,1008.0,"Censo de Población y Vivienda, cuestionario ampliado (INEGI)",Personas de 18 años o más con discapacidad,censo
distribucion,Distribución por dominio de dificultad,2020,Mujeres,Con discapacidad,Durango,18-29,Recordar o concentrarse,473.0,3464.0,459.0,"Censo de Población y Vivienda, cuestionario ampliado (INEGI)",Personas de 18 años o más con discapacidad,censo
distribucion,Distribución por dominio de dificultad,2020,Mujeres,Con discapacidad,Durango,30-44,Recordar o concentrarse,672.0,4402.0,638.0,"Censo de Población y Vivienda, cuestionario ampliado (INEGI)",Personas de 18 años o más con discapacidad,censo
distribucion,Distribución por dominio de dificultad,2020,Mujeres,Con discapacidad,Durango,45-59,Recordar o concentrarse,1026.0,9358.0,1328.0,"Censo de Población y Vivienda, cuestionario ampliado (INEGI)",Personas de 18 años o más con discapacidad,censo
distribucion,Distribución por dominio de dificultad,2020,Mujeres,Con discapacidad,Durango,60+,Recordar o concentrarse,4345.0,25741.0,4075.0,"Censo de Población y Vivienda, cuestionario ampliado (INEGI)",Personas de 18 años o más con discapacidad,censo
distribucion,Distribución por dominio de dificultad,2020,Mujeres,Con discapacidad,Guanajuato,18-29,Recordar o concentrarse,1926.0,11513.0,730.0,"Censo de Población y Vivienda, cuestionario ampliado (INEGI)",Personas de 18 años o más con discapacidad,censo
distribucion,Distribución por dominio de dificultad,2020,Mujeres,Con discapacidad,Guanajuato,30-44,Recordar o concentrarse,2506.0,15505.0,999.0,"Censo de Población y Vivienda, cuestionario ampliado (INEGI)",Personas de 18 años o más con discapacidad,censo
distribucion,Distribución por dominio de dificultad,2020,Mujeres,Con discapacidad,Guanajuato,45-59,Recordar o concentrarse,3065.0,29945.0,1937.0,"Censo de Población y Vivienda, cuestionario ampliado (INEGI)",Personas de 18 años o más con discapacidad,censo
distribucion,Distribución por dominio de dificultad,2020,Mujeres,Con discapacidad,Guanajuato,60+,Recordar o concentrarse,13726.0,78634.0,5980.0,"Censo de Población y Vivienda, cuestionario ampliado (INEGI)",Personas de 18 años o más con discapacidad,censo
distribucion,Distribución por dominio de dificultad,2020,Mujeres,Con discapacidad,Guerrero,18-29,Recordar o concentrarse,1353.0,6754.0,1454.0,"Censo de Población y Vivienda, cuestionario ampliado (INEGI)",Personas de 18 años o más con discapacidad,censo
distribucion,Distribución por dominio de dificultad,2020,Mujeres,Con discapacidad,Guerrero,30-44,Recordar o concentrarse,1452.0,9595.0,2081.0,"Censo de Población y Vivienda, cuestionario ampliado (INEGI)",Personas de 18 años o más con discapacidad,censo
distribucion,Distribución por dominio de dificultad,2020,Mujeres,Con discapacidad,Guerrero,45-59,Recordar o concentrarse,2341.0,20441.0,4163.0,"Censo de Población y Vivienda, cuestionario ampliado (INEGI)",Personas de 18 años o más con discapacidad,censo
distribucion,Distribución por dominio de dificultad,2020,Mujeres,Con discapacidad,Guerrero,60+,Recordar o concentrarse,11252.0,63558.0,12862.0,"Censo de Población y Vivienda, cuestionario ampliado (INEGI)",Personas de 18 años o más con discapacidad,censo
distribucion,Distribución por dominio de dificultad,2020,Mujeres,Con discapacidad,Hidalgo,18-29,Recordar o concentrarse,1180.0,6022.0,946.0,"Censo de Población y Vivienda, cuestionario ampliado (INEGI)",Personas de 18 años o más con discapacidad,censo
distribucion,Distribución por dominio de dificultad,2020,Mujeres,Con discapacidad,Hidalgo,30-44,Recordar o concentrarse,1387.0,9341.0,1480.0,"Censo de Población y Vivienda, cuestionario ampliado (INEGI)",Personas de 18 años o más con discapacidad,censo
distribucion,Distribución por dominio de dificultad,2020,Mujeres,Con discapacidad,Hidalgo,45-59,Recordar o concentrarse,1892.0,16418.0,2693.0,"Censo de Población y Vivienda, cuestionario ampliado (INEGI)",Personas de 18 años o más con discapacidad,censo
distribucion,Distribución por dominio de dificultad,2020,Mujeres,Con discapacidad,Hidalgo,60+,Recordar o concentrarse,9225.0,46197.0,8310.0,"Censo de Población y Vivienda, cuestionario ampliado (INEGI)",Personas de 18 años o más con discapacidad,censo
distribucion,Distribución por dominio de dificultad,2020,Mujeres,Con discapacidad,Jalisco,18-29,Recordar o concentrarse,2894.0,12293.0,1268.0,"Censo de Población y Vivienda, cuestionario ampliado (INEGI)",Personas de 18 años o más con discapacidad,censo
distribucion,Distribución por dominio de dificultad,2020,Mujeres,Con discapacidad,Jalisco,30-44,Recordar o concentrarse,3548.0,17416.0,1854.0,"Censo de Población y Vivienda, cuestionario ampliado (INEGI)",Personas de 18 años o más con discapacidad,censo
distribucion,Distribución por dominio de dificultad,2020,Mujeres,Con discapacidad,Jalisco,45-59,Recordar o concentrarse,4618.0,39239.0,3938.0,"Censo de Población y Vivienda, cuestionario ampliado (INEGI)",Personas de 18 años o más con discapacidad,censo
distribucion,Distribución por dominio de dificultad,2020,Mujeres,Con discapacidad,Jalisco,60+,Recordar o concentrarse,21215.0,114952.0,12376.0,"Censo de Población y Vivienda, cuestionario ampliado (INEGI)",Personas de 18 años o más con discapacidad,censo
distribucion,Distribución por dominio de dificultad,2020,Mujeres,Con discapacidad,Michoacán,18-29,Recordar o concentrarse,1454.0,8783.0,1202.0,"Censo de Población y Vivienda, cuestionario ampliado (INEGI)",Personas de 18 años o más con discapacidad,censo
distribucion,Distribución por dominio de dificultad,2020,Mujeres,Con discapacidad,Michoacán,30-44,Recordar o concentrarse,2097.0,12461.0,1835.0,"Censo de Población y Vivienda, cuestionario ampliado (INEGI)",Personas de 18 años o más con discapacidad,censo
distribucion,Distribución por dominio de dificultad,2020,Mujeres,Con discapacidad,Michoacán,45-59,Recordar o concentrarse,2850.0,24334.0,3855.0,"Censo de Población y Vivienda, cuestionario ampliado (INEGI)",Personas de 18 años o más con discapacidad,censo
distribucion,Distribución por dominio de dificultad,2020,Mujeres,Con discapacidad,Michoacán,60+,Recordar o concentrarse,15243.0,76684.0,12845.0,"Censo de Población y Vivienda, cuestionario ampliado (INEGI)",Personas de 18 años o más con discapacidad,censo
distribucion,Distribución por dominio de dificultad,2020,Mujeres,Con discapacidad,Morelos,18-29,Recordar o concentrarse,671.0,3675.0,425.0,"Censo de Población y Vivienda, cuestionario ampliado (INEGI)",Personas de 18 años o más con discapacidad,censo
distribucion,Distribución por dominio de dificultad,2020,Mujeres,Con discapacidad,Morelos,30-44,Recordar o concentrarse,841.0,5276.0,602.0,"Censo de Población y Vivienda, cuestionario ampliado (INEGI)",Personas de 18 años o más con discapacidad,censo
distribucion,Distribución por dominio de dificultad,2020,Mujeres,Con discapacidad,Morelos,45-59,Recordar o concentrarse,1248.0,11197.0,1326.0,"Censo de Población y Vivienda, cuestionario ampliado (INEGI)",Personas de 18 años o más con discapacidad,censo
distribucion,Distribución por dominio de dificultad,2020,Mujeres,Con discapacidad,Morelos,60+,Recordar o concentrarse,6285.0,31334.0,3700.0,"Censo de Población y Vivienda, cuestionario ampliado (INEGI)",Personas de 18 años o más con discapacidad,censo
distribucion,Distribución por dominio de dificultad,2020,Mujeres,Con discapacidad,México,18-29,Recordar o concentrarse,4858.0,29632.0,2085.0,"Censo de Población y Vivienda, cuestionario ampliado (INEGI)",Personas de 18 años o más con discapacidad,censo
distribucion,Distribución por dominio de dificultad,2020,Mujeres,Con discapacidad,México,30-44,Recordar o concentrarse,5604.0,40067.0,2807.0,"Censo de Población y Vivienda, cuestionario ampliado (INEGI)",Personas de 18 años o más con discapacidad,censo
distribucion,Distribución por dominio de dificultad,2020,Mujeres,Con discapacidad,México,45-59,Recordar o concentrarse,7928.0,80658.0,5498.0,"Censo de Población y Vivienda, cuestionario ampliado (INEGI)",Personas de 18 años o más con discapacidad,censo
distribucion,Distribución por dominio de dificultad,2020,Mujeres,Con discapacidad,México,60+,Recordar o concentrarse,34694.0,193790.0,13467.0,"Censo de Población y Vivienda, cuestionario ampliado (INEGI)",Personas de 18 años o más con discapacidad,censo
distribucion,Distribución por dominio de dificultad,2020,Mujeres,Con discapacidad,Nayarit,18-29,Recordar o concentrarse,467.0,2480.0,315.0,"Censo de Población y Vivienda, cuestionario ampliado (INEGI)",Personas de 18 años o más con discapacidad,censo
distribucion,Distribución por dominio de dificultad,2020,Mujeres,Con discapacidad,Nayarit,30-44,Recordar o concentrarse,695.0,3190.0,432.0,"Censo de Población y Vivienda, cuestionario ampliado (INEGI)",Personas de 18 años o más con discapacidad,censo
distribucion,Distribución por dominio de dificultad,2020,Mujeres,Con discapacidad,Nayarit,45-59,Recordar o concentrarse,759.0,6120.0,873.0,"Censo de Población y Vivienda, cuestionario ampliado (INEGI)",Personas de 18 años o más con discapacidad,censo
distribucion,Distribución por dominio de dificultad,2020,Mujeres,Con discapacidad,Nayarit,60+,Recordar o concentrarse,3480.0,19117.0,2673.0,"Censo de Población y Vivienda, cuestionario ampliado (INEGI)",Personas de 18 años o más con discapacidad,censo
distribucion,Distribución por dominio de dificultad,2020,Mujeres,Con discapacidad,Nuevo León,18-29,Recordar o concentrarse,1252.0,8856.0,561.0,"Censo de Población y Vivienda, cuestionario ampliado (INEGI)",Personas de 18 años o más con discapacidad,censo
distribucion,Distribución por dominio de dificultad,2020,Mujeres,Con discapacidad,Nuevo León,30-44,Recordar o concentrarse,1103.0,9407.0,657.0,"Censo de Población y Vivienda, cuestionario ampliado (INEGI)",Personas de 18 años o más con discapacidad,censo
distribucion,Distribución por dominio de dificultad,2020,Mujeres,Con discapacidad,Nuevo León,45-59,Recordar o concentrarse,1483.0,20549.0,1375.0,"Censo de Población y Vivienda, cuestionario ampliado (INEGI)",Personas de 18 años o más con discapacidad,censo
distribucion,Distribución por dominio de dificultad,2020,Mujeres,Con discapacidad,Nuevo León,60+,Recordar o concentrarse,9152.0,58677.0,3869.0,"Censo de Población y Vivienda, cuestionario ampliado (INEGI)",Personas de 18 años o más con discapacidad,censo
distribucion,Distribución por dominio de dificultad,2020,Mujeres,Con discapacidad,Oaxaca,18-29,Recordar o concentrarse,1962.0,8385.0,4213.0,"Censo de Población y Vivienda, cuestionario ampliado (INEGI)",Personas de 18 años o más con discapacidad,censo
distribucion,Distribución por dominio de dificultad,2020,Mujeres,Con discapacidad,Oaxaca,30-44,Recordar o concentrarse,2410.0,13259.0,6389.0,"Censo de Población y Vivienda, cuestionario ampliado (INEGI)",Personas de 18 años o más con discapacidad,censo
distribucion,Distribución por dominio de dificultad,2020,Mujeres,Con discapacidad,Oaxaca,45-59,Recordar o concentrarse,3094.0,26339.0,12854.0,"Censo de Población y Vivienda, cuestionario ampliado (INEGI)",Personas de 18 años o más con discapacidad,censo
distribucion,Distribución por dominio de dificultad,2020,Mujeres,Con discapacidad,Oaxaca,60+,Recordar o concentrarse,15488.0,79019.0,41760.0,"Censo de Población y Vivienda, cuestionario ampliado (INEGI)",Personas de 18 años o más con discapacidad,censo
distribucion,Distribución por dominio de dificultad,2020,Mujeres,Con discapacidad,Puebla,18-29,Recordar o concentrarse,2243.0,11486.0,2420.0,"Censo de Población y Vivienda, cuestionario ampliado (INEGI)",Personas de 18 años o más con discapacidad,censo
distribucion,Distribución por dominio de dificultad,2020,Mujeres,Con discapacidad,Puebla,30-44,Recordar o concentrarse,2621.0,15867.0,3375.0,"Censo de Población y Vivienda, cuestionario ampliado (INEGI)",Personas de 18 años o más con discapacidad,censo
distribucion,Distribución por dominio de dificultad,2020,Mujeres,Con discapacidad,Puebla,45-59,Recordar o concentrarse,3952.0,27458.0,6111.0,"Censo de Población y Vivienda, cuestionario ampliado (INEGI)",Personas de 18 años o más con discapacidad,censo
distribucion,Distribución por dominio de dificultad,2020,Mujeres,Con discapacidad,Puebla,60+,Recordar o concentrarse,16296.0,85414.0,20397.0,"Censo de Población y Vivienda, cuestionario ampliado (INEGI)",Personas de 18 años o más con discapacidad,censo
distribucion,Distribución por dominio de dificultad,2020,Mujeres,Con discapacidad,Querétaro,18-29,Recordar o concentrarse,831.0,3752.0,266.0,"Censo de Población y Vivienda, cuestionario ampliado (INEGI)",Personas de 18 años o más con discapacidad,censo
distribucion,Distribución por dominio de dificultad,2020,Mujeres,Con discapacidad,Querétaro,30-44,Recordar o concentrarse,896.0,4522.0,336.0,"Censo de Población y Vivienda, cuestionario ampliado (INEGI)",Personas de 18 años o más con discapacidad,censo
distribucion,Distribución por dominio de dificultad,2020,Mujeres,Con discapacidad,Querétaro,45-59,Recordar o concentrarse,1313.0,9722.0,655.0,"Censo de Población y Vivienda, cuestionario ampliado (INEGI)",Personas de 18 años o más con discapacidad,censo
distribucion,Distribución por dominio de dificultad,2020,Mujeres,Con discapacidad,Querétaro,60+,Recordar o concentrarse,5693.0,25287.0,1949.0,"Censo de Población y Vivienda, cuestionario ampliado (INEGI)",Personas de 18 años o más con discapacidad,censo
distribucion,Distribución por dominio de dificultad,2020,Mujeres,Con discapacidad,Quintana Roo,18-29,Recordar o concentrarse,734.0,4273.0,162.0,"Censo de Población y Vivienda, cuestionario ampliado (INEGI)",Personas de 18 años o más con discapacidad,censo
distribucion,Distribución por dominio de dificultad,2020,Mujeres,Con discapacidad,Quintana Roo,30-44,Recordar o concentrarse,382.0,3877.0,186.0,"Censo de Población y Vivienda, cuestionario ampliado (INEGI)",Personas de 18 años o más con discapacidad,censo
distribucion,Distribución por dominio de dificultad,2020,Mujeres,Con discapacidad,Quintana Roo,45-59,Recordar o concentrarse,583.0,7981.0,328.0,"Censo de Población y Vivienda, cuestionario ampliado (INEGI)",Personas de 18 años o más con discapacidad,censo
distribucion,Distribución por dominio de dificultad,2020,Mujeres,Con discapacidad,Quintana Roo,60+,Recordar o concentrarse,1758.0,10406.0,579.0,"Censo de Población y Vivienda, cuestionario ampliado (INEGI)",Personas de 18 años o más con discapacidad,censo
distribucion,Distribución por dominio de dificultad,2020,Mujeres,Con discapacidad,San Luis Potosí,18-29,Recordar o concentrarse,1048.0,4834.0,649.0,"Censo de Población y Vivienda, cuestionario ampliado (INEGI)",Personas de 18 años o más con discapacidad,censo
distribucion,Distribución por dominio de dificultad,2020,Mujeres,Con discapacidad,San Luis Potosí,30-44,Recordar o concentrarse,1206.0,6746.0,869.0,"Censo de Población y Vivienda, cuestionario ampliado (INEGI)",Personas de 18 años o más con discapacidad,censo
distribucion,Distribución por dominio de dificultad,2020,Mujeres,Con discapacidad,San Luis Potosí,45-59,Recordar o concentrarse,1641.0,12861.0,1877.0,"Censo de Población y Vivienda, cuestionario ampliado (INEGI)",Personas de 18 años o más con discapacidad,censo
distribucion,Distribución por dominio de dificultad,2020,Mujeres,Con discapacidad,San Luis Potosí,60+,Recordar o concentrarse,8429.0,41201.0,6317.0,"Censo de Población y Vivienda, cuestionario ampliado (INEGI)",Personas de 18 años o más con discapacidad,censo
distribucion,Distribución por dominio de dificultad,2020,Mujeres,Con discapacidad,Sinaloa,18-29,Recordar o concentrarse,1074.0,4942.0,285.0,"Censo de Población y Vivienda, cuestionario ampliado (INEGI)",Personas de 18 años o más con discapacidad,censo
distribucion,Distribución por dominio de dificultad,2020,Mujeres,Con discapacidad,Sinaloa,30-44,Recordar o concentrarse,1407.0,6985.0,413.0,"Censo de Población y Vivienda, cuestionario ampliado (INEGI)",Personas de 18 años o más con discapacidad,censo
distribucion,Distribución por dominio de dificultad,2020,Mujeres,Con discapacidad,Sinaloa,45-59,Recordar o concentrarse,1816.0,15730.0,915.0,"Censo de Población y Vivienda, cuestionario ampliado (INEGI)",Personas de 18 años o más con discapacidad,censo
distribucion,Distribución por dominio de dificultad,2020,Mujeres,Con discapacidad,Sinaloa,60+,Recordar o concentrarse,8525.0,46790.0,2762.0,"Censo de Población y Vivienda, cuestionario ampliado (INEGI)",Personas de 18 años o más con discapacidad,censo
distribucion,Distribución por dominio de dificultad,2020,Mujeres,Con discapacidad,Sonora,18-29,Recordar o concentrarse,1144.0,5553.0,510.0,"Censo de Población y Vivienda, cuestionario ampliado (INEGI)",Personas de 18 años o más con discapacidad,censo
distribucion,Distribución por dominio de dificultad,2020,Mujeres,Con discapacidad,Sonora,30-44,Recordar o concentrarse,1231.0,7180.0,630.0,"Censo de Población y Vivienda, cuestionario ampliado (INEGI)",Personas de 18 años o más con discapacidad,censo
distribucion,Distribución por dominio de dificultad,2020,Mujeres,Con discapacidad,Sonora,45-59,Recordar o concentrarse,1884.0,16085.0,1612.0,"Censo de Población y Vivienda, cuestionario ampliado (INEGI)",Personas de 18 años o más con discapacidad,censo
distribucion,Distribución por dominio de dificultad,2020,Mujeres,Con discapacidad,Sonora,60+,Recordar o concentrarse,7242.0,40252.0,4506.0,"Censo de Población y Vivienda, cuestionario ampliado (INEGI)",Personas de 18 años o más con discapacidad,censo
distribucion,Distribución por dominio de dificultad,2020,Mujeres,Con discapacidad,Tabasco,18-29,Recordar o concentrarse,1215.0,5731.0,338.0,"Censo de Población y Vivienda, cuestionario ampliado (INEGI)",Personas de 18 años o más con discapacidad,censo
distribucion,Distribución por dominio de dificultad,2020,Mujeres,Con discapacidad,Tabasco,30-44,Recordar o concentrarse,1565.0,7812.0,471.0,"Censo de Población y Vivienda, cuestionario ampliado (INEGI)",Personas de 18 años o más con discapacidad,censo
distribucion,Distribución por dominio de dificultad,2020,Mujeres,Con discapacidad,Tabasco,45-59,Recordar o concentrarse,2018.0,17157.0,1085.0,"Censo de Población y Vivienda, cuestionario ampliado (INEGI)",Personas de 18 años o más con discapacidad,censo
distribucion,Distribución por dominio de dificultad,2020,Mujeres,Con discapacidad,Tabasco,60+,Recordar o concentrarse,7689.0,38455.0,2646.0,"Censo de Población y Vivienda, cuestionario ampliado (INEGI)",Personas de 18 años o más con discapacidad,censo
distribucion,Distribución por dominio de dificultad,2020,Mujeres,Con discapacidad,Tamaulipas,18-29,Recordar o concentrarse,608.0,4736.0,302.0,"Censo de Población y Vivienda, cuestionario ampliado (INEGI)",Personas de 18 años o más con discapacidad,censo
distribucion,Distribución por dominio de dificultad,2020,Mujeres,Con discapacidad,Tamaulipas,30-44,Recordar o concentrarse,1026.0,7450.0,507.0,"Censo de Población y Vivienda, cuestionario ampliado (INEGI)",Personas de 18 años o más con discapacidad,censo
distribucion,Distribución por dominio de dificultad,2020,Mujeres,Con discapacidad,Tamaulipas,45-59,Recordar o concentrarse,1933.0,19450.0,1347.0,"Censo de Población y Vivienda, cuestionario ampliado (INEGI)",Personas de 18 años o más con discapacidad,censo
distribucion,Distribución por dominio de dificultad,2020,Mujeres,Con discapacidad,Tamaulipas,60+,Recordar o concentrarse,7882.0,48814.0,3975.0,"Censo de Población y Vivienda, cuestionario ampliado (INEGI)",Personas de 18 años o más con discapacidad,censo
distribucion,Distribución por dominio de dificultad,2020,Mujeres,Con discapacidad,Tlaxcala,18-29,Recordar o concentrarse,348.0,2216.0,549.0,"Censo de Población y Vivienda, cuestionario ampliado (INEGI)",Personas de 18 años o más con discapacidad,censo
distribucion,Distribución por dominio de dificultad,2020,Mujeres,Con discapacidad,Tlaxcala,30-44,Recordar o concentrarse,423.0,3094.0,734.0,"Censo de Población y Vivienda, cuestionario ampliado (INEGI)",Personas de 18 años o más con discapacidad,censo
distribucion,Distribución por dominio de dificultad,2020,Mujeres,Con discapacidad,Tlaxcala,45-59,Recordar o concentrarse,454.0,5511.0,1372.0,"Censo de Población y Vivienda, cuestionario ampliado (INEGI)",Personas de 18 años o más con discapacidad,censo
distribucion,Distribución por dominio de dificultad,2020,Mujeres,Con discapacidad,Tlaxcala,60+,Recordar o concentrarse,3175.0,15298.0,3793.0,"Censo de Población y Vivienda, cuestionario ampliado (INEGI)",Personas de 18 años o más con discapacidad,censo
distribucion,Distribución por dominio de dificultad,2020,Mujeres,Con discapacidad,Veracruz,18-29,Recordar o concentrarse,2600.0,13567.0,2429.0,"Censo de Población y Vivienda, cuestionario ampliado (INEGI)",Personas de 18 años o más con discapacidad,censo
distribucion,Distribución por dominio de dificultad,2020,Mujeres,Con discapacidad,Veracruz,30-44,Recordar o concentrarse,3966.0,20792.0,3754.0,"Censo de Población y Vivienda, cuestionario ampliado (INEGI)",Personas de 18 años o más con discapacidad,censo
distribucion,Distribución por dominio de dificultad,2020,Mujeres,Con discapacidad,Veracruz,45-59,Recordar o concentrarse,5949.0,47807.0,8255.0,"Censo de Población y Vivienda, cuestionario ampliado (INEGI)",Personas de 18 años o más con discapacidad,censo
distribucion,Distribución por dominio de dificultad,2020,Mujeres,Con discapacidad,Veracruz,60+,Recordar o concentrarse,26845.0,137828.0,22413.0,"Censo de Población y Vivienda, cuestionario ampliado (INEGI)",Personas de 18 años o más con discapacidad,censo
distribucion,Distribución por dominio de dificultad,2020,Mujeres,Con discapacidad,Yucatán,18-29,Recordar o concentrarse,1090.0,4797.0,823.0,"Censo de Población y Vivienda, cuestionario ampliado (INEGI)",Personas de 18 años o más con discapacidad,censo
distribucion,Distribución por dominio de dificultad,2020,Mujeres,Con discapacidad,Yucatán,30-44,Recordar o concentrarse,989.0,6343.0,1272.0,"Censo de Población y Vivienda, cuestionario ampliado (INEGI)",Personas de 18 años o más con discapacidad,censo
distribucion,Distribución por dominio de dificultad,2020,Mujeres,Con discapacidad,Yucatán,45-59,Recordar o concentrarse,1522.0,13921.0,2733.0,"Censo de Población y Vivienda, cuestionario ampliado (INEGI)",Personas de 18 años o más con discapacidad,censo
distribucion,Distribución por dominio de dificultad,2020,Mujeres,Con discapacidad,Yucatán,60+,Recordar o concentrarse,6685.0,37588.0,7493.0,"Censo de Población y Vivienda, cuestionario ampliado (INEGI)",Personas de 18 años o más con discapacidad,censo
distribucion,Distribución por dominio de dificultad,2020,Mujeres,Con discapacidad,Zacatecas,18-29,Recordar o concentrarse,476.0,3326.0,621.0,"Censo de Población y Vivienda, cuestionario ampliado (INEGI)",Personas de 18 años o más con discapacidad,censo
distribucion,Distribución por dominio de dificultad,2020,Mujeres,Con discapacidad,Zacatecas,30-44,Recordar o concentrarse,744.0,4141.0,813.0,"Censo de Población y Vivienda, cuestionario ampliado (INEGI)",Personas de 18 años o más con discapacidad,censo
distribucion,Distribución por dominio de dificultad,2020,Mujeres,Con discapacidad,Zacatecas,45-59,Recordar o concentrarse,1270.0,9235.0,1705.0,"Censo de Población y Vivienda, cuestionario ampliado (INEGI)",Personas de 18 años o más con discapacidad,censo
distribucion,Distribución por dominio de dificultad,2020,Mujeres,Con discapacidad,Zacatecas,60+,Recordar o concentrarse,4419.0,26281.0,5519.0,"Censo de Población y Vivienda, cuestionario ampliado (INEGI)",Personas de 18 años o más con discapacidad,censo
distribucion,Distribución por dominio de dificultad,2020,Hombres,Con discapacidad,Aguascalientes,18-29,Bañarse o vestirse,548.0,3461.0,208.0,"Censo de Población y Vivienda, cuestionario ampliado (INEGI)",Personas de 18 años o más con discapacidad,censo
distribucion,Distribución por dominio de dificultad,2020,Hombres,Con discapacidad,Aguascalientes,30-44,Bañarse o vestirse,571.0,5243.0,322.0,"Censo de Población y Vivienda, cuestionario ampliado (INEGI)",Personas de 18 años o más con discapacidad,censo
distribucion,Distribución por dominio de dificultad,2020,Hombres,Con discapacidad,Aguascalientes,45-59,Bañarse o vestirse,475.0,6333.0,459.0,"Censo de Población y Vivienda, cuestionario ampliado (INEGI)",Personas de 18 años o más con discapacidad,censo
distribucion,Distribución por dominio de dificultad,2020,Hombres,Con discapacidad,Aguascalientes,60+,Bañarse o vestirse,1730.0,13270.0,995.0,"Censo de Población y Vivienda, cuestionario ampliado (INEGI)",Personas de 18 años o más con discapacidad,censo
distribucion,Distribución por dominio de dificultad,2020,Hombres,Con discapacidad,Baja California,18-29,Bañarse o vestirse,1423.0,8010.0,170.0,"Censo de Población y Vivienda, cuestionario ampliado (INEGI)",Personas de 18 años o más con discapacidad,censo
distribucion,Distribución por dominio de dificultad,2020,Hombres,Con discapacidad,Baja California,30-44,Bañarse o vestirse,1277.0,9875.0,205.0,"Censo de Población y Vivienda, cuestionario ampliado (INEGI)",Personas de 18 años o más con discapacidad,censo
distribucion,Distribución por dominio de dificultad,2020,Hombres,Con discapacidad,Baja California,45-59,Bañarse o vestirse,1459.0,15222.0,352.0,"Censo de Población y Vivienda, cuestionario ampliado (INEGI)",Personas de 18 años o más con discapacidad,censo
distribucion,Distribución por dominio de dificultad,2020,Hombres,Con discapacidad,Baja California,60+,Bañarse o vestirse,5549.0,29937.0,653.0,"Censo de Población y Vivienda, cuestionario ampliado (INEGI)",Personas de 18 años o más con discapacidad,censo
distribucion,Distribución por dominio de dificultad,2020,Hombres,Con discapacidad,Baja California Sur,18-29,Bañarse o vestirse,189.0,1233.0,71.0,"Censo de Población y Vivienda, cuestionario ampliado (INEGI)",Personas de 18 años o más con discapacidad,censo
distribucion,Distribución por dominio de dificultad,2020,Hombres,Con discapacidad,Baja California Sur,30-44,Bañarse o vestirse,251.0,1996.0,121.0,"Censo de Población y Vivienda, cuestionario ampliado (INEGI)",Personas de 18 años o más con discapacidad,censo
distribucion,Distribución por dominio de dificultad,2020,Hombres,Con discapacidad,Baja California Sur,45-59,Bañarse o vestirse,425.0,3105.0,190.0,"Censo de Población y Vivienda, cuestionario ampliado (INEGI)",Personas de 18 años o más con discapacidad,censo
distribucion,Distribución por dominio de dificultad,2020,Hombres,Con discapacidad,Baja California Sur,60+,Bañarse o vestirse,1099.0,6334.0,415.0,"Censo de Población y Vivienda, cuestionario ampliado (INEGI)",Personas de 18 años o más con discapacidad,censo
distribucion,Distribución por dominio de dificultad,2020,Hombres,Con discapacidad,Campeche,18-29,Bañarse o vestirse,189.0,2019.0,169.0,"Censo de Población y Vivienda, cuestionario ampliado (INEGI)",Personas de 18 años o más con discapacidad,censo
distribucion,Distribución por dominio de dificultad,2020,Hombres,Con discapacidad,Campeche,30-44,Bañarse o vestirse,211.0,2332.0,231.0,"Censo de Población y Vivienda, cuestionario ampliado (INEGI)",Personas de 18 años o más con discapacidad,censo
distribucion,Distribución por dominio de dificultad,2020,Hombres,Con discapacidad,Campeche,45-59,Bañarse o vestirse,510.0,4824.0,419.0,"Censo de Población y Vivienda, cuestionario ampliado (INEGI)",Personas de 18 años o más con discapacidad,censo
distribucion,Distribución por dominio de dificultad,2020,Hombres,Con discapacidad,Campeche,60+,Bañarse o vestirse,1796.0,11431.0,1095.0,"Censo de Población y Vivienda, cuestionario ampliado (INEGI)",Personas de 18 años o más con discapacidad,censo
distribucion,Distribución por dominio de dificultad,2020,Hombres,Con discapacidad,Chiapas,18-29,Bañarse o vestirse,1816.0,8941.0,1932.0,"Censo de Población y Vivienda, cuestionario ampliado (INEGI)",Personas de 18 años o más con discapacidad,censo
distribucion,Distribución por dominio de dificultad,2020,Hombres,Con discapacidad,Chiapas,30-44,Bañarse o vestirse,1558.0,11129.0,2363.0,"Censo de Población y Vivienda, cuestionario ampliado (INEGI)",Personas de 18 años o más con discapacidad,censo
distribucion,Distribución por dominio de dificultad,2020,Hombres,Con discapacidad,Chiapas,45-59,Bañarse o vestirse,1488.0,17642.0,3450.0,"Censo de Población y Vivienda, cuestionario ampliado (INEGI)",Personas de 18 años o más con discapacidad,censo
distribucion,Distribución por dominio de dificultad,2020,Hombres,Con discapacidad,Chiapas,60+,Bañarse o vestirse,7892.0,49681.0,10325.0,"Censo de Población y Vivienda, cuestionario ampliado (INEGI)",Personas de 18 años o más con discapacidad,censo
distribucion,Distribución por dominio de dificultad,2020,Hombres,Con discapacidad,Chihuahua,18-29,Bañarse o vestirse,1036.0,6278.0,476.0,"Censo de Población y Vivienda, cuestionario ampliado (INEGI)",Personas de 18 años o más con discapacidad,censo
distribucion,Distribución por dominio de dificultad,2020,Hombres,Con discapacidad,Chihuahua,30-44,Bañarse o vestirse,1142.0,7379.0,701.0,"Censo de Población y Vivienda, cuestionario ampliado (INEGI)",Personas de 18 años o más con discapacidad,censo
distribucion,Distribución por dominio de dificultad,2020,Hombres,Con discapacidad,Chihuahua,45-59,Bañarse o vestirse,1491.0,15419.0,1353.0,"Censo de Población y Vivienda, cuestionario ampliado (INEGI)",Personas de 18 años o más con discapacidad,censo
distribucion,Distribución por dominio de dificultad,2020,Hombres,Con discapacidad,Chihuahua,60+,Bañarse o vestirse,6144.0,32345.0,4275.0,"Censo de Población y Vivienda, cuestionario ampliado (INEGI)",Personas de 18 años o más con discapacidad,censo
distribucion,Distribución por dominio de dificultad,2020,Hombres,Con discapacidad,Ciudad de México,18-29,Bañarse o vestirse,1993.0,18282.0,547.0,"Censo de Población y Vivienda, cuestionario ampliado (INEGI)",Personas de 18 años o más con discapacidad,censo
distribucion,Distribución por dominio de dificultad,2020,Hombres,Con discapacidad,Ciudad de México,30-44,Bañarse o vestirse,2534.0,22825.0,718.0,"Censo de Población y Vivienda, cuestionario ampliado (INEGI)",Personas de 18 años o más con discapacidad,censo
distribucion,Distribución por dominio de dificultad,2020,Hombres,Con discapacidad,Ciudad de México,45-59,Bañarse o vestirse,3833.0,41893.0,1277.0,"Censo de Población y Vivienda, cuestionario ampliado (INEGI)",Personas de 18 años o más con discapacidad,censo
distribucion,Distribución por dominio de dificultad,2020,Hombres,Con discapacidad,Ciudad de México,60+,Bañarse o vestirse,16230.0,103507.0,2978.0,"Censo de Población y Vivienda, cuestionario ampliado (INEGI)",Personas de 18 años o más con discapacidad,censo
distribucion,Distribución por dominio de dificultad,2020,Hombres,Con discapacidad,Coahuila,18-29,Bañarse o vestirse,987.0,4932.0,370.0,"Censo de Población y Vivienda, cuestionario ampliado (INEGI)",Personas de 18 años o más con discapacidad,censo
distribucion,Distribución por dominio de dificultad,2020,Hombres,Con discapacidad,Coahuila,30-44,Bañarse o vestirse,946.0,7443.0,585.0,"Censo de Población y Vivienda, cuestionario ampliado (INEGI)",Personas de 18 años o más con discapacidad,censo
distribucion,Distribución por dominio de dificultad,2020,Hombres,Con discapacidad,Coahuila,45-59,Bañarse o vestirse,1625.0,12133.0,1061.0,"Censo de Población y Vivienda, cuestionario ampliado (INEGI)",Personas de 18 años o más con discapacidad,censo
distribucion,Distribución por dominio de dificultad,2020,Hombres,Con discapacidad,Coahuila,60+,Bañarse o vestirse,5583.0,27208.0,2562.0,"Censo de Población y Vivienda, cuestionario ampliado (INEGI)",Personas de 18 años o más con discapacidad,censo
distribucion,Distribución por dominio de dificultad,2020,Hombres,Con discapacidad,Colima,18-29,Bañarse o vestirse,222.0,1195.0,120.0,"Censo de Población y Vivienda, cuestionario ampliado (INEGI)",Personas de 18 años o más con discapacidad,censo
distribucion,Distribución por dominio de dificultad,2020,Hombres,Con discapacidad,Colima,30-44,Bañarse o vestirse,167.0,2026.0,193.0,"Censo de Población y Vivienda, cuestionario ampliado (INEGI)",Personas de 18 años o más con discapacidad,censo
distribucion,Distribución por dominio de dificultad,2020,Hombres,Con discapacidad,Colima,45-59,Bañarse o vestirse,552.0,3275.0,311.0,"Censo de Población y Vivienda, cuestionario ampliado (INEGI)",Personas de 18 años o más con discapacidad,censo
distribucion,Distribución por dominio de dificultad,2020,Hombres,Con discapacidad,Colima,60+,Bañarse o vestirse,1691.0,8441.0,868.0,"Censo de Población y Vivienda, cuestionario ampliado (INEGI)",Personas de 18 años o más con discapacidad,censo
distribucion,Distribución por dominio de dificultad,2020,Hombres,Con discapacidad,Durango,18-29,Bañarse o vestirse,675.0,4148.0,525.0,"Censo de Población y Vivienda, cuestionario ampliado (INEGI)",Personas de 18 años o más con discapacidad,censo
distribucion,Distribución por dominio de dificultad,2020,Hombres,Con discapacidad,Durango,30-44,Bañarse o vestirse,762.0,5312.0,743.0,"Censo de Población y Vivienda, cuestionario ampliado (INEGI)",Personas de 18 años o más con discapacidad,censo
distribucion,Distribución por dominio de dificultad,2020,Hombres,Con discapacidad,Durango,45-59,Bañarse o vestirse,779.0,7987.0,1176.0,"Censo de Población y Vivienda, cuestionario ampliado (INEGI)",Personas de 18 años o más con discapacidad,censo
distribucion,Distribución por dominio de dificultad,2020,Hombres,Con discapacidad,Durango,60+,Bañarse o vestirse,3729.0,21066.0,3661.0,"Censo de Población y Vivienda, cuestionario ampliado (INEGI)",Personas de 18 años o más con discapacidad,censo
distribucion,Distribución por dominio de dificultad,2020,Hombres,Con discapacidad,Guanajuato,18-29,Bañarse o vestirse,2394.0,12356.0,826.0,"Censo de Población y Vivienda, cuestionario ampliado (INEGI)",Personas de 18 años o más con discapacidad,censo
distribucion,Distribución por dominio de dificultad,2020,Hombres,Con discapacidad,Guanajuato,30-44,Bañarse o vestirse,1823.0,16482.0,1015.0,"Censo de Población y Vivienda, cuestionario ampliado (INEGI)",Personas de 18 años o más con discapacidad,censo
distribucion,Distribución por dominio de dificultad,2020,Hombres,Con discapacidad,Guanajuato,45-59,Bañarse o vestirse,2065.0,23789.0,1548.0,"Censo de Población y Vivienda, cuestionario ampliado (INEGI)",Personas de 18 años o más con discapacidad,censo
distribucion,Distribución por dominio de dificultad,2020,Hombres,Con discapacidad,Guanajuato,60+,Bañarse o vestirse,9638.0,58849.0,4566.0,"Censo de Población y Vivienda, cuestionario ampliado (INEGI)",Personas de 18 años o más con discapacidad,censo
distribucion,Distribución por dominio de dificultad,2020,Hombres,Con discapacidad,Guerrero,18-29,Bañarse o vestirse,825.0,7064.0,1659.0,"Censo de Población y Vivienda, cuestionario ampliado (INEGI)",Personas de 18 años o más con discapacidad,censo
distribucion,Distribución por dominio de dificultad,2020,Hombres,Con discapacidad,Guerrero,30-44,Bañarse o vestirse,1345.0,10808.0,2135.0,"Censo de Población y Vivienda, cuestionario ampliado (INEGI)",Personas de 18 años o más con discapacidad,censo
distribucion,Distribución por dominio de dificultad,2020,Hombres,Con discapacidad,Guerrero,45-59,Bañarse o vestirse,1323.0,17388.0,3329.0,"Censo de Población y Vivienda, cuestionario ampliado (INEGI)",Personas de 18 años o más con discapacidad,censo
distribucion,Distribución por dominio de dificultad,2020,Hombres,Con discapacidad,Guerrero,60+,Bañarse o vestirse,7496.0,50415.0,10636.0,"Censo de Población y Vivienda, cuestionario ampliado (INEGI)",Personas de 18 años o más con discapacidad,censo
distribucion,Distribución por dominio de dificultad,2020,Hombres,Con discapacidad,Hidalgo,18-29,Bañarse o vestirse,872.0,6424.0,997.0,"Censo de Población y Vivienda, cuestionario ampliado (INEGI)",Personas de 18 años o más con discapacidad,censo
distribucion,Distribución por dominio de dificultad,2020,Hombres,Con discapacidad,Hidalgo,30-44,Bañarse o vestirse,978.0,7747.0,1367.0,"Censo de Población y Vivienda, cuestionario ampliado (INEGI)",Personas de 18 años o más con discapacidad,censo
distribucion,Distribución por dominio de dificultad,2020,Hombres,Con discapacidad,Hidalgo,45-59,Bañarse o vestirse,1079.0,13990.0,2301.0,"Censo de Población y Vivienda, cuestionario ampliado (INEGI)",Personas de 18 años o más con discapacidad,censo
distribucion,Distribución por dominio de dificultad,2020,Hombres,Con discapacidad,Hidalgo,60+,Bañarse o vestirse,6338.0,36669.0,7062.0,"Censo de Población y Vivienda, cuestionario ampliado (INEGI)",Personas de 18 años o más con discapacidad,censo
distribucion,Distribución por dominio de dificultad,2020,Hombres,Con discapacidad,Jalisco,18-29,Bañarse o vestirse,2774.0,13492.0,1445.0,"Censo de Población y Vivienda, cuestionario ampliado (INEGI)",Personas de 18 años o más con discapacidad,censo
distribucion,Distribución por dominio de dificultad,2020,Hombres,Con discapacidad,Jalisco,30-44,Bañarse o vestirse,2454.0,20557.0,2042.0,"Censo de Población y Vivienda, cuestionario ampliado (INEGI)",Personas de 18 años o más con discapacidad,censo
distribucion,Distribución por dominio de dificultad,2020,Hombres,Con discapacidad,Jalisco,45-59,Bañarse o vestirse,3602.0,32987.0,3364.0,"Censo de Población y Vivienda, cuestionario ampliado (INEGI)",Personas de 18 años o más con discapacidad,censo
distribucion,Distribución por dominio de dificultad,2020,Hombres,Con discapacidad,Jalisco,60+,Bañarse o vestirse,15453.0,82156.0,10143.0,"Censo de Población y Vivienda, cuestionario ampliado (INEGI)",Personas de 18 años o más con discapacidad,censo
distribucion,Distribución por dominio de dificultad,2020,Hombres,Con discapacidad,Michoacán,18-29,Bañarse o vestirse,1494.0,8489.0,1346.0,"Censo de Población y Vivienda, cuestionario ampliado (INEGI)",Personas de 18 años o más con discapacidad,censo
distribucion,Distribución por dominio de dificultad,2020,Hombres,Con discapacidad,Michoacán,30-44,Bañarse o vestirse,1996.0,12662.0,1982.0,"Censo de Población y Vivienda, cuestionario ampliado (INEGI)",Personas de 18 años o más con discapacidad,censo
distribucion,Distribución por dominio de dificultad,2020,Hombres,Con discapacidad,Michoacán,45-59,Bañarse o vestirse,1920.0,20204.0,3252.0,"Censo de Población y Vivienda, cuestionario ampliado (INEGI)",Personas de 18 años o más con discapacidad,censo
distribucion,Distribución por dominio de dificultad,2020,Hombres,Con discapacidad,Michoacán,60+,Bañarse o vestirse,9873.0,59611.0,10369.0,"Censo de Población y Vivienda, cuestionario ampliado (INEGI)",Personas de 18 años o más con discapacidad,censo
distribucion,Distribución por dominio de dificultad,2020,Hombres,Con discapacidad,Morelos,18-29,Bañarse o vestirse,505.0,3472.0,451.0,"Censo de Población y Vivienda, cuestionario ampliado (INEGI)",Personas de 18 años o más con discapacidad,censo
distribucion,Distribución por dominio de dificultad,2020,Hombres,Con discapacidad,Morelos,30-44,Bañarse o vestirse,724.0,5472.0,634.0,"Censo de Población y Vivienda, cuestionario ampliado (INEGI)",Personas de 18 años o más con discapacidad,censo
distribucion,Distribución por dominio de dificultad,2020,Hombres,Con discapacidad,Morelos,45-59,Bañarse o vestirse,1075.0,9318.0,1109.0,"Censo de Población y Vivienda, cuestionario ampliado (INEGI)",Personas de 18 años o más con discapacidad,censo
distribucion,Distribución por dominio de dificultad,2020,Hombres,Con discapacidad,Morelos,60+,Bañarse o vestirse,4145.0,25720.0,3142.0,"Censo de Población y Vivienda, cuestionario ampliado (INEGI)",Personas de 18 años o más con discapacidad,censo
distribucion,Distribución por dominio de dificultad,2020,Hombres,Con discapacidad,México,18-29,Bañarse o vestirse,5221.0,32467.0,2362.0,"Censo de Población y Vivienda, cuestionario ampliado (INEGI)",Personas de 18 años o más con discapacidad,censo
distribucion,Distribución por dominio de dificultad,2020,Hombres,Con discapacidad,México,30-44,Bañarse o vestirse,4664.0,42276.0,2932.0,"Censo de Población y Vivienda, cuestionario ampliado (INEGI)",Personas de 18 años o más con discapacidad,censo
distribucion,Distribución por dominio de dificultad,2020,Hombres,Con discapacidad,México,45-59,Bañarse o vestirse,5420.0,69088.0,4624.0,"Censo de Población y Vivienda, cuestionario ampliado (INEGI)",Personas de 18 años o más con discapacidad,censo
distribucion,Distribución por dominio de dificultad,2020,Hombres,Con discapacidad,México,60+,Bañarse o vestirse,22506.0,140681.0,10314.0,"Censo de Población y Vivienda, cuestionario ampliado (INEGI)",Personas de 18 años o más con discapacidad,censo
distribucion,Distribución por dominio de dificultad,2020,Hombres,Con discapacidad,Nayarit,18-29,Bañarse o vestirse,375.0,2943.0,345.0,"Censo de Población y Vivienda, cuestionario ampliado (INEGI)",Personas de 18 años o más con discapacidad,censo
distribucion,Distribución por dominio de dificultad,2020,Hombres,Con discapacidad,Nayarit,30-44,Bañarse o vestirse,519.0,2981.0,456.0,"Censo de Población y Vivienda, cuestionario ampliado (INEGI)",Personas de 18 años o más con discapacidad,censo
distribucion,Distribución por dominio de dificultad,2020,Hombres,Con discapacidad,Nayarit,45-59,Bañarse o vestirse,520.0,5234.0,749.0,"Censo de Población y Vivienda, cuestionario ampliado (INEGI)",Personas de 18 años o más con discapacidad,censo
distribucion,Distribución por dominio de dificultad,2020,Hombres,Con discapacidad,Nayarit,60+,Bañarse o vestirse,2823.0,14896.0,2231.0,"Censo de Población y Vivienda, cuestionario ampliado (INEGI)",Personas de 18 años o más con discapacidad,censo
distribucion,Distribución por dominio de dificultad,2020,Hombres,Con discapacidad,Nuevo León,18-29,Bañarse o vestirse,1392.0,9098.0,531.0,"Censo de Población y Vivienda, cuestionario ampliado (INEGI)",Personas de 18 años o más con discapacidad,censo
distribucion,Distribución por dominio de dificultad,2020,Hombres,Con discapacidad,Nuevo León,30-44,Bañarse o vestirse,1670.0,10415.0,674.0,"Censo de Población y Vivienda, cuestionario ampliado (INEGI)",Personas de 18 años o más con discapacidad,censo
distribucion,Distribución por dominio de dificultad,2020,Hombres,Con discapacidad,Nuevo León,45-59,Bañarse o vestirse,2388.0,19101.0,1314.0,"Censo de Población y Vivienda, cuestionario ampliado (INEGI)",Personas de 18 años o más con discapacidad,censo
distribucion,Distribución por dominio de dificultad,2020,Hombres,Con discapacidad,Nuevo León,60+,Bañarse o vestirse,9221.0,42986.0,3266.0,"Censo de Población y Vivienda, cuestionario ampliado (INEGI)",Personas de 18 años o más con discapacidad,censo
distribucion,Distribución por dominio de dificultad,2020,Hombres,Con discapacidad,Oaxaca,18-29,Bañarse o vestirse,1371.0,9352.0,4698.0,"Censo de Población y Vivienda, cuestionario ampliado (INEGI)",Personas de 18 años o más con discapacidad,censo
distribucion,Distribución por dominio de dificultad,2020,Hombres,Con discapacidad,Oaxaca,30-44,Bañarse o vestirse,1497.0,13352.0,6570.0,"Censo de Población y Vivienda, cuestionario ampliado (INEGI)",Personas de 18 años o más con discapacidad,censo
distribucion,Distribución por dominio de dificultad,2020,Hombres,Con discapacidad,Oaxaca,45-59,Bañarse o vestirse,1674.0,20984.0,10595.0,"Censo de Población y Vivienda, cuestionario ampliado (INEGI)",Personas de 18 años o más con discapacidad,censo
distribucion,Distribución por dominio de dificultad,2020,Hombres,Con discapacidad,Oaxaca,60+,Bañarse o vestirse,8992.0,65118.0,35153.0,"Censo de Población y Vivienda, cuestionario ampliado (INEGI)",Personas de 18 años o más con discapacidad,censo
distribucion,Distribución por dominio de dificultad,2020,Hombres,Con discapacidad,Puebla,18-29,Bañarse o vestirse,1920.0,13898.0,2754.0,"Censo de Población y Vivienda, cuestionario ampliado (INEGI)",Personas de 18 años o más con discapacidad,censo
distribucion,Distribución por dominio de dificultad,2020,Hombres,Con discapacidad,Puebla,30-44,Bañarse o vestirse,2133.0,15408.0,3569.0,"Censo de Población y Vivienda, cuestionario ampliado (INEGI)",Personas de 18 años o más con discapacidad,censo
distribucion,Distribución por dominio de dificultad,2020,Hombres,Con discapacidad,Puebla,45-59,Bañarse o vestirse,2607.0,24320.0,5306.0,"Censo de Población y Vivienda, cuestionario ampliado (INEGI)",Personas de 18 años o más con discapacidad,censo
distribucion,Distribución por dominio de dificultad,2020,Hombres,Con discapacidad,Puebla,60+,Bañarse o vestirse,11853.0,65208.0,16499.0,"Censo de Población y Vivienda, cuestionario ampliado (INEGI)",Personas de 18 años o más con discapacidad,censo
distribucion,Distribución por dominio de dificultad,2020,Hombres,Con discapacidad,Querétaro,18-29,Bañarse o vestirse,496.0,3711.0,302.0,"Censo de Población y Vivienda, cuestionario ampliado (INEGI)",Personas de 18 años o más con discapacidad,censo
distribucion,Distribución por dominio de dificultad,2020,Hombres,Con discapacidad,Querétaro,30-44,Bañarse o vestirse,794.0,5237.0,365.0,"Censo de Población y Vivienda, cuestionario ampliado (INEGI)",Personas de 18 años o más con discapacidad,censo
distribucion,Distribución por dominio de dificultad,2020,Hombres,Con discapacidad,Querétaro,45-59,Bañarse o vestirse,743.0,8548.0,572.0,"Censo de Población y Vivienda, cuestionario ampliado (INEGI)",Personas de 18 años o más con discapacidad,censo
distribucion,Distribución por dominio de dificultad,2020,Hombres,Con discapacidad,Querétaro,60+,Bañarse o vestirse,3637.0,20519.0,1580.0,"Censo de Población y Vivienda, cuestionario ampliado (INEGI)",Personas de 18 años o más con discapacidad,censo
distribucion,Distribución por dominio de dificultad,2020,Hombres,Con discapacidad,Quintana Roo,18-29,Bañarse o vestirse,358.0,3141.0,129.0,"Censo de Población y Vivienda, cuestionario ampliado (INEGI)",Personas de 18 años o más con discapacidad,censo
distribucion,Distribución por dominio de dificultad,2020,Hombres,Con discapacidad,Quintana Roo,30-44,Bañarse o vestirse,328.0,4420.0,203.0,"Censo de Población y Vivienda, cuestionario ampliado (INEGI)",Personas de 18 años o más con discapacidad,censo
distribucion,Distribución por dominio de dificultad,2020,Hombres,Con discapacidad,Quintana Roo,45-59,Bañarse o vestirse,437.0,5573.0,278.0,"Censo de Población y Vivienda, cuestionario ampliado (INEGI)",Personas de 18 años o más con discapacidad,censo
distribucion,Distribución por dominio de dificultad,2020,Hombres,Con discapacidad,Quintana Roo,60+,Bañarse o vestirse,2276.0,10885.0,627.0,"Censo de Población y Vivienda, cuestionario ampliado (INEGI)",Personas de 18 años o más con discapacidad,censo
distribucion,Distribución por dominio de dificultad,2020,Hombres,Con discapacidad,San Luis Potosí,18-29,Bañarse o vestirse,622.0,4768.0,720.0,"Censo de Población y Vivienda, cuestionario ampliado (INEGI)",Personas de 18 años o más con discapacidad,censo
distribucion,Distribución por dominio de dificultad,2020,Hombres,Con discapacidad,San Luis Potosí,30-44,Bañarse o vestirse,1235.0,6817.0,1008.0,"Censo de Población y Vivienda, cuestionario ampliado (INEGI)",Personas de 18 años o más con discapacidad,censo
distribucion,Distribución por dominio de dificultad,2020,Hombres,Con discapacidad,San Luis Potosí,45-59,Bañarse o vestirse,1194.0,11288.0,1758.0,"Censo de Población y Vivienda, cuestionario ampliado (INEGI)",Personas de 18 años o más con discapacidad,censo
distribucion,Distribución por dominio de dificultad,2020,Hombres,Con discapacidad,San Luis Potosí,60+,Bañarse o vestirse,5679.0,34998.0,5834.0,"Censo de Población y Vivienda, cuestionario ampliado (INEGI)",Personas de 18 años o más con discapacidad,censo
distribucion,Distribución por dominio de dificultad,2020,Hombres,Con discapacidad,Sinaloa,18-29,Bañarse o vestirse,895.0,5405.0,299.0,"Censo de Población y Vivienda, cuestionario ampliado (INEGI)",Personas de 18 años o más con discapacidad,censo
distribucion,Distribución por dominio de dificultad,2020,Hombres,Con discapacidad,Sinaloa,30-44,Bañarse o vestirse,1160.0,7793.0,499.0,"Censo de Población y Vivienda, cuestionario ampliado (INEGI)",Personas de 18 años o más con discapacidad,censo
distribucion,Distribución por dominio de dificultad,2020,Hombres,Con discapacidad,Sinaloa,45-59,Bañarse o vestirse,1669.0,13197.0,790.0,"Censo de Población y Vivienda, cuestionario ampliado (INEGI)",Personas de 18 años o más con discapacidad,censo
distribucion,Distribución por dominio de dificultad,2020,Hombres,Con discapacidad,Sinaloa,60+,Bañarse o vestirse,5931.0,35296.0,2266.0,"Censo de Población y Vivienda, cuestionario ampliado (INEGI)",Personas de 18 años o más con discapacidad,censo
distribucion,Distribución por dominio de dificultad,2020,Hombres,Con discapacidad,Sonora,18-29,Bañarse o vestirse,1197.0,6167.0,514.0,"Censo de Población y Vivienda, cuestionario ampliado (INEGI)",Personas de 18 años o más con discapacidad,censo
distribucion,Distribución por dominio de dificultad,2020,Hombres,Con discapacidad,Sonora,30-44,Bañarse o vestirse,876.0,7395.0,679.0,"Censo de Población y Vivienda, cuestionario ampliado (INEGI)",Personas de 18 años o más con discapacidad,censo
distribucion,Distribución por dominio de dificultad,2020,Hombres,Con discapacidad,Sonora,45-59,Bañarse o vestirse,1320.0,12111.0,1304.0,"Censo de Población y Vivienda, cuestionario ampliado (INEGI)",Personas de 18 años o más con discapacidad,censo
distribucion,Distribución por dominio de dificultad,2020,Hombres,Con discapacidad,Sonora,60+,Bañarse o vestirse,6195.0,31569.0,3782.0,"Censo de Población y Vivienda, cuestionario ampliado (INEGI)",Personas de 18 años o más con discapacidad,censo
distribucion,Distribución por dominio de dificultad,2020,Hombres,Con discapacidad,Tabasco,18-29,Bañarse o vestirse,1604.0,6530.0,362.0,"Censo de Población y Vivienda, cuestionario ampliado (INEGI)",Personas de 18 años o más con discapacidad,censo
distribucion,Distribución por dominio de dificultad,2020,Hombres,Con discapacidad,Tabasco,30-44,Bañarse o vestirse,925.0,7619.0,530.0,"Censo de Población y Vivienda, cuestionario ampliado (INEGI)",Personas de 18 años o más con discapacidad,censo
distribucion,Distribución por dominio de dificultad,2020,Hombres,Con discapacidad,Tabasco,45-59,Bañarse o vestirse,1718.0,13996.0,920.0,"Censo de Población y Vivienda, cuestionario ampliado (INEGI)",Personas de 18 años o más con discapacidad,censo
distribucion,Distribución por dominio de dificultad,2020,Hombres,Con discapacidad,Tabasco,60+,Bañarse o vestirse,5612.0,30592.0,2114.0,"Censo de Población y Vivienda, cuestionario ampliado (INEGI)",Personas de 18 años o más con discapacidad,censo
distribucion,Distribución por dominio de dificultad,2020,Hombres,Con discapacidad,Tamaulipas,18-29,Bañarse o vestirse,874.0,5668.0,386.0,"Censo de Población y Vivienda, cuestionario ampliado (INEGI)",Personas de 18 años o más con discapacidad,censo
distribucion,Distribución por dominio de dificultad,2020,Hombres,Con discapacidad,Tamaulipas,30-44,Bañarse o vestirse,936.0,7779.0,574.0,"Censo de Población y Vivienda, cuestionario ampliado (INEGI)",Personas de 18 años o más con discapacidad,censo
distribucion,Distribución por dominio de dificultad,2020,Hombres,Con discapacidad,Tamaulipas,45-59,Bañarse o vestirse,1739.0,15816.0,1149.0,"Censo de Población y Vivienda, cuestionario ampliado (INEGI)",Personas de 18 años o más con discapacidad,censo
distribucion,Distribución por dominio de dificultad,2020,Hombres,Con discapacidad,Tamaulipas,60+,Bañarse o vestirse,7211.0,37158.0,3555.0,"Censo de Población y Vivienda, cuestionario ampliado (INEGI)",Personas de 18 años o más con discapacidad,censo
distribucion,Distribución por dominio de dificultad,2020,Hombres,Con discapacidad,Tlaxcala,18-29,Bañarse o vestirse,414.0,2584.0,638.0,"Censo de Población y Vivienda, cuestionario ampliado (INEGI)",Personas de 18 años o más con discapacidad,censo
distribucion,Distribución por dominio de dificultad,2020,Hombres,Con discapacidad,Tlaxcala,30-44,Bañarse o vestirse,438.0,2996.0,733.0,"Censo de Población y Vivienda, cuestionario ampliado (INEGI)",Personas de 18 años o más con discapacidad,censo
distribucion,Distribución por dominio de dificultad,2020,Hombres,Con discapacidad,Tlaxcala,45-59,Bañarse o vestirse,410.0,4199.0,1082.0,"Censo de Población y Vivienda, cuestionario ampliado (INEGI)",Personas de 18 años o más con discapacidad,censo
distribucion,Distribución por dominio de dificultad,2020,Hombres,Con discapacidad,Tlaxcala,60+,Bañarse o vestirse,2129.0,11957.0,3117.0,"Censo de Población y Vivienda, cuestionario ampliado (INEGI)",Personas de 18 años o más con discapacidad,censo
distribucion,Distribución por dominio de dificultad,2020,Hombres,Con discapacidad,Veracruz,18-29,Bañarse o vestirse,2438.0,14981.0,2776.0,"Censo de Población y Vivienda, cuestionario ampliado (INEGI)",Personas de 18 años o más con discapacidad,censo
distribucion,Distribución por dominio de dificultad,2020,Hombres,Con discapacidad,Veracruz,30-44,Bañarse o vestirse,3036.0,20980.0,3931.0,"Censo de Población y Vivienda, cuestionario ampliado (INEGI)",Personas de 18 años o más con discapacidad,censo
distribucion,Distribución por dominio de dificultad,2020,Hombres,Con discapacidad,Veracruz,45-59,Bañarse o vestirse,3909.0,39133.0,6822.0,"Censo de Población y Vivienda, cuestionario ampliado (INEGI)",Personas de 18 años o más con discapacidad,censo
distribucion,Distribución por dominio de dificultad,2020,Hombres,Con discapacidad,Veracruz,60+,Bañarse o vestirse,18863.0,108670.0,18980.0,"Censo de Población y Vivienda, cuestionario ampliado (INEGI)",Personas de 18 años o más con discapacidad,censo
distribucion,Distribución por dominio de dificultad,2020,Hombres,Con discapacidad,Yucatán,18-29,Bañarse o vestirse,776.0,4723.0,1031.0,"Censo de Población y Vivienda, cuestionario ampliado (INEGI)",Personas de 18 años o más con discapacidad,censo
distribucion,Distribución por dominio de dificultad,2020,Hombres,Con discapacidad,Yucatán,30-44,Bañarse o vestirse,741.0,6207.0,1464.0,"Censo de Población y Vivienda, cuestionario ampliado (INEGI)",Personas de 18 años o más con discapacidad,censo
distribucion,Distribución por dominio de dificultad,2020,Hombres,Con discapacidad,Yucatán,45-59,Bañarse o vestirse,1568.0,10974.0,2356.0,"Censo de Población y Vivienda, cuestionario ampliado (INEGI)",Personas de 18 años o más con discapacidad,censo
distribucion,Distribución por dominio de dificultad,2020,Hombres,Con discapacidad,Yucatán,60+,Bañarse o vestirse,5707.0,30468.0,7203.0,"Censo de Población y Vivienda, cuestionario ampliado (INEGI)",Personas de 18 años o más con discapacidad,censo
distribucion,Distribución por dominio de dificultad,2020,Hombres,Con discapacidad,Zacatecas,18-29,Bañarse o vestirse,446.0,3341.0,583.0,"Censo de Población y Vivienda, cuestionario ampliado (INEGI)",Personas de 18 años o más con discapacidad,censo
distribucion,Distribución por dominio de dificultad,2020,Hombres,Con discapacidad,Zacatecas,30-44,Bañarse o vestirse,559.0,4546.0,850.0,"Censo de Población y Vivienda, cuestionario ampliado (INEGI)",Personas de 18 años o más con discapacidad,censo
distribucion,Distribución por dominio de dificultad,2020,Hombres,Con discapacidad,Zacatecas,45-59,Bañarse o vestirse,515.0,7061.0,1404.0,"Censo de Población y Vivienda, cuestionario ampliado (INEGI)",Personas de 18 años o más con discapacidad,censo
distribucion,Distribución por dominio de dificultad,2020,Hombres,Con discapacidad,Zacatecas,60+,Bañarse o vestirse,3616.0,21794.0,4760.0,"Censo de Población y Vivienda, cuestionario ampliado (INEGI)",Personas de 18 años o más con discapacidad,censo
distribucion,Distribución por dominio de dificultad,2020,Mujeres,Con discapacidad,Aguascalientes,18-29,Bañarse o vestirse,314.0,3506.0,217.0,"Censo de Población y Vivienda, cuestionario ampliado (INEGI)",Personas de 18 años o más con discapacidad,censo
distribucion,Distribución por dominio de dificultad,2020,Mujeres,Con discapacidad,Aguascalientes,30-44,Bañarse o vestirse,274.0,4696.0,267.0,"Censo de Población y Vivienda, cuestionario ampliado (INEGI)",Personas de 18 años o más con discapacidad,censo
distribucion,Distribución por dominio de dificultad,2020,Mujeres,Con discapacidad,Aguascalientes,45-59,Bañarse o vestirse,952.0,8947.0,531.0,"Censo de Población y Vivienda, cuestionario ampliado (INEGI)",Personas de 18 años o más con discapacidad,censo
distribucion,Distribución por dominio de dificultad,2020,Mujeres,Con discapacidad,Aguascalientes,60+,Bañarse o vestirse,4188.0,18099.0,1219.0,"Censo de Población y Vivienda, cuestionario ampliado (INEGI)",Personas de 18 años o más con discapacidad,censo
distribucion,Distribución por dominio de dificultad,2020,Mujeres,Con discapacidad,Baja California,18-29,Bañarse o vestirse,646.0,8274.0,167.0,"Censo de Población y Vivienda, cuestionario ampliado (INEGI)",Personas de 18 años o más con discapacidad,censo
distribucion,Distribución por dominio de dificultad,2020,Mujeres,Con discapacidad,Baja California,30-44,Bañarse o vestirse,1202.0,9732.0,201.0,"Censo de Población y Vivienda, cuestionario ampliado (INEGI)",Personas de 18 años o más con discapacidad,censo
distribucion,Distribución por dominio de dificultad,2020,Mujeres,Con discapacidad,Baja California,45-59,Bañarse o vestirse,1825.0,20331.0,431.0,"Censo de Población y Vivienda, cuestionario ampliado (INEGI)",Personas de 18 años o más con discapacidad,censo
distribucion,Distribución por dominio de dificultad,2020,Mujeres,Con discapacidad,Baja California,60+,Bañarse o vestirse,9585.0,41033.0,903.0,"Censo de Población y Vivienda, cuestionario ampliado (INEGI)",Personas de 18 años o más con discapacidad,censo
distribucion,Distribución por dominio de dificultad,2020,Mujeres,Con discapacidad,Baja California Sur,18-29,Bañarse o vestirse,200.0,1222.0,72.0,"Censo de Población y Vivienda, cuestionario ampliado (INEGI)",Personas de 18 años o más con discapacidad,censo
distribucion,Distribución por dominio de dificultad,2020,Mujeres,Con discapacidad,Baja California Sur,30-44,Bañarse o vestirse,172.0,2030.0,121.0,"Censo de Población y Vivienda, cuestionario ampliado (INEGI)",Personas de 18 años o más con discapacidad,censo
distribucion,Distribución por dominio de dificultad,2020,Mujeres,Con discapacidad,Baja California Sur,45-59,Bañarse o vestirse,357.0,3560.0,224.0,"Censo de Población y Vivienda, cuestionario ampliado (INEGI)",Personas de 18 años o más con discapacidad,censo
distribucion,Distribución por dominio de dificultad,2020,Mujeres,Con discapacidad,Baja California Sur,60+,Bañarse o vestirse,2247.0,7964.0,532.0,"Censo de Población y Vivienda, cuestionario ampliado (INEGI)",Personas de 18 años o más con discapacidad,censo
distribucion,Distribución por dominio de dificultad,2020,Mujeres,Con discapacidad,Campeche,18-29,Bañarse o vestirse,266.0,1843.0,159.0,"Censo de Población y Vivienda, cuestionario ampliado (INEGI)",Personas de 18 años o más con discapacidad,censo
distribucion,Distribución por dominio de dificultad,2020,Mujeres,Con discapacidad,Campeche,30-44,Bañarse o vestirse,252.0,3226.0,253.0,"Censo de Población y Vivienda, cuestionario ampliado (INEGI)",Personas de 18 años o más con discapacidad,censo
distribucion,Distribución por dominio de dificultad,2020,Mujeres,Con discapacidad,Campeche,45-59,Bañarse o vestirse,519.0,6312.0,499.0,"Censo de Población y Vivienda, cuestionario ampliado (INEGI)",Personas de 18 años o más con discapacidad,censo
distribucion,Distribución por dominio de dificultad,2020,Mujeres,Con discapacidad,Campeche,60+,Bañarse o vestirse,2544.0,13958.0,1200.0,"Censo de Población y Vivienda, cuestionario ampliado (INEGI)",Personas de 18 años o más con discapacidad,censo
distribucion,Distribución por dominio de dificultad,2020,Mujeres,Con discapacidad,Chiapas,18-29,Bañarse o vestirse,1302.0,7278.0,1544.0,"Censo de Población y Vivienda, cuestionario ampliado (INEGI)",Personas de 18 años o más con discapacidad,censo
distribucion,Distribución por dominio de dificultad,2020,Mujeres,Con discapacidad,Chiapas,30-44,Bañarse o vestirse,1386.0,10596.0,2212.0,"Censo de Población y Vivienda, cuestionario ampliado (INEGI)",Personas de 18 años o más con discapacidad,censo
distribucion,Distribución por dominio de dificultad,2020,Mujeres,Con discapacidad,Chiapas,45-59,Bañarse o vestirse,2205.0,22210.0,4219.0,"Censo de Población y Vivienda, cuestionario ampliado (INEGI)",Personas de 18 años o más con discapacidad,censo
distribucion,Distribución por dominio de dificultad,2020,Mujeres,Con discapacidad,Chiapas,60+,Bañarse o vestirse,11639.0,54873.0,11188.0,"Censo de Población y Vivienda, cuestionario ampliado (INEGI)",Personas de 18 años o más con discapacidad,censo
distribucion,Distribución por dominio de dificultad,2020,Mujeres,Con discapacidad,Chihuahua,18-29,Bañarse o vestirse,725.0,5126.0,445.0,"Censo de Población y Vivienda, cuestionario ampliado (INEGI)",Personas de 18 años o más con discapacidad,censo
distribucion,Distribución por dominio de dificultad,2020,Mujeres,Con discapacidad,Chihuahua,30-44,Bañarse o vestirse,904.0,7681.0,613.0,"Censo de Población y Vivienda, cuestionario ampliado (INEGI)",Personas de 18 años o más con discapacidad,censo
distribucion,Distribución por dominio de dificultad,2020,Mujeres,Con discapacidad,Chihuahua,45-59,Bañarse o vestirse,2095.0,16252.0,1366.0,"Censo de Población y Vivienda, cuestionario ampliado (INEGI)",Personas de 18 años o más con discapacidad,censo
distribucion,Distribución por dominio de dificultad,2020,Mujeres,Con discapacidad,Chihuahua,60+,Bañarse o vestirse,11468.0,49111.0,4786.0,"Censo de Población y Vivienda, cuestionario ampliado (INEGI)",Personas de 18 años o más con discapacidad,censo
distribucion,Distribución por dominio de dificultad,2020,Mujeres,Con discapacidad,Ciudad de México,18-29,Bañarse o vestirse,1778.0,17464.0,550.0,"Censo de Población y Vivienda, cuestionario ampliado (INEGI)",Personas de 18 años o más con discapacidad,censo
distribucion,Distribución por dominio de dificultad,2020,Mujeres,Con discapacidad,Ciudad de México,30-44,Bañarse o vestirse,2381.0,22651.0,728.0,"Censo de Población y Vivienda, cuestionario ampliado (INEGI)",Personas de 18 años o más con discapacidad,censo
distribucion,Distribución por dominio de dificultad,2020,Mujeres,Con discapacidad,Ciudad de México,45-59,Bañarse o vestirse,3923.0,53090.0,1623.0,"Censo de Población y Vivienda, cuestionario ampliado (INEGI)",Personas de 18 años o más con discapacidad,censo
distribucion,Distribución por dominio de dificultad,2020,Mujeres,Con discapacidad,Ciudad de México,60+,Bañarse o vestirse,29793.0,165757.0,4812.0,"Censo de Población y Vivienda, cuestionario ampliado (INEGI)",Personas de 18 años o más con discapacidad,censo
distribucion,Distribución por dominio de dificultad,2020,Mujeres,Con discapacidad,Coahuila,18-29,Bañarse o vestirse,576.0,4815.0,385.0,"Censo de Población y Vivienda, cuestionario ampliado (INEGI)",Personas de 18 años o más con discapacidad,censo
distribucion,Distribución por dominio de dificultad,2020,Mujeres,Con discapacidad,Coahuila,30-44,Bañarse o vestirse,677.0,5170.0,456.0,"Censo de Población y Vivienda, cuestionario ampliado (INEGI)",Personas de 18 años o más con discapacidad,censo
distribucion,Distribución por dominio de dificultad,2020,Mujeres,Con discapacidad,Coahuila,45-59,Bañarse o vestirse,1522.0,12672.0,1134.0,"Censo de Población y Vivienda, cuestionario ampliado (INEGI)",Personas de 18 años o más con discapacidad,censo
distribucion,Distribución por dominio de dificultad,2020,Mujeres,Con discapacidad,Coahuila,60+,Bañarse o vestirse,8571.0,32709.0,2815.0,"Censo de Población y Vivienda, cuestionario ampliado (INEGI)",Personas de 18 años o más con discapacidad,censo
distribucion,Distribución por dominio de dificultad,2020,Mujeres,Con discapacidad,Colima,18-29,Bañarse o vestirse,149.0,1257.0,106.0,"Censo de Población y Vivienda, cuestionario ampliado (INEGI)",Personas de 18 años o más con discapacidad,censo
distribucion,Distribución por dominio de dificultad,2020,Mujeres,Con discapacidad,Colima,30-44,Bañarse o vestirse,133.0,1889.0,155.0,"Censo de Población y Vivienda, cuestionario ampliado (INEGI)",Personas de 18 años o más con discapacidad,censo
distribucion,Distribución por dominio de dificultad,2020,Mujeres,Con discapacidad,Colima,45-59,Bañarse o vestirse,415.0,4341.0,364.0,"Censo de Población y Vivienda, cuestionario ampliado (INEGI)",Personas de 18 años o más con discapacidad,censo
distribucion,Distribución por dominio de dificultad,2020,Mujeres,Con discapacidad,Colima,60+,Bañarse o vestirse,1957.0,10575.0,1008.0,"Censo de Población y Vivienda, cuestionario ampliado (INEGI)",Personas de 18 años o más con discapacidad,censo
distribucion,Distribución por dominio de dificultad,2020,Mujeres,Con discapacidad,Durango,18-29,Bañarse o vestirse,443.0,3464.0,459.0,"Censo de Población y Vivienda, cuestionario ampliado (INEGI)",Personas de 18 años o más con discapacidad,censo
distribucion,Distribución por dominio de dificultad,2020,Mujeres,Con discapacidad,Durango,30-44,Bañarse o vestirse,562.0,4402.0,638.0,"Censo de Población y Vivienda, cuestionario ampliado (INEGI)",Personas de 18 años o más con discapacidad,censo
distribucion,Distribución por dominio de dificultad,2020,Mujeres,Con discapacidad,Durango,45-59,Bañarse o vestirse,694.0,9358.0,1328.0,"Censo de Población y Vivienda, cuestionario ampliado (INEGI)",Personas de 18 años o más con discapacidad,censo
distribucion,Distribución por dominio de dificultad,2020,Mujeres,Con discapacidad,Durango,60+,Bañarse o vestirse,5827.0,25741.0,4075.0,"Censo de Población y Vivienda, cuestionario ampliado (INEGI)",Personas de 18 años o más con discapacidad,censo
distribucion,Distribución por dominio de dificultad,2020,Mujeres,Con discapacidad,Guanajuato,18-29,Bañarse o vestirse,1414.0,11513.0,730.0,"Censo de Población y Vivienda, cuestionario ampliado (INEGI)",Personas de 18 años o más con discapacidad,censo
distribucion,Distribución por dominio de dificultad,2020,Mujeres,Con discapacidad,Guanajuato,30-44,Bañarse o vestirse,1884.0,15505.0,999.0,"Censo de Población y Vivienda, cuestionario ampliado (INEGI)",Personas de 18 años o más con discapacidad,censo
distribucion,Distribución por dominio de dificultad,2020,Mujeres,Con discapacidad,Guanajuato,45-59,Bañarse o vestirse,2118.0,29945.0,1937.0,"Censo de Población y Vivienda, cuestionario ampliado (INEGI)",Personas de 18 años o más con discapacidad,censo
distribucion,Distribución por dominio de dificultad,2020,Mujeres,Con discapacidad,Guanajuato,60+,Bañarse o vestirse,16384.0,78634.0,5980.0,"Censo de Población y Vivienda, cuestionario ampliado (INEGI)",Personas de 18 años o más con discapacidad,censo
distribucion,Distribución por dominio de dificultad,2020,Mujeres,Con discapacidad,Guerrero,18-29,Bañarse o vestirse,889.0,6754.0,1454.0,"Censo de Población y Vivienda, cuestionario ampliado (INEGI)",Personas de 18 años o más con discapacidad,censo
distribucion,Distribución por dominio de dificultad,2020,Mujeres,Con discapacidad,Guerrero,30-44,Bañarse o vestirse,1028.0,9595.0,2081.0,"Censo de Población y Vivienda, cuestionario ampliado (INEGI)",Personas de 18 años o más con discapacidad,censo
distribucion,Distribución por dominio de dificultad,2020,Mujeres,Con discapacidad,Guerrero,45-59,Bañarse o vestirse,1708.0,20441.0,4163.0,"Censo de Población y Vivienda, cuestionario ampliado (INEGI)",Personas de 18 años o más con discapacidad,censo
distribucion,Distribución por dominio de dificultad,2020,Mujeres,Con discapacidad,Guerrero,60+,Bañarse o vestirse,10648.0,63558.0,12862.0,"Censo de Población y Vivienda, cuestionario ampliado (INEGI)",Personas de 18 años o más con discapacidad,censo
distribucion,Distribución por dominio de dificultad,2020,Mujeres,Con discapacidad,Hidalgo,18-29,Bañarse o vestirse,729.0,6022.0,946.0,"Censo de Población y Vivienda, cuestionario ampliado (INEGI)",Personas de 18 años o más con discapacidad,censo
distribucion,Distribución por dominio de dificultad,2020,Mujeres,Con discapacidad,Hidalgo,30-44,Bañarse o vestirse,878.0,9341.0,1480.0,"Censo de Población y Vivienda, cuestionario ampliado (INEGI)",Personas de 18 años o más con discapacidad,censo
distribucion,Distribución por dominio de dificultad,2020,Mujeres,Con discapacidad,Hidalgo,45-59,Bañarse o vestirse,1104.0,16418.0,2693.0,"Censo de Población y Vivienda, cuestionario ampliado (INEGI)",Personas de 18 años o más con discapacidad,censo
distribucion,Distribución por dominio de dificultad,2020,Mujeres,Con discapacidad,Hidalgo,60+,Bañarse o vestirse,9518.0,46197.0,8310.0,"Censo de Población y Vivienda, cuestionario ampliado (INEGI)",Personas de 18 años o más con discapacidad,censo
distribucion,Distribución por dominio de dificultad,2020,Mujeres,Con discapacidad,Jalisco,18-29,Bañarse o vestirse,1908.0,12293.0,1268.0,"Censo de Población y Vivienda, cuestionario ampliado (INEGI)",Personas de 18 años o más con discapacidad,censo
distribucion,Distribución por dominio de dificultad,2020,Mujeres,Con discapacidad,Jalisco,30-44,Bañarse o vestirse,2596.0,17416.0,1854.0,"Censo de Población y Vivienda, cuestionario ampliado (INEGI)",Personas de 18 años o más con discapacidad,censo
distribucion,Distribución por dominio de dificultad,2020,Mujeres,Con discapacidad,Jalisco,45-59,Bañarse o vestirse,3619.0,39239.0,3938.0,"Censo de Población y Vivienda, cuestionario ampliado (INEGI)",Personas de 18 años o más con discapacidad,censo
distribucion,Distribución por dominio de dificultad,2020,Mujeres,Con discapacidad,Jalisco,60+,Bañarse o vestirse,26723.0,114952.0,12376.0,"Censo de Población y Vivienda, cuestionario ampliado (INEGI)",Personas de 18 años o más con discapacidad,censo
distribucion,Distribución por dominio de dificultad,2020,Mujeres,Con discapacidad,Michoacán,18-29,Bañarse o vestirse,1060.0,8783.0,1202.0,"Censo de Población y Vivienda, cuestionario ampliado (INEGI)",Personas de 18 años o más con discapacidad,censo
distribucion,Distribución por dominio de dificultad,2020,Mujeres,Con discapacidad,Michoacán,30-44,Bañarse o vestirse,1266.0,12461.0,1835.0,"Censo de Población y Vivienda, cuestionario ampliado (INEGI)",Personas de 18 años o más con discapacidad,censo
distribucion,Distribución por dominio de dificultad,2020,Mujeres,Con discapacidad,Michoacán,45-59,Bañarse o vestirse,2029.0,24334.0,3855.0,"Censo de Población y Vivienda, cuestionario ampliado (INEGI)",Personas de 18 años o más con discapacidad,censo
distribucion,Distribución por dominio de dificultad,2020,Mujeres,Con discapacidad,Michoacán,60+,Bañarse o vestirse,15703.0,76684.0,12845.0,"Censo de Población y Vivienda, cuestionario ampliado (INEGI)",Personas de 18 años o más con discapacidad,censo
distribucion,Distribución por dominio de dificultad,2020,Mujeres,Con discapacidad,Morelos,18-29,Bañarse o vestirse,396.0,3675.0,425.0,"Censo de Población y Vivienda, cuestionario ampliado (INEGI)",Personas de 18 años o más con discapacidad,censo
distribucion,Distribución por dominio de dificultad,2020,Mujeres,Con discapacidad,Morelos,30-44,Bañarse o vestirse,492.0,5276.0,602.0,"Censo de Población y Vivienda, cuestionario ampliado (INEGI)",Personas de 18 años o más con discapacidad,censo
distribucion,Distribución por dominio de dificultad,2020,Mujeres,Con discapacidad,Morelos,45-59,Bañarse o vestirse,837.0,11197.0,1326.0,"Censo de Población y Vivienda, cuestionario ampliado (INEGI)",Personas de 18 años o más con discapacidad,censo
distribucion,Distribución por dominio de dificultad,2020,Mujeres,Con discapacidad,Morelos,60+,Bañarse o vestirse,5729.0,31334.0,3700.0,"Censo de Población y Vivienda, cuestionario ampliado (INEGI)",Personas de 18 años o más con discapacidad,censo
distribucion,Distribución por dominio de dificultad,2020,Mujeres,Con discapacidad,México,18-29,Bañarse o vestirse,3880.0,29632.0,2085.0,"Censo de Población y Vivienda, cuestionario ampliado (INEGI)",Personas de 18 años o más con discapacidad,censo
distribucion,Distribución por dominio de dificultad,2020,Mujeres,Con discapacidad,México,30-44,Bañarse o vestirse,4253.0,40067.0,2807.0,"Censo de Población y Vivienda, cuestionario ampliado (INEGI)",Personas de 18 años o más con discapacidad,censo
distribucion,Distribución por dominio de dificultad,2020,Mujeres,Con discapacidad,México,45-59,Bañarse o vestirse,6873.0,80658.0,5498.0,"Censo de Población y Vivienda, cuestionario ampliado (INEGI)",Personas de 18 años o más con discapacidad,censo
distribucion,Distribución por dominio de dificultad,2020,Mujeres,Con discapacidad,México,60+,Bañarse o vestirse,38058.0,193790.0,13467.0,"Censo de Población y Vivienda, cuestionario ampliado (INEGI)",Personas de 18 años o más con discapacidad,censo
distribucion,Distribución por dominio de dificultad,2020,Mujeres,Con discapacidad,Nayarit,18-29,Bañarse o vestirse,187.0,2480.0,315.0,"Censo de Población y Vivienda, cuestionario ampliado (INEGI)",Personas de 18 años o más con discapacidad,censo
distribucion,Distribución por dominio de dificultad,2020,Mujeres,Con discapacidad,Nayarit,30-44,Bañarse o vestirse,372.0,3190.0,432.0,"Censo de Población y Vivienda, cuestionario ampliado (INEGI)",Personas de 18 años o más con discapacidad,censo
distribucion,Distribución por dominio de dificultad,2020,Mujeres,Con discapacidad,Nayarit,45-59,Bañarse o vestirse,714.0,6120.0,873.0,"Censo de Población y Vivienda, cuestionario ampliado (INEGI)",Personas de 18 años o más con discapacidad,censo
distribucion,Distribución por dominio de dificultad,2020,Mujeres,Con discapacidad,Nayarit,60+,Bañarse o vestirse,3651.0,19117.0,2673.0,"Censo de Población y Vivienda, cuestionario ampliado (INEGI)",Personas de 18 años o más con discapacidad,censo
distribucion,Distribución por dominio de dificultad,2020,Mujeres,Con discapacidad,Nuevo León,18-29,Bañarse o vestirse,910.0,8856.0,561.0,"Censo de Población y Vivienda, cuestionario ampliado (INEGI)",Personas de 18 años o más con discapacidad,censo
distribucion,Distribución por dominio de dificultad,2020,Mujeres,Con discapacidad,Nuevo León,30-44,Bañarse o vestirse,1269.0,9407.0,657.0,"Censo de Población y Vivienda, cuestionario ampliado (INEGI)",Personas de 18 años o más con discapacidad,censo
distribucion,Distribución por dominio de dificultad,2020,Mujeres,Con discapacidad,Nuevo León,45-59,Bañarse o vestirse,1363.0,20549.0,1375.0,"Censo de Población y Vivienda, cuestionario ampliado (INEGI)",Personas de 18 años o más con discapacidad,censo
distribucion,Distribución por dominio de dificultad,2020,Mujeres,Con discapacidad,Nuevo León,60+,Bañarse o vestirse,12111.0,58677.0,3869.0,"Censo de Población y Vivienda, cuestionario ampliado (INEGI)",Personas de 18 años o más con discapacidad,censo
distribucion,Distribución por dominio de dificultad,2020,Mujeres,Con discapacidad,Oaxaca,18-29,Bañarse o vestirse,1175.0,8385.0,4213.0,"Censo de Población y Vivienda, cuestionario ampliado (INEGI)",Personas de 18 años o más con discapacidad,censo
distribucion,Distribución por dominio de dificultad,2020,Mujeres,Con discapacidad,Oaxaca,30-44,Bañarse o vestirse,1360.0,13259.0,6389.0,"Censo de Población y Vivienda, cuestionario ampliado (INEGI)",Personas de 18 años o más con discapacidad,censo
distribucion,Distribución por dominio de dificultad,2020,Mujeres,Con discapacidad,Oaxaca,45-59,Bañarse o vestirse,1852.0,26339.0,12854.0,"Censo de Población y Vivienda, cuestionario ampliado (INEGI)",Personas de 18 años o más con discapacidad,censo
distribucion,Distribución por dominio de dificultad,2020,Mujeres,Con discapacidad,Oaxaca,60+,Bañarse o vestirse,13378.0,79019.0,41760.0,"Censo de Población y Vivienda, cuestionario ampliado (INEGI)",Personas de 18 años o más con discapacidad,censo
distribucion,Distribución por dominio de dificultad,2020,Mujeres,Con discapacidad,Puebla,18-29,Bañarse o vestirse,1523.0,11486.0,2420.0,"Censo de Población y Vivienda, cuestionario ampliado (INEGI)",Personas de 18 años o más con discapacidad,censo
distribucion,Distribución por dominio de dificultad,2020,Mujeres,Con discapacidad,Puebla,30-44,Bañarse o vestirse,1766.0,15867.0,3375.0,"Censo de Población y Vivienda, cuestionario ampliado (INEGI)",Personas de 18 años o más con discapacidad,censo
distribucion,Distribución por dominio de dificultad,2020,Mujeres,Con discapacidad,Puebla,45-59,Bañarse o vestirse,2744.0,27458.0,6111.0,"Censo de Población y Vivienda, cuestionario ampliado (INEGI)",Personas de 18 años o más con discapacidad,censo
distribucion,Distribución por dominio de dificultad,2020,Mujeres,Con discapacidad,Puebla,60+,Bañarse o vestirse,18758.0,85414.0,20397.0,"Censo de Población y Vivienda, cuestionario ampliado (INEGI)",Personas de 18 años o más con discapacidad,censo
distribucion,Distribución por dominio de dificultad,2020,Mujeres,Con discapacidad,Querétaro,18-29,Bañarse o vestirse,581.0,3752.0,266.0,"Censo de Población y Vivienda, cuestionario ampliado (INEGI)",Personas de 18 años o más con discapacidad,censo
distribucion,Distribución por dominio de dificultad,2020,Mujeres,Con discapacidad,Querétaro,30-44,Bañarse o vestirse,669.0,4522.0,336.0,"Censo de Población y Vivienda, cuestionario ampliado (INEGI)",Personas de 18 años o más con discapacidad,censo
distribucion,Distribución por dominio de dificultad,2020,Mujeres,Con discapacidad,Querétaro,45-59,Bañarse o vestirse,934.0,9722.0,655.0,"Censo de Población y Vivienda, cuestionario ampliado (INEGI)",Personas de 18 años o más con discapacidad,censo
distribucion,Distribución por dominio de dificultad,2020,Mujeres,Con discapacidad,Querétaro,60+,Bañarse o vestirse,5440.0,25287.0,1949.0,"Censo de Población y Vivienda, cuestionario ampliado (INEGI)",Personas de 18 años o más con discapacidad,censo
distribucion,Distribución por dominio de dificultad,2020,Mujeres,Con discapacidad,Quintana Roo,18-29,Bañarse o vestirse,605.0,4273.0,162.0,"Censo de Población y Vivienda, cuestionario ampliado (INEGI)",Personas de 18 años o más con discapacidad,censo
distribucion,Distribución por dominio de dificultad,2020,Mujeres,Con discapacidad,Quintana Roo,30-44,Bañarse o vestirse,382.0,3877.0,186.0,"Censo de Población y Vivienda, cuestionario ampliado (INEGI)",Personas de 18 años o más con discapacidad,censo
distribucion,Distribución por dominio de dificultad,2020,Mujeres,Con discapacidad,Quintana Roo,45-59,Bañarse o vestirse,743.0,7981.0,328.0,"Censo de Población y Vivienda, cuestionario ampliado (INEGI)",Personas de 18 años o más con discapacidad,censo
distribucion,Distribución por dominio de dificultad,2020,Mujeres,Con discapacidad,Quintana Roo,60+,Bañarse o vestirse,2337.0,10406.0,579.0,"Censo de Población y Vivienda, cuestionario ampliado (INEGI)",Personas de 18 años o más con discapacidad,censo
distribucion,Distribución por dominio de dificultad,2020,Mujeres,Con discapacidad,San Luis Potosí,18-29,Bañarse o vestirse,819.0,4834.0,649.0,"Censo de Población y Vivienda, cuestionario ampliado (INEGI)",Personas de 18 años o más con discapacidad,censo
distribucion,Distribución por dominio de dificultad,2020,Mujeres,Con discapacidad,San Luis Potosí,30-44,Bañarse o vestirse,1003.0,6746.0,869.0,"Censo de Población y Vivienda, cuestionario ampliado (INEGI)",Personas de 18 años o más con discapacidad,censo
distribucion,Distribución por dominio de dificultad,2020,Mujeres,Con discapacidad,San Luis Potosí,45-59,Bañarse o vestirse,1394.0,12861.0,1877.0,"Censo de Población y Vivienda, cuestionario ampliado (INEGI)",Personas de 18 años o más con discapacidad,censo
distribucion,Distribución por dominio de dificultad,2020,Mujeres,Con discapacidad,San Luis Potosí,60+,Bañarse o vestirse,9064.0,41201.0,6317.0,"Censo de Población y Vivienda, cuestionario ampliado (INEGI)",Personas de 18 años o más con discapacidad,censo
distribucion,Distribución por dominio de dificultad,2020,Mujeres,Con discapacidad,Sinaloa,18-29,Bañarse o vestirse,768.0,4942.0,285.0,"Censo de Población y Vivienda, cuestionario ampliado (INEGI)",Personas de 18 años o más con discapacidad,censo
distribucion,Distribución por dominio de dificultad,2020,Mujeres,Con discapacidad,Sinaloa,30-44,Bañarse o vestirse,788.0,6985.0,413.0,"Censo de Población y Vivienda, cuestionario ampliado (INEGI)",Personas de 18 años o más con discapacidad,censo
distribucion,Distribución por dominio de dificultad,2020,Mujeres,Con discapacidad,Sinaloa,45-59,Bañarse o vestirse,1123.0,15730.0,915.0,"Censo de Población y Vivienda, cuestionario ampliado (INEGI)",Personas de 18 años o más con discapacidad,censo
distribucion,Distribución por dominio de dificultad,2020,Mujeres,Con discapacidad,Sinaloa,60+,Bañarse o vestirse,10304.0,46790.0,2762.0,"Censo de Población y Vivienda, cuestionario ampliado (INEGI)",Personas de 18 años o más con discapacidad,censo
distribucion,Distribución por dominio de dificultad,2020,Mujeres,Con discapacidad,Sonora,18-29,Bañarse o vestirse,813.0,5553.0,510.0,"Censo de Población y Vivienda, cuestionario ampliado (INEGI)",Personas de 18 años o más con discapacidad,censo
distribucion,Distribución por dominio de dificultad,2020,Mujeres,Con discapacidad,Sonora,30-44,Bañarse o vestirse,573.0,7180.0,630.0,"Censo de Población y Vivienda, cuestionario ampliado (INEGI)",Personas de 18 años o más con discapacidad,censo
distribucion,Distribución por dominio de dificultad,2020,Mujeres,Con discapacidad,Sonora,45-59,Bañarse o vestirse,1540.0,16085.0,1612.0,"Censo de Población y Vivienda, cuestionario ampliado (INEGI)",Personas de 18 años o más con discapacidad,censo
distribucion,Distribución por dominio de dificultad,2020,Mujeres,Con discapacidad,Sonora,60+,Bañarse o vestirse,10114.0,40252.0,4506.0,"Censo de Población y Vivienda, cuestionario ampliado (INEGI)",Personas de 18 años o más con discapacidad,censo
distribucion,Distribución por dominio de dificultad,2020,Mujeres,Con discapacidad,Tabasco,18-29,Bañarse o vestirse,564.0,5731.0,338.0,"Censo de Población y Vivienda, cuestionario ampliado (INEGI)",Personas de 18 años o más con discapacidad,censo
distribucion,Distribución por dominio de dificultad,2020,Mujeres,Con discapacidad,Tabasco,30-44,Bañarse o vestirse,750.0,7812.0,471.0,"Censo de Población y Vivienda, cuestionario ampliado (INEGI)",Personas de 18 años o más con discapacidad,censo
distribucion,Distribución por dominio de dificultad,2020,Mujeres,Con discapacidad,Tabasco,45-59,Bañarse o vestirse,1274.0,17157.0,1085.0,"Censo de Población y Vivienda, cuestionario ampliado (INEGI)",Personas de 18 años o más con discapacidad,censo
distribucion,Distribución por dominio de dificultad,2020,Mujeres,Con discapacidad,Tabasco,60+,Bañarse o vestirse,8935.0,38455.0,2646.0,"Censo de Población y Vivienda, cuestionario ampliado (INEGI)",Personas de 18 años o más con discapacidad,censo
distribucion,Distribución por dominio de dificultad,2020,Mujeres,Con discapacidad,Tamaulipas,18-29,Bañarse o vestirse,625.0,4736.0,302.0,"Censo de Población y Vivienda, cuestionario ampliado (INEGI)",Personas de 18 años o más con discapacidad,censo
distribucion,Distribución por dominio de dificultad,2020,Mujeres,Con discapacidad,Tamaulipas,30-44,Bañarse o vestirse,905.0,7450.0,507.0,"Censo de Población y Vivienda, cuestionario ampliado (INEGI)",Personas de 18 años o más con discapacidad,censo
distribucion,Distribución por dominio de dificultad,2020,Mujeres,Con discapacidad,Tamaulipas,45-59,Bañarse o vestirse,1960.0,19450.0,1347.0,"Censo de Población y Vivienda, cuestionario ampliado (INEGI)",Personas de 18 años o más con discapacidad,censo
distribucion,Distribución por dominio de dificultad,2020,Mujeres,Con discapacidad,Tamaulipas,60+,Bañarse o vestirse,11120.0,48814.0,3975.0,"Censo de Población y Vivienda, cuestionario ampliado (INEGI)",Personas de 18 años o más con discapacidad,censo
distribucion,Distribución por dominio de dificultad,2020,Mujeres,Con discapacidad,Tlaxcala,18-29,Bañarse o vestirse,270.0,2216.0,549.0,"Censo de Población y Vivienda, cuestionario ampliado (INEGI)",Personas de 18 años o más con discapacidad,censo
distribucion,Distribución por dominio de dificultad,2020,Mujeres,Con discapacidad,Tlaxcala,30-44,Bañarse o vestirse,260.0,3094.0,734.0,"Censo de Población y Vivienda, cuestionario ampliado (INEGI)",Personas de 18 años o más con discapacidad,censo
distribucion,Distribución por dominio de dificultad,2020,Mujeres,Con discapacidad,Tlaxcala,45-59,Bañarse o vestirse,442.0,5511.0,1372.0,"Censo de Población y Vivienda, cuestionario ampliado (INEGI)",Personas de 18 años o más con discapacidad,censo
distribucion,Distribución por dominio de dificultad,2020,Mujeres,Con discapacidad,Tlaxcala,60+,Bañarse o vestirse,3569.0,15298.0,3793.0,"Censo de Población y Vivienda, cuestionario ampliado (INEGI)",Personas de 18 años o más con discapacidad,censo
distribucion,Distribución por dominio de dificultad,2020,Mujeres,Con discapacidad,Veracruz,18-29,Bañarse o vestirse,1825.0,13567.0,2429.0,"Censo de Población y Vivienda, cuestionario ampliado (INEGI)",Personas de 18 años o más con discapacidad,censo
distribucion,Distribución por dominio de dificultad,2020,Mujeres,Con discapacidad,Veracruz,30-44,Bañarse o vestirse,2496.0,20792.0,3754.0,"Censo de Población y Vivienda, cuestionario ampliado (INEGI)",Personas de 18 años o más con discapacidad,censo
distribucion,Distribución por dominio de dificultad,2020,Mujeres,Con discapacidad,Veracruz,45-59,Bañarse o vestirse,4022.0,47807.0,8255.0,"Censo de Población y Vivienda, cuestionario ampliado (INEGI)",Personas de 18 años o más con discapacidad,censo
distribucion,Distribución por dominio de dificultad,2020,Mujeres,Con discapacidad,Veracruz,60+,Bañarse o vestirse,28322.0,137828.0,22413.0,"Censo de Población y Vivienda, cuestionario ampliado (INEGI)",Personas de 18 años o más con discapacidad,censo
distribucion,Distribución por dominio de dificultad,2020,Mujeres,Con discapacidad,Yucatán,18-29,Bañarse o vestirse,710.0,4797.0,823.0,"Censo de Población y Vivienda, cuestionario ampliado (INEGI)",Personas de 18 años o más con discapacidad,censo
distribucion,Distribución por dominio de dificultad,2020,Mujeres,Con discapacidad,Yucatán,30-44,Bañarse o vestirse,522.0,6343.0,1272.0,"Censo de Población y Vivienda, cuestionario ampliado (INEGI)",Personas de 18 años o más con discapacidad,censo
distribucion,Distribución por dominio de dificultad,2020,Mujeres,Con discapacidad,Yucatán,45-59,Bañarse o vestirse,1163.0,13921.0,2733.0,"Censo de Población y Vivienda, cuestionario ampliado (INEGI)",Personas de 18 años o más con discapacidad,censo
distribucion,Distribución por dominio de dificultad,2020,Mujeres,Con discapacidad,Yucatán,60+,Bañarse o vestirse,7122.0,37588.0,7493.0,"Censo de Población y Vivienda, cuestionario ampliado (INEGI)",Personas de 18 años o más con discapacidad,censo
distribucion,Distribución por dominio de dificultad,2020,Mujeres,Con discapacidad,Zacatecas,18-29,Bañarse o vestirse,482.0,3326.0,621.0,"Censo de Población y Vivienda, cuestionario ampliado (INEGI)",Personas de 18 años o más con discapacidad,censo
distribucion,Distribución por dominio de dificultad,2020,Mujeres,Con discapacidad,Zacatecas,30-44,Bañarse o vestirse,373.0,4141.0,813.0,"Censo de Población y Vivienda, cuestionario ampliado (INEGI)",Personas de 18 años o más con discapacidad,censo
distribucion,Distribución por dominio de dificultad,2020,Mujeres,Con discapacidad,Zacatecas,45-59,Bañarse o vestirse,772.0,9235.0,1705.0,"Censo de Población y Vivienda, cuestionario ampliado (INEGI)",Personas de 18 años o más con discapacidad,censo
distribucion,Distribución por dominio de dificultad,2020,Mujeres,Con discapacidad,Zacatecas,60+,Bañarse o vestirse,5546.0,26281.0,5519.0,"Censo de Población y Vivienda, cuestionario ampliado (INEGI)",Personas de 18 años o más con discapacidad,censo
distribucion,Distribución por dominio de dificultad,2020,Hombres,Con discapacidad,Aguascalientes,18-29,Hablar o comunicarse,859.0,3461.0,208.0,"Censo de Población y Vivienda, cuestionario ampliado (INEGI)",Personas de 18 años o más con discapacidad,censo
distribucion,Distribución por dominio de dificultad,2020,Hombres,Con discapacidad,Aguascalientes,30-44,Hablar o comunicarse,794.0,5243.0,322.0,"Censo de Población y Vivienda, cuestionario ampliado (INEGI)",Personas de 18 años o más con discapacidad,censo
distribucion,Distribución por dominio de dificultad,2020,Hombres,Con discapacidad,Aguascalientes,45-59,Hablar o comunicarse,414.0,6333.0,459.0,"Censo de Población y Vivienda, cuestionario ampliado (INEGI)",Personas de 18 años o más con discapacidad,censo
distribucion,Distribución por dominio de dificultad,2020,Hombres,Con discapacidad,Aguascalientes,60+,Hablar o comunicarse,785.0,13270.0,995.0,"Censo de Población y Vivienda, cuestionario ampliado (INEGI)",Personas de 18 años o más con discapacidad,censo
distribucion,Distribución por dominio de dificultad,2020,Hombres,Con discapacidad,Baja California,18-29,Hablar o comunicarse,2161.0,8010.0,170.0,"Censo de Población y Vivienda, cuestionario ampliado (INEGI)",Personas de 18 años o más con discapacidad,censo
distribucion,Distribución por dominio de dificultad,2020,Hombres,Con discapacidad,Baja California,30-44,Hablar o comunicarse,1247.0,9875.0,205.0,"Censo de Población y Vivienda, cuestionario ampliado (INEGI)",Personas de 18 años o más con discapacidad,censo
distribucion,Distribución por dominio de dificultad,2020,Hombres,Con discapacidad,Baja California,45-59,Hablar o comunicarse,765.0,15222.0,352.0,"Censo de Población y Vivienda, cuestionario ampliado (INEGI)",Personas de 18 años o más con discapacidad,censo
distribucion,Distribución por dominio de dificultad,2020,Hombres,Con discapacidad,Baja California,60+,Hablar o comunicarse,2472.0,29937.0,653.0,"Censo de Población y Vivienda, cuestionario ampliado (INEGI)",Personas de 18 años o más con discapacidad,censo
distribucion,Distribución por dominio de dificultad,2020,Hombres,Con discapacidad,Baja California Sur,18-29,Hablar o comunicarse,257.0,1233.0,71.0,"Censo de Población y Vivienda, cuestionario ampliado (INEGI)",Personas de 18 años o más con discapacidad,censo
distribucion,Distribución por dominio de dificultad,2020,Hombres,Con discapacidad,Baja California Sur,30-44,Hablar o comunicarse,341.0,1996.0,121.0,"Censo de Población y Vivienda, cuestionario ampliado (INEGI)",Personas de 18 años o más con discapacidad,censo
distribucion,Distribución por dominio de dificultad,2020,Hombres,Con discapacidad,Baja California Sur,45-59,Hablar o comunicarse,265.0,3105.0,190.0,"Censo de Población y Vivienda, cuestionario ampliado (INEGI)",Personas de 18 años o más con discapacidad,censo
distribucion,Distribución por dominio de dificultad,2020,Hombres,Con discapacidad,Baja California Sur,60+,Hablar o comunicarse,419.0,6334.0,415.0,"Censo de Población y Vivienda, cuestionario ampliado (INEGI)",Personas de 18 años o más con discapacidad,censo
distribucion,Distribución por dominio de dificultad,2020,Hombres,Con discapacidad,Campeche,18-29,Hablar o comunicarse,533.0,2019.0,169.0,"Censo de Población y Vivienda, cuestionario ampliado (INEGI)",Personas de 18 años o más con discapacidad,censo
distribucion,Distribución por dominio de dificultad,2020,Hombres,Con discapacidad,Campeche,30-44,Hablar o comunicarse,420.0,2332.0,231.0,"Censo de Población y Vivienda, cuestionario ampliado (INEGI)",Personas de 18 años o más con discapacidad,censo
distribucion,Distribución por dominio de dificultad,2020,Hombres,Con discapacidad,Campeche,45-59,Hablar o comunicarse,435.0,4824.0,419.0,"Censo de Población y Vivienda, cuestionario ampliado (INEGI)",Personas de 18 años o más con discapacidad,censo
distribucion,Distribución por dominio de dificultad,2020,Hombres,Con discapacidad,Campeche,60+,Hablar o comunicarse,1017.0,11431.0,1095.0,"Censo de Población y Vivienda, cuestionario ampliado (INEGI)",Personas de 18 años o más con discapacidad,censo
distribucion,Distribución por dominio de dificultad,2020,Hombres,Con discapacidad,Chiapas,18-29,Hablar o comunicarse,3559.0,8941.0,1932.0,"Censo de Población y Vivienda, cuestionario ampliado (INEGI)",Personas de 18 años o más con discapacidad,censo
distribucion,Distribución por dominio de dificultad,2020,Hombres,Con discapacidad,Chiapas,30-44,Hablar o comunicarse,2116.0,11129.0,2363.0,"Censo de Población y Vivienda, cuestionario ampliado (INEGI)",Personas de 18 años o más con discapacidad,censo
distribucion,Distribución por dominio de dificultad,2020,Hombres,Con discapacidad,Chiapas,45-59,Hablar o comunicarse,1512.0,17642.0,3450.0,"Censo de Población y Vivienda, cuestionario ampliado (INEGI)",Personas de 18 años o más con discapacidad,censo
distribucion,Distribución por dominio de dificultad,2020,Hombres,Con discapacidad,Chiapas,60+,Hablar o comunicarse,3935.0,49681.0,10325.0,"Censo de Población y Vivienda, cuestionario ampliado (INEGI)",Personas de 18 años o más con discapacidad,censo
distribucion,Distribución por dominio de dificultad,2020,Hombres,Con discapacidad,Chihuahua,18-29,Hablar o comunicarse,1119.0,6278.0,476.0,"Censo de Población y Vivienda, cuestionario ampliado (INEGI)",Personas de 18 años o más con discapacidad,censo
distribucion,Distribución por dominio de dificultad,2020,Hombres,Con discapacidad,Chihuahua,30-44,Hablar o comunicarse,1632.0,7379.0,701.0,"Censo de Población y Vivienda, cuestionario ampliado (INEGI)",Personas de 18 años o más con discapacidad,censo
distribucion,Distribución por dominio de dificultad,2020,Hombres,Con discapacidad,Chihuahua,45-59,Hablar o comunicarse,1472.0,15419.0,1353.0,"Censo de Población y Vivienda, cuestionario ampliado (INEGI)",Personas de 18 años o más con discapacidad,censo
distribucion,Distribución por dominio de dificultad,2020,Hombres,Con discapacidad,Chihuahua,60+,Hablar o comunicarse,3397.0,32345.0,4275.0,"Censo de Población y Vivienda, cuestionario ampliado (INEGI)",Personas de 18 años o más con discapacidad,censo
distribucion,Distribución por dominio de dificultad,2020,Hombres,Con discapacidad,Ciudad de México,18-29,Hablar o comunicarse,3551.0,18282.0,547.0,"Censo de Población y Vivienda, cuestionario ampliado (INEGI)",Personas de 18 años o más con discapacidad,censo
distribucion,Distribución por dominio de dificultad,2020,Hombres,Con discapacidad,Ciudad de México,30-44,Hablar o comunicarse,3009.0,22825.0,718.0,"Censo de Población y Vivienda, cuestionario ampliado (INEGI)",Personas de 18 años o más con discapacidad,censo
distribucion,Distribución por dominio de dificultad,2020,Hombres,Con discapacidad,Ciudad de México,45-59,Hablar o comunicarse,3272.0,41893.0,1277.0,"Censo de Población y Vivienda, cuestionario ampliado (INEGI)",Personas de 18 años o más con discapacidad,censo
distribucion,Distribución por dominio de dificultad,2020,Hombres,Con discapacidad,Ciudad de México,60+,Hablar o comunicarse,7639.0,103507.0,2978.0,"Censo de Población y Vivienda, cuestionario ampliado (INEGI)",Personas de 18 años o más con discapacidad,censo
distribucion,Distribución por dominio de dificultad,2020,Hombres,Con discapacidad,Coahuila,18-29,Hablar o comunicarse,1388.0,4932.0,370.0,"Censo de Población y Vivienda, cuestionario ampliado (INEGI)",Personas de 18 años o más con discapacidad,censo
distribucion,Distribución por dominio de dificultad,2020,Hombres,Con discapacidad,Coahuila,30-44,Hablar o comunicarse,1355.0,7443.0,585.0,"Censo de Población y Vivienda, cuestionario ampliado (INEGI)",Personas de 18 años o más con discapacidad,censo
distribucion,Distribución por dominio de dificultad,2020,Hombres,Con discapacidad,Coahuila,45-59,Hablar o comunicarse,780.0,12133.0,1061.0,"Censo de Población y Vivienda, cuestionario ampliado (INEGI)",Personas de 18 años o más con discapacidad,censo
distribucion,Distribución por dominio de dificultad,2020,Hombres,Con discapacidad,Coahuila,60+,Hablar o comunicarse,2177.0,27208.0,2562.0,"Censo de Población y Vivienda, cuestionario ampliado (INEGI)",Personas de 18 años o más con discapacidad,censo
distribucion,Distribución por dominio de dificultad,2020,Hombres,Con discapacidad,Colima,18-29,Hablar o comunicarse,392.0,1195.0,120.0,"Censo de Población y Vivienda, cuestionario ampliado (INEGI)",Personas de 18 años o más con discapacidad,censo
distribucion,Distribución por dominio de dificultad,2020,Hombres,Con discapacidad,Colima,30-44,Hablar o comunicarse,467.0,2026.0,193.0,"Censo de Población y Vivienda, cuestionario ampliado (INEGI)",Personas de 18 años o más con discapacidad,censo
distribucion,Distribución por dominio de dificultad,2020,Hombres,Con discapacidad,Colima,45-59,Hablar o comunicarse,382.0,3275.0,311.0,"Censo de Población y Vivienda, cuestionario ampliado (INEGI)",Personas de 18 años o más con discapacidad,censo
distribucion,Distribución por dominio de dificultad,2020,Hombres,Con discapacidad,Colima,60+,Hablar o comunicarse,610.0,8441.0,868.0,"Censo de Población y Vivienda, cuestionario ampliado (INEGI)",Personas de 18 años o más con discapacidad,censo
distribucion,Distribución por dominio de dificultad,2020,Hombres,Con discapacidad,Durango,18-29,Hablar o comunicarse,1303.0,4148.0,525.0,"Censo de Población y Vivienda, cuestionario ampliado (INEGI)",Personas de 18 años o más con discapacidad,censo
distribucion,Distribución por dominio de dificultad,2020,Hombres,Con discapacidad,Durango,30-44,Hablar o comunicarse,937.0,5312.0,743.0,"Censo de Población y Vivienda, cuestionario ampliado (INEGI)",Personas de 18 años o más con discapacidad,censo
distribucion,Distribución por dominio de dificultad,2020,Hombres,Con discapacidad,Durango,45-59,Hablar o comunicarse,496.0,7987.0,1176.0,"Censo de Población y Vivienda, cuestionario ampliado (INEGI)",Personas de 18 años o más con discapacidad,censo
distribucion,Distribución por dominio de dificultad,2020,Hombres,Con discapacidad,Durango,60+,Hablar o comunicarse,1578.0,21066.0,3661.0,"Censo de Población y Vivienda, cuestionario ampliado (INEGI)",Personas de 18 años o más con discapacidad,censo
distribucion,Distribución por dominio de dificultad,2020,Hombres,Con discapacidad,Guanajuato,18-29,Hablar o comunicarse,3319.0,12356.0,826.0,"Censo de Población y Vivienda, cuestionario ampliado (INEGI)",Personas de 18 años o más con discapacidad,censo
distribucion,Distribución por dominio de dificultad,2020,Hombres,Con discapacidad,Guanajuato,30-44,Hablar o comunicarse,2348.0,16482.0,1015.0,"Censo de Población y Vivienda, cuestionario ampliado (INEGI)",Personas de 18 años o más con discapacidad,censo
distribucion,Distribución por dominio de dificultad,2020,Hombres,Con discapacidad,Guanajuato,45-59,Hablar o comunicarse,1759.0,23789.0,1548.0,"Censo de Población y Vivienda, cuestionario ampliado (INEGI)",Personas de 18 años o más con discapacidad,censo
distribucion,Distribución por dominio de dificultad,2020,Hombres,Con discapacidad,Guanajuato,60+,Hablar o comunicarse,3365.0,58849.0,4566.0,"Censo de Población y Vivienda, cuestionario ampliado (INEGI)",Personas de 18 años o más con discapacidad,censo
distribucion,Distribución por dominio de dificultad,2020,Hombres,Con discapacidad,Guerrero,18-29,Hablar o comunicarse,2290.0,7064.0,1659.0,"Censo de Población y Vivienda, cuestionario ampliado (INEGI)",Personas de 18 años o más con discapacidad,censo
distribucion,Distribución por dominio de dificultad,2020,Hombres,Con discapacidad,Guerrero,30-44,Hablar o comunicarse,2427.0,10808.0,2135.0,"Censo de Población y Vivienda, cuestionario ampliado (INEGI)",Personas de 18 años o más con discapacidad,censo
distribucion,Distribución por dominio de dificultad,2020,Hombres,Con discapacidad,Guerrero,45-59,Hablar o comunicarse,1551.0,17388.0,3329.0,"Censo de Población y Vivienda, cuestionario ampliado (INEGI)",Personas de 18 años o más con discapacidad,censo
distribucion,Distribución por dominio de dificultad,2020,Hombres,Con discapacidad,Guerrero,60+,Hablar o comunicarse,3958.0,50415.0,10636.0,"Censo de Población y Vivienda, cuestionario ampliado (INEGI)",Personas de 18 años o más con discapacidad,censo
distribucion,Distribución por dominio de dificultad,2020,Hombres,Con discapacidad,Hidalgo,18-29,Hablar o comunicarse,1505.0,6424.0,997.0,"Censo de Población y Vivienda, cuestionario ampliado (INEGI)",Personas de 18 años o más con discapacidad,censo
distribucion,Distribución por dominio de dificultad,2020,Hombres,Con discapacidad,Hidalgo,30-44,Hablar o comunicarse,1668.0,7747.0,1367.0,"Censo de Población y Vivienda, cuestionario ampliado (INEGI)",Personas de 18 años o más con discapacidad,censo
distribucion,Distribución por dominio de dificultad,2020,Hombres,Con discapacidad,Hidalgo,45-59,Hablar o comunicarse,947.0,13990.0,2301.0,"Censo de Población y Vivienda, cuestionario ampliado (INEGI)",Personas de 18 años o más con discapacidad,censo
distribucion,Distribución por dominio de dificultad,2020,Hombres,Con discapacidad,Hidalgo,60+,Hablar o comunicarse,3212.0,36669.0,7062.0,"Censo de Población y Vivienda, cuestionario ampliado (INEGI)",Personas de 18 años o más con discapacidad,censo
distribucion,Distribución por dominio de dificultad,2020,Hombres,Con discapacidad,Jalisco,18-29,Hablar o comunicarse,3894.0,13492.0,1445.0,"Censo de Población y Vivienda, cuestionario ampliado (INEGI)",Personas de 18 años o más con discapacidad,censo
distribucion,Distribución por dominio de dificultad,2020,Hombres,Con discapacidad,Jalisco,30-44,Hablar o comunicarse,3366.0,20557.0,2042.0,"Censo de Población y Vivienda, cuestionario ampliado (INEGI)",Personas de 18 años o más con discapacidad,censo
distribucion,Distribución por dominio de dificultad,2020,Hombres,Con discapacidad,Jalisco,45-59,Hablar o comunicarse,3062.0,32987.0,3364.0,"Censo de Población y Vivienda, cuestionario ampliado (INEGI)",Personas de 18 años o más con discapacidad,censo
distribucion,Distribución por dominio de dificultad,2020,Hombres,Con discapacidad,Jalisco,60+,Hablar o comunicarse,6873.0,82156.0,10143.0,"Censo de Población y Vivienda, cuestionario ampliado (INEGI)",Personas de 18 años o más con discapacidad,censo
distribucion,Distribución por dominio de dificultad,2020,Hombres,Con discapacidad,Michoacán,18-29,Hablar o comunicarse,2275.0,8489.0,1346.0,"Censo de Población y Vivienda, cuestionario ampliado (INEGI)",Personas de 18 años o más con discapacidad,censo
distribucion,Distribución por dominio de dificultad,2020,Hombres,Con discapacidad,Michoacán,30-44,Hablar o comunicarse,2697.0,12662.0,1982.0,"Censo de Población y Vivienda, cuestionario ampliado (INEGI)",Personas de 18 años o más con discapacidad,censo
distribucion,Distribución por dominio de dificultad,2020,Hombres,Con discapacidad,Michoacán,45-59,Hablar o comunicarse,1587.0,20204.0,3252.0,"Censo de Población y Vivienda, cuestionario ampliado (INEGI)",Personas de 18 años o más con discapacidad,censo
distribucion,Distribución por dominio de dificultad,2020,Hombres,Con discapacidad,Michoacán,60+,Hablar o comunicarse,4648.0,59611.0,10369.0,"Censo de Población y Vivienda, cuestionario ampliado (INEGI)",Personas de 18 años o más con discapacidad,censo
distribucion,Distribución por dominio de dificultad,2020,Hombres,Con discapacidad,Morelos,18-29,Hablar o comunicarse,957.0,3472.0,451.0,"Censo de Población y Vivienda, cuestionario ampliado (INEGI)",Personas de 18 años o más con discapacidad,censo
distribucion,Distribución por dominio de dificultad,2020,Hombres,Con discapacidad,Morelos,30-44,Hablar o comunicarse,982.0,5472.0,634.0,"Censo de Población y Vivienda, cuestionario ampliado (INEGI)",Personas de 18 años o más con discapacidad,censo
distribucion,Distribución por dominio de dificultad,2020,Hombres,Con discapacidad,Morelos,45-59,Hablar o comunicarse,757.0,9318.0,1109.0,"Censo de Población y Vivienda, cuestionario ampliado (INEGI)",Personas de 18 años o más con discapacidad,censo
distribucion,Distribución por dominio de dificultad,2020,Hombres,Con discapacidad,Morelos,60+,Hablar o comunicarse,2228.0,25720.0,3142.0,"Censo de Población y Vivienda, cuestionario ampliado (INEGI)",Personas de 18 años o más con discapacidad,censo
distribucion,Distribución por dominio de dificultad,2020,Hombres,Con discapacidad,México,18-29,Hablar o comunicarse,7551.0,32467.0,2362.0,"Censo de Población y Vivienda, cuestionario ampliado (INEGI)",Personas de 18 años o más con discapacidad,censo
distribucion,Distribución por dominio de dificultad,2020,Hombres,Con discapacidad,México,30-44,Hablar o comunicarse,6133.0,42276.0,2932.0,"Censo de Población y Vivienda, cuestionario ampliado (INEGI)",Personas de 18 años o más con discapacidad,censo
distribucion,Distribución por dominio de dificultad,2020,Hombres,Con discapacidad,México,45-59,Hablar o comunicarse,5108.0,69088.0,4624.0,"Censo de Población y Vivienda, cuestionario ampliado (INEGI)",Personas de 18 años o más con discapacidad,censo
distribucion,Distribución por dominio de dificultad,2020,Hombres,Con discapacidad,México,60+,Hablar o comunicarse,11825.0,140681.0,10314.0,"Censo de Población y Vivienda, cuestionario ampliado (INEGI)",Personas de 18 años o más con discapacidad,censo
distribucion,Distribución por dominio de dificultad,2020,Hombres,Con discapacidad,Nayarit,18-29,Hablar o comunicarse,839.0,2943.0,345.0,"Censo de Población y Vivienda, cuestionario ampliado (INEGI)",Personas de 18 años o más con discapacidad,censo
distribucion,Distribución por dominio de dificultad,2020,Hombres,Con discapacidad,Nayarit,30-44,Hablar o comunicarse,771.0,2981.0,456.0,"Censo de Población y Vivienda, cuestionario ampliado (INEGI)",Personas de 18 años o más con discapacidad,censo
distribucion,Distribución por dominio de dificultad,2020,Hombres,Con discapacidad,Nayarit,45-59,Hablar o comunicarse,690.0,5234.0,749.0,"Censo de Población y Vivienda, cuestionario ampliado (INEGI)",Personas de 18 años o más con discapacidad,censo
distribucion,Distribución por dominio de dificultad,2020,Hombres,Con discapacidad,Nayarit,60+,Hablar o comunicarse,1452.0,14896.0,2231.0,"Censo de Población y Vivienda, cuestionario ampliado (INEGI)",Personas de 18 años o más con discapacidad,censo
distribucion,Distribución por dominio de dificultad,2020,Hombres,Con discapacidad,Nuevo León,18-29,Hablar o comunicarse,2373.0,9098.0,531.0,"Censo de Población y Vivienda, cuestionario ampliado (INEGI)",Personas de 18 años o más con discapacidad,censo
distribucion,Distribución por dominio de dificultad,2020,Hombres,Con discapacidad,Nuevo León,30-44,Hablar o comunicarse,1956.0,10415.0,674.0,"Censo de Población y Vivienda, cuestionario ampliado (INEGI)",Personas de 18 años o más con discapacidad,censo
distribucion,Distribución por dominio de dificultad,2020,Hombres,Con discapacidad,Nuevo León,45-59,Hablar o comunicarse,1753.0,19101.0,1314.0,"Censo de Población y Vivienda, cuestionario ampliado (INEGI)",Personas de 18 años o más con discapacidad,censo
distribucion,Distribución por dominio de dificultad,2020,Hombres,Con discapacidad,Nuevo León,60+,Hablar o comunicarse,3398.0,42986.0,3266.0,"Censo de Población y Vivienda, cuestionario ampliado (INEGI)",Personas de 18 años o más con discapacidad,censo
distribucion,Distribución por dominio de dificultad,2020,Hombres,Con discapacidad,Oaxaca,18-29,Hablar o comunicarse,2990.0,9352.0,4698.0,"Censo de Población y Vivienda, cuestionario ampliado (INEGI)",Personas de 18 años o más con discapacidad,censo
distribucion,Distribución por dominio de dificultad,2020,Hombres,Con discapacidad,Oaxaca,30-44,Hablar o comunicarse,2691.0,13352.0,6570.0,"Censo de Población y Vivienda, cuestionario ampliado (INEGI)",Personas de 18 años o más con discapacidad,censo
distribucion,Distribución por dominio de dificultad,2020,Hombres,Con discapacidad,Oaxaca,45-59,Hablar o comunicarse,1861.0,20984.0,10595.0,"Censo de Población y Vivienda, cuestionario ampliado (INEGI)",Personas de 18 años o más con discapacidad,censo
distribucion,Distribución por dominio de dificultad,2020,Hombres,Con discapacidad,Oaxaca,60+,Hablar o comunicarse,5411.0,65118.0,35153.0,"Censo de Población y Vivienda, cuestionario ampliado (INEGI)",Personas de 18 años o más con discapacidad,censo
distribucion,Distribución por dominio de dificultad,2020,Hombres,Con discapacidad,Puebla,18-29,Hablar o comunicarse,3866.0,13898.0,2754.0,"Censo de Población y Vivienda, cuestionario ampliado (INEGI)",Personas de 18 años o más con discapacidad,censo
distribucion,Distribución por dominio de dificultad,2020,Hombres,Con discapacidad,Puebla,30-44,Hablar o comunicarse,3180.0,15408.0,3569.0,"Censo de Población y Vivienda, cuestionario ampliado (INEGI)",Personas de 18 años o más con discapacidad,censo
distribucion,Distribución por dominio de dificultad,2020,Hombres,Con discapacidad,Puebla,45-59,Hablar o comunicarse,2021.0,24320.0,5306.0,"Censo de Población y Vivienda, cuestionario ampliado (INEGI)",Personas de 18 años o más con discapacidad,censo
distribucion,Distribución por dominio de dificultad,2020,Hombres,Con discapacidad,Puebla,60+,Hablar o comunicarse,5498.0,65208.0,16499.0,"Censo de Población y Vivienda, cuestionario ampliado (INEGI)",Personas de 18 años o más con discapacidad,censo
distribucion,Distribución por dominio de dificultad,2020,Hombres,Con discapacidad,Querétaro,18-29,Hablar o comunicarse,895.0,3711.0,302.0,"Censo de Población y Vivienda, cuestionario ampliado (INEGI)",Personas de 18 años o más con discapacidad,censo
distribucion,Distribución por dominio de dificultad,2020,Hombres,Con discapacidad,Querétaro,30-44,Hablar o comunicarse,807.0,5237.0,365.0,"Censo de Población y Vivienda, cuestionario ampliado (INEGI)",Personas de 18 años o más con discapacidad,censo
distribucion,Distribución por dominio de dificultad,2020,Hombres,Con discapacidad,Querétaro,45-59,Hablar o comunicarse,587.0,8548.0,572.0,"Censo de Población y Vivienda, cuestionario ampliado (INEGI)",Personas de 18 años o más con discapacidad,censo
distribucion,Distribución por dominio de dificultad,2020,Hombres,Con discapacidad,Querétaro,60+,Hablar o comunicarse,1616.0,20519.0,1580.0,"Censo de Población y Vivienda, cuestionario ampliado (INEGI)",Personas de 18 años o más con discapacidad,censo
distribucion,Distribución por dominio de dificultad,2020,Hombres,Con discapacidad,Quintana Roo,18-29,Hablar o comunicarse,541.0,3141.0,129.0,"Censo de Población y Vivienda, cuestionario ampliado (INEGI)",Personas de 18 años o más con discapacidad,censo
distribucion,Distribución por dominio de dificultad,2020,Hombres,Con discapacidad,Quintana Roo,30-44,Hablar o comunicarse,386.0,4420.0,203.0,"Censo de Población y Vivienda, cuestionario ampliado (INEGI)",Personas de 18 años o más con discapacidad,censo
distribucion,Distribución por dominio de dificultad,2020,Hombres,Con discapacidad,Quintana Roo,45-59,Hablar o comunicarse,230.0,5573.0,278.0,"Censo de Población y Vivienda, cuestionario ampliado (INEGI)",Personas de 18 años o más con discapacidad,censo
distribucion,Distribución por dominio de dificultad,2020,Hombres,Con discapacidad,Quintana Roo,60+,Hablar o comunicarse,601.0,10885.0,627.0,"Censo de Población y Vivienda, cuestionario ampliado (INEGI)",Personas de 18 años o más con discapacidad,censo
distribucion,Distribución por dominio de dificultad,2020,Hombres,Con discapacidad,San Luis Potosí,18-29,Hablar o comunicarse,1508.0,4768.0,720.0,"Censo de Población y Vivienda, cuestionario ampliado (INEGI)",Personas de 18 años o más con discapacidad,censo
distribucion,Distribución por dominio de dificultad,2020,Hombres,Con discapacidad,San Luis Potosí,30-44,Hablar o comunicarse,1562.0,6817.0,1008.0,"Censo de Población y Vivienda, cuestionario ampliado (INEGI)",Personas de 18 años o más con discapacidad,censo
distribucion,Distribución por dominio de dificultad,2020,Hombres,Con discapacidad,San Luis Potosí,45-59,Hablar o comunicarse,1238.0,11288.0,1758.0,"Censo de Población y Vivienda, cuestionario ampliado (INEGI)",Personas de 18 años o más con discapacidad,censo
distribucion,Distribución por dominio de dificultad,2020,Hombres,Con discapacidad,San Luis Potosí,60+,Hablar o comunicarse,2883.0,34998.0,5834.0,"Censo de Población y Vivienda, cuestionario ampliado (INEGI)",Personas de 18 años o más con discapacidad,censo
distribucion,Distribución por dominio de dificultad,2020,Hombres,Con discapacidad,Sinaloa,18-29,Hablar o comunicarse,1446.0,5405.0,299.0,"Censo de Población y Vivienda, cuestionario ampliado (INEGI)",Personas de 18 años o más con discapacidad,censo
distribucion,Distribución por dominio de dificultad,2020,Hombres,Con discapacidad,Sinaloa,30-44,Hablar o comunicarse,1728.0,7793.0,499.0,"Censo de Población y Vivienda, cuestionario ampliado (INEGI)",Personas de 18 años o más con discapacidad,censo
distribucion,Distribución por dominio de dificultad,2020,Hombres,Con discapacidad,Sinaloa,45-59,Hablar o comunicarse,1666.0,13197.0,790.0,"Censo de Población y Vivienda, cuestionario ampliado (INEGI)",Personas de 18 años o más con discapacidad,censo
distribucion,Distribución por dominio de dificultad,2020,Hombres,Con discapacidad,Sinaloa,60+,Hablar o comunicarse,3042.0,35296.0,2266.0,"Censo de Población y Vivienda, cuestionario ampliado (INEGI)",Personas de 18 años o más con discapacidad,censo
distribucion,Distribución por dominio de dificultad,2020,Hombres,Con discapacidad,Sonora,18-29,Hablar o comunicarse,1514.0,6167.0,514.0,"Censo de Población y Vivienda, cuestionario ampliado (INEGI)",Personas de 18 años o más con discapacidad,censo
distribucion,Distribución por dominio de dificultad,2020,Hombres,Con discapacidad,Sonora,30-44,Hablar o comunicarse,1196.0,7395.0,679.0,"Censo de Población y Vivienda, cuestionario ampliado (INEGI)",Personas de 18 años o más con discapacidad,censo
distribucion,Distribución por dominio de dificultad,2020,Hombres,Con discapacidad,Sonora,45-59,Hablar o comunicarse,989.0,12111.0,1304.0,"Censo de Población y Vivienda, cuestionario ampliado (INEGI)",Personas de 18 años o más con discapacidad,censo
distribucion,Distribución por dominio de dificultad,2020,Hombres,Con discapacidad,Sonora,60+,Hablar o comunicarse,2559.0,31569.0,3782.0,"Censo de Población y Vivienda, cuestionario ampliado (INEGI)",Personas de 18 años o más con discapacidad,censo
distribucion,Distribución por dominio de dificultad,2020,Hombres,Con discapacidad,Tabasco,18-29,Hablar o comunicarse,1989.0,6530.0,362.0,"Censo de Población y Vivienda, cuestionario ampliado (INEGI)",Personas de 18 años o más con discapacidad,censo
distribucion,Distribución por dominio de dificultad,2020,Hombres,Con discapacidad,Tabasco,30-44,Hablar o comunicarse,1469.0,7619.0,530.0,"Censo de Población y Vivienda, cuestionario ampliado (INEGI)",Personas de 18 años o más con discapacidad,censo
distribucion,Distribución por dominio de dificultad,2020,Hombres,Con discapacidad,Tabasco,45-59,Hablar o comunicarse,1181.0,13996.0,920.0,"Censo de Población y Vivienda, cuestionario ampliado (INEGI)",Personas de 18 años o más con discapacidad,censo
distribucion,Distribución por dominio de dificultad,2020,Hombres,Con discapacidad,Tabasco,60+,Hablar o comunicarse,2700.0,30592.0,2114.0,"Censo de Población y Vivienda, cuestionario ampliado (INEGI)",Personas de 18 años o más con discapacidad,censo
distribucion,Distribución por dominio de dificultad,2020,Hombres,Con discapacidad,Tamaulipas,18-29,Hablar o comunicarse,1508.0,5668.0,386.0,"Censo de Población y Vivienda, cuestionario ampliado (INEGI)",Personas de 18 años o más con discapacidad,censo
distribucion,Distribución por dominio de dificultad,2020,Hombres,Con discapacidad,Tamaulipas,30-44,Hablar o comunicarse,1575.0,7779.0,574.0,"Censo de Población y Vivienda, cuestionario ampliado (INEGI)",Personas de 18 años o más con discapacidad,censo
distribucion,Distribución por dominio de dificultad,2020,Hombres,Con discapacidad,Tamaulipas,45-59,Hablar o comunicarse,1529.0,15816.0,1149.0,"Censo de Población y Vivienda, cuestionario ampliado (INEGI)",Personas de 18 años o más con discapacidad,censo
distribucion,Distribución por dominio de dificultad,2020,Hombres,Con discapacidad,Tamaulipas,60+,Hablar o comunicarse,2914.0,37158.0,3555.0,"Censo de Población y Vivienda, cuestionario ampliado (INEGI)",Personas de 18 años o más con discapacidad,censo
distribucion,Distribución por dominio de dificultad,2020,Hombres,Con discapacidad,Tlaxcala,18-29,Hablar o comunicarse,605.0,2584.0,638.0,"Censo de Población y Vivienda, cuestionario ampliado (INEGI)",Personas de 18 años o más con discapacidad,censo
distribucion,Distribución por dominio de dificultad,2020,Hombres,Con discapacidad,Tlaxcala,30-44,Hablar o comunicarse,504.0,2996.0,733.0,"Censo de Población y Vivienda, cuestionario ampliado (INEGI)",Personas de 18 años o más con discapacidad,censo
distribucion,Distribución por dominio de dificultad,2020,Hombres,Con discapacidad,Tlaxcala,45-59,Hablar o comunicarse,311.0,4199.0,1082.0,"Censo de Población y Vivienda, cuestionario ampliado (INEGI)",Personas de 18 años o más con discapacidad,censo
distribucion,Distribución por dominio de dificultad,2020,Hombres,Con discapacidad,Tlaxcala,60+,Hablar o comunicarse,990.0,11957.0,3117.0,"Censo de Población y Vivienda, cuestionario ampliado (INEGI)",Personas de 18 años o más con discapacidad,censo
distribucion,Distribución por dominio de dificultad,2020,Hombres,Con discapacidad,Veracruz,18-29,Hablar o comunicarse,5270.0,14981.0,2776.0,"Censo de Población y Vivienda, cuestionario ampliado (INEGI)",Personas de 18 años o más con discapacidad,censo
distribucion,Distribución por dominio de dificultad,2020,Hombres,Con discapacidad,Veracruz,30-44,Hablar o comunicarse,4991.0,20980.0,3931.0,"Censo de Población y Vivienda, cuestionario ampliado (INEGI)",Personas de 18 años o más con discapacidad,censo
distribucion,Distribución por dominio de dificultad,2020,Hombres,Con discapacidad,Veracruz,45-59,Hablar o comunicarse,3765.0,39133.0,6822.0,"Censo de Población y Vivienda, cuestionario ampliado (INEGI)",Personas de 18 años o más con discapacidad,censo
distribucion,Distribución por dominio de dificultad,2020,Hombres,Con discapacidad,Veracruz,60+,Hablar o comunicarse,9784.0,108670.0,18980.0,"Censo de Población y Vivienda, cuestionario ampliado (INEGI)",Personas de 18 años o más con discapacidad,censo
distribucion,Distribución por dominio de dificultad,2020,Hombres,Con discapacidad,Yucatán,18-29,Hablar o comunicarse,1396.0,4723.0,1031.0,"Censo de Población y Vivienda, cuestionario ampliado (INEGI)",Personas de 18 años o más con discapacidad,censo
distribucion,Distribución por dominio de dificultad,2020,Hombres,Con discapacidad,Yucatán,30-44,Hablar o comunicarse,1226.0,6207.0,1464.0,"Censo de Población y Vivienda, cuestionario ampliado (INEGI)",Personas de 18 años o más con discapacidad,censo
distribucion,Distribución por dominio de dificultad,2020,Hombres,Con discapacidad,Yucatán,45-59,Hablar o comunicarse,573.0,10974.0,2356.0,"Censo de Población y Vivienda, cuestionario ampliado (INEGI)",Personas de 18 años o más con discapacidad,censo
distribucion,Distribución por dominio de dificultad,2020,Hombres,Con discapacidad,Yucatán,60+,Hablar o comunicarse,2185.0,30468.0,7203.0,"Censo de Población y Vivienda, cuestionario ampliado (INEGI)",Personas de 18 años o más con discapacidad,censo
distribucion,Distribución por dominio de dificultad,2020,Hombres,Con discapacidad,Zacatecas,18-29,Hablar o comunicarse,823.0,3341.0,583.0,"Censo de Población y Vivienda, cuestionario ampliado (INEGI)",Personas de 18 años o más con discapacidad,censo
distribucion,Distribución por dominio de dificultad,2020,Hombres,Con discapacidad,Zacatecas,30-44,Hablar o comunicarse,967.0,4546.0,850.0,"Censo de Población y Vivienda, cuestionario ampliado (INEGI)",Personas de 18 años o más con discapacidad,censo
distribucion,Distribución por dominio de dificultad,2020,Hombres,Con discapacidad,Zacatecas,45-59,Hablar o comunicarse,562.0,7061.0,1404.0,"Censo de Población y Vivienda, cuestionario ampliado (INEGI)",Personas de 18 años o más con discapacidad,censo
distribucion,Distribución por dominio de dificultad,2020,Hombres,Con discapacidad,Zacatecas,60+,Hablar o comunicarse,1466.0,21794.0,4760.0,"Censo de Población y Vivienda, cuestionario ampliado (INEGI)",Personas de 18 años o más con discapacidad,censo
distribucion,Distribución por dominio de dificultad,2020,Mujeres,Con discapacidad,Aguascalientes,18-29,Hablar o comunicarse,457.0,3506.0,217.0,"Censo de Población y Vivienda, cuestionario ampliado (INEGI)",Personas de 18 años o más con discapacidad,censo
distribucion,Distribución por dominio de dificultad,2020,Mujeres,Con discapacidad,Aguascalientes,30-44,Hablar o comunicarse,573.0,4696.0,267.0,"Censo de Población y Vivienda, cuestionario ampliado (INEGI)",Personas de 18 años o más con discapacidad,censo
distribucion,Distribución por dominio de dificultad,2020,Mujeres,Con discapacidad,Aguascalientes,45-59,Hablar o comunicarse,693.0,8947.0,531.0,"Censo de Población y Vivienda, cuestionario ampliado (INEGI)",Personas de 18 años o más con discapacidad,censo
distribucion,Distribución por dominio de dificultad,2020,Mujeres,Con discapacidad,Aguascalientes,60+,Hablar o comunicarse,1144.0,18099.0,1219.0,"Censo de Población y Vivienda, cuestionario ampliado (INEGI)",Personas de 18 años o más con discapacidad,censo
distribucion,Distribución por dominio de dificultad,2020,Mujeres,Con discapacidad,Baja California,18-29,Hablar o comunicarse,970.0,8274.0,167.0,"Censo de Población y Vivienda, cuestionario ampliado (INEGI)",Personas de 18 años o más con discapacidad,censo
distribucion,Distribución por dominio de dificultad,2020,Mujeres,Con discapacidad,Baja California,30-44,Hablar o comunicarse,953.0,9732.0,201.0,"Censo de Población y Vivienda, cuestionario ampliado (INEGI)",Personas de 18 años o más con discapacidad,censo
distribucion,Distribución por dominio de dificultad,2020,Mujeres,Con discapacidad,Baja California,45-59,Hablar o comunicarse,722.0,20331.0,431.0,"Censo de Población y Vivienda, cuestionario ampliado (INEGI)",Personas de 18 años o más con discapacidad,censo
distribucion,Distribución por dominio de dificultad,2020,Mujeres,Con discapacidad,Baja California,60+,Hablar o comunicarse,2696.0,41033.0,903.0,"Censo de Población y Vivienda, cuestionario ampliado (INEGI)",Personas de 18 años o más con discapacidad,censo
distribucion,Distribución por dominio de dificultad,2020,Mujeres,Con discapacidad,Baja California Sur,18-29,Hablar o comunicarse,270.0,1222.0,72.0,"Censo de Población y Vivienda, cuestionario ampliado (INEGI)",Personas de 18 años o más con discapacidad,censo
distribucion,Distribución por dominio de dificultad,2020,Mujeres,Con discapacidad,Baja California Sur,30-44,Hablar o comunicarse,219.0,2030.0,121.0,"Censo de Población y Vivienda, cuestionario ampliado (INEGI)",Personas de 18 años o más con discapacidad,censo
distribucion,Distribución por dominio de dificultad,2020,Mujeres,Con discapacidad,Baja California Sur,45-59,Hablar o comunicarse,183.0,3560.0,224.0,"Censo de Población y Vivienda, cuestionario ampliado (INEGI)",Personas de 18 años o más con discapacidad,censo
distribucion,Distribución por dominio de dificultad,2020,Mujeres,Con discapacidad,Baja California Sur,60+,Hablar o comunicarse,648.0,7964.0,532.0,"Censo de Población y Vivienda, cuestionario ampliado (INEGI)",Personas de 18 años o más con discapacidad,censo
distribucion,Distribución por dominio de dificultad,2020,Mujeres,Con discapacidad,Campeche,18-29,Hablar o comunicarse,401.0,1843.0,159.0,"Censo de Población y Vivienda, cuestionario ampliado (INEGI)",Personas de 18 años o más con discapacidad,censo
distribucion,Distribución por dominio de dificultad,2020,Mujeres,Con discapacidad,Campeche,30-44,Hablar o comunicarse,446.0,3226.0,253.0,"Censo de Población y Vivienda, cuestionario ampliado (INEGI)",Personas de 18 años o más con discapacidad,censo
distribucion,Distribución por dominio de dificultad,2020,Mujeres,Con discapacidad,Campeche,45-59,Hablar o comunicarse,373.0,6312.0,499.0,"Censo de Población y Vivienda, cuestionario ampliado (INEGI)",Personas de 18 años o más con discapacidad,censo
distribucion,Distribución por dominio de dificultad,2020,Mujeres,Con discapacidad,Campeche,60+,Hablar o comunicarse,1121.0,13958.0,1200.0,"Censo de Población y Vivienda, cuestionario ampliado (INEGI)",Personas de 18 años o más con discapacidad,censo
distribucion,Distribución por dominio de dificultad,2020,Mujeres,Con discapacidad,Chiapas,18-29,Hablar o comunicarse,2597.0,7278.0,1544.0,"Censo de Población y Vivienda, cuestionario ampliado (INEGI)",Personas de 18 años o más con discapacidad,censo
distribucion,Distribución por dominio de dificultad,2020,Mujeres,Con discapacidad,Chiapas,30-44,Hablar o comunicarse,2291.0,10596.0,2212.0,"Censo de Población y Vivienda, cuestionario ampliado (INEGI)",Personas de 18 años o más con discapacidad,censo
distribucion,Distribución por dominio de dificultad,2020,Mujeres,Con discapacidad,Chiapas,45-59,Hablar o comunicarse,1977.0,22210.0,4219.0,"Censo de Población y Vivienda, cuestionario ampliado (INEGI)",Personas de 18 años o más con discapacidad,censo
distribucion,Distribución por dominio de dificultad,2020,Mujeres,Con discapacidad,Chiapas,60+,Hablar o comunicarse,4611.0,54873.0,11188.0,"Censo de Población y Vivienda, cuestionario ampliado (INEGI)",Personas de 18 años o más con discapacidad,censo
distribucion,Distribución por dominio de dificultad,2020,Mujeres,Con discapacidad,Chihuahua,18-29,Hablar o comunicarse,1042.0,5126.0,445.0,"Censo de Población y Vivienda, cuestionario ampliado (INEGI)",Personas de 18 años o más con discapacidad,censo
distribucion,Distribución por dominio de dificultad,2020,Mujeres,Con discapacidad,Chihuahua,30-44,Hablar o comunicarse,1145.0,7681.0,613.0,"Censo de Población y Vivienda, cuestionario ampliado (INEGI)",Personas de 18 años o más con discapacidad,censo
distribucion,Distribución por dominio de dificultad,2020,Mujeres,Con discapacidad,Chihuahua,45-59,Hablar o comunicarse,1212.0,16252.0,1366.0,"Censo de Población y Vivienda, cuestionario ampliado (INEGI)",Personas de 18 años o más con discapacidad,censo
distribucion,Distribución por dominio de dificultad,2020,Mujeres,Con discapacidad,Chihuahua,60+,Hablar o comunicarse,3068.0,49111.0,4786.0,"Censo de Población y Vivienda, cuestionario ampliado (INEGI)",Personas de 18 años o más con discapacidad,censo
distribucion,Distribución por dominio de dificultad,2020,Mujeres,Con discapacidad,Ciudad de México,18-29,Hablar o comunicarse,2466.0,17464.0,550.0,"Censo de Población y Vivienda, cuestionario ampliado (INEGI)",Personas de 18 años o más con discapacidad,censo
distribucion,Distribución por dominio de dificultad,2020,Mujeres,Con discapacidad,Ciudad de México,30-44,Hablar o comunicarse,2070.0,22651.0,728.0,"Censo de Población y Vivienda, cuestionario ampliado (INEGI)",Personas de 18 años o más con discapacidad,censo
distribucion,Distribución por dominio de dificultad,2020,Mujeres,Con discapacidad,Ciudad de México,45-59,Hablar o comunicarse,3105.0,53090.0,1623.0,"Censo de Población y Vivienda, cuestionario ampliado (INEGI)",Personas de 18 años o más con discapacidad,censo
distribucion,Distribución por dominio de dificultad,2020,Mujeres,Con discapacidad,Ciudad de México,60+,Hablar o comunicarse,9724.0,165757.0,4812.0,"Censo de Población y Vivienda, cuestionario ampliado (INEGI)",Personas de 18 años o más con discapacidad,censo
distribucion,Distribución por dominio de dificultad,2020,Mujeres,Con discapacidad,Coahuila,18-29,Hablar o comunicarse,1002.0,4815.0,385.0,"Censo de Población y Vivienda, cuestionario ampliado (INEGI)",Personas de 18 años o más con discapacidad,censo
distribucion,Distribución por dominio de dificultad,2020,Mujeres,Con discapacidad,Coahuila,30-44,Hablar o comunicarse,603.0,5170.0,456.0,"Censo de Población y Vivienda, cuestionario ampliado (INEGI)",Personas de 18 años o más con discapacidad,censo
distribucion,Distribución por dominio de dificultad,2020,Mujeres,Con discapacidad,Coahuila,45-59,Hablar o comunicarse,752.0,12672.0,1134.0,"Censo de Población y Vivienda, cuestionario ampliado (INEGI)",Personas de 18 años o más con discapacidad,censo
distribucion,Distribución por dominio de dificultad,2020,Mujeres,Con discapacidad,Coahuila,60+,Hablar o comunicarse,2475.0,32709.0,2815.0,"Censo de Población y Vivienda, cuestionario ampliado (INEGI)",Personas de 18 años o más con discapacidad,censo
distribucion,Distribución por dominio de dificultad,2020,Mujeres,Con discapacidad,Colima,18-29,Hablar o comunicarse,295.0,1257.0,106.0,"Censo de Población y Vivienda, cuestionario ampliado (INEGI)",Personas de 18 años o más con discapacidad,censo
distribucion,Distribución por dominio de dificultad,2020,Mujeres,Con discapacidad,Colima,30-44,Hablar o comunicarse,190.0,1889.0,155.0,"Censo de Población y Vivienda, cuestionario ampliado (INEGI)",Personas de 18 años o más con discapacidad,censo
distribucion,Distribución por dominio de dificultad,2020,Mujeres,Con discapacidad,Colima,45-59,Hablar o comunicarse,242.0,4341.0,364.0,"Censo de Población y Vivienda, cuestionario ampliado (INEGI)",Personas de 18 años o más con discapacidad,censo
distribucion,Distribución por dominio de dificultad,2020,Mujeres,Con discapacidad,Colima,60+,Hablar o comunicarse,735.0,10575.0,1008.0,"Censo de Población y Vivienda, cuestionario ampliado (INEGI)",Personas de 18 años o más con discapacidad,censo
distribucion,Distribución por dominio de dificultad,2020,Mujeres,Con discapacidad,Durango,18-29,Hablar o comunicarse,788.0,3464.0,459.0,"Censo de Población y Vivienda, cuestionario ampliado (INEGI)",Personas de 18 años o más con discapacidad,censo
distribucion,Distribución por dominio de dificultad,2020,Mujeres,Con discapacidad,Durango,30-44,Hablar o comunicarse,642.0,4402.0,638.0,"Censo de Población y Vivienda, cuestionario ampliado (INEGI)",Personas de 18 años o más con discapacidad,censo
distribucion,Distribución por dominio de dificultad,2020,Mujeres,Con discapacidad,Durango,45-59,Hablar o comunicarse,475.0,9358.0,1328.0,"Censo de Población y Vivienda, cuestionario ampliado (INEGI)",Personas de 18 años o más con discapacidad,censo
distribucion,Distribución por dominio de dificultad,2020,Mujeres,Con discapacidad,Durango,60+,Hablar o comunicarse,1504.0,25741.0,4075.0,"Censo de Población y Vivienda, cuestionario ampliado (INEGI)",Personas de 18 años o más con discapacidad,censo
distribucion,Distribución por dominio de dificultad,2020,Mujeres,Con discapacidad,Guanajuato,18-29,Hablar o comunicarse,2392.0,11513.0,730.0,"Censo de Población y Vivienda, cuestionario ampliado (INEGI)",Personas de 18 años o más con discapacidad,censo
distribucion,Distribución por dominio de dificultad,2020,Mujeres,Con discapacidad,Guanajuato,30-44,Hablar o comunicarse,1890.0,15505.0,999.0,"Censo de Población y Vivienda, cuestionario ampliado (INEGI)",Personas de 18 años o más con discapacidad,censo
distribucion,Distribución por dominio de dificultad,2020,Mujeres,Con discapacidad,Guanajuato,45-59,Hablar o comunicarse,1280.0,29945.0,1937.0,"Censo de Población y Vivienda, cuestionario ampliado (INEGI)",Personas de 18 años o más con discapacidad,censo
distribucion,Distribución por dominio de dificultad,2020,Mujeres,Con discapacidad,Guanajuato,60+,Hablar o comunicarse,4846.0,78634.0,5980.0,"Censo de Población y Vivienda, cuestionario ampliado (INEGI)",Personas de 18 años o más con discapacidad,censo
distribucion,Distribución por dominio de dificultad,2020,Mujeres,Con discapacidad,Guerrero,18-29,Hablar o comunicarse,1957.0,6754.0,1454.0,"Censo de Población y Vivienda, cuestionario ampliado (INEGI)",Personas de 18 años o más con discapacidad,censo
distribucion,Distribución por dominio de dificultad,2020,Mujeres,Con discapacidad,Guerrero,30-44,Hablar o comunicarse,1584.0,9595.0,2081.0,"Censo de Población y Vivienda, cuestionario ampliado (INEGI)",Personas de 18 años o más con discapacidad,censo
distribucion,Distribución por dominio de dificultad,2020,Mujeres,Con discapacidad,Guerrero,45-59,Hablar o comunicarse,1659.0,20441.0,4163.0,"Censo de Población y Vivienda, cuestionario ampliado (INEGI)",Personas de 18 años o más con discapacidad,censo
distribucion,Distribución por dominio de dificultad,2020,Mujeres,Con discapacidad,Guerrero,60+,Hablar o comunicarse,4423.0,63558.0,12862.0,"Censo de Población y Vivienda, cuestionario ampliado (INEGI)",Personas de 18 años o más con discapacidad,censo
distribucion,Distribución por dominio de dificultad,2020,Mujeres,Con discapacidad,Hidalgo,18-29,Hablar o comunicarse,1323.0,6022.0,946.0,"Censo de Población y Vivienda, cuestionario ampliado (INEGI)",Personas de 18 años o más con discapacidad,censo
distribucion,Distribución por dominio de dificultad,2020,Mujeres,Con discapacidad,Hidalgo,30-44,Hablar o comunicarse,1211.0,9341.0,1480.0,"Censo de Población y Vivienda, cuestionario ampliado (INEGI)",Personas de 18 años o más con discapacidad,censo
distribucion,Distribución por dominio de dificultad,2020,Mujeres,Con discapacidad,Hidalgo,45-59,Hablar o comunicarse,794.0,16418.0,2693.0,"Censo de Población y Vivienda, cuestionario ampliado (INEGI)",Personas de 18 años o más con discapacidad,censo
distribucion,Distribución por dominio de dificultad,2020,Mujeres,Con discapacidad,Hidalgo,60+,Hablar o comunicarse,3928.0,46197.0,8310.0,"Censo de Población y Vivienda, cuestionario ampliado (INEGI)",Personas de 18 años o más con discapacidad,censo
distribucion,Distribución por dominio de dificultad,2020,Mujeres,Con discapacidad,Jalisco,18-29,Hablar o comunicarse,2706.0,12293.0,1268.0,"Censo de Población y Vivienda, cuestionario ampliado (INEGI)",Personas de 18 años o más con discapacidad,censo
distribucion,Distribución por dominio de dificultad,2020,Mujeres,Con discapacidad,Jalisco,30-44,Hablar o comunicarse,2760.0,17416.0,1854.0,"Censo de Población y Vivienda, cuestionario ampliado (INEGI)",Personas de 18 años o más con discapacidad,censo
distribucion,Distribución por dominio de dificultad,2020,Mujeres,Con discapacidad,Jalisco,45-59,Hablar o comunicarse,1793.0,39239.0,3938.0,"Censo de Población y Vivienda, cuestionario ampliado (INEGI)",Personas de 18 años o más con discapacidad,censo
distribucion,Distribución por dominio de dificultad,2020,Mujeres,Con discapacidad,Jalisco,60+,Hablar o comunicarse,8806.0,114952.0,12376.0,"Censo de Población y Vivienda, cuestionario ampliado (INEGI)",Personas de 18 años o más con discapacidad,censo
distribucion,Distribución por dominio de dificultad,2020,Mujeres,Con discapacidad,Michoacán,18-29,Hablar o comunicarse,1855.0,8783.0,1202.0,"Censo de Población y Vivienda, cuestionario ampliado (INEGI)",Personas de 18 años o más con discapacidad,censo
distribucion,Distribución por dominio de dificultad,2020,Mujeres,Con discapacidad,Michoacán,30-44,Hablar o comunicarse,1663.0,12461.0,1835.0,"Censo de Población y Vivienda, cuestionario ampliado (INEGI)",Personas de 18 años o más con discapacidad,censo
distribucion,Distribución por dominio de dificultad,2020,Mujeres,Con discapacidad,Michoacán,45-59,Hablar o comunicarse,1299.0,24334.0,3855.0,"Censo de Población y Vivienda, cuestionario ampliado (INEGI)",Personas de 18 años o más con discapacidad,censo
distribucion,Distribución por dominio de dificultad,2020,Mujeres,Con discapacidad,Michoacán,60+,Hablar o comunicarse,6110.0,76684.0,12845.0,"Censo de Población y Vivienda, cuestionario ampliado (INEGI)",Personas de 18 años o más con discapacidad,censo
distribucion,Distribución por dominio de dificultad,2020,Mujeres,Con discapacidad,Morelos,18-29,Hablar o comunicarse,696.0,3675.0,425.0,"Censo de Población y Vivienda, cuestionario ampliado (INEGI)",Personas de 18 años o más con discapacidad,censo
distribucion,Distribución por dominio de dificultad,2020,Mujeres,Con discapacidad,Morelos,30-44,Hablar o comunicarse,777.0,5276.0,602.0,"Censo de Población y Vivienda, cuestionario ampliado (INEGI)",Personas de 18 años o más con discapacidad,censo
distribucion,Distribución por dominio de dificultad,2020,Mujeres,Con discapacidad,Morelos,45-59,Hablar o comunicarse,705.0,11197.0,1326.0,"Censo de Población y Vivienda, cuestionario ampliado (INEGI)",Personas de 18 años o más con discapacidad,censo
distribucion,Distribución por dominio de dificultad,2020,Mujeres,Con discapacidad,Morelos,60+,Hablar o comunicarse,2232.0,31334.0,3700.0,"Censo de Población y Vivienda, cuestionario ampliado (INEGI)",Personas de 18 años o más con discapacidad,censo
distribucion,Distribución por dominio de dificultad,2020,Mujeres,Con discapacidad,México,18-29,Hablar o comunicarse,5532.0,29632.0,2085.0,"Censo de Población y Vivienda, cuestionario ampliado (INEGI)",Personas de 18 años o más con discapacidad,censo
distribucion,Distribución por dominio de dificultad,2020,Mujeres,Con discapacidad,México,30-44,Hablar o comunicarse,5206.0,40067.0,2807.0,"Censo de Población y Vivienda, cuestionario ampliado (INEGI)",Personas de 18 años o más con discapacidad,censo
distribucion,Distribución por dominio de dificultad,2020,Mujeres,Con discapacidad,México,45-59,Hablar o comunicarse,3683.0,80658.0,5498.0,"Censo de Población y Vivienda, cuestionario ampliado (INEGI)",Personas de 18 años o más con discapacidad,censo
distribucion,Distribución por dominio de dificultad,2020,Mujeres,Con discapacidad,México,60+,Hablar o comunicarse,15319.0,193790.0,13467.0,"Censo de Población y Vivienda, cuestionario ampliado (INEGI)",Personas de 18 años o más con discapacidad,censo
distribucion,Distribución por dominio de dificultad,2020,Mujeres,Con discapacidad,Nayarit,18-29,Hablar o comunicarse,441.0,2480.0,315.0,"Censo de Población y Vivienda, cuestionario ampliado (INEGI)",Personas de 18 años o más con discapacidad,censo
distribucion,Distribución por dominio de dificultad,2020,Mujeres,Con discapacidad,Nayarit,30-44,Hablar o comunicarse,467.0,3190.0,432.0,"Censo de Población y Vivienda, cuestionario ampliado (INEGI)",Personas de 18 años o más con discapacidad,censo
distribucion,Distribución por dominio de dificultad,2020,Mujeres,Con discapacidad,Nayarit,45-59,Hablar o comunicarse,473.0,6120.0,873.0,"Censo de Población y Vivienda, cuestionario ampliado (INEGI)",Personas de 18 años o más con discapacidad,censo
distribucion,Distribución por dominio de dificultad,2020,Mujeres,Con discapacidad,Nayarit,60+,Hablar o comunicarse,1400.0,19117.0,2673.0,"Censo de Población y Vivienda, cuestionario ampliado (INEGI)",Personas de 18 años o más con discapacidad,censo
distribucion,Distribución por dominio de dificultad,2020,Mujeres,Con discapacidad,Nuevo León,18-29,Hablar o comunicarse,1322.0,8856.0,561.0,"Censo de Población y Vivienda, cuestionario ampliado (INEGI)",Personas de 18 años o más con discapacidad,censo
distribucion,Distribución por dominio de dificultad,2020,Mujeres,Con discapacidad,Nuevo León,30-44,Hablar o comunicarse,1369.0,9407.0,657.0,"Censo de Población y Vivienda, cuestionario ampliado (INEGI)",Personas de 18 años o más con discapacidad,censo
distribucion,Distribución por dominio de dificultad,2020,Mujeres,Con discapacidad,Nuevo León,45-59,Hablar o comunicarse,1007.0,20549.0,1375.0,"Censo de Población y Vivienda, cuestionario ampliado (INEGI)",Personas de 18 años o más con discapacidad,censo
distribucion,Distribución por dominio de dificultad,2020,Mujeres,Con discapacidad,Nuevo León,60+,Hablar o comunicarse,4249.0,58677.0,3869.0,"Censo de Población y Vivienda, cuestionario ampliado (INEGI)",Personas de 18 años o más con discapacidad,censo
distribucion,Distribución por dominio de dificultad,2020,Mujeres,Con discapacidad,Oaxaca,18-29,Hablar o comunicarse,2287.0,8385.0,4213.0,"Censo de Población y Vivienda, cuestionario ampliado (INEGI)",Personas de 18 años o más con discapacidad,censo
distribucion,Distribución por dominio de dificultad,2020,Mujeres,Con discapacidad,Oaxaca,30-44,Hablar o comunicarse,2523.0,13259.0,6389.0,"Censo de Población y Vivienda, cuestionario ampliado (INEGI)",Personas de 18 años o más con discapacidad,censo
distribucion,Distribución por dominio de dificultad,2020,Mujeres,Con discapacidad,Oaxaca,45-59,Hablar o comunicarse,1622.0,26339.0,12854.0,"Censo de Población y Vivienda, cuestionario ampliado (INEGI)",Personas de 18 años o más con discapacidad,censo
distribucion,Distribución por dominio de dificultad,2020,Mujeres,Con discapacidad,Oaxaca,60+,Hablar o comunicarse,6367.0,79019.0,41760.0,"Censo de Población y Vivienda, cuestionario ampliado (INEGI)",Personas de 18 años o más con discapacidad,censo
distribucion,Distribución por dominio de dificultad,2020,Mujeres,Con discapacidad,Puebla,18-29,Hablar o comunicarse,2604.0,11486.0,2420.0,"Censo de Población y Vivienda, cuestionario ampliado (INEGI)",Personas de 18 años o más con discapacidad,censo
distribucion,Distribución por dominio de dificultad,2020,Mujeres,Con discapacidad,Puebla,30-44,Hablar o comunicarse,2604.0,15867.0,3375.0,"Censo de Población y Vivienda, cuestionario ampliado (INEGI)",Personas de 18 años o más con discapacidad,censo
distribucion,Distribución por dominio de dificultad,2020,Mujeres,Con discapacidad,Puebla,45-59,Hablar o comunicarse,2138.0,27458.0,6111.0,"Censo de Población y Vivienda, cuestionario ampliado (INEGI)",Personas de 18 años o más con discapacidad,censo
distribucion,Distribución por dominio de dificultad,2020,Mujeres,Con discapacidad,Puebla,60+,Hablar o comunicarse,7095.0,85414.0,20397.0,"Censo de Población y Vivienda, cuestionario ampliado (INEGI)",Personas de 18 años o más con discapacidad,censo
distribucion,Distribución por dominio de dificultad,2020,Mujeres,Con discapacidad,Querétaro,18-29,Hablar o comunicarse,914.0,3752.0,266.0,"Censo de Población y Vivienda, cuestionario ampliado (INEGI)",Personas de 18 años o más con discapacidad,censo
distribucion,Distribución por dominio de dificultad,2020,Mujeres,Con discapacidad,Querétaro,30-44,Hablar o comunicarse,600.0,4522.0,336.0,"Censo de Población y Vivienda, cuestionario ampliado (INEGI)",Personas de 18 años o más con discapacidad,censo
distribucion,Distribución por dominio de dificultad,2020,Mujeres,Con discapacidad,Querétaro,45-59,Hablar o comunicarse,528.0,9722.0,655.0,"Censo de Población y Vivienda, cuestionario ampliado (INEGI)",Personas de 18 años o más con discapacidad,censo
distribucion,Distribución por dominio de dificultad,2020,Mujeres,Con discapacidad,Querétaro,60+,Hablar o comunicarse,2352.0,25287.0,1949.0,"Censo de Población y Vivienda, cuestionario ampliado (INEGI)",Personas de 18 años o más con discapacidad,censo
distribucion,Distribución por dominio de dificultad,2020,Mujeres,Con discapacidad,Quintana Roo,18-29,Hablar o comunicarse,673.0,4273.0,162.0,"Censo de Población y Vivienda, cuestionario ampliado (INEGI)",Personas de 18 años o más con discapacidad,censo
distribucion,Distribución por dominio de dificultad,2020,Mujeres,Con discapacidad,Quintana Roo,30-44,Hablar o comunicarse,835.0,3877.0,186.0,"Censo de Población y Vivienda, cuestionario ampliado (INEGI)",Personas de 18 años o más con discapacidad,censo
distribucion,Distribución por dominio de dificultad,2020,Mujeres,Con discapacidad,Quintana Roo,45-59,Hablar o comunicarse,268.0,7981.0,328.0,"Censo de Población y Vivienda, cuestionario ampliado (INEGI)",Personas de 18 años o más con discapacidad,censo
distribucion,Distribución por dominio de dificultad,2020,Mujeres,Con discapacidad,Quintana Roo,60+,Hablar o comunicarse,819.0,10406.0,579.0,"Censo de Población y Vivienda, cuestionario ampliado (INEGI)",Personas de 18 años o más con discapacidad,censo
distribucion,Distribución por dominio de dificultad,2020,Mujeres,Con discapacidad,San Luis Potosí,18-29,Hablar o comunicarse,1217.0,4834.0,649.0,"Censo de Población y Vivienda, cuestionario ampliado (INEGI)",Personas de 18 años o más con discapacidad,censo
distribucion,Distribución por dominio de dificultad,2020,Mujeres,Con discapacidad,San Luis Potosí,30-44,Hablar o comunicarse,1120.0,6746.0,869.0,"Censo de Población y Vivienda, cuestionario ampliado (INEGI)",Personas de 18 años o más con discapacidad,censo
distribucion,Distribución por dominio de dificultad,2020,Mujeres,Con discapacidad,San Luis Potosí,45-59,Hablar o comunicarse,1290.0,12861.0,1877.0,"Censo de Población y Vivienda, cuestionario ampliado (INEGI)",Personas de 18 años o más con discapacidad,censo
distribucion,Distribución por dominio de dificultad,2020,Mujeres,Con discapacidad,San Luis Potosí,60+,Hablar o comunicarse,3854.0,41201.0,6317.0,"Censo de Población y Vivienda, cuestionario ampliado (INEGI)",Personas de 18 años o más con discapacidad,censo
distribucion,Distribución por dominio de dificultad,2020,Mujeres,Con discapacidad,Sinaloa,18-29,Hablar o comunicarse,1222.0,4942.0,285.0,"Censo de Población y Vivienda, cuestionario ampliado (INEGI)",Personas de 18 años o más con discapacidad,censo
distribucion,Distribución por dominio de dificultad,2020,Mujeres,Con discapacidad,Sinaloa,30-44,Hablar o comunicarse,1251.0,6985.0,413.0,"Censo de Población y Vivienda, cuestionario ampliado (INEGI)",Personas de 18 años o más con discapacidad,censo
distribucion,Distribución por dominio de dificultad,2020,Mujeres,Con discapacidad,Sinaloa,45-59,Hablar o comunicarse,1362.0,15730.0,915.0,"Censo de Población y Vivienda, cuestionario ampliado (INEGI)",Personas de 18 años o más con discapacidad,censo
distribucion,Distribución por dominio de dificultad,2020,Mujeres,Con discapacidad,Sinaloa,60+,Hablar o comunicarse,3036.0,46790.0,2762.0,"Censo de Población y Vivienda, cuestionario ampliado (INEGI)",Personas de 18 años o más con discapacidad,censo
distribucion,Distribución por dominio de dificultad,2020,Mujeres,Con discapacidad,Sonora,18-29,Hablar o comunicarse,1225.0,5553.0,510.0,"Censo de Población y Vivienda, cuestionario ampliado (INEGI)",Personas de 18 años o más con discapacidad,censo
distribucion,Distribución por dominio de dificultad,2020,Mujeres,Con discapacidad,Sonora,30-44,Hablar o comunicarse,943.0,7180.0,630.0,"Censo de Población y Vivienda, cuestionario ampliado (INEGI)",Personas de 18 años o más con discapacidad,censo
distribucion,Distribución por dominio de dificultad,2020,Mujeres,Con discapacidad,Sonora,45-59,Hablar o comunicarse,1027.0,16085.0,1612.0,"Censo de Población y Vivienda, cuestionario ampliado (INEGI)",Personas de 18 años o más con discapacidad,censo
distribucion,Distribución por dominio de dificultad,2020,Mujeres,Con discapacidad,Sonora,60+,Hablar o comunicarse,2845.0,40252.0,4506.0,"Censo de Población y Vivienda, cuestionario ampliado (INEGI)",Personas de 18 años o más con discapacidad,censo
distribucion,Distribución por dominio de dificultad,2020,Mujeres,Con discapacidad,Tabasco,18-29,Hablar o comunicarse,1399.0,5731.0,338.0,"Censo de Población y Vivienda, cuestionario ampliado (INEGI)",Personas de 18 años o más con discapacidad,censo
distribucion,Distribución por dominio de dificultad,2020,Mujeres,Con discapacidad,Tabasco,30-44,Hablar o comunicarse,1359.0,7812.0,471.0,"Censo de Población y Vivienda, cuestionario ampliado (INEGI)",Personas de 18 años o más con discapacidad,censo
distribucion,Distribución por dominio de dificultad,2020,Mujeres,Con discapacidad,Tabasco,45-59,Hablar o comunicarse,1066.0,17157.0,1085.0,"Censo de Población y Vivienda, cuestionario ampliado (INEGI)",Personas de 18 años o más con discapacidad,censo
distribucion,Distribución por dominio de dificultad,2020,Mujeres,Con discapacidad,Tabasco,60+,Hablar o comunicarse,3288.0,38455.0,2646.0,"Censo de Población y Vivienda, cuestionario ampliado (INEGI)",Personas de 18 años o más con discapacidad,censo
distribucion,Distribución por dominio de dificultad,2020,Mujeres,Con discapacidad,Tamaulipas,18-29,Hablar o comunicarse,810.0,4736.0,302.0,"Censo de Población y Vivienda, cuestionario ampliado (INEGI)",Personas de 18 años o más con discapacidad,censo
distribucion,Distribución por dominio de dificultad,2020,Mujeres,Con discapacidad,Tamaulipas,30-44,Hablar o comunicarse,1288.0,7450.0,507.0,"Censo de Población y Vivienda, cuestionario ampliado (INEGI)",Personas de 18 años o más con discapacidad,censo
distribucion,Distribución por dominio de dificultad,2020,Mujeres,Con discapacidad,Tamaulipas,45-59,Hablar o comunicarse,1259.0,19450.0,1347.0,"Censo de Población y Vivienda, cuestionario ampliado (INEGI)",Personas de 18 años o más con discapacidad,censo
distribucion,Distribución por dominio de dificultad,2020,Mujeres,Con discapacidad,Tamaulipas,60+,Hablar o comunicarse,3280.0,48814.0,3975.0,"Censo de Población y Vivienda, cuestionario ampliado (INEGI)",Personas de 18 años o más con discapacidad,censo
distribucion,Distribución por dominio de dificultad,2020,Mujeres,Con discapacidad,Tlaxcala,18-29,Hablar o comunicarse,419.0,2216.0,549.0,"Censo de Población y Vivienda, cuestionario ampliado (INEGI)",Personas de 18 años o más con discapacidad,censo
distribucion,Distribución por dominio de dificultad,2020,Mujeres,Con discapacidad,Tlaxcala,30-44,Hablar o comunicarse,381.0,3094.0,734.0,"Censo de Población y Vivienda, cuestionario ampliado (INEGI)",Personas de 18 años o más con discapacidad,censo
distribucion,Distribución por dominio de dificultad,2020,Mujeres,Con discapacidad,Tlaxcala,45-59,Hablar o comunicarse,282.0,5511.0,1372.0,"Censo de Población y Vivienda, cuestionario ampliado (INEGI)",Personas de 18 años o más con discapacidad,censo
distribucion,Distribución por dominio de dificultad,2020,Mujeres,Con discapacidad,Tlaxcala,60+,Hablar o comunicarse,1311.0,15298.0,3793.0,"Censo de Población y Vivienda, cuestionario ampliado (INEGI)",Personas de 18 años o más con discapacidad,censo
distribucion,Distribución por dominio de dificultad,2020,Mujeres,Con discapacidad,Veracruz,18-29,Hablar o comunicarse,4030.0,13567.0,2429.0,"Censo de Población y Vivienda, cuestionario ampliado (INEGI)",Personas de 18 años o más con discapacidad,censo
distribucion,Distribución por dominio de dificultad,2020,Mujeres,Con discapacidad,Veracruz,30-44,Hablar o comunicarse,4013.0,20792.0,3754.0,"Censo de Población y Vivienda, cuestionario ampliado (INEGI)",Personas de 18 años o más con discapacidad,censo
distribucion,Distribución por dominio de dificultad,2020,Mujeres,Con discapacidad,Veracruz,45-59,Hablar o comunicarse,3214.0,47807.0,8255.0,"Censo de Población y Vivienda, cuestionario ampliado (INEGI)",Personas de 18 años o más con discapacidad,censo
distribucion,Distribución por dominio de dificultad,2020,Mujeres,Con discapacidad,Veracruz,60+,Hablar o comunicarse,10888.0,137828.0,22413.0,"Censo de Población y Vivienda, cuestionario ampliado (INEGI)",Personas de 18 años o más con discapacidad,censo
distribucion,Distribución por dominio de dificultad,2020,Mujeres,Con discapacidad,Yucatán,18-29,Hablar o comunicarse,1227.0,4797.0,823.0,"Censo de Población y Vivienda, cuestionario ampliado (INEGI)",Personas de 18 años o más con discapacidad,censo
distribucion,Distribución por dominio de dificultad,2020,Mujeres,Con discapacidad,Yucatán,30-44,Hablar o comunicarse,950.0,6343.0,1272.0,"Censo de Población y Vivienda, cuestionario ampliado (INEGI)",Personas de 18 años o más con discapacidad,censo
distribucion,Distribución por dominio de dificultad,2020,Mujeres,Con discapacidad,Yucatán,45-59,Hablar o comunicarse,789.0,13921.0,2733.0,"Censo de Población y Vivienda, cuestionario ampliado (INEGI)",Personas de 18 años o más con discapacidad,censo
distribucion,Distribución por dominio de dificultad,2020,Mujeres,Con discapacidad,Yucatán,60+,Hablar o comunicarse,2253.0,37588.0,7493.0,"Censo de Población y Vivienda, cuestionario ampliado (INEGI)",Personas de 18 años o más con discapacidad,censo
distribucion,Distribución por dominio de dificultad,2020,Mujeres,Con discapacidad,Zacatecas,18-29,Hablar o comunicarse,675.0,3326.0,621.0,"Censo de Población y Vivienda, cuestionario ampliado (INEGI)",Personas de 18 años o más con discapacidad,censo
distribucion,Distribución por dominio de dificultad,2020,Mujeres,Con discapacidad,Zacatecas,30-44,Hablar o comunicarse,593.0,4141.0,813.0,"Censo de Población y Vivienda, cuestionario ampliado (INEGI)",Personas de 18 años o más con discapacidad,censo
distribucion,Distribución por dominio de dificultad,2020,Mujeres,Con discapacidad,Zacatecas,45-59,Hablar o comunicarse,611.0,9235.0,1705.0,"Censo de Población y Vivienda, cuestionario ampliado (INEGI)",Personas de 18 años o más con discapacidad,censo
distribucion,Distribución por dominio de dificultad,2020,Mujeres,Con discapacidad,Zacatecas,60+,Hablar o comunicarse,1597.0,26281.0,5519.0,"Censo de Población y Vivienda, cuestionario ampliado (INEGI)",Personas de 18 años o más con discapacidad,censo
distribucion,Distribución por dominio de dificultad,2020,Hombres,Con discapacidad,Aguascalientes,18-29,Mental,0.0,3461.0,208.0,"Censo de Población y Vivienda, cuestionario ampliado (INEGI)",Personas de 18 años o más con discapacidad,censo
distribucion,Distribución por dominio de dificultad,2020,Hombres,Con discapacidad,Aguascalientes,30-44,Mental,0.0,5243.0,322.0,"Censo de Población y Vivienda, cuestionario ampliado (INEGI)",Personas de 18 años o más con discapacidad,censo
distribucion,Distribución por dominio de dificultad,2020,Hombres,Con discapacidad,Aguascalientes,45-59,Mental,0.0,6333.0,459.0,"Censo de Población y Vivienda, cuestionario ampliado (INEGI)",Personas de 18 años o más con discapacidad,censo
distribucion,Distribución por dominio de dificultad,2020,Hombres,Con discapacidad,Aguascalientes,60+,Mental,0.0,13270.0,995.0,"Censo de Población y Vivienda, cuestionario ampliado (INEGI)",Personas de 18 años o más con discapacidad,censo
distribucion,Distribución por dominio de dificultad,2020,Hombres,Con discapacidad,Baja California,18-29,Mental,0.0,8010.0,170.0,"Censo de Población y Vivienda, cuestionario ampliado (INEGI)",Personas de 18 años o más con discapacidad,censo
distribucion,Distribución por dominio de dificultad,2020,Hombres,Con discapacidad,Baja California,30-44,Mental,0.0,9875.0,205.0,"Censo de Población y Vivienda, cuestionario ampliado (INEGI)",Personas de 18 años o más con discapacidad,censo
distribucion,Distribución por dominio de dificultad,2020,Hombres,Con discapacidad,Baja California,45-59,Mental,0.0,15222.0,352.0,"Censo de Población y Vivienda, cuestionario ampliado (INEGI)",Personas de 18 años o más con discapacidad,censo
distribucion,Distribución por dominio de dificultad,2020,Hombres,Con discapacidad,Baja California,60+,Mental,0.0,29937.0,653.0,"Censo de Población y Vivienda, cuestionario ampliado (INEGI)",Personas de 18 años o más con discapacidad,censo
distribucion,Distribución por dominio de dificultad,2020,Hombres,Con discapacidad,Baja California Sur,18-29,Mental,0.0,1233.0,71.0,"Censo de Población y Vivienda, cuestionario ampliado (INEGI)",Personas de 18 años o más con discapacidad,censo
distribucion,Distribución por dominio de dificultad,2020,Hombres,Con discapacidad,Baja California Sur,30-44,Mental,0.0,1996.0,121.0,"Censo de Población y Vivienda, cuestionario ampliado (INEGI)",Personas de 18 años o más con discapacidad,censo
distribucion,Distribución por dominio de dificultad,2020,Hombres,Con discapacidad,Baja California Sur,45-59,Mental,0.0,3105.0,190.0,"Censo de Población y Vivienda, cuestionario ampliado (INEGI)",Personas de 18 años o más con discapacidad,censo
distribucion,Distribución por dominio de dificultad,2020,Hombres,Con discapacidad,Baja California Sur,60+,Mental,0.0,6334.0,415.0,"Censo de Población y Vivienda, cuestionario ampliado (INEGI)",Personas de 18 años o más con discapacidad,censo
distribucion,Distribución por dominio de dificultad,2020,Hombres,Con discapacidad,Campeche,18-29,Mental,0.0,2019.0,169.0,"Censo de Población y Vivienda, cuestionario ampliado (INEGI)",Personas de 18 años o más con discapacidad,censo
distribucion,Distribución por dominio de dificultad,2020,Hombres,Con discapacidad,Campeche,30-44,Mental,0.0,2332.0,231.0,"Censo de Población y Vivienda, cuestionario ampliado (INEGI)",Personas de 18 años o más con discapacidad,censo
distribucion,Distribución por dominio de dificultad,2020,Hombres,Con discapacidad,Campeche,45-59,Mental,0.0,4824.0,419.0,"Censo de Población y Vivienda, cuestionario ampliado (INEGI)",Personas de 18 años o más con discapacidad,censo
distribucion,Distribución por dominio de dificultad,2020,Hombres,Con discapacidad,Campeche,60+,Mental,0.0,11431.0,1095.0,"Censo de Población y Vivienda, cuestionario ampliado (INEGI)",Personas de 18 años o más con discapacidad,censo
distribucion,Distribución por dominio de dificultad,2020,Hombres,Con discapacidad,Chiapas,18-29,Mental,0.0,8941.0,1932.0,"Censo de Población y Vivienda, cuestionario ampliado (INEGI)",Personas de 18 años o más con discapacidad,censo
distribucion,Distribución por dominio de dificultad,2020,Hombres,Con discapacidad,Chiapas,30-44,Mental,0.0,11129.0,2363.0,"Censo de Población y Vivienda, cuestionario ampliado (INEGI)",Personas de 18 años o más con discapacidad,censo
distribucion,Distribución por dominio de dificultad,2020,Hombres,Con discapacidad,Chiapas,45-59,Mental,0.0,17642.0,3450.0,"Censo de Población y Vivienda, cuestionario ampliado (INEGI)",Personas de 18 años o más con discapacidad,censo
distribucion,Distribución por dominio de dificultad,2020,Hombres,Con discapacidad,Chiapas,60+,Mental,0.0,49681.0,10325.0,"Censo de Población y Vivienda, cuestionario ampliado (INEGI)",Personas de 18 años o más con discapacidad,censo
distribucion,Distribución por dominio de dificultad,2020,Hombres,Con discapacidad,Chihuahua,18-29,Mental,0.0,6278.0,476.0,"Censo de Población y Vivienda, cuestionario ampliado (INEGI)",Personas de 18 años o más con discapacidad,censo
distribucion,Distribución por dominio de dificultad,2020,Hombres,Con discapacidad,Chihuahua,30-44,Mental,0.0,7379.0,701.0,"Censo de Población y Vivienda, cuestionario ampliado (INEGI)",Personas de 18 años o más con discapacidad,censo
distribucion,Distribución por dominio de dificultad,2020,Hombres,Con discapacidad,Chihuahua,45-59,Mental,0.0,15419.0,1353.0,"Censo de Población y Vivienda, cuestionario ampliado (INEGI)",Personas de 18 años o más con discapacidad,censo
distribucion,Distribución por dominio de dificultad,2020,Hombres,Con discapacidad,Chihuahua,60+,Mental,0.0,32345.0,4275.0,"Censo de Población y Vivienda, cuestionario ampliado (INEGI)",Personas de 18 años o más con discapacidad,censo
distribucion,Distribución por dominio de dificultad,2020,Hombres,Con discapacidad,Ciudad de México,18-29,Mental,0.0,18282.0,547.0,"Censo de Población y Vivienda, cuestionario ampliado (INEGI)",Personas de 18 años o más con discapacidad,censo
distribucion,Distribución por dominio de dificultad,2020,Hombres,Con discapacidad,Ciudad de México,30-44,Mental,0.0,22825.0,718.0,"Censo de Población y Vivienda, cuestionario ampliado (INEGI)",Personas de 18 años o más con discapacidad,censo
distribucion,Distribución por dominio de dificultad,2020,Hombres,Con discapacidad,Ciudad de México,45-59,Mental,0.0,41893.0,1277.0,"Censo de Población y Vivienda, cuestionario ampliado (INEGI)",Personas de 18 años o más con discapacidad,censo
distribucion,Distribución por dominio de dificultad,2020,Hombres,Con discapacidad,Ciudad de México,60+,Mental,0.0,103507.0,2978.0,"Censo de Población y Vivienda, cuestionario ampliado (INEGI)",Personas de 18 años o más con discapacidad,censo
distribucion,Distribución por dominio de dificultad,2020,Hombres,Con discapacidad,Coahuila,18-29,Mental,0.0,4932.0,370.0,"Censo de Población y Vivienda, cuestionario ampliado (INEGI)",Personas de 18 años o más con discapacidad,censo
distribucion,Distribución por dominio de dificultad,2020,Hombres,Con discapacidad,Coahuila,30-44,Mental,0.0,7443.0,585.0,"Censo de Población y Vivienda, cuestionario ampliado (INEGI)",Personas de 18 años o más con discapacidad,censo
distribucion,Distribución por dominio de dificultad,2020,Hombres,Con discapacidad,Coahuila,45-59,Mental,0.0,12133.0,1061.0,"Censo de Población y Vivienda, cuestionario ampliado (INEGI)",Personas de 18 años o más con discapacidad,censo
distribucion,Distribución por dominio de dificultad,2020,Hombres,Con discapacidad,Coahuila,60+,Mental,0.0,27208.0,2562.0,"Censo de Población y Vivienda, cuestionario ampliado (INEGI)",Personas de 18 años o más con discapacidad,censo
distribucion,Distribución por dominio de dificultad,2020,Hombres,Con discapacidad,Colima,18-29,Mental,0.0,1195.0,120.0,"Censo de Población y Vivienda, cuestionario ampliado (INEGI)",Personas de 18 años o más con discapacidad,censo
distribucion,Distribución por dominio de dificultad,2020,Hombres,Con discapacidad,Colima,30-44,Mental,0.0,2026.0,193.0,"Censo de Población y Vivienda, cuestionario ampliado (INEGI)",Personas de 18 años o más con discapacidad,censo
distribucion,Distribución por dominio de dificultad,2020,Hombres,Con discapacidad,Colima,45-59,Mental,0.0,3275.0,311.0,"Censo de Población y Vivienda, cuestionario ampliado (INEGI)",Personas de 18 años o más con discapacidad,censo
distribucion,Distribución por dominio de dificultad,2020,Hombres,Con discapacidad,Colima,60+,Mental,0.0,8441.0,868.0,"Censo de Población y Vivienda, cuestionario ampliado (INEGI)",Personas de 18 años o más con discapacidad,censo
distribucion,Distribución por dominio de dificultad,2020,Hombres,Con discapacidad,Durango,18-29,Mental,0.0,4148.0,525.0,"Censo de Población y Vivienda, cuestionario ampliado (INEGI)",Personas de 18 años o más con discapacidad,censo
distribucion,Distribución por dominio de dificultad,2020,Hombres,Con discapacidad,Durango,30-44,Mental,0.0,5312.0,743.0,"Censo de Población y Vivienda, cuestionario ampliado (INEGI)",Personas de 18 años o más con discapacidad,censo
distribucion,Distribución por dominio de dificultad,2020,Hombres,Con discapacidad,Durango,45-59,Mental,0.0,7987.0,1176.0,"Censo de Población y Vivienda, cuestionario ampliado (INEGI)",Personas de 18 años o más con discapacidad,censo
distribucion,Distribución por dominio de dificultad,2020,Hombres,Con discapacidad,Durango,60+,Mental,0.0,21066.0,3661.0,"Censo de Población y Vivienda, cuestionario ampliado (INEGI)",Personas de 18 años o más con discapacidad,censo
distribucion,Distribución por dominio de dificultad,2020,Hombres,Con discapacidad,Guanajuato,18-29,Mental,0.0,12356.0,826.0,"Censo de Población y Vivienda, cuestionario ampliado (INEGI)",Personas de 18 años o más con discapacidad,censo
distribucion,Distribución por dominio de dificultad,2020,Hombres,Con discapacidad,Guanajuato,30-44,Mental,0.0,16482.0,1015.0,"Censo de Población y Vivienda, cuestionario ampliado (INEGI)",Personas de 18 años o más con discapacidad,censo
distribucion,Distribución por dominio de dificultad,2020,Hombres,Con discapacidad,Guanajuato,45-59,Mental,0.0,23789.0,1548.0,"Censo de Población y Vivienda, cuestionario ampliado (INEGI)",Personas de 18 años o más con discapacidad,censo
distribucion,Distribución por dominio de dificultad,2020,Hombres,Con discapacidad,Guanajuato,60+,Mental,0.0,58849.0,4566.0,"Censo de Población y Vivienda, cuestionario ampliado (INEGI)",Personas de 18 años o más con discapacidad,censo
distribucion,Distribución por dominio de dificultad,2020,Hombres,Con discapacidad,Guerrero,18-29,Mental,0.0,7064.0,1659.0,"Censo de Población y Vivienda, cuestionario ampliado (INEGI)",Personas de 18 años o más con discapacidad,censo
distribucion,Distribución por dominio de dificultad,2020,Hombres,Con discapacidad,Guerrero,30-44,Mental,0.0,10808.0,2135.0,"Censo de Población y Vivienda, cuestionario ampliado (INEGI)",Personas de 18 años o más con discapacidad,censo
distribucion,Distribución por dominio de dificultad,2020,Hombres,Con discapacidad,Guerrero,45-59,Mental,0.0,17388.0,3329.0,"Censo de Población y Vivienda, cuestionario ampliado (INEGI)",Personas de 18 años o más con discapacidad,censo
distribucion,Distribución por dominio de dificultad,2020,Hombres,Con discapacidad,Guerrero,60+,Mental,0.0,50415.0,10636.0,"Censo de Población y Vivienda, cuestionario ampliado (INEGI)",Personas de 18 años o más con discapacidad,censo
distribucion,Distribución por dominio de dificultad,2020,Hombres,Con discapacidad,Hidalgo,18-29,Mental,0.0,6424.0,997.0,"Censo de Población y Vivienda, cuestionario ampliado (INEGI)",Personas de 18 años o más con discapacidad,censo
distribucion,Distribución por dominio de dificultad,2020,Hombres,Con discapacidad,Hidalgo,30-44,Mental,0.0,7747.0,1367.0,"Censo de Población y Vivienda, cuestionario ampliado (INEGI)",Personas de 18 años o más con discapacidad,censo
distribucion,Distribución por dominio de dificultad,2020,Hombres,Con discapacidad,Hidalgo,45-59,Mental,0.0,13990.0,2301.0,"Censo de Población y Vivienda, cuestionario ampliado (INEGI)",Personas de 18 años o más con discapacidad,censo
distribucion,Distribución por dominio de dificultad,2020,Hombres,Con discapacidad,Hidalgo,60+,Mental,0.0,36669.0,7062.0,"Censo de Población y Vivienda, cuestionario ampliado (INEGI)",Personas de 18 años o más con discapacidad,censo
distribucion,Distribución por dominio de dificultad,2020,Hombres,Con discapacidad,Jalisco,18-29,Mental,0.0,13492.0,1445.0,"Censo de Población y Vivienda, cuestionario ampliado (INEGI)",Personas de 18 años o más con discapacidad,censo
distribucion,Distribución por dominio de dificultad,2020,Hombres,Con discapacidad,Jalisco,30-44,Mental,0.0,20557.0,2042.0,"Censo de Población y Vivienda, cuestionario ampliado (INEGI)",Personas de 18 años o más con discapacidad,censo
distribucion,Distribución por dominio de dificultad,2020,Hombres,Con discapacidad,Jalisco,45-59,Mental,0.0,32987.0,3364.0,"Censo de Población y Vivienda, cuestionario ampliado (INEGI)",Personas de 18 años o más con discapacidad,censo
distribucion,Distribución por dominio de dificultad,2020,Hombres,Con discapacidad,Jalisco,60+,Mental,0.0,82156.0,10143.0,"Censo de Población y Vivienda, cuestionario ampliado (INEGI)",Personas de 18 años o más con discapacidad,censo
distribucion,Distribución por dominio de dificultad,2020,Hombres,Con discapacidad,Michoacán,18-29,Mental,0.0,8489.0,1346.0,"Censo de Población y Vivienda, cuestionario ampliado (INEGI)",Personas de 18 años o más con discapacidad,censo
distribucion,Distribución por dominio de dificultad,2020,Hombres,Con discapacidad,Michoacán,30-44,Mental,0.0,12662.0,1982.0,"Censo de Población y Vivienda, cuestionario ampliado (INEGI)",Personas de 18 años o más con discapacidad,censo
distribucion,Distribución por dominio de dificultad,2020,Hombres,Con discapacidad,Michoacán,45-59,Mental,0.0,20204.0,3252.0,"Censo de Población y Vivienda, cuestionario ampliado (INEGI)",Personas de 18 años o más con discapacidad,censo
distribucion,Distribución por dominio de dificultad,2020,Hombres,Con discapacidad,Michoacán,60+,Mental,0.0,59611.0,10369.0,"Censo de Población y Vivienda, cuestionario ampliado (INEGI)",Personas de 18 años o más con discapacidad,censo
distribucion,Distribución por dominio de dificultad,2020,Hombres,Con discapacidad,Morelos,18-29,Mental,0.0,3472.0,451.0,"Censo de Población y Vivienda, cuestionario ampliado (INEGI)",Personas de 18 años o más con discapacidad,censo
distribucion,Distribución por dominio de dificultad,2020,Hombres,Con discapacidad,Morelos,30-44,Mental,0.0,5472.0,634.0,"Censo de Población y Vivienda, cuestionario ampliado (INEGI)",Personas de 18 años o más con discapacidad,censo
distribucion,Distribución por dominio de dificultad,2020,Hombres,Con discapacidad,Morelos,45-59,Mental,0.0,9318.0,1109.0,"Censo de Población y Vivienda, cuestionario ampliado (INEGI)",Personas de 18 años o más con discapacidad,censo
distribucion,Distribución por dominio de dificultad,2020,Hombres,Con discapacidad,Morelos,60+,Mental,0.0,25720.0,3142.0,"Censo de Población y Vivienda, cuestionario ampliado (INEGI)",Personas de 18 años o más con discapacidad,censo
distribucion,Distribución por dominio de dificultad,2020,Hombres,Con discapacidad,México,18-29,Mental,0.0,32467.0,2362.0,"Censo de Población y Vivienda, cuestionario ampliado (INEGI)",Personas de 18 años o más con discapacidad,censo
distribucion,Distribución por dominio de dificultad,2020,Hombres,Con discapacidad,México,30-44,Mental,0.0,42276.0,2932.0,"Censo de Población y Vivienda, cuestionario ampliado (INEGI)",Personas de 18 años o más con discapacidad,censo
distribucion,Distribución por dominio de dificultad,2020,Hombres,Con discapacidad,México,45-59,Mental,0.0,69088.0,4624.0,"Censo de Población y Vivienda, cuestionario ampliado (INEGI)",Personas de 18 años o más con discapacidad,censo
distribucion,Distribución por dominio de dificultad,2020,Hombres,Con discapacidad,México,60+,Mental,0.0,140681.0,10314.0,"Censo de Población y Vivienda, cuestionario ampliado (INEGI)",Personas de 18 años o más con discapacidad,censo
distribucion,Distribución por dominio de dificultad,2020,Hombres,Con discapacidad,Nayarit,18-29,Mental,0.0,2943.0,345.0,"Censo de Población y Vivienda, cuestionario ampliado (INEGI)",Personas de 18 años o más con discapacidad,censo
distribucion,Distribución por dominio de dificultad,2020,Hombres,Con discapacidad,Nayarit,30-44,Mental,0.0,2981.0,456.0,"Censo de Población y Vivienda, cuestionario ampliado (INEGI)",Personas de 18 años o más con discapacidad,censo
distribucion,Distribución por dominio de dificultad,2020,Hombres,Con discapacidad,Nayarit,45-59,Mental,0.0,5234.0,749.0,"Censo de Población y Vivienda, cuestionario ampliado (INEGI)",Personas de 18 años o más con discapacidad,censo
distribucion,Distribución por dominio de dificultad,2020,Hombres,Con discapacidad,Nayarit,60+,Mental,0.0,14896.0,2231.0,"Censo de Población y Vivienda, cuestionario ampliado (INEGI)",Personas de 18 años o más con discapacidad,censo
distribucion,Distribución por dominio de dificultad,2020,Hombres,Con discapacidad,Nuevo León,18-29,Mental,0.0,9098.0,531.0,"Censo de Población y Vivienda, cuestionario ampliado (INEGI)",Personas de 18 años o más con discapacidad,censo
distribucion,Distribución por dominio de dificultad,2020,Hombres,Con discapacidad,Nuevo León,30-44,Mental,0.0,10415.0,674.0,"Censo de Población y Vivienda, cuestionario ampliado (INEGI)",Personas de 18 años o más con discapacidad,censo
distribucion,Distribución por dominio de dificultad,2020,Hombres,Con discapacidad,Nuevo León,45-59,Mental,0.0,19101.0,1314.0,"Censo de Población y Vivienda, cuestionario ampliado (INEGI)",Personas de 18 años o más con discapacidad,censo
distribucion,Distribución por dominio de dificultad,2020,Hombres,Con discapacidad,Nuevo León,60+,Mental,0.0,42986.0,3266.0,"Censo de Población y Vivienda, cuestionario ampliado (INEGI)",Personas de 18 años o más con discapacidad,censo
distribucion,Distribución por dominio de dificultad,2020,Hombres,Con discapacidad,Oaxaca,18-29,Mental,0.0,9352.0,4698.0,"Censo de Población y Vivienda, cuestionario ampliado (INEGI)",Personas de 18 años o más con discapacidad,censo
distribucion,Distribución por dominio de dificultad,2020,Hombres,Con discapacidad,Oaxaca,30-44,Mental,0.0,13352.0,6570.0,"Censo de Población y Vivienda, cuestionario ampliado (INEGI)",Personas de 18 años o más con discapacidad,censo
distribucion,Distribución por dominio de dificultad,2020,Hombres,Con discapacidad,Oaxaca,45-59,Mental,0.0,20984.0,10595.0,"Censo de Población y Vivienda, cuestionario ampliado (INEGI)",Personas de 18 años o más con discapacidad,censo
distribucion,Distribución por dominio de dificultad,2020,Hombres,Con discapacidad,Oaxaca,60+,Mental,0.0,65118.0,35153.0,"Censo de Población y Vivienda, cuestionario ampliado (INEGI)",Personas de 18 años o más con discapacidad,censo
distribucion,Distribución por dominio de dificultad,2020,Hombres,Con discapacidad,Puebla,18-29,Mental,0.0,13898.0,2754.0,"Censo de Población y Vivienda, cuestionario ampliado (INEGI)",Personas de 18 años o más con discapacidad,censo
distribucion,Distribución por dominio de dificultad,2020,Hombres,Con discapacidad,Puebla,30-44,Mental,0.0,15408.0,3569.0,"Censo de Población y Vivienda, cuestionario ampliado (INEGI)",Personas de 18 años o más con discapacidad,censo
distribucion,Distribución por dominio de dificultad,2020,Hombres,Con discapacidad,Puebla,45-59,Mental,0.0,24320.0,5306.0,"Censo de Población y Vivienda, cuestionario ampliado (INEGI)",Personas de 18 años o más con discapacidad,censo
distribucion,Distribución por dominio de dificultad,2020,Hombres,Con discapacidad,Puebla,60+,Mental,0.0,65208.0,16499.0,"Censo de Población y Vivienda, cuestionario ampliado (INEGI)",Personas de 18 años o más con discapacidad,censo
distribucion,Distribución por dominio de dificultad,2020,Hombres,Con discapacidad,Querétaro,18-29,Mental,0.0,3711.0,302.0,"Censo de Población y Vivienda, cuestionario ampliado (INEGI)",Personas de 18 años o más con discapacidad,censo
distribucion,Distribución por dominio de dificultad,2020,Hombres,Con discapacidad,Querétaro,30-44,Mental,0.0,5237.0,365.0,"Censo de Población y Vivienda, cuestionario ampliado (INEGI)",Personas de 18 años o más con discapacidad,censo
distribucion,Distribución por dominio de dificultad,2020,Hombres,Con discapacidad,Querétaro,45-59,Mental,0.0,8548.0,572.0,"Censo de Población y Vivienda, cuestionario ampliado (INEGI)",Personas de 18 años o más con discapacidad,censo
distribucion,Distribución por dominio de dificultad,2020,Hombres,Con discapacidad,Querétaro,60+,Mental,0.0,20519.0,1580.0,"Censo de Población y Vivienda, cuestionario ampliado (INEGI)",Personas de 18 años o más con discapacidad,censo
distribucion,Distribución por dominio de dificultad,2020,Hombres,Con discapacidad,Quintana Roo,18-29,Mental,0.0,3141.0,129.0,"Censo de Población y Vivienda, cuestionario ampliado (INEGI)",Personas de 18 años o más con discapacidad,censo
distribucion,Distribución por dominio de dificultad,2020,Hombres,Con discapacidad,Quintana Roo,30-44,Mental,0.0,4420.0,203.0,"Censo de Población y Vivienda, cuestionario ampliado (INEGI)",Personas de 18 años o más con discapacidad,censo
distribucion,Distribución por dominio de dificultad,2020,Hombres,Con discapacidad,Quintana Roo,45-59,Mental,0.0,5573.0,278.0,"Censo de Población y Vivienda, cuestionario ampliado (INEGI)",Personas de 18 años o más con discapacidad,censo
distribucion,Distribución por dominio de dificultad,2020,Hombres,Con discapacidad,Quintana Roo,60+,Mental,0.0,10885.0,627.0,"Censo de Población y Vivienda, cuestionario ampliado (INEGI)",Personas de 18 años o más con discapacidad,censo
distribucion,Distribución por dominio de dificultad,2020,Hombres,Con discapacidad,San Luis Potosí,18-29,Mental,0.0,4768.0,720.0,"Censo de Población y Vivienda, cuestionario ampliado (INEGI)",Personas de 18 años o más con discapacidad,censo
distribucion,Distribución por dominio de dificultad,2020,Hombres,Con discapacidad,San Luis Potosí,30-44,Mental,0.0,6817.0,1008.0,"Censo de Población y Vivienda, cuestionario ampliado (INEGI)",Personas de 18 años o más con discapacidad,censo
distribucion,Distribución por dominio de dificultad,2020,Hombres,Con discapacidad,San Luis Potosí,45-59,Mental,0.0,11288.0,1758.0,"Censo de Población y Vivienda, cuestionario ampliado (INEGI)",Personas de 18 años o más con discapacidad,censo
distribucion,Distribución por dominio de dificultad,2020,Hombres,Con discapacidad,San Luis Potosí,60+,Mental,0.0,34998.0,5834.0,"Censo de Población y Vivienda, cuestionario ampliado (INEGI)",Personas de 18 años o más con discapacidad,censo
distribucion,Distribución por dominio de dificultad,2020,Hombres,Con discapacidad,Sinaloa,18-29,Mental,0.0,5405.0,299.0,"Censo de Población y Vivienda, cuestionario ampliado (INEGI)",Personas de 18 años o más con discapacidad,censo
distribucion,Distribución por dominio de dificultad,2020,Hombres,Con discapacidad,Sinaloa,30-44,Mental,0.0,7793.0,499.0,"Censo de Población y Vivienda, cuestionario ampliado (INEGI)",Personas de 18 años o más con discapacidad,censo
distribucion,Distribución por dominio de dificultad,2020,Hombres,Con discapacidad,Sinaloa,45-59,Mental,0.0,13197.0,790.0,"Censo de Población y Vivienda, cuestionario ampliado (INEGI)",Personas de 18 años o más con discapacidad,censo
distribucion,Distribución por dominio de dificultad,2020,Hombres,Con discapacidad,Sinaloa,60+,Mental,0.0,35296.0,2266.0,"Censo de Población y Vivienda, cuestionario ampliado (INEGI)",Personas de 18 años o más con discapacidad,censo
distribucion,Distribución por dominio de dificultad,2020,Hombres,Con discapacidad,Sonora,18-29,Mental,0.0,6167.0,514.0,"Censo de Población y Vivienda, cuestionario ampliado (INEGI)",Personas de 18 años o más con discapacidad,censo
distribucion,Distribución por dominio de dificultad,2020,Hombres,Con discapacidad,Sonora,30-44,Mental,0.0,7395.0,679.0,"Censo de Población y Vivienda, cuestionario ampliado (INEGI)",Personas de 18 años o más con discapacidad,censo
distribucion,Distribución por dominio de dificultad,2020,Hombres,Con discapacidad,Sonora,45-59,Mental,0.0,12111.0,1304.0,"Censo de Población y Vivienda, cuestionario ampliado (INEGI)",Personas de 18 años o más con discapacidad,censo
distribucion,Distribución por dominio de dificultad,2020,Hombres,Con discapacidad,Sonora,60+,Mental,0.0,31569.0,3782.0,"Censo de Población y Vivienda, cuestionario ampliado (INEGI)",Personas de 18 años o más con discapacidad,censo
distribucion,Distribución por dominio de dificultad,2020,Hombres,Con discapacidad,Tabasco,18-29,Mental,0.0,6530.0,362.0,"Censo de Población y Vivienda, cuestionario ampliado (INEGI)",Personas de 18 años o más con discapacidad,censo
distribucion,Distribución por dominio de dificultad,2020,Hombres,Con discapacidad,Tabasco,30-44,Mental,0.0,7619.0,530.0,"Censo de Población y Vivienda, cuestionario ampliado (INEGI)",Personas de 18 años o más con discapacidad,censo
distribucion,Distribución por dominio de dificultad,2020,Hombres,Con discapacidad,Tabasco,45-59,Mental,0.0,13996.0,920.0,"Censo de Población y Vivienda, cuestionario ampliado (INEGI)",Personas de 18 años o más con discapacidad,censo
distribucion,Distribución por dominio de dificultad,2020,Hombres,Con discapacidad,Tabasco,60+,Mental,0.0,30592.0,2114.0,"Censo de Población y Vivienda, cuestionario ampliado (INEGI)",Personas de 18 años o más con discapacidad,censo
distribucion,Distribución por dominio de dificultad,2020,Hombres,Con discapacidad,Tamaulipas,18-29,Mental,0.0,5668.0,386.0,"Censo de Población y Vivienda, cuestionario ampliado (INEGI)",Personas de 18 años o más con discapacidad,censo
distribucion,Distribución por dominio de dificultad,2020,Hombres,Con discapacidad,Tamaulipas,30-44,Mental,0.0,7779.0,574.0,"Censo de Población y Vivienda, cuestionario ampliado (INEGI)",Personas de 18 años o más con discapacidad,censo
distribucion,Distribución por dominio de dificultad,2020,Hombres,Con discapacidad,Tamaulipas,45-59,Mental,0.0,15816.0,1149.0,"Censo de Población y Vivienda, cuestionario ampliado (INEGI)",Personas de 18 años o más con discapacidad,censo
distribucion,Distribución por dominio de dificultad,2020,Hombres,Con discapacidad,Tamaulipas,60+,Mental,0.0,37158.0,3555.0,"Censo de Población y Vivienda, cuestionario ampliado (INEGI)",Personas de 18 años o más con discapacidad,censo
distribucion,Distribución por dominio de dificultad,2020,Hombres,Con discapacidad,Tlaxcala,18-29,Mental,0.0,2584.0,638.0,"Censo de Población y Vivienda, cuestionario ampliado (INEGI)",Personas de 18 años o más con discapacidad,censo
distribucion,Distribución por dominio de dificultad,2020,Hombres,Con discapacidad,Tlaxcala,30-44,Mental,0.0,2996.0,733.0,"Censo de Población y Vivienda, cuestionario ampliado (INEGI)",Personas de 18 años o más con discapacidad,censo
distribucion,Distribución por dominio de dificultad,2020,Hombres,Con discapacidad,Tlaxcala,45-59,Mental,0.0,4199.0,1082.0,"Censo de Población y Vivienda, cuestionario ampliado (INEGI)",Personas de 18 años o más con discapacidad,censo
distribucion,Distribución por dominio de dificultad,2020,Hombres,Con discapacidad,Tlaxcala,60+,Mental,0.0,11957.0,3117.0,"Censo de Población y Vivienda, cuestionario ampliado (INEGI)",Personas de 18 años o más con discapacidad,censo
distribucion,Distribución por dominio de dificultad,2020,Hombres,Con discapacidad,Veracruz,18-29,Mental,0.0,14981.0,2776.0,"Censo de Población y Vivienda, cuestionario ampliado (INEGI)",Personas de 18 años o más con discapacidad,censo
distribucion,Distribución por dominio de dificultad,2020,Hombres,Con discapacidad,Veracruz,30-44,Mental,0.0,20980.0,3931.0,"Censo de Población y Vivienda, cuestionario ampliado (INEGI)",Personas de 18 años o más con discapacidad,censo
distribucion,Distribución por dominio de dificultad,2020,Hombres,Con discapacidad,Veracruz,45-59,Mental,0.0,39133.0,6822.0,"Censo de Población y Vivienda, cuestionario ampliado (INEGI)",Personas de 18 años o más con discapacidad,censo
distribucion,Distribución por dominio de dificultad,2020,Hombres,Con discapacidad,Veracruz,60+,Mental,0.0,108670.0,18980.0,"Censo de Población y Vivienda, cuestionario ampliado (INEGI)",Personas de 18 años o más con discapacidad,censo
distribucion,Distribución por dominio de dificultad,2020,Hombres,Con discapacidad,Yucatán,18-29,Mental,0.0,4723.0,1031.0,"Censo de Población y Vivienda, cuestionario ampliado (INEGI)",Personas de 18 años o más con discapacidad,censo
distribucion,Distribución por dominio de dificultad,2020,Hombres,Con discapacidad,Yucatán,30-44,Mental,0.0,6207.0,1464.0,"Censo de Población y Vivienda, cuestionario ampliado (INEGI)",Personas de 18 años o más con discapacidad,censo
distribucion,Distribución por dominio de dificultad,2020,Hombres,Con discapacidad,Yucatán,45-59,Mental,0.0,10974.0,2356.0,"Censo de Población y Vivienda, cuestionario ampliado (INEGI)",Personas de 18 años o más con discapacidad,censo
distribucion,Distribución por dominio de dificultad,2020,Hombres,Con discapacidad,Yucatán,60+,Mental,0.0,30468.0,7203.0,"Censo de Población y Vivienda, cuestionario ampliado (INEGI)",Personas de 18 años o más con discapacidad,censo
distribucion,Distribución por dominio de dificultad,2020,Hombres,Con discapacidad,Zacatecas,18-29,Mental,0.0,3341.0,583.0,"Censo de Población y Vivienda, cuestionario ampliado (INEGI)",Personas de 18 años o más con discapacidad,censo
distribucion,Distribución por dominio de dificultad,2020,Hombres,Con discapacidad,Zacatecas,30-44,Mental,0.0,4546.0,850.0,"Censo de Población y Vivienda, cuestionario ampliado (INEGI)",Personas de 18 años o más con discapacidad,censo
distribucion,Distribución por dominio de dificultad,2020,Hombres,Con discapacidad,Zacatecas,45-59,Mental,0.0,7061.0,1404.0,"Censo de Población y Vivienda, cuestionario ampliado (INEGI)",Personas de 18 años o más con discapacidad,censo
distribucion,Distribución por dominio de dificultad,2020,Hombres,Con discapacidad,Zacatecas,60+,Mental,0.0,21794.0,4760.0,"Censo de Población y Vivienda, cuestionario ampliado (INEGI)",Personas de 18 años o más con discapacidad,censo
distribucion,Distribución por dominio de dificultad,2020,Mujeres,Con discapacidad,Aguascalientes,18-29,Mental,0.0,3506.0,217.0,"Censo de Población y Vivienda, cuestionario ampliado (INEGI)",Personas de 18 años o más con discapacidad,censo
distribucion,Distribución por dominio de dificultad,2020,Mujeres,Con discapacidad,Aguascalientes,30-44,Mental,0.0,4696.0,267.0,"Censo de Población y Vivienda, cuestionario ampliado (INEGI)",Personas de 18 años o más con discapacidad,censo
distribucion,Distribución por dominio de dificultad,2020,Mujeres,Con discapacidad,Aguascalientes,45-59,Mental,0.0,8947.0,531.0,"Censo de Población y Vivienda, cuestionario ampliado (INEGI)",Personas de 18 años o más con discapacidad,censo
distribucion,Distribución por dominio de dificultad,2020,Mujeres,Con discapacidad,Aguascalientes,60+,Mental,0.0,18099.0,1219.0,"Censo de Población y Vivienda, cuestionario ampliado (INEGI)",Personas de 18 años o más con discapacidad,censo
distribucion,Distribución por dominio de dificultad,2020,Mujeres,Con discapacidad,Baja California,18-29,Mental,0.0,8274.0,167.0,"Censo de Población y Vivienda, cuestionario ampliado (INEGI)",Personas de 18 años o más con discapacidad,censo
distribucion,Distribución por dominio de dificultad,2020,Mujeres,Con discapacidad,Baja California,30-44,Mental,0.0,9732.0,201.0,"Censo de Población y Vivienda, cuestionario ampliado (INEGI)",Personas de 18 años o más con discapacidad,censo
distribucion,Distribución por dominio de dificultad,2020,Mujeres,Con discapacidad,Baja California,45-59,Mental,0.0,20331.0,431.0,"Censo de Población y Vivienda, cuestionario ampliado (INEGI)",Personas de 18 años o más con discapacidad,censo
distribucion,Distribución por dominio de dificultad,2020,Mujeres,Con discapacidad,Baja California,60+,Mental,0.0,41033.0,903.0,"Censo de Población y Vivienda, cuestionario ampliado (INEGI)",Personas de 18 años o más con discapacidad,censo
distribucion,Distribución por dominio de dificultad,2020,Mujeres,Con discapacidad,Baja California Sur,18-29,Mental,0.0,1222.0,72.0,"Censo de Población y Vivienda, cuestionario ampliado (INEGI)",Personas de 18 años o más con discapacidad,censo
distribucion,Distribución por dominio de dificultad,2020,Mujeres,Con discapacidad,Baja California Sur,30-44,Mental,0.0,2030.0,121.0,"Censo de Población y Vivienda, cuestionario ampliado (INEGI)",Personas de 18 años o más con discapacidad,censo
distribucion,Distribución por dominio de dificultad,2020,Mujeres,Con discapacidad,Baja California Sur,45-59,Mental,0.0,3560.0,224.0,"Censo de Población y Vivienda, cuestionario ampliado (INEGI)",Personas de 18 años o más con discapacidad,censo
distribucion,Distribución por dominio de dificultad,2020,Mujeres,Con discapacidad,Baja California Sur,60+,Mental,0.0,7964.0,532.0,"Censo de Población y Vivienda, cuestionario ampliado (INEGI)",Personas de 18 años o más con discapacidad,censo
distribucion,Distribución por dominio de dificultad,2020,Mujeres,Con discapacidad,Campeche,18-29,Mental,0.0,1843.0,159.0,"Censo de Población y Vivienda, cuestionario ampliado (INEGI)",Personas de 18 años o más con discapacidad,censo
distribucion,Distribución por dominio de dificultad,2020,Mujeres,Con discapacidad,Campeche,30-44,Mental,0.0,3226.0,253.0,"Censo de Población y Vivienda, cuestionario ampliado (INEGI)",Personas de 18 años o más con discapacidad,censo
distribucion,Distribución por dominio de dificultad,2020,Mujeres,Con discapacidad,Campeche,45-59,Mental,0.0,6312.0,499.0,"Censo de Población y Vivienda, cuestionario ampliado (INEGI)",Personas de 18 años o más con discapacidad,censo
distribucion,Distribución por dominio de dificultad,2020,Mujeres,Con discapacidad,Campeche,60+,Mental,0.0,13958.0,1200.0,"Censo de Población y Vivienda, cuestionario ampliado (INEGI)",Personas de 18 años o más con discapacidad,censo
distribucion,Distribución por dominio de dificultad,2020,Mujeres,Con discapacidad,Chiapas,18-29,Mental,0.0,7278.0,1544.0,"Censo de Población y Vivienda, cuestionario ampliado (INEGI)",Personas de 18 años o más con discapacidad,censo
distribucion,Distribución por dominio de dificultad,2020,Mujeres,Con discapacidad,Chiapas,30-44,Mental,0.0,10596.0,2212.0,"Censo de Población y Vivienda, cuestionario ampliado (INEGI)",Personas de 18 años o más con discapacidad,censo
distribucion,Distribución por dominio de dificultad,2020,Mujeres,Con discapacidad,Chiapas,45-59,Mental,0.0,22210.0,4219.0,"Censo de Población y Vivienda, cuestionario ampliado (INEGI)",Personas de 18 años o más con discapacidad,censo
distribucion,Distribución por dominio de dificultad,2020,Mujeres,Con discapacidad,Chiapas,60+,Mental,0.0,54873.0,11188.0,"Censo de Población y Vivienda, cuestionario ampliado (INEGI)",Personas de 18 años o más con discapacidad,censo
distribucion,Distribución por dominio de dificultad,2020,Mujeres,Con discapacidad,Chihuahua,18-29,Mental,0.0,5126.0,445.0,"Censo de Población y Vivienda, cuestionario ampliado (INEGI)",Personas de 18 años o más con discapacidad,censo
distribucion,Distribución por dominio de dificultad,2020,Mujeres,Con discapacidad,Chihuahua,30-44,Mental,0.0,7681.0,613.0,"Censo de Población y Vivienda, cuestionario ampliado (INEGI)",Personas de 18 años o más con discapacidad,censo
distribucion,Distribución por dominio de dificultad,2020,Mujeres,Con discapacidad,Chihuahua,45-59,Mental,0.0,16252.0,1366.0,"Censo de Población y Vivienda, cuestionario ampliado (INEGI)",Personas de 18 años o más con discapacidad,censo
distribucion,Distribución por dominio de dificultad,2020,Mujeres,Con discapacidad,Chihuahua,60+,Mental,0.0,49111.0,4786.0,"Censo de Población y Vivienda, cuestionario ampliado (INEGI)",Personas de 18 años o más con discapacidad,censo
distribucion,Distribución por dominio de dificultad,2020,Mujeres,Con discapacidad,Ciudad de México,18-29,Mental,0.0,17464.0,550.0,"Censo de Población y Vivienda, cuestionario ampliado (INEGI)",Personas de 18 años o más con discapacidad,censo
distribucion,Distribución por dominio de dificultad,2020,Mujeres,Con discapacidad,Ciudad de México,30-44,Mental,0.0,22651.0,728.0,"Censo de Población y Vivienda, cuestionario ampliado (INEGI)",Personas de 18 años o más con discapacidad,censo
distribucion,Distribución por dominio de dificultad,2020,Mujeres,Con discapacidad,Ciudad de México,45-59,Mental,0.0,53090.0,1623.0,"Censo de Población y Vivienda, cuestionario ampliado (INEGI)",Personas de 18 años o más con discapacidad,censo
distribucion,Distribución por dominio de dificultad,2020,Mujeres,Con discapacidad,Ciudad de México,60+,Mental,0.0,165757.0,4812.0,"Censo de Población y Vivienda, cuestionario ampliado (INEGI)",Personas de 18 años o más con discapacidad,censo
distribucion,Distribución por dominio de dificultad,2020,Mujeres,Con discapacidad,Coahuila,18-29,Mental,0.0,4815.0,385.0,"Censo de Población y Vivienda, cuestionario ampliado (INEGI)",Personas de 18 años o más con discapacidad,censo
distribucion,Distribución por dominio de dificultad,2020,Mujeres,Con discapacidad,Coahuila,30-44,Mental,0.0,5170.0,456.0,"Censo de Población y Vivienda, cuestionario ampliado (INEGI)",Personas de 18 años o más con discapacidad,censo
distribucion,Distribución por dominio de dificultad,2020,Mujeres,Con discapacidad,Coahuila,45-59,Mental,0.0,12672.0,1134.0,"Censo de Población y Vivienda, cuestionario ampliado (INEGI)",Personas de 18 años o más con discapacidad,censo
distribucion,Distribución por dominio de dificultad,2020,Mujeres,Con discapacidad,Coahuila,60+,Mental,0.0,32709.0,2815.0,"Censo de Población y Vivienda, cuestionario ampliado (INEGI)",Personas de 18 años o más con discapacidad,censo
distribucion,Distribución por dominio de dificultad,2020,Mujeres,Con discapacidad,Colima,18-29,Mental,0.0,1257.0,106.0,"Censo de Población y Vivienda, cuestionario ampliado (INEGI)",Personas de 18 años o más con discapacidad,censo
distribucion,Distribución por dominio de dificultad,2020,Mujeres,Con discapacidad,Colima,30-44,Mental,0.0,1889.0,155.0,"Censo de Población y Vivienda, cuestionario ampliado (INEGI)",Personas de 18 años o más con discapacidad,censo
distribucion,Distribución por dominio de dificultad,2020,Mujeres,Con discapacidad,Colima,45-59,Mental,0.0,4341.0,364.0,"Censo de Población y Vivienda, cuestionario ampliado (INEGI)",Personas de 18 años o más con discapacidad,censo
distribucion,Distribución por dominio de dificultad,2020,Mujeres,Con discapacidad,Colima,60+,Mental,0.0,10575.0,1008.0,"Censo de Población y Vivienda, cuestionario ampliado (INEGI)",Personas de 18 años o más con discapacidad,censo
distribucion,Distribución por dominio de dificultad,2020,Mujeres,Con discapacidad,Durango,18-29,Mental,0.0,3464.0,459.0,"Censo de Población y Vivienda, cuestionario ampliado (INEGI)",Personas de 18 años o más con discapacidad,censo
distribucion,Distribución por dominio de dificultad,2020,Mujeres,Con discapacidad,Durango,30-44,Mental,0.0,4402.0,638.0,"Censo de Población y Vivienda, cuestionario ampliado (INEGI)",Personas de 18 años o más con discapacidad,censo
distribucion,Distribución por dominio de dificultad,2020,Mujeres,Con discapacidad,Durango,45-59,Mental,0.0,9358.0,1328.0,"Censo de Población y Vivienda, cuestionario ampliado (INEGI)",Personas de 18 años o más con discapacidad,censo
distribucion,Distribución por dominio de dificultad,2020,Mujeres,Con discapacidad,Durango,60+,Mental,0.0,25741.0,4075.0,"Censo de Población y Vivienda, cuestionario ampliado (INEGI)",Personas de 18 años o más con discapacidad,censo
distribucion,Distribución por dominio de dificultad,2020,Mujeres,Con discapacidad,Guanajuato,18-29,Mental,0.0,11513.0,730.0,"Censo de Población y Vivienda, cuestionario ampliado (INEGI)",Personas de 18 años o más con discapacidad,censo
distribucion,Distribución por dominio de dificultad,2020,Mujeres,Con discapacidad,Guanajuato,30-44,Mental,0.0,15505.0,999.0,"Censo de Población y Vivienda, cuestionario ampliado (INEGI)",Personas de 18 años o más con discapacidad,censo
distribucion,Distribución por dominio de dificultad,2020,Mujeres,Con discapacidad,Guanajuato,45-59,Mental,0.0,29945.0,1937.0,"Censo de Población y Vivienda, cuestionario ampliado (INEGI)",Personas de 18 años o más con discapacidad,censo
distribucion,Distribución por dominio de dificultad,2020,Mujeres,Con discapacidad,Guanajuato,60+,Mental,0.0,78634.0,5980.0,"Censo de Población y Vivienda, cuestionario ampliado (INEGI)",Personas de 18 años o más con discapacidad,censo
distribucion,Distribución por dominio de dificultad,2020,Mujeres,Con discapacidad,Guerrero,18-29,Mental,0.0,6754.0,1454.0,"Censo de Población y Vivienda, cuestionario ampliado (INEGI)",Personas de 18 años o más con discapacidad,censo
distribucion,Distribución por dominio de dificultad,2020,Mujeres,Con discapacidad,Guerrero,30-44,Mental,0.0,9595.0,2081.0,"Censo de Población y Vivienda, cuestionario ampliado (INEGI)",Personas de 18 años o más con discapacidad,censo
distribucion,Distribución por dominio de dificultad,2020,Mujeres,Con discapacidad,Guerrero,45-59,Mental,0.0,20441.0,4163.0,"Censo de Población y Vivienda, cuestionario ampliado (INEGI)",Personas de 18 años o más con discapacidad,censo
distribucion,Distribución por dominio de dificultad,2020,Mujeres,Con discapacidad,Guerrero,60+,Mental,0.0,63558.0,12862.0,"Censo de Población y Vivienda, cuestionario ampliado (INEGI)",Personas de 18 años o más con discapacidad,censo
distribucion,Distribución por dominio de dificultad,2020,Mujeres,Con discapacidad,Hidalgo,18-29,Mental,0.0,6022.0,946.0,"Censo de Población y Vivienda, cuestionario ampliado (INEGI)",Personas de 18 años o más con discapacidad,censo
distribucion,Distribución por dominio de dificultad,2020,Mujeres,Con discapacidad,Hidalgo,30-44,Mental,0.0,9341.0,1480.0,"Censo de Población y Vivienda, cuestionario ampliado (INEGI)",Personas de 18 años o más con discapacidad,censo
distribucion,Distribución por dominio de dificultad,2020,Mujeres,Con discapacidad,Hidalgo,45-59,Mental,0.0,16418.0,2693.0,"Censo de Población y Vivienda, cuestionario ampliado (INEGI)",Personas de 18 años o más con discapacidad,censo
distribucion,Distribución por dominio de dificultad,2020,Mujeres,Con discapacidad,Hidalgo,60+,Mental,0.0,46197.0,8310.0,"Censo de Población y Vivienda, cuestionario ampliado (INEGI)",Personas de 18 años o más con discapacidad,censo
distribucion,Distribución por dominio de dificultad,2020,Mujeres,Con discapacidad,Jalisco,18-29,Mental,0.0,12293.0,1268.0,"Censo de Población y Vivienda, cuestionario ampliado (INEGI)",Personas de 18 años o más con discapacidad,censo
distribucion,Distribución por dominio de dificultad,2020,Mujeres,Con discapacidad,Jalisco,30-44,Mental,0.0,17416.0,1854.0,"Censo de Población y Vivienda, cuestionario ampliado (INEGI)",Personas de 18 años o más con discapacidad,censo
distribucion,Distribución por dominio de dificultad,2020,Mujeres,Con discapacidad,Jalisco,45-59,Mental,0.0,39239.0,3938.0,"Censo de Población y Vivienda, cuestionario ampliado (INEGI)",Personas de 18 años o más con discapacidad,censo
distribucion,Distribución por dominio de dificultad,2020,Mujeres,Con discapacidad,Jalisco,60+,Mental,0.0,114952.0,12376.0,"Censo de Población y Vivienda, cuestionario ampliado (INEGI)",Personas de 18 años o más con discapacidad,censo
distribucion,Distribución por dominio de dificultad,2020,Mujeres,Con discapacidad,Michoacán,18-29,Mental,0.0,8783.0,1202.0,"Censo de Población y Vivienda, cuestionario ampliado (INEGI)",Personas de 18 años o más con discapacidad,censo
distribucion,Distribución por dominio de dificultad,2020,Mujeres,Con discapacidad,Michoacán,30-44,Mental,0.0,12461.0,1835.0,"Censo de Población y Vivienda, cuestionario ampliado (INEGI)",Personas de 18 años o más con discapacidad,censo
distribucion,Distribución por dominio de dificultad,2020,Mujeres,Con discapacidad,Michoacán,45-59,Mental,0.0,24334.0,3855.0,"Censo de Población y Vivienda, cuestionario ampliado (INEGI)",Personas de 18 años o más con discapacidad,censo
distribucion,Distribución por dominio de dificultad,2020,Mujeres,Con discapacidad,Michoacán,60+,Mental,0.0,76684.0,12845.0,"Censo de Población y Vivienda, cuestionario ampliado (INEGI)",Personas de 18 años o más con discapacidad,censo
distribucion,Distribución por dominio de dificultad,2020,Mujeres,Con discapacidad,Morelos,18-29,Mental,0.0,3675.0,425.0,"Censo de Población y Vivienda, cuestionario ampliado (INEGI)",Personas de 18 años o más con discapacidad,censo
distribucion,Distribución por dominio de dificultad,2020,Mujeres,Con discapacidad,Morelos,30-44,Mental,0.0,5276.0,602.0,"Censo de Población y Vivienda, cuestionario ampliado (INEGI)",Personas de 18 años o más con discapacidad,censo
distribucion,Distribución por dominio de dificultad,2020,Mujeres,Con discapacidad,Morelos,45-59,Mental,0.0,11197.0,1326.0,"Censo de Población y Vivienda, cuestionario ampliado (INEGI)",Personas de 18 años o más con discapacidad,censo
distribucion,Distribución por dominio de dificultad,2020,Mujeres,Con discapacidad,Morelos,60+,Mental,0.0,31334.0,3700.0,"Censo de Población y Vivienda, cuestionario ampliado (INEGI)",Personas de 18 años o más con discapacidad,censo
distribucion,Distribución por dominio de dificultad,2020,Mujeres,Con discapacidad,México,18-29,Mental,0.0,29632.0,2085.0,"Censo de Población y Vivienda, cuestionario ampliado (INEGI)",Personas de 18 años o más con discapacidad,censo
distribucion,Distribución por dominio de dificultad,2020,Mujeres,Con discapacidad,México,30-44,Mental,0.0,40067.0,2807.0,"Censo de Población y Vivienda, cuestionario ampliado (INEGI)",Personas de 18 años o más con discapacidad,censo
distribucion,Distribución por dominio de dificultad,2020,Mujeres,Con discapacidad,México,45-59,Mental,0.0,80658.0,5498.0,"Censo de Población y Vivienda, cuestionario ampliado (INEGI)",Personas de 18 años o más con discapacidad,censo
distribucion,Distribución por dominio de dificultad,2020,Mujeres,Con discapacidad,México,60+,Mental,0.0,193790.0,13467.0,"Censo de Población y Vivienda, cuestionario ampliado (INEGI)",Personas de 18 años o más con discapacidad,censo
distribucion,Distribución por dominio de dificultad,2020,Mujeres,Con discapacidad,Nayarit,18-29,Mental,0.0,2480.0,315.0,"Censo de Población y Vivienda, cuestionario ampliado (INEGI)",Personas de 18 años o más con discapacidad,censo
distribucion,Distribución por dominio de dificultad,2020,Mujeres,Con discapacidad,Nayarit,30-44,Mental,0.0,3190.0,432.0,"Censo de Población y Vivienda, cuestionario ampliado (INEGI)",Personas de 18 años o más con discapacidad,censo
distribucion,Distribución por dominio de dificultad,2020,Mujeres,Con discapacidad,Nayarit,45-59,Mental,0.0,6120.0,873.0,"Censo de Población y Vivienda, cuestionario ampliado (INEGI)",Personas de 18 años o más con discapacidad,censo
distribucion,Distribución por dominio de dificultad,2020,Mujeres,Con discapacidad,Nayarit,60+,Mental,0.0,19117.0,2673.0,"Censo de Población y Vivienda, cuestionario ampliado (INEGI)",Personas de 18 años o más con discapacidad,censo
distribucion,Distribución por dominio de dificultad,2020,Mujeres,Con discapacidad,Nuevo León,18-29,Mental,0.0,8856.0,561.0,"Censo de Población y Vivienda, cuestionario ampliado (INEGI)",Personas de 18 años o más con discapacidad,censo
distribucion,Distribución por dominio de dificultad,2020,Mujeres,Con discapacidad,Nuevo León,30-44,Mental,0.0,9407.0,657.0,"Censo de Población y Vivienda, cuestionario ampliado (INEGI)",Personas de 18 años o más con discapacidad,censo
distribucion,Distribución por dominio de dificultad,2020,Mujeres,Con discapacidad,Nuevo León,45-59,Mental,0.0,20549.0,1375.0,"Censo de Población y Vivienda, cuestionario ampliado (INEGI)",Personas de 18 años o más con discapacidad,censo
distribucion,Distribución por dominio de dificultad,2020,Mujeres,Con discapacidad,Nuevo León,60+,Mental,0.0,58677.0,3869.0,"Censo de Población y Vivienda, cuestionario ampliado (INEGI)",Personas de 18 años o más con discapacidad,censo
distribucion,Distribución por dominio de dificultad,2020,Mujeres,Con discapacidad,Oaxaca,18-29,Mental,0.0,8385.0,4213.0,"Censo de Población y Vivienda, cuestionario ampliado (INEGI)",Personas de 18 años o más con discapacidad,censo
distribucion,Distribución por dominio de dificultad,2020,Mujeres,Con discapacidad,Oaxaca,30-44,Mental,0.0,13259.0,6389.0,"Censo de Población y Vivienda, cuestionario ampliado (INEGI)",Personas de 18 años o más con discapacidad,censo
distribucion,Distribución por dominio de dificultad,2020,Mujeres,Con discapacidad,Oaxaca,45-59,Mental,0.0,26339.0,12854.0,"Censo de Población y Vivienda, cuestionario ampliado (INEGI)",Personas de 18 años o más con discapacidad,censo
distribucion,Distribución por dominio de dificultad,2020,Mujeres,Con discapacidad,Oaxaca,60+,Mental,0.0,79019.0,41760.0,"Censo de Población y Vivienda, cuestionario ampliado (INEGI)",Personas de 18 años o más con discapacidad,censo
distribucion,Distribución por dominio de dificultad,2020,Mujeres,Con discapacidad,Puebla,18-29,Mental,0.0,11486.0,2420.0,"Censo de Población y Vivienda, cuestionario ampliado (INEGI)",Personas de 18 años o más con discapacidad,censo
distribucion,Distribución por dominio de dificultad,2020,Mujeres,Con discapacidad,Puebla,30-44,Mental,0.0,15867.0,3375.0,"Censo de Población y Vivienda, cuestionario ampliado (INEGI)",Personas de 18 años o más con discapacidad,censo
distribucion,Distribución por dominio de dificultad,2020,Mujeres,Con discapacidad,Puebla,45-59,Mental,0.0,27458.0,6111.0,"Censo de Población y Vivienda, cuestionario ampliado (INEGI)",Personas de 18 años o más con discapacidad,censo
distribucion,Distribución por dominio de dificultad,2020,Mujeres,Con discapacidad,Puebla,60+,Mental,0.0,85414.0,20397.0,"Censo de Población y Vivienda, cuestionario ampliado (INEGI)",Personas de 18 años o más con discapacidad,censo
distribucion,Distribución por dominio de dificultad,2020,Mujeres,Con discapacidad,Querétaro,18-29,Mental,0.0,3752.0,266.0,"Censo de Población y Vivienda, cuestionario ampliado (INEGI)",Personas de 18 años o más con discapacidad,censo
distribucion,Distribución por dominio de dificultad,2020,Mujeres,Con discapacidad,Querétaro,30-44,Mental,0.0,4522.0,336.0,"Censo de Población y Vivienda, cuestionario ampliado (INEGI)",Personas de 18 años o más con discapacidad,censo
distribucion,Distribución por dominio de dificultad,2020,Mujeres,Con discapacidad,Querétaro,45-59,Mental,0.0,9722.0,655.0,"Censo de Población y Vivienda, cuestionario ampliado (INEGI)",Personas de 18 años o más con discapacidad,censo
distribucion,Distribución por dominio de dificultad,2020,Mujeres,Con discapacidad,Querétaro,60+,Mental,0.0,25287.0,1949.0,"Censo de Población y Vivienda, cuestionario ampliado (INEGI)",Personas de 18 años o más con discapacidad,censo
distribucion,Distribución por dominio de dificultad,2020,Mujeres,Con discapacidad,Quintana Roo,18-29,Mental,0.0,4273.0,162.0,"Censo de Población y Vivienda, cuestionario ampliado (INEGI)",Personas de 18 años o más con discapacidad,censo
distribucion,Distribución por dominio de dificultad,2020,Mujeres,Con discapacidad,Quintana Roo,30-44,Mental,0.0,3877.0,186.0,"Censo de Población y Vivienda, cuestionario ampliado (INEGI)",Personas de 18 años o más con discapacidad,censo
distribucion,Distribución por dominio de dificultad,2020,Mujeres,Con discapacidad,Quintana Roo,45-59,Mental,0.0,7981.0,328.0,"Censo de Población y Vivienda, cuestionario ampliado (INEGI)",Personas de 18 años o más con discapacidad,censo
distribucion,Distribución por dominio de dificultad,2020,Mujeres,Con discapacidad,Quintana Roo,60+,Mental,0.0,10406.0,579.0,"Censo de Población y Vivienda, cuestionario ampliado (INEGI)",Personas de 18 años o más con discapacidad,censo
distribucion,Distribución por dominio de dificultad,2020,Mujeres,Con discapacidad,San Luis Potosí,18-29,Mental,0.0,4834.0,649.0,"Censo de Población y Vivienda, cuestionario ampliado (INEGI)",Personas de 18 años o más con discapacidad,censo
distribucion,Distribución por dominio de dificultad,2020,Mujeres,Con discapacidad,San Luis Potosí,30-44,Mental,0.0,6746.0,869.0,"Censo de Población y Vivienda, cuestionario ampliado (INEGI)",Personas de 18 años o más con discapacidad,censo
distribucion,Distribución por dominio de dificultad,2020,Mujeres,Con discapacidad,San Luis Potosí,45-59,Mental,0.0,12861.0,1877.0,"Censo de Población y Vivienda, cuestionario ampliado (INEGI)",Personas de 18 años o más con discapacidad,censo
distribucion,Distribución por dominio de dificultad,2020,Mujeres,Con discapacidad,San Luis Potosí,60+,Mental,0.0,41201.0,6317.0,"Censo de Población y Vivienda, cuestionario ampliado (INEGI)",Personas de 18 años o más con discapacidad,censo
distribucion,Distribución por dominio de dificultad,2020,Mujeres,Con discapacidad,Sinaloa,18-29,Mental,0.0,4942.0,285.0,"Censo de Población y Vivienda, cuestionario ampliado (INEGI)",Personas de 18 años o más con discapacidad,censo
distribucion,Distribución por dominio de dificultad,2020,Mujeres,Con discapacidad,Sinaloa,30-44,Mental,0.0,6985.0,413.0,"Censo de Población y Vivienda, cuestionario ampliado (INEGI)",Personas de 18 años o más con discapacidad,censo
distribucion,Distribución por dominio de dificultad,2020,Mujeres,Con discapacidad,Sinaloa,45-59,Mental,0.0,15730.0,915.0,"Censo de Población y Vivienda, cuestionario ampliado (INEGI)",Personas de 18 años o más con discapacidad,censo
distribucion,Distribución por dominio de dificultad,2020,Mujeres,Con discapacidad,Sinaloa,60+,Mental,0.0,46790.0,2762.0,"Censo de Población y Vivienda, cuestionario ampliado (INEGI)",Personas de 18 años o más con discapacidad,censo
distribucion,Distribución por dominio de dificultad,2020,Mujeres,Con discapacidad,Sonora,18-29,Mental,0.0,5553.0,510.0,"Censo de Población y Vivienda, cuestionario ampliado (INEGI)",Personas de 18 años o más con discapacidad,censo
distribucion,Distribución por dominio de dificultad,2020,Mujeres,Con discapacidad,Sonora,30-44,Mental,0.0,7180.0,630.0,"Censo de Población y Vivienda, cuestionario ampliado (INEGI)",Personas de 18 años o más con discapacidad,censo
distribucion,Distribución por dominio de dificultad,2020,Mujeres,Con discapacidad,Sonora,45-59,Mental,0.0,16085.0,1612.0,"Censo de Población y Vivienda, cuestionario ampliado (INEGI)",Personas de 18 años o más con discapacidad,censo
distribucion,Distribución por dominio de dificultad,2020,Mujeres,Con discapacidad,Sonora,60+,Mental,0.0,40252.0,4506.0,"Censo de Población y Vivienda, cuestionario ampliado (INEGI)",Personas de 18 años o más con discapacidad,censo
distribucion,Distribución por dominio de dificultad,2020,Mujeres,Con discapacidad,Tabasco,18-29,Mental,0.0,5731.0,338.0,"Censo de Población y Vivienda, cuestionario ampliado (INEGI)",Personas de 18 años o más con discapacidad,censo
distribucion,Distribución por dominio de dificultad,2020,Mujeres,Con discapacidad,Tabasco,30-44,Mental,0.0,7812.0,471.0,"Censo de Población y Vivienda, cuestionario ampliado (INEGI)",Personas de 18 años o más con discapacidad,censo
distribucion,Distribución por dominio de dificultad,2020,Mujeres,Con discapacidad,Tabasco,45-59,Mental,0.0,17157.0,1085.0,"Censo de Población y Vivienda, cuestionario ampliado (INEGI)",Personas de 18 años o más con discapacidad,censo
distribucion,Distribución por dominio de dificultad,2020,Mujeres,Con discapacidad,Tabasco,60+,Mental,0.0,38455.0,2646.0,"Censo de Población y Vivienda, cuestionario ampliado (INEGI)",Personas de 18 años o más con discapacidad,censo
distribucion,Distribución por dominio de dificultad,2020,Mujeres,Con discapacidad,Tamaulipas,18-29,Mental,0.0,4736.0,302.0,"Censo de Población y Vivienda, cuestionario ampliado (INEGI)",Personas de 18 años o más con discapacidad,censo
distribucion,Distribución por dominio de dificultad,2020,Mujeres,Con discapacidad,Tamaulipas,30-44,Mental,0.0,7450.0,507.0,"Censo de Población y Vivienda, cuestionario ampliado (INEGI)",Personas de 18 años o más con discapacidad,censo
distribucion,Distribución por dominio de dificultad,2020,Mujeres,Con discapacidad,Tamaulipas,45-59,Mental,0.0,19450.0,1347.0,"Censo de Población y Vivienda, cuestionario ampliado (INEGI)",Personas de 18 años o más con discapacidad,censo
distribucion,Distribución por dominio de dificultad,2020,Mujeres,Con discapacidad,Tamaulipas,60+,Mental,0.0,48814.0,3975.0,"Censo de Población y Vivienda, cuestionario ampliado (INEGI)",Personas de 18 años o más con discapacidad,censo
distribucion,Distribución por dominio de dificultad,2020,Mujeres,Con discapacidad,Tlaxcala,18-29,Mental,0.0,2216.0,549.0,"Censo de Población y Vivienda, cuestionario ampliado (INEGI)",Personas de 18 años o más con discapacidad,censo
distribucion,Distribución por dominio de dificultad,2020,Mujeres,Con discapacidad,Tlaxcala,30-44,Mental,0.0,3094.0,734.0,"Censo de Población y Vivienda, cuestionario ampliado (INEGI)",Personas de 18 años o más con discapacidad,censo
distribucion,Distribución por dominio de dificultad,2020,Mujeres,Con discapacidad,Tlaxcala,45-59,Mental,0.0,5511.0,1372.0,"Censo de Población y Vivienda, cuestionario ampliado (INEGI)",Personas de 18 años o más con discapacidad,censo
distribucion,Distribución por dominio de dificultad,2020,Mujeres,Con discapacidad,Tlaxcala,60+,Mental,0.0,15298.0,3793.0,"Censo de Población y Vivienda, cuestionario ampliado (INEGI)",Personas de 18 años o más con discapacidad,censo
distribucion,Distribución por dominio de dificultad,2020,Mujeres,Con discapacidad,Veracruz,18-29,Mental,0.0,13567.0,2429.0,"Censo de Población y Vivienda, cuestionario ampliado (INEGI)",Personas de 18 años o más con discapacidad,censo
distribucion,Distribución por dominio de dificultad,2020,Mujeres,Con discapacidad,Veracruz,30-44,Mental,0.0,20792.0,3754.0,"Censo de Población y Vivienda, cuestionario ampliado (INEGI)",Personas de 18 años o más con discapacidad,censo
distribucion,Distribución por dominio de dificultad,2020,Mujeres,Con discapacidad,Veracruz,45-59,Mental,0.0,47807.0,8255.0,"Censo de Población y Vivienda, cuestionario ampliado (INEGI)",Personas de 18 años o más con discapacidad,censo
distribucion,Distribución por dominio de dificultad,2020,Mujeres,Con discapacidad,Veracruz,60+,Mental,0.0,137828.0,22413.0,"Censo de Población y Vivienda, cuestionario ampliado (INEGI)",Personas de 18 años o más con discapacidad,censo
distribucion,Distribución por dominio de dificultad,2020,Mujeres,Con discapacidad,Yucatán,18-29,Mental,0.0,4797.0,823.0,"Censo de Población y Vivienda, cuestionario ampliado (INEGI)",Personas de 18 años o más con discapacidad,censo
distribucion,Distribución por dominio de dificultad,2020,Mujeres,Con discapacidad,Yucatán,30-44,Mental,0.0,6343.0,1272.0,"Censo de Población y Vivienda, cuestionario ampliado (INEGI)",Personas de 18 años o más con discapacidad,censo
distribucion,Distribución por dominio de dificultad,2020,Mujeres,Con discapacidad,Yucatán,45-59,Mental,0.0,13921.0,2733.0,"Censo de Población y Vivienda, cuestionario ampliado (INEGI)",Personas de 18 años o más con discapacidad,censo
distribucion,Distribución por dominio de dificultad,2020,Mujeres,Con discapacidad,Yucatán,60+,Mental,0.0,37588.0,7493.0,"Censo de Población y Vivienda, cuestionario ampliado (INEGI)",Personas de 18 años o más con discapacidad,censo
distribucion,Distribución por dominio de dificultad,2020,Mujeres,Con discapacidad,Zacatecas,18-29,Mental,0.0,3326.0,621.0,"Censo de Población y Vivienda, cuestionario ampliado (INEGI)",Personas de 18 años o más con discapacidad,censo
distribucion,Distribución por dominio de dificultad,2020,Mujeres,Con discapacidad,Zacatecas,30-44,Mental,0.0,4141.0,813.0,"Censo de Población y Vivienda, cuestionario ampliado (INEGI)",Personas de 18 años o más con discapacidad,censo
distribucion,Distribución por dominio de dificultad,2020,Mujeres,Con discapacidad,Zacatecas,45-59,Mental,0.0,9235.0,1705.0,"Censo de Población y Vivienda, cuestionario ampliado (INEGI)",Personas de 18 años o más con discapacidad,censo
distribucion,Distribución por dominio de dificultad,2020,Mujeres,Con discapacidad,Zacatecas,60+,Mental,0.0,26281.0,5519.0,"Censo de Población y Vivienda, cuestionario ampliado (INEGI)",Personas de 18 años o más con discapacidad,censo
