tema,indicador,anio,sexo,disc,entidad,rango_edad,tipo_discapacidad,num,den,casos,fuente,universo,encuesta
hogar,Es jefa o jefe del hogar,2020,Hombres,Con discapacidad,Aguascalientes,18-29,Bañarse o vestirse,0.0,355.0,2.0,ENIGH (INEGI),Personas de 18 años o más,enigh
hogar,Es jefa o jefe del hogar,2020,Hombres,Con discapacidad,Aguascalientes,18-29,Brazos o manos,0.0,413.0,3.0,ENIGH (INEGI),Personas de 18 años o más,enigh
hogar,Es jefa o jefe del hogar,2020,Hombres,Con discapacidad,Aguascalientes,18-29,Caminar,171.0,1430.0,8.0,ENIGH (INEGI),Personas de 18 años o más,enigh
hogar,Es jefa o jefe del hogar,2020,Hombres,Con discapacidad,Aguascalientes,18-29,Hablar o comunicarse,0.0,678.0,4.0,ENIGH (INEGI),Personas de 18 años o más,enigh
hogar,Es jefa o jefe del hogar,2020,Hombres,Con discapacidad,Aguascalientes,18-29,Mental,0.0,893.0,7.0,ENIGH (INEGI),Personas de 18 años o más,enigh
hogar,Es jefa o jefe del hogar,2020,Hombres,Con discapacidad,Aguascalientes,18-29,Oír,80.0,315.0,3.0,ENIGH (INEGI),Personas de 18 años o más,enigh
hogar,Es jefa o jefe del hogar,2020,Hombres,Con discapacidad,Aguascalientes,18-29,Recordar o concentrarse,171.0,1680.0,11.0,ENIGH (INEGI),Personas de 18 años o más,enigh
hogar,Es jefa o jefe del hogar,2020,Hombres,Con discapacidad,Aguascalientes,18-29,Ver,455.0,1689.0,11.0,ENIGH (INEGI),Personas de 18 años o más,enigh
hogar,Es jefa o jefe del hogar,2020,Hombres,Con discapacidad,Aguascalientes,30-44,Bañarse o vestirse,183.0,480.0,4.0,ENIGH (INEGI),Personas de 18 años o más,enigh
hogar,Es jefa o jefe del hogar,2020,Hombres,Con discapacidad,Aguascalientes,30-44,Brazos o manos,317.0,932.0,7.0,ENIGH (INEGI),Personas de 18 años o más,enigh
hogar,Es jefa o jefe del hogar,2020,Hombres,Con discapacidad,Aguascalientes,30-44,Caminar,744.0,1901.0,15.0,ENIGH (INEGI),Personas de 18 años o más,enigh
hogar,Es jefa o jefe del hogar,2020,Hombres,Con discapacidad,Aguascalientes,30-44,Hablar o comunicarse,0.0,297.0,3.0,ENIGH (INEGI),Personas de 18 años o más,enigh
hogar,Es jefa o jefe del hogar,2020,Hombres,Con discapacidad,Aguascalientes,30-44,Mental,0.0,494.0,7.0,ENIGH (INEGI),Personas de 18 años o más,enigh
hogar,Es jefa o jefe del hogar,2020,Hombres,Con discapacidad,Aguascalientes,30-44,Oír,254.0,490.0,4.0,ENIGH (INEGI),Personas de 18 años o más,enigh
hogar,Es jefa o jefe del hogar,2020,Hombres,Con discapacidad,Aguascalientes,30-44,Recordar o concentrarse,280.0,710.0,7.0,ENIGH (INEGI),Personas de 18 años o más,enigh
hogar,Es jefa o jefe del hogar,2020,Hombres,Con discapacidad,Aguascalientes,30-44,Ver,1481.0,2107.0,13.0,ENIGH (INEGI),Personas de 18 años o más,enigh
hogar,Es jefa o jefe del hogar,2020,Hombres,Con discapacidad,Aguascalientes,45-59,Bañarse o vestirse,64.0,498.0,4.0,ENIGH (INEGI),Personas de 18 años o más,enigh
hogar,Es jefa o jefe del hogar,2020,Hombres,Con discapacidad,Aguascalientes,45-59,Brazos o manos,738.0,1047.0,7.0,ENIGH (INEGI),Personas de 18 años o más,enigh
hogar,Es jefa o jefe del hogar,2020,Hombres,Con discapacidad,Aguascalientes,45-59,Caminar,3805.0,4955.0,33.0,ENIGH (INEGI),Personas de 18 años o más,enigh
hogar,Es jefa o jefe del hogar,2020,Hombres,Con discapacidad,Aguascalientes,45-59,Hablar o comunicarse,0.0,573.0,4.0,ENIGH (INEGI),Personas de 18 años o más,enigh
hogar,Es jefa o jefe del hogar,2020,Hombres,Con discapacidad,Aguascalientes,45-59,Mental,1022.0,1335.0,9.0,ENIGH (INEGI),Personas de 18 años o más,enigh
hogar,Es jefa o jefe del hogar,2020,Hombres,Con discapacidad,Aguascalientes,45-59,Oír,1761.0,2194.0,12.0,ENIGH (INEGI),Personas de 18 años o más,enigh
hogar,Es jefa o jefe del hogar,2020,Hombres,Con discapacidad,Aguascalientes,45-59,Recordar o concentrarse,1248.0,1621.0,9.0,ENIGH (INEGI),Personas de 18 años o más,enigh
hogar,Es jefa o jefe del hogar,2020,Hombres,Con discapacidad,Aguascalientes,45-59,Ver,3479.0,3717.0,26.0,ENIGH (INEGI),Personas de 18 años o más,enigh
hogar,Es jefa o jefe del hogar,2020,Hombres,Con discapacidad,Aguascalientes,60+,Bañarse o vestirse,2496.0,3804.0,29.0,ENIGH (INEGI),Personas de 18 años o más,enigh
hogar,Es jefa o jefe del hogar,2020,Hombres,Con discapacidad,Aguascalientes,60+,Brazos o manos,2763.0,3911.0,28.0,ENIGH (INEGI),Personas de 18 años o más,enigh
hogar,Es jefa o jefe del hogar,2020,Hombres,Con discapacidad,Aguascalientes,60+,Caminar,9447.0,12200.0,96.0,ENIGH (INEGI),Personas de 18 años o más,enigh
hogar,Es jefa o jefe del hogar,2020,Hombres,Con discapacidad,Aguascalientes,60+,Hablar o comunicarse,1069.0,1375.0,10.0,ENIGH (INEGI),Personas de 18 años o más,enigh
hogar,Es jefa o jefe del hogar,2020,Hombres,Con discapacidad,Aguascalientes,60+,Mental,941.0,1399.0,9.0,ENIGH (INEGI),Personas de 18 años o más,enigh
hogar,Es jefa o jefe del hogar,2020,Hombres,Con discapacidad,Aguascalientes,60+,Oír,4593.0,5533.0,43.0,ENIGH (INEGI),Personas de 18 años o más,enigh
hogar,Es jefa o jefe del hogar,2020,Hombres,Con discapacidad,Aguascalientes,60+,Recordar o concentrarse,2268.0,2522.0,18.0,ENIGH (INEGI),Personas de 18 años o más,enigh
hogar,Es jefa o jefe del hogar,2020,Hombres,Con discapacidad,Aguascalientes,60+,Ver,6240.0,7082.0,52.0,ENIGH (INEGI),Personas de 18 años o más,enigh
hogar,Es jefa o jefe del hogar,2020,Hombres,Con discapacidad,Baja California,18-29,Bañarse o vestirse,0.0,1454.0,6.0,ENIGH (INEGI),Personas de 18 años o más,enigh
hogar,Es jefa o jefe del hogar,2020,Hombres,Con discapacidad,Baja California,18-29,Brazos o manos,0.0,1516.0,6.0,ENIGH (INEGI),Personas de 18 años o más,enigh
hogar,Es jefa o jefe del hogar,2020,Hombres,Con discapacidad,Baja California,18-29,Caminar,0.0,1621.0,8.0,ENIGH (INEGI),Personas de 18 años o más,enigh
hogar,Es jefa o jefe del hogar,2020,Hombres,Con discapacidad,Baja California,18-29,Hablar o comunicarse,0.0,1916.0,7.0,ENIGH (INEGI),Personas de 18 años o más,enigh
hogar,Es jefa o jefe del hogar,2020,Hombres,Con discapacidad,Baja California,18-29,Mental,0.0,3447.0,12.0,ENIGH (INEGI),Personas de 18 años o más,enigh
hogar,Es jefa o jefe del hogar,2020,Hombres,Con discapacidad,Baja California,18-29,Oír,0.0,33.0,1.0,ENIGH (INEGI),Personas de 18 años o más,enigh
hogar,Es jefa o jefe del hogar,2020,Hombres,Con discapacidad,Baja California,18-29,Recordar o concentrarse,44.0,1667.0,8.0,ENIGH (INEGI),Personas de 18 años o más,enigh
hogar,Es jefa o jefe del hogar,2020,Hombres,Con discapacidad,Baja California,18-29,Ver,1330.0,3128.0,10.0,ENIGH (INEGI),Personas de 18 años o más,enigh
hogar,Es jefa o jefe del hogar,2020,Hombres,Con discapacidad,Baja California,30-44,Bañarse o vestirse,0.0,1723.0,7.0,ENIGH (INEGI),Personas de 18 años o más,enigh
hogar,Es jefa o jefe del hogar,2020,Hombres,Con discapacidad,Baja California,30-44,Brazos o manos,557.0,2895.0,9.0,ENIGH (INEGI),Personas de 18 años o más,enigh
hogar,Es jefa o jefe del hogar,2020,Hombres,Con discapacidad,Baja California,30-44,Caminar,3748.0,8814.0,25.0,ENIGH (INEGI),Personas de 18 años o más,enigh
hogar,Es jefa o jefe del hogar,2020,Hombres,Con discapacidad,Baja California,30-44,Hablar o comunicarse,30.0,1204.0,8.0,ENIGH (INEGI),Personas de 18 años o más,enigh
hogar,Es jefa o jefe del hogar,2020,Hombres,Con discapacidad,Baja California,30-44,Mental,0.0,2208.0,9.0,ENIGH (INEGI),Personas de 18 años o más,enigh
hogar,Es jefa o jefe del hogar,2020,Hombres,Con discapacidad,Baja California,30-44,Oír,0.0,1227.0,3.0,ENIGH (INEGI),Personas de 18 años o más,enigh
hogar,Es jefa o jefe del hogar,2020,Hombres,Con discapacidad,Baja California,30-44,Recordar o concentrarse,101.0,1204.0,8.0,ENIGH (INEGI),Personas de 18 años o más,enigh
hogar,Es jefa o jefe del hogar,2020,Hombres,Con discapacidad,Baja California,30-44,Ver,3637.0,7130.0,19.0,ENIGH (INEGI),Personas de 18 años o más,enigh
hogar,Es jefa o jefe del hogar,2020,Hombres,Con discapacidad,Baja California,45-59,Bañarse o vestirse,3408.0,4104.0,11.0,ENIGH (INEGI),Personas de 18 años o más,enigh
hogar,Es jefa o jefe del hogar,2020,Hombres,Con discapacidad,Baja California,45-59,Brazos o manos,3250.0,3308.0,13.0,ENIGH (INEGI),Personas de 18 años o más,enigh
hogar,Es jefa o jefe del hogar,2020,Hombres,Con discapacidad,Baja California,45-59,Caminar,11253.0,14015.0,54.0,ENIGH (INEGI),Personas de 18 años o más,enigh
hogar,Es jefa o jefe del hogar,2020,Hombres,Con discapacidad,Baja California,45-59,Hablar o comunicarse,470.0,1968.0,6.0,ENIGH (INEGI),Personas de 18 años o más,enigh
hogar,Es jefa o jefe del hogar,2020,Hombres,Con discapacidad,Baja California,45-59,Mental,1350.0,3739.0,12.0,ENIGH (INEGI),Personas de 18 años o más,enigh
hogar,Es jefa o jefe del hogar,2020,Hombres,Con discapacidad,Baja California,45-59,Oír,2461.0,3091.0,10.0,ENIGH (INEGI),Personas de 18 años o más,enigh
hogar,Es jefa o jefe del hogar,2020,Hombres,Con discapacidad,Baja California,45-59,Recordar o concentrarse,1147.0,2938.0,13.0,ENIGH (INEGI),Personas de 18 años o más,enigh
hogar,Es jefa o jefe del hogar,2020,Hombres,Con discapacidad,Baja California,45-59,Ver,5956.0,8332.0,38.0,ENIGH (INEGI),Personas de 18 años o más,enigh
hogar,Es jefa o jefe del hogar,2020,Hombres,Con discapacidad,Baja California,60+,Bañarse o vestirse,3289.0,5311.0,26.0,ENIGH (INEGI),Personas de 18 años o más,enigh
hogar,Es jefa o jefe del hogar,2020,Hombres,Con discapacidad,Baja California,60+,Brazos o manos,4097.0,6451.0,33.0,ENIGH (INEGI),Personas de 18 años o más,enigh
hogar,Es jefa o jefe del hogar,2020,Hombres,Con discapacidad,Baja California,60+,Caminar,18876.0,22796.0,105.0,ENIGH (INEGI),Personas de 18 años o más,enigh
hogar,Es jefa o jefe del hogar,2020,Hombres,Con discapacidad,Baja California,60+,Hablar o comunicarse,134.0,1847.0,9.0,ENIGH (INEGI),Personas de 18 años o más,enigh
hogar,Es jefa o jefe del hogar,2020,Hombres,Con discapacidad,Baja California,60+,Mental,2928.0,4753.0,16.0,ENIGH (INEGI),Personas de 18 años o más,enigh
hogar,Es jefa o jefe del hogar,2020,Hombres,Con discapacidad,Baja California,60+,Oír,5761.0,8324.0,43.0,ENIGH (INEGI),Personas de 18 años o más,enigh
hogar,Es jefa o jefe del hogar,2020,Hombres,Con discapacidad,Baja California,60+,Recordar o concentrarse,3379.0,4836.0,28.0,ENIGH (INEGI),Personas de 18 años o más,enigh
hogar,Es jefa o jefe del hogar,2020,Hombres,Con discapacidad,Baja California,60+,Ver,11203.0,15036.0,70.0,ENIGH (INEGI),Personas de 18 años o más,enigh
hogar,Es jefa o jefe del hogar,2020,Hombres,Con discapacidad,Baja California Sur,18-29,Bañarse o vestirse,0.0,22.0,1.0,ENIGH (INEGI),Personas de 18 años o más,enigh
hogar,Es jefa o jefe del hogar,2020,Hombres,Con discapacidad,Baja California Sur,18-29,Brazos o manos,0.0,171.0,2.0,ENIGH (INEGI),Personas de 18 años o más,enigh
hogar,Es jefa o jefe del hogar,2020,Hombres,Con discapacidad,Baja California Sur,18-29,Caminar,0.0,323.0,3.0,ENIGH (INEGI),Personas de 18 años o más,enigh
hogar,Es jefa o jefe del hogar,2020,Hombres,Con discapacidad,Baja California Sur,18-29,Hablar o comunicarse,174.0,299.0,4.0,ENIGH (INEGI),Personas de 18 años o más,enigh
hogar,Es jefa o jefe del hogar,2020,Hombres,Con discapacidad,Baja California Sur,18-29,Mental,155.0,658.0,6.0,ENIGH (INEGI),Personas de 18 años o más,enigh
hogar,Es jefa o jefe del hogar,2020,Hombres,Con discapacidad,Baja California Sur,18-29,Oír,174.0,559.0,6.0,ENIGH (INEGI),Personas de 18 años o más,enigh
hogar,Es jefa o jefe del hogar,2020,Hombres,Con discapacidad,Baja California Sur,18-29,Recordar o concentrarse,0.0,527.0,5.0,ENIGH (INEGI),Personas de 18 años o más,enigh
hogar,Es jefa o jefe del hogar,2020,Hombres,Con discapacidad,Baja California Sur,18-29,Ver,308.0,982.0,10.0,ENIGH (INEGI),Personas de 18 años o más,enigh
hogar,Es jefa o jefe del hogar,2020,Hombres,Con discapacidad,Baja California Sur,30-44,Bañarse o vestirse,155.0,282.0,3.0,ENIGH (INEGI),Personas de 18 años o más,enigh
hogar,Es jefa o jefe del hogar,2020,Hombres,Con discapacidad,Baja California Sur,30-44,Brazos o manos,196.0,227.0,4.0,ENIGH (INEGI),Personas de 18 años o más,enigh
hogar,Es jefa o jefe del hogar,2020,Hombres,Con discapacidad,Baja California Sur,30-44,Caminar,802.0,1171.0,17.0,ENIGH (INEGI),Personas de 18 años o más,enigh
hogar,Es jefa o jefe del hogar,2020,Hombres,Con discapacidad,Baja California Sur,30-44,Hablar o comunicarse,138.0,443.0,6.0,ENIGH (INEGI),Personas de 18 años o más,enigh
hogar,Es jefa o jefe del hogar,2020,Hombres,Con discapacidad,Baja California Sur,30-44,Mental,285.0,716.0,9.0,ENIGH (INEGI),Personas de 18 años o más,enigh
hogar,Es jefa o jefe del hogar,2020,Hombres,Con discapacidad,Baja California Sur,30-44,Oír,399.0,399.0,3.0,ENIGH (INEGI),Personas de 18 años o más,enigh
hogar,Es jefa o jefe del hogar,2020,Hombres,Con discapacidad,Baja California Sur,30-44,Recordar o concentrarse,173.0,651.0,9.0,ENIGH (INEGI),Personas de 18 años o más,enigh
hogar,Es jefa o jefe del hogar,2020,Hombres,Con discapacidad,Baja California Sur,30-44,Ver,615.0,615.0,9.0,ENIGH (INEGI),Personas de 18 años o más,enigh
hogar,Es jefa o jefe del hogar,2020,Hombres,Con discapacidad,Baja California Sur,45-59,Bañarse o vestirse,476.0,742.0,8.0,ENIGH (INEGI),Personas de 18 años o más,enigh
hogar,Es jefa o jefe del hogar,2020,Hombres,Con discapacidad,Baja California Sur,45-59,Brazos o manos,458.0,1043.0,11.0,ENIGH (INEGI),Personas de 18 años o más,enigh
hogar,Es jefa o jefe del hogar,2020,Hombres,Con discapacidad,Baja California Sur,45-59,Caminar,1392.0,2535.0,26.0,ENIGH (INEGI),Personas de 18 años o más,enigh
hogar,Es jefa o jefe del hogar,2020,Hombres,Con discapacidad,Baja California Sur,45-59,Hablar o comunicarse,227.0,486.0,5.0,ENIGH (INEGI),Personas de 18 años o más,enigh
hogar,Es jefa o jefe del hogar,2020,Hombres,Con discapacidad,Baja California Sur,45-59,Mental,322.0,345.0,4.0,ENIGH (INEGI),Personas de 18 años o más,enigh
hogar,Es jefa o jefe del hogar,2020,Hombres,Con discapacidad,Baja California Sur,45-59,Oír,465.0,1471.0,15.0,ENIGH (INEGI),Personas de 18 años o más,enigh
hogar,Es jefa o jefe del hogar,2020,Hombres,Con discapacidad,Baja California Sur,45-59,Recordar o concentrarse,446.0,668.0,8.0,ENIGH (INEGI),Personas de 18 años o más,enigh
hogar,Es jefa o jefe del hogar,2020,Hombres,Con discapacidad,Baja California Sur,45-59,Ver,1436.0,2251.0,25.0,ENIGH (INEGI),Personas de 18 años o más,enigh
hogar,Es jefa o jefe del hogar,2020,Hombres,Con discapacidad,Baja California Sur,60+,Bañarse o vestirse,1269.0,2505.0,29.0,ENIGH (INEGI),Personas de 18 años o más,enigh
hogar,Es jefa o jefe del hogar,2020,Hombres,Con discapacidad,Baja California Sur,60+,Brazos o manos,1249.0,1949.0,26.0,ENIGH (INEGI),Personas de 18 años o más,enigh
hogar,Es jefa o jefe del hogar,2020,Hombres,Con discapacidad,Baja California Sur,60+,Caminar,4698.0,6534.0,80.0,ENIGH (INEGI),Personas de 18 años o más,enigh
hogar,Es jefa o jefe del hogar,2020,Hombres,Con discapacidad,Baja California Sur,60+,Hablar o comunicarse,627.0,1044.0,15.0,ENIGH (INEGI),Personas de 18 años o más,enigh
hogar,Es jefa o jefe del hogar,2020,Hombres,Con discapacidad,Baja California Sur,60+,Mental,870.0,1483.0,19.0,ENIGH (INEGI),Personas de 18 años o más,enigh
hogar,Es jefa o jefe del hogar,2020,Hombres,Con discapacidad,Baja California Sur,60+,Oír,2062.0,2830.0,31.0,ENIGH (INEGI),Personas de 18 años o más,enigh
hogar,Es jefa o jefe del hogar,2020,Hombres,Con discapacidad,Baja California Sur,60+,Recordar o concentrarse,1038.0,2162.0,26.0,ENIGH (INEGI),Personas de 18 años o más,enigh
hogar,Es jefa o jefe del hogar,2020,Hombres,Con discapacidad,Baja California Sur,60+,Ver,4205.0,5385.0,57.0,ENIGH (INEGI),Personas de 18 años o más,enigh
hogar,Es jefa o jefe del hogar,2020,Hombres,Con discapacidad,Campeche,18-29,Bañarse o vestirse,0.0,248.0,2.0,ENIGH (INEGI),Personas de 18 años o más,enigh
hogar,Es jefa o jefe del hogar,2020,Hombres,Con discapacidad,Campeche,18-29,Brazos o manos,0.0,215.0,2.0,ENIGH (INEGI),Personas de 18 años o más,enigh
hogar,Es jefa o jefe del hogar,2020,Hombres,Con discapacidad,Campeche,18-29,Caminar,222.0,867.0,7.0,ENIGH (INEGI),Personas de 18 años o más,enigh
hogar,Es jefa o jefe del hogar,2020,Hombres,Con discapacidad,Campeche,18-29,Hablar o comunicarse,0.0,605.0,5.0,ENIGH (INEGI),Personas de 18 años o más,enigh
hogar,Es jefa o jefe del hogar,2020,Hombres,Con discapacidad,Campeche,18-29,Mental,0.0,1090.0,8.0,ENIGH (INEGI),Personas de 18 años o más,enigh
hogar,Es jefa o jefe del hogar,2020,Hombres,Con discapacidad,Campeche,18-29,Oír,0.0,238.0,1.0,ENIGH (INEGI),Personas de 18 años o más,enigh
hogar,Es jefa o jefe del hogar,2020,Hombres,Con discapacidad,Campeche,18-29,Recordar o concentrarse,123.0,692.0,6.0,ENIGH (INEGI),Personas de 18 años o más,enigh
hogar,Es jefa o jefe del hogar,2020,Hombres,Con discapacidad,Campeche,18-29,Ver,225.0,460.0,4.0,ENIGH (INEGI),Personas de 18 años o más,enigh
hogar,Es jefa o jefe del hogar,2020,Hombres,Con discapacidad,Campeche,30-44,Bañarse o vestirse,0.0,694.0,5.0,ENIGH (INEGI),Personas de 18 años o más,enigh
hogar,Es jefa o jefe del hogar,2020,Hombres,Con discapacidad,Campeche,30-44,Brazos o manos,0.0,410.0,3.0,ENIGH (INEGI),Personas de 18 años o más,enigh
hogar,Es jefa o jefe del hogar,2020,Hombres,Con discapacidad,Campeche,30-44,Caminar,830.0,1497.0,12.0,ENIGH (INEGI),Personas de 18 años o más,enigh
hogar,Es jefa o jefe del hogar,2020,Hombres,Con discapacidad,Campeche,30-44,Hablar o comunicarse,255.0,1203.0,9.0,ENIGH (INEGI),Personas de 18 años o más,enigh
hogar,Es jefa o jefe del hogar,2020,Hombres,Con discapacidad,Campeche,30-44,Mental,114.0,1156.0,9.0,ENIGH (INEGI),Personas de 18 años o más,enigh
hogar,Es jefa o jefe del hogar,2020,Hombres,Con discapacidad,Campeche,30-44,Oír,255.0,535.0,4.0,ENIGH (INEGI),Personas de 18 años o más,enigh
hogar,Es jefa o jefe del hogar,2020,Hombres,Con discapacidad,Campeche,30-44,Recordar o concentrarse,0.0,961.0,7.0,ENIGH (INEGI),Personas de 18 años o más,enigh
hogar,Es jefa o jefe del hogar,2020,Hombres,Con discapacidad,Campeche,30-44,Ver,638.0,1057.0,8.0,ENIGH (INEGI),Personas de 18 años o más,enigh
hogar,Es jefa o jefe del hogar,2020,Hombres,Con discapacidad,Campeche,45-59,Bañarse o vestirse,218.0,342.0,3.0,ENIGH (INEGI),Personas de 18 años o más,enigh
hogar,Es jefa o jefe del hogar,2020,Hombres,Con discapacidad,Campeche,45-59,Brazos o manos,716.0,1057.0,9.0,ENIGH (INEGI),Personas de 18 años o más,enigh
hogar,Es jefa o jefe del hogar,2020,Hombres,Con discapacidad,Campeche,45-59,Caminar,2249.0,3217.0,28.0,ENIGH (INEGI),Personas de 18 años o más,enigh
hogar,Es jefa o jefe del hogar,2020,Hombres,Con discapacidad,Campeche,45-59,Hablar o comunicarse,101.0,446.0,4.0,ENIGH (INEGI),Personas de 18 años o más,enigh
hogar,Es jefa o jefe del hogar,2020,Hombres,Con discapacidad,Campeche,45-59,Mental,347.0,770.0,7.0,ENIGH (INEGI),Personas de 18 años o más,enigh
hogar,Es jefa o jefe del hogar,2020,Hombres,Con discapacidad,Campeche,45-59,Oír,374.0,608.0,5.0,ENIGH (INEGI),Personas de 18 años o más,enigh
hogar,Es jefa o jefe del hogar,2020,Hombres,Con discapacidad,Campeche,45-59,Recordar o concentrarse,331.0,331.0,3.0,ENIGH (INEGI),Personas de 18 años o más,enigh
hogar,Es jefa o jefe del hogar,2020,Hombres,Con discapacidad,Campeche,45-59,Ver,2679.0,3709.0,32.0,ENIGH (INEGI),Personas de 18 años o más,enigh
hogar,Es jefa o jefe del hogar,2020,Hombres,Con discapacidad,Campeche,60+,Bañarse o vestirse,1130.0,3170.0,27.0,ENIGH (INEGI),Personas de 18 años o más,enigh
hogar,Es jefa o jefe del hogar,2020,Hombres,Con discapacidad,Campeche,60+,Brazos o manos,1473.0,2812.0,25.0,ENIGH (INEGI),Personas de 18 años o más,enigh
hogar,Es jefa o jefe del hogar,2020,Hombres,Con discapacidad,Campeche,60+,Caminar,6079.0,9054.0,77.0,ENIGH (INEGI),Personas de 18 años o más,enigh
hogar,Es jefa o jefe del hogar,2020,Hombres,Con discapacidad,Campeche,60+,Hablar o comunicarse,709.0,1856.0,16.0,ENIGH (INEGI),Personas de 18 años o más,enigh
hogar,Es jefa o jefe del hogar,2020,Hombres,Con discapacidad,Campeche,60+,Mental,1061.0,2058.0,17.0,ENIGH (INEGI),Personas de 18 años o más,enigh
hogar,Es jefa o jefe del hogar,2020,Hombres,Con discapacidad,Campeche,60+,Oír,2848.0,3715.0,32.0,ENIGH (INEGI),Personas de 18 años o más,enigh
hogar,Es jefa o jefe del hogar,2020,Hombres,Con discapacidad,Campeche,60+,Recordar o concentrarse,1500.0,2953.0,26.0,ENIGH (INEGI),Personas de 18 años o más,enigh
hogar,Es jefa o jefe del hogar,2020,Hombres,Con discapacidad,Campeche,60+,Ver,4703.0,6428.0,56.0,ENIGH (INEGI),Personas de 18 años o más,enigh
hogar,Es jefa o jefe del hogar,2020,Hombres,Con discapacidad,Chiapas,18-29,Bañarse o vestirse,0.0,1794.0,2.0,ENIGH (INEGI),Personas de 18 años o más,enigh
hogar,Es jefa o jefe del hogar,2020,Hombres,Con discapacidad,Chiapas,18-29,Brazos o manos,0.0,1715.0,3.0,ENIGH (INEGI),Personas de 18 años o más,enigh
hogar,Es jefa o jefe del hogar,2020,Hombres,Con discapacidad,Chiapas,18-29,Caminar,1302.0,5157.0,7.0,ENIGH (INEGI),Personas de 18 años o más,enigh
hogar,Es jefa o jefe del hogar,2020,Hombres,Con discapacidad,Chiapas,18-29,Hablar o comunicarse,0.0,4517.0,6.0,ENIGH (INEGI),Personas de 18 años o más,enigh
hogar,Es jefa o jefe del hogar,2020,Hombres,Con discapacidad,Chiapas,18-29,Mental,0.0,4688.0,6.0,ENIGH (INEGI),Personas de 18 años o más,enigh
hogar,Es jefa o jefe del hogar,2020,Hombres,Con discapacidad,Chiapas,18-29,Oír,0.0,1892.0,3.0,ENIGH (INEGI),Personas de 18 años o más,enigh
hogar,Es jefa o jefe del hogar,2020,Hombres,Con discapacidad,Chiapas,18-29,Recordar o concentrarse,0.0,4801.0,7.0,ENIGH (INEGI),Personas de 18 años o más,enigh
hogar,Es jefa o jefe del hogar,2020,Hombres,Con discapacidad,Chiapas,18-29,Ver,1162.0,3794.0,6.0,ENIGH (INEGI),Personas de 18 años o más,enigh
hogar,Es jefa o jefe del hogar,2020,Hombres,Con discapacidad,Chiapas,30-44,Bañarse o vestirse,0.0,1341.0,2.0,ENIGH (INEGI),Personas de 18 años o más,enigh
hogar,Es jefa o jefe del hogar,2020,Hombres,Con discapacidad,Chiapas,30-44,Brazos o manos,2000.0,3147.0,5.0,ENIGH (INEGI),Personas de 18 años o más,enigh
hogar,Es jefa o jefe del hogar,2020,Hombres,Con discapacidad,Chiapas,30-44,Caminar,5245.0,10413.0,16.0,ENIGH (INEGI),Personas de 18 años o más,enigh
hogar,Es jefa o jefe del hogar,2020,Hombres,Con discapacidad,Chiapas,30-44,Hablar o comunicarse,562.0,3209.0,5.0,ENIGH (INEGI),Personas de 18 años o más,enigh
hogar,Es jefa o jefe del hogar,2020,Hombres,Con discapacidad,Chiapas,30-44,Mental,674.0,3982.0,6.0,ENIGH (INEGI),Personas de 18 años o más,enigh
hogar,Es jefa o jefe del hogar,2020,Hombres,Con discapacidad,Chiapas,30-44,Oír,0.0,641.0,1.0,ENIGH (INEGI),Personas de 18 años o más,enigh
hogar,Es jefa o jefe del hogar,2020,Hombres,Con discapacidad,Chiapas,30-44,Recordar o concentrarse,0.0,3006.0,5.0,ENIGH (INEGI),Personas de 18 años o más,enigh
hogar,Es jefa o jefe del hogar,2020,Hombres,Con discapacidad,Chiapas,30-44,Ver,2677.0,5950.0,8.0,ENIGH (INEGI),Personas de 18 años o más,enigh
hogar,Es jefa o jefe del hogar,2020,Hombres,Con discapacidad,Chiapas,45-59,Bañarse o vestirse,4161.0,4754.0,7.0,ENIGH (INEGI),Personas de 18 años o más,enigh
hogar,Es jefa o jefe del hogar,2020,Hombres,Con discapacidad,Chiapas,45-59,Brazos o manos,4662.0,7410.0,11.0,ENIGH (INEGI),Personas de 18 años o más,enigh
hogar,Es jefa o jefe del hogar,2020,Hombres,Con discapacidad,Chiapas,45-59,Caminar,16387.0,20265.0,30.0,ENIGH (INEGI),Personas de 18 años o más,enigh
hogar,Es jefa o jefe del hogar,2020,Hombres,Con discapacidad,Chiapas,45-59,Hablar o comunicarse,0.0,2447.0,4.0,ENIGH (INEGI),Personas de 18 años o más,enigh
hogar,Es jefa o jefe del hogar,2020,Hombres,Con discapacidad,Chiapas,45-59,Mental,1122.0,2393.0,4.0,ENIGH (INEGI),Personas de 18 años o más,enigh
hogar,Es jefa o jefe del hogar,2020,Hombres,Con discapacidad,Chiapas,45-59,Oír,3577.0,4855.0,7.0,ENIGH (INEGI),Personas de 18 años o más,enigh
hogar,Es jefa o jefe del hogar,2020,Hombres,Con discapacidad,Chiapas,45-59,Recordar o concentrarse,1174.0,3677.0,6.0,ENIGH (INEGI),Personas de 18 años o más,enigh
hogar,Es jefa o jefe del hogar,2020,Hombres,Con discapacidad,Chiapas,45-59,Ver,8021.0,8632.0,13.0,ENIGH (INEGI),Personas de 18 años o más,enigh
hogar,Es jefa o jefe del hogar,2020,Hombres,Con discapacidad,Chiapas,60+,Bañarse o vestirse,5228.0,10422.0,16.0,ENIGH (INEGI),Personas de 18 años o más,enigh
hogar,Es jefa o jefe del hogar,2020,Hombres,Con discapacidad,Chiapas,60+,Brazos o manos,14993.0,16850.0,26.0,ENIGH (INEGI),Personas de 18 años o más,enigh
hogar,Es jefa o jefe del hogar,2020,Hombres,Con discapacidad,Chiapas,60+,Caminar,37743.0,48207.0,73.0,ENIGH (INEGI),Personas de 18 años o más,enigh
hogar,Es jefa o jefe del hogar,2020,Hombres,Con discapacidad,Chiapas,60+,Hablar o comunicarse,5925.0,12004.0,18.0,ENIGH (INEGI),Personas de 18 años o más,enigh
hogar,Es jefa o jefe del hogar,2020,Hombres,Con discapacidad,Chiapas,60+,Mental,3148.0,8356.0,13.0,ENIGH (INEGI),Personas de 18 años o más,enigh
hogar,Es jefa o jefe del hogar,2020,Hombres,Con discapacidad,Chiapas,60+,Oír,17511.0,26520.0,39.0,ENIGH (INEGI),Personas de 18 años o más,enigh
hogar,Es jefa o jefe del hogar,2020,Hombres,Con discapacidad,Chiapas,60+,Recordar o concentrarse,8380.0,12766.0,19.0,ENIGH (INEGI),Personas de 18 años o más,enigh
hogar,Es jefa o jefe del hogar,2020,Hombres,Con discapacidad,Chiapas,60+,Ver,26103.0,32213.0,50.0,ENIGH (INEGI),Personas de 18 años o más,enigh
hogar,Es jefa o jefe del hogar,2020,Hombres,Con discapacidad,Chihuahua,18-29,Bañarse o vestirse,0.0,402.0,2.0,ENIGH (INEGI),Personas de 18 años o más,enigh
hogar,Es jefa o jefe del hogar,2020,Hombres,Con discapacidad,Chihuahua,18-29,Brazos o manos,0.0,91.0,1.0,ENIGH (INEGI),Personas de 18 años o más,enigh
hogar,Es jefa o jefe del hogar,2020,Hombres,Con discapacidad,Chihuahua,18-29,Caminar,753.0,1838.0,9.0,ENIGH (INEGI),Personas de 18 años o más,enigh
hogar,Es jefa o jefe del hogar,2020,Hombres,Con discapacidad,Chihuahua,18-29,Hablar o comunicarse,276.0,2929.0,11.0,ENIGH (INEGI),Personas de 18 años o más,enigh
hogar,Es jefa o jefe del hogar,2020,Hombres,Con discapacidad,Chihuahua,18-29,Mental,0.0,2641.0,11.0,ENIGH (INEGI),Personas de 18 años o más,enigh
hogar,Es jefa o jefe del hogar,2020,Hombres,Con discapacidad,Chihuahua,18-29,Oír,378.0,689.0,2.0,ENIGH (INEGI),Personas de 18 años o más,enigh
hogar,Es jefa o jefe del hogar,2020,Hombres,Con discapacidad,Chihuahua,18-29,Recordar o concentrarse,430.0,2621.0,9.0,ENIGH (INEGI),Personas de 18 años o más,enigh
hogar,Es jefa o jefe del hogar,2020,Hombres,Con discapacidad,Chihuahua,18-29,Ver,1520.0,4329.0,18.0,ENIGH (INEGI),Personas de 18 años o más,enigh
hogar,Es jefa o jefe del hogar,2020,Hombres,Con discapacidad,Chihuahua,30-44,Bañarse o vestirse,726.0,1994.0,9.0,ENIGH (INEGI),Personas de 18 años o más,enigh
hogar,Es jefa o jefe del hogar,2020,Hombres,Con discapacidad,Chihuahua,30-44,Brazos o manos,779.0,1864.0,7.0,ENIGH (INEGI),Personas de 18 años o más,enigh
hogar,Es jefa o jefe del hogar,2020,Hombres,Con discapacidad,Chihuahua,30-44,Caminar,2568.0,4948.0,20.0,ENIGH (INEGI),Personas de 18 años o más,enigh
hogar,Es jefa o jefe del hogar,2020,Hombres,Con discapacidad,Chihuahua,30-44,Hablar o comunicarse,1249.0,3628.0,17.0,ENIGH (INEGI),Personas de 18 años o más,enigh
hogar,Es jefa o jefe del hogar,2020,Hombres,Con discapacidad,Chihuahua,30-44,Mental,100.0,2105.0,11.0,ENIGH (INEGI),Personas de 18 años o más,enigh
hogar,Es jefa o jefe del hogar,2020,Hombres,Con discapacidad,Chihuahua,30-44,Oír,666.0,1397.0,11.0,ENIGH (INEGI),Personas de 18 años o más,enigh
hogar,Es jefa o jefe del hogar,2020,Hombres,Con discapacidad,Chihuahua,30-44,Recordar o concentrarse,1267.0,2847.0,14.0,ENIGH (INEGI),Personas de 18 años o más,enigh
hogar,Es jefa o jefe del hogar,2020,Hombres,Con discapacidad,Chihuahua,30-44,Ver,1477.0,2614.0,11.0,ENIGH (INEGI),Personas de 18 años o más,enigh
hogar,Es jefa o jefe del hogar,2020,Hombres,Con discapacidad,Chihuahua,45-59,Bañarse o vestirse,2170.0,3501.0,13.0,ENIGH (INEGI),Personas de 18 años o más,enigh
hogar,Es jefa o jefe del hogar,2020,Hombres,Con discapacidad,Chihuahua,45-59,Brazos o manos,3003.0,4324.0,17.0,ENIGH (INEGI),Personas de 18 años o más,enigh
hogar,Es jefa o jefe del hogar,2020,Hombres,Con discapacidad,Chihuahua,45-59,Caminar,7063.0,9108.0,40.0,ENIGH (INEGI),Personas de 18 años o más,enigh
hogar,Es jefa o jefe del hogar,2020,Hombres,Con discapacidad,Chihuahua,45-59,Hablar o comunicarse,4158.0,5492.0,22.0,ENIGH (INEGI),Personas de 18 años o más,enigh
hogar,Es jefa o jefe del hogar,2020,Hombres,Con discapacidad,Chihuahua,45-59,Mental,3079.0,4183.0,16.0,ENIGH (INEGI),Personas de 18 años o más,enigh
hogar,Es jefa o jefe del hogar,2020,Hombres,Con discapacidad,Chihuahua,45-59,Oír,699.0,1019.0,5.0,ENIGH (INEGI),Personas de 18 años o más,enigh
hogar,Es jefa o jefe del hogar,2020,Hombres,Con discapacidad,Chihuahua,45-59,Recordar o concentrarse,1946.0,2443.0,10.0,ENIGH (INEGI),Personas de 18 años o más,enigh
hogar,Es jefa o jefe del hogar,2020,Hombres,Con discapacidad,Chihuahua,45-59,Ver,2735.0,3356.0,14.0,ENIGH (INEGI),Personas de 18 años o más,enigh
hogar,Es jefa o jefe del hogar,2020,Hombres,Con discapacidad,Chihuahua,60+,Bañarse o vestirse,7392.0,11431.0,51.0,ENIGH (INEGI),Personas de 18 años o más,enigh
hogar,Es jefa o jefe del hogar,2020,Hombres,Con discapacidad,Chihuahua,60+,Brazos o manos,6193.0,9569.0,47.0,ENIGH (INEGI),Personas de 18 años o más,enigh
hogar,Es jefa o jefe del hogar,2020,Hombres,Con discapacidad,Chihuahua,60+,Caminar,14984.0,21170.0,114.0,ENIGH (INEGI),Personas de 18 años o más,enigh
hogar,Es jefa o jefe del hogar,2020,Hombres,Con discapacidad,Chihuahua,60+,Hablar o comunicarse,4733.0,8152.0,35.0,ENIGH (INEGI),Personas de 18 años o más,enigh
hogar,Es jefa o jefe del hogar,2020,Hombres,Con discapacidad,Chihuahua,60+,Mental,6996.0,11781.0,47.0,ENIGH (INEGI),Personas de 18 años o más,enigh
hogar,Es jefa o jefe del hogar,2020,Hombres,Con discapacidad,Chihuahua,60+,Oír,6306.0,9134.0,47.0,ENIGH (INEGI),Personas de 18 años o más,enigh
hogar,Es jefa o jefe del hogar,2020,Hombres,Con discapacidad,Chihuahua,60+,Recordar o concentrarse,3350.0,7716.0,33.0,ENIGH (INEGI),Personas de 18 años o más,enigh
hogar,Es jefa o jefe del hogar,2020,Hombres,Con discapacidad,Chihuahua,60+,Ver,10138.0,12844.0,65.0,ENIGH (INEGI),Personas de 18 años o más,enigh
hogar,Es jefa o jefe del hogar,2020,Hombres,Con discapacidad,Ciudad de México,18-29,Bañarse o vestirse,0.0,4293.0,3.0,ENIGH (INEGI),Personas de 18 años o más,enigh
hogar,Es jefa o jefe del hogar,2020,Hombres,Con discapacidad,Ciudad de México,18-29,Brazos o manos,0.0,4202.0,4.0,ENIGH (INEGI),Personas de 18 años o más,enigh
hogar,Es jefa o jefe del hogar,2020,Hombres,Con discapacidad,Ciudad de México,18-29,Caminar,0.0,4195.0,3.0,ENIGH (INEGI),Personas de 18 años o más,enigh
hogar,Es jefa o jefe del hogar,2020,Hombres,Con discapacidad,Ciudad de México,18-29,Hablar o comunicarse,0.0,3491.0,3.0,ENIGH (INEGI),Personas de 18 años o más,enigh
hogar,Es jefa o jefe del hogar,2020,Hombres,Con discapacidad,Ciudad de México,18-29,Mental,0.0,6135.0,4.0,ENIGH (INEGI),Personas de 18 años o más,enigh
hogar,Es jefa o jefe del hogar,2020,Hombres,Con discapacidad,Ciudad de México,18-29,Oír,0.0,1120.0,1.0,ENIGH (INEGI),Personas de 18 años o más,enigh
hogar,Es jefa o jefe del hogar,2020,Hombres,Con discapacidad,Ciudad de México,18-29,Recordar o concentrarse,1273.0,8799.0,7.0,ENIGH (INEGI),Personas de 18 años o más,enigh
hogar,Es jefa o jefe del hogar,2020,Hombres,Con discapacidad,Ciudad de México,18-29,Ver,1872.0,4928.0,4.0,ENIGH (INEGI),Personas de 18 años o más,enigh
hogar,Es jefa o jefe del hogar,2020,Hombres,Con discapacidad,Ciudad de México,30-44,Bañarse o vestirse,0.0,1285.0,3.0,ENIGH (INEGI),Personas de 18 años o más,enigh
hogar,Es jefa o jefe del hogar,2020,Hombres,Con discapacidad,Ciudad de México,30-44,Brazos o manos,1408.0,4321.0,5.0,ENIGH (INEGI),Personas de 18 años o más,enigh
hogar,Es jefa o jefe del hogar,2020,Hombres,Con discapacidad,Ciudad de México,30-44,Caminar,1265.0,10014.0,10.0,ENIGH (INEGI),Personas de 18 años o más,enigh
hogar,Es jefa o jefe del hogar,2020,Hombres,Con discapacidad,Ciudad de México,30-44,Hablar o comunicarse,0.0,1156.0,2.0,ENIGH (INEGI),Personas de 18 años o más,enigh
hogar,Es jefa o jefe del hogar,2020,Hombres,Con discapacidad,Ciudad de México,30-44,Mental,0.0,5309.0,5.0,ENIGH (INEGI),Personas de 18 años o más,enigh
hogar,Es jefa o jefe del hogar,2020,Hombres,Con discapacidad,Ciudad de México,30-44,Oír,0.0,2572.0,2.0,ENIGH (INEGI),Personas de 18 años o más,enigh
hogar,Es jefa o jefe del hogar,2020,Hombres,Con discapacidad,Ciudad de México,30-44,Recordar o concentrarse,0.0,3629.0,4.0,ENIGH (INEGI),Personas de 18 años o más,enigh
hogar,Es jefa o jefe del hogar,2020,Hombres,Con discapacidad,Ciudad de México,30-44,Ver,5962.0,8526.0,7.0,ENIGH (INEGI),Personas de 18 años o más,enigh
hogar,Es jefa o jefe del hogar,2020,Hombres,Con discapacidad,Ciudad de México,45-59,Bañarse o vestirse,6593.0,13308.0,11.0,ENIGH (INEGI),Personas de 18 años o más,enigh
hogar,Es jefa o jefe del hogar,2020,Hombres,Con discapacidad,Ciudad de México,45-59,Brazos o manos,14356.0,20846.0,16.0,ENIGH (INEGI),Personas de 18 años o más,enigh
hogar,Es jefa o jefe del hogar,2020,Hombres,Con discapacidad,Ciudad de México,45-59,Caminar,22601.0,34544.0,30.0,ENIGH (INEGI),Personas de 18 años o más,enigh
hogar,Es jefa o jefe del hogar,2020,Hombres,Con discapacidad,Ciudad de México,45-59,Hablar o comunicarse,0.0,4567.0,4.0,ENIGH (INEGI),Personas de 18 años o más,enigh
hogar,Es jefa o jefe del hogar,2020,Hombres,Con discapacidad,Ciudad de México,45-59,Mental,8256.0,14578.0,12.0,ENIGH (INEGI),Personas de 18 años o más,enigh
hogar,Es jefa o jefe del hogar,2020,Hombres,Con discapacidad,Ciudad de México,45-59,Oír,7753.0,14209.0,11.0,ENIGH (INEGI),Personas de 18 años o más,enigh
hogar,Es jefa o jefe del hogar,2020,Hombres,Con discapacidad,Ciudad de México,45-59,Recordar o concentrarse,5150.0,9467.0,8.0,ENIGH (INEGI),Personas de 18 años o más,enigh
hogar,Es jefa o jefe del hogar,2020,Hombres,Con discapacidad,Ciudad de México,45-59,Ver,11780.0,19084.0,16.0,ENIGH (INEGI),Personas de 18 años o más,enigh
hogar,Es jefa o jefe del hogar,2020,Hombres,Con discapacidad,Ciudad de México,60+,Bañarse o vestirse,18357.0,21879.0,19.0,ENIGH (INEGI),Personas de 18 años o más,enigh
hogar,Es jefa o jefe del hogar,2020,Hombres,Con discapacidad,Ciudad de México,60+,Brazos o manos,19228.0,19252.0,18.0,ENIGH (INEGI),Personas de 18 años o más,enigh
hogar,Es jefa o jefe del hogar,2020,Hombres,Con discapacidad,Ciudad de México,60+,Caminar,59959.0,70928.0,70.0,ENIGH (INEGI),Personas de 18 años o más,enigh
hogar,Es jefa o jefe del hogar,2020,Hombres,Con discapacidad,Ciudad de México,60+,Hablar o comunicarse,5073.0,6305.0,7.0,ENIGH (INEGI),Personas de 18 años o más,enigh
hogar,Es jefa o jefe del hogar,2020,Hombres,Con discapacidad,Ciudad de México,60+,Mental,15267.0,19677.0,16.0,ENIGH (INEGI),Personas de 18 años o más,enigh
hogar,Es jefa o jefe del hogar,2020,Hombres,Con discapacidad,Ciudad de México,60+,Oír,25916.0,33749.0,35.0,ENIGH (INEGI),Personas de 18 años o más,enigh
hogar,Es jefa o jefe del hogar,2020,Hombres,Con discapacidad,Ciudad de México,60+,Recordar o concentrarse,12576.0,18012.0,18.0,ENIGH (INEGI),Personas de 18 años o más,enigh
hogar,Es jefa o jefe del hogar,2020,Hombres,Con discapacidad,Ciudad de México,60+,Ver,27629.0,32114.0,33.0,ENIGH (INEGI),Personas de 18 años o más,enigh
hogar,Es jefa o jefe del hogar,2020,Hombres,Con discapacidad,Coahuila,18-29,Bañarse o vestirse,0.0,874.0,4.0,ENIGH (INEGI),Personas de 18 años o más,enigh
hogar,Es jefa o jefe del hogar,2020,Hombres,Con discapacidad,Coahuila,18-29,Brazos o manos,0.0,823.0,4.0,ENIGH (INEGI),Personas de 18 años o más,enigh
hogar,Es jefa o jefe del hogar,2020,Hombres,Con discapacidad,Coahuila,18-29,Caminar,0.0,1095.0,6.0,ENIGH (INEGI),Personas de 18 años o más,enigh
hogar,Es jefa o jefe del hogar,2020,Hombres,Con discapacidad,Coahuila,18-29,Hablar o comunicarse,0.0,852.0,3.0,ENIGH (INEGI),Personas de 18 años o más,enigh
hogar,Es jefa o jefe del hogar,2020,Hombres,Con discapacidad,Coahuila,18-29,Mental,0.0,2713.0,10.0,ENIGH (INEGI),Personas de 18 años o más,enigh
hogar,Es jefa o jefe del hogar,2020,Hombres,Con discapacidad,Coahuila,18-29,Recordar o concentrarse,0.0,1688.0,7.0,ENIGH (INEGI),Personas de 18 años o más,enigh
hogar,Es jefa o jefe del hogar,2020,Hombres,Con discapacidad,Coahuila,18-29,Ver,528.0,3867.0,16.0,ENIGH (INEGI),Personas de 18 años o más,enigh
hogar,Es jefa o jefe del hogar,2020,Hombres,Con discapacidad,Coahuila,30-44,Bañarse o vestirse,363.0,1440.0,8.0,ENIGH (INEGI),Personas de 18 años o más,enigh
hogar,Es jefa o jefe del hogar,2020,Hombres,Con discapacidad,Coahuila,30-44,Brazos o manos,101.0,1098.0,6.0,ENIGH (INEGI),Personas de 18 años o más,enigh
hogar,Es jefa o jefe del hogar,2020,Hombres,Con discapacidad,Coahuila,30-44,Caminar,957.0,2890.0,13.0,ENIGH (INEGI),Personas de 18 años o más,enigh
hogar,Es jefa o jefe del hogar,2020,Hombres,Con discapacidad,Coahuila,30-44,Hablar o comunicarse,262.0,1685.0,9.0,ENIGH (INEGI),Personas de 18 años o más,enigh
hogar,Es jefa o jefe del hogar,2020,Hombres,Con discapacidad,Coahuila,30-44,Mental,218.0,1670.0,10.0,ENIGH (INEGI),Personas de 18 años o más,enigh
hogar,Es jefa o jefe del hogar,2020,Hombres,Con discapacidad,Coahuila,30-44,Oír,277.0,465.0,3.0,ENIGH (INEGI),Personas de 18 años o más,enigh
hogar,Es jefa o jefe del hogar,2020,Hombres,Con discapacidad,Coahuila,30-44,Recordar o concentrarse,0.0,1758.0,10.0,ENIGH (INEGI),Personas de 18 años o más,enigh
hogar,Es jefa o jefe del hogar,2020,Hombres,Con discapacidad,Coahuila,30-44,Ver,677.0,1136.0,8.0,ENIGH (INEGI),Personas de 18 años o más,enigh
hogar,Es jefa o jefe del hogar,2020,Hombres,Con discapacidad,Coahuila,45-59,Bañarse o vestirse,1823.0,3264.0,15.0,ENIGH (INEGI),Personas de 18 años o más,enigh
hogar,Es jefa o jefe del hogar,2020,Hombres,Con discapacidad,Coahuila,45-59,Brazos o manos,3339.0,4175.0,18.0,ENIGH (INEGI),Personas de 18 años o más,enigh
hogar,Es jefa o jefe del hogar,2020,Hombres,Con discapacidad,Coahuila,45-59,Caminar,7721.0,10799.0,53.0,ENIGH (INEGI),Personas de 18 años o más,enigh
hogar,Es jefa o jefe del hogar,2020,Hombres,Con discapacidad,Coahuila,45-59,Hablar o comunicarse,479.0,1607.0,9.0,ENIGH (INEGI),Personas de 18 años o más,enigh
hogar,Es jefa o jefe del hogar,2020,Hombres,Con discapacidad,Coahuila,45-59,Mental,781.0,2505.0,13.0,ENIGH (INEGI),Personas de 18 años o más,enigh
hogar,Es jefa o jefe del hogar,2020,Hombres,Con discapacidad,Coahuila,45-59,Oír,3897.0,5322.0,25.0,ENIGH (INEGI),Personas de 18 años o más,enigh
hogar,Es jefa o jefe del hogar,2020,Hombres,Con discapacidad,Coahuila,45-59,Recordar o concentrarse,1194.0,2941.0,15.0,ENIGH (INEGI),Personas de 18 años o más,enigh
hogar,Es jefa o jefe del hogar,2020,Hombres,Con discapacidad,Coahuila,45-59,Ver,10619.0,12718.0,60.0,ENIGH (INEGI),Personas de 18 años o más,enigh
hogar,Es jefa o jefe del hogar,2020,Hombres,Con discapacidad,Coahuila,60+,Bañarse o vestirse,8232.0,9507.0,42.0,ENIGH (INEGI),Personas de 18 años o más,enigh
hogar,Es jefa o jefe del hogar,2020,Hombres,Con discapacidad,Coahuila,60+,Brazos o manos,8245.0,9165.0,38.0,ENIGH (INEGI),Personas de 18 años o más,enigh
hogar,Es jefa o jefe del hogar,2020,Hombres,Con discapacidad,Coahuila,60+,Caminar,27488.0,31660.0,140.0,ENIGH (INEGI),Personas de 18 años o más,enigh
hogar,Es jefa o jefe del hogar,2020,Hombres,Con discapacidad,Coahuila,60+,Hablar o comunicarse,2355.0,3952.0,19.0,ENIGH (INEGI),Personas de 18 años o más,enigh
hogar,Es jefa o jefe del hogar,2020,Hombres,Con discapacidad,Coahuila,60+,Mental,4425.0,5330.0,24.0,ENIGH (INEGI),Personas de 18 años o más,enigh
hogar,Es jefa o jefe del hogar,2020,Hombres,Con discapacidad,Coahuila,60+,Oír,11264.0,13009.0,64.0,ENIGH (INEGI),Personas de 18 años o más,enigh
hogar,Es jefa o jefe del hogar,2020,Hombres,Con discapacidad,Coahuila,60+,Recordar o concentrarse,3600.0,4476.0,22.0,ENIGH (INEGI),Personas de 18 años o más,enigh
hogar,Es jefa o jefe del hogar,2020,Hombres,Con discapacidad,Coahuila,60+,Ver,13065.0,15131.0,70.0,ENIGH (INEGI),Personas de 18 años o más,enigh
hogar,Es jefa o jefe del hogar,2020,Hombres,Con discapacidad,Colima,18-29,Bañarse o vestirse,0.0,240.0,4.0,ENIGH (INEGI),Personas de 18 años o más,enigh
hogar,Es jefa o jefe del hogar,2020,Hombres,Con discapacidad,Colima,18-29,Brazos o manos,203.0,496.0,7.0,ENIGH (INEGI),Personas de 18 años o más,enigh
hogar,Es jefa o jefe del hogar,2020,Hombres,Con discapacidad,Colima,18-29,Caminar,17.0,648.0,12.0,ENIGH (INEGI),Personas de 18 años o más,enigh
hogar,Es jefa o jefe del hogar,2020,Hombres,Con discapacidad,Colima,18-29,Hablar o comunicarse,0.0,434.0,9.0,ENIGH (INEGI),Personas de 18 años o más,enigh
hogar,Es jefa o jefe del hogar,2020,Hombres,Con discapacidad,Colima,18-29,Mental,0.0,753.0,10.0,ENIGH (INEGI),Personas de 18 años o más,enigh
hogar,Es jefa o jefe del hogar,2020,Hombres,Con discapacidad,Colima,18-29,Oír,0.0,238.0,4.0,ENIGH (INEGI),Personas de 18 años o más,enigh
hogar,Es jefa o jefe del hogar,2020,Hombres,Con discapacidad,Colima,18-29,Recordar o concentrarse,0.0,451.0,8.0,ENIGH (INEGI),Personas de 18 años o más,enigh
hogar,Es jefa o jefe del hogar,2020,Hombres,Con discapacidad,Colima,18-29,Ver,23.0,375.0,5.0,ENIGH (INEGI),Personas de 18 años o más,enigh
hogar,Es jefa o jefe del hogar,2020,Hombres,Con discapacidad,Colima,30-44,Bañarse o vestirse,206.0,271.0,6.0,ENIGH (INEGI),Personas de 18 años o más,enigh
hogar,Es jefa o jefe del hogar,2020,Hombres,Con discapacidad,Colima,30-44,Brazos o manos,36.0,263.0,7.0,ENIGH (INEGI),Personas de 18 años o más,enigh
hogar,Es jefa o jefe del hogar,2020,Hombres,Con discapacidad,Colima,30-44,Caminar,724.0,1342.0,21.0,ENIGH (INEGI),Personas de 18 años o más,enigh
hogar,Es jefa o jefe del hogar,2020,Hombres,Con discapacidad,Colima,30-44,Hablar o comunicarse,0.0,428.0,8.0,ENIGH (INEGI),Personas de 18 años o más,enigh
hogar,Es jefa o jefe del hogar,2020,Hombres,Con discapacidad,Colima,30-44,Mental,23.0,325.0,9.0,ENIGH (INEGI),Personas de 18 años o más,enigh
hogar,Es jefa o jefe del hogar,2020,Hombres,Con discapacidad,Colima,30-44,Oír,81.0,458.0,8.0,ENIGH (INEGI),Personas de 18 años o más,enigh
hogar,Es jefa o jefe del hogar,2020,Hombres,Con discapacidad,Colima,30-44,Recordar o concentrarse,0.0,382.0,6.0,ENIGH (INEGI),Personas de 18 años o más,enigh
hogar,Es jefa o jefe del hogar,2020,Hombres,Con discapacidad,Colima,30-44,Ver,250.0,538.0,14.0,ENIGH (INEGI),Personas de 18 años o más,enigh
hogar,Es jefa o jefe del hogar,2020,Hombres,Con discapacidad,Colima,45-59,Bañarse o vestirse,463.0,566.0,7.0,ENIGH (INEGI),Personas de 18 años o más,enigh
hogar,Es jefa o jefe del hogar,2020,Hombres,Con discapacidad,Colima,45-59,Brazos o manos,1185.0,1388.0,19.0,ENIGH (INEGI),Personas de 18 años o más,enigh
hogar,Es jefa o jefe del hogar,2020,Hombres,Con discapacidad,Colima,45-59,Caminar,2904.0,3381.0,42.0,ENIGH (INEGI),Personas de 18 años o más,enigh
hogar,Es jefa o jefe del hogar,2020,Hombres,Con discapacidad,Colima,45-59,Hablar o comunicarse,248.0,384.0,6.0,ENIGH (INEGI),Personas de 18 años o más,enigh
hogar,Es jefa o jefe del hogar,2020,Hombres,Con discapacidad,Colima,45-59,Mental,222.0,506.0,8.0,ENIGH (INEGI),Personas de 18 años o más,enigh
hogar,Es jefa o jefe del hogar,2020,Hombres,Con discapacidad,Colima,45-59,Oír,777.0,872.0,12.0,ENIGH (INEGI),Personas de 18 años o más,enigh
hogar,Es jefa o jefe del hogar,2020,Hombres,Con discapacidad,Colima,45-59,Recordar o concentrarse,416.0,647.0,11.0,ENIGH (INEGI),Personas de 18 años o más,enigh
hogar,Es jefa o jefe del hogar,2020,Hombres,Con discapacidad,Colima,45-59,Ver,1798.0,2362.0,38.0,ENIGH (INEGI),Personas de 18 años o más,enigh
hogar,Es jefa o jefe del hogar,2020,Hombres,Con discapacidad,Colima,60+,Bañarse o vestirse,1868.0,2241.0,39.0,ENIGH (INEGI),Personas de 18 años o más,enigh
hogar,Es jefa o jefe del hogar,2020,Hombres,Con discapacidad,Colima,60+,Brazos o manos,2087.0,2252.0,42.0,ENIGH (INEGI),Personas de 18 años o más,enigh
hogar,Es jefa o jefe del hogar,2020,Hombres,Con discapacidad,Colima,60+,Caminar,6188.0,7377.0,128.0,ENIGH (INEGI),Personas de 18 años o más,enigh
hogar,Es jefa o jefe del hogar,2020,Hombres,Con discapacidad,Colima,60+,Hablar o comunicarse,1112.0,1208.0,20.0,ENIGH (INEGI),Personas de 18 años o más,enigh
hogar,Es jefa o jefe del hogar,2020,Hombres,Con discapacidad,Colima,60+,Mental,816.0,1264.0,28.0,ENIGH (INEGI),Personas de 18 años o más,enigh
hogar,Es jefa o jefe del hogar,2020,Hombres,Con discapacidad,Colima,60+,Oír,2845.0,3163.0,56.0,ENIGH (INEGI),Personas de 18 años o más,enigh
hogar,Es jefa o jefe del hogar,2020,Hombres,Con discapacidad,Colima,60+,Recordar o concentrarse,1595.0,2335.0,45.0,ENIGH (INEGI),Personas de 18 años o más,enigh
hogar,Es jefa o jefe del hogar,2020,Hombres,Con discapacidad,Colima,60+,Ver,2940.0,3345.0,70.0,ENIGH (INEGI),Personas de 18 años o más,enigh
hogar,Es jefa o jefe del hogar,2020,Hombres,Con discapacidad,Durango,18-29,Bañarse o vestirse,0.0,301.0,3.0,ENIGH (INEGI),Personas de 18 años o más,enigh
hogar,Es jefa o jefe del hogar,2020,Hombres,Con discapacidad,Durango,18-29,Brazos o manos,0.0,88.0,1.0,ENIGH (INEGI),Personas de 18 años o más,enigh
hogar,Es jefa o jefe del hogar,2020,Hombres,Con discapacidad,Durango,18-29,Caminar,0.0,1369.0,7.0,ENIGH (INEGI),Personas de 18 años o más,enigh
hogar,Es jefa o jefe del hogar,2020,Hombres,Con discapacidad,Durango,18-29,Hablar o comunicarse,0.0,821.0,6.0,ENIGH (INEGI),Personas de 18 años o más,enigh
hogar,Es jefa o jefe del hogar,2020,Hombres,Con discapacidad,Durango,18-29,Mental,0.0,1533.0,8.0,ENIGH (INEGI),Personas de 18 años o más,enigh
hogar,Es jefa o jefe del hogar,2020,Hombres,Con discapacidad,Durango,18-29,Oír,0.0,330.0,3.0,ENIGH (INEGI),Personas de 18 años o más,enigh
hogar,Es jefa o jefe del hogar,2020,Hombres,Con discapacidad,Durango,18-29,Recordar o concentrarse,0.0,1030.0,6.0,ENIGH (INEGI),Personas de 18 años o más,enigh
hogar,Es jefa o jefe del hogar,2020,Hombres,Con discapacidad,Durango,18-29,Ver,540.0,3125.0,14.0,ENIGH (INEGI),Personas de 18 años o más,enigh
hogar,Es jefa o jefe del hogar,2020,Hombres,Con discapacidad,Durango,30-44,Bañarse o vestirse,216.0,877.0,5.0,ENIGH (INEGI),Personas de 18 años o más,enigh
hogar,Es jefa o jefe del hogar,2020,Hombres,Con discapacidad,Durango,30-44,Brazos o manos,571.0,1301.0,8.0,ENIGH (INEGI),Personas de 18 años o más,enigh
hogar,Es jefa o jefe del hogar,2020,Hombres,Con discapacidad,Durango,30-44,Caminar,1266.0,2273.0,14.0,ENIGH (INEGI),Personas de 18 años o más,enigh
hogar,Es jefa o jefe del hogar,2020,Hombres,Con discapacidad,Durango,30-44,Hablar o comunicarse,0.0,476.0,3.0,ENIGH (INEGI),Personas de 18 años o más,enigh
hogar,Es jefa o jefe del hogar,2020,Hombres,Con discapacidad,Durango,30-44,Mental,0.0,1812.0,8.0,ENIGH (INEGI),Personas de 18 años o más,enigh
hogar,Es jefa o jefe del hogar,2020,Hombres,Con discapacidad,Durango,30-44,Oír,357.0,870.0,6.0,ENIGH (INEGI),Personas de 18 años o más,enigh
hogar,Es jefa o jefe del hogar,2020,Hombres,Con discapacidad,Durango,30-44,Recordar o concentrarse,0.0,1190.0,6.0,ENIGH (INEGI),Personas de 18 años o más,enigh
hogar,Es jefa o jefe del hogar,2020,Hombres,Con discapacidad,Durango,30-44,Ver,1129.0,1785.0,11.0,ENIGH (INEGI),Personas de 18 años o más,enigh
hogar,Es jefa o jefe del hogar,2020,Hombres,Con discapacidad,Durango,45-59,Bañarse o vestirse,124.0,1009.0,5.0,ENIGH (INEGI),Personas de 18 años o más,enigh
hogar,Es jefa o jefe del hogar,2020,Hombres,Con discapacidad,Durango,45-59,Brazos o manos,1322.0,1887.0,11.0,ENIGH (INEGI),Personas de 18 años o más,enigh
hogar,Es jefa o jefe del hogar,2020,Hombres,Con discapacidad,Durango,45-59,Caminar,4606.0,5853.0,32.0,ENIGH (INEGI),Personas de 18 años o más,enigh
hogar,Es jefa o jefe del hogar,2020,Hombres,Con discapacidad,Durango,45-59,Hablar o comunicarse,336.0,1497.0,6.0,ENIGH (INEGI),Personas de 18 años o más,enigh
hogar,Es jefa o jefe del hogar,2020,Hombres,Con discapacidad,Durango,45-59,Mental,833.0,1936.0,10.0,ENIGH (INEGI),Personas de 18 años o más,enigh
hogar,Es jefa o jefe del hogar,2020,Hombres,Con discapacidad,Durango,45-59,Oír,1271.0,1872.0,9.0,ENIGH (INEGI),Personas de 18 años o más,enigh
hogar,Es jefa o jefe del hogar,2020,Hombres,Con discapacidad,Durango,45-59,Recordar o concentrarse,785.0,1531.0,7.0,ENIGH (INEGI),Personas de 18 años o más,enigh
hogar,Es jefa o jefe del hogar,2020,Hombres,Con discapacidad,Durango,45-59,Ver,2877.0,3437.0,17.0,ENIGH (INEGI),Personas de 18 años o más,enigh
hogar,Es jefa o jefe del hogar,2020,Hombres,Con discapacidad,Durango,60+,Bañarse o vestirse,4528.0,5633.0,34.0,ENIGH (INEGI),Personas de 18 años o más,enigh
hogar,Es jefa o jefe del hogar,2020,Hombres,Con discapacidad,Durango,60+,Brazos o manos,6309.0,7642.0,46.0,ENIGH (INEGI),Personas de 18 años o más,enigh
hogar,Es jefa o jefe del hogar,2020,Hombres,Con discapacidad,Durango,60+,Caminar,18777.0,22173.0,132.0,ENIGH (INEGI),Personas de 18 años o más,enigh
hogar,Es jefa o jefe del hogar,2020,Hombres,Con discapacidad,Durango,60+,Hablar o comunicarse,1919.0,2779.0,17.0,ENIGH (INEGI),Personas de 18 años o más,enigh
hogar,Es jefa o jefe del hogar,2020,Hombres,Con discapacidad,Durango,60+,Mental,3218.0,3953.0,22.0,ENIGH (INEGI),Personas de 18 años o más,enigh
hogar,Es jefa o jefe del hogar,2020,Hombres,Con discapacidad,Durango,60+,Oír,7604.0,8442.0,56.0,ENIGH (INEGI),Personas de 18 años o más,enigh
hogar,Es jefa o jefe del hogar,2020,Hombres,Con discapacidad,Durango,60+,Recordar o concentrarse,5278.0,6179.0,38.0,ENIGH (INEGI),Personas de 18 años o más,enigh
hogar,Es jefa o jefe del hogar,2020,Hombres,Con discapacidad,Durango,60+,Ver,11345.0,12733.0,79.0,ENIGH (INEGI),Personas de 18 años o más,enigh
hogar,Es jefa o jefe del hogar,2020,Hombres,Con discapacidad,Guanajuato,18-29,Bañarse o vestirse,0.0,2157.0,4.0,ENIGH (INEGI),Personas de 18 años o más,enigh
hogar,Es jefa o jefe del hogar,2020,Hombres,Con discapacidad,Guanajuato,18-29,Brazos o manos,0.0,772.0,3.0,ENIGH (INEGI),Personas de 18 años o más,enigh
hogar,Es jefa o jefe del hogar,2020,Hombres,Con discapacidad,Guanajuato,18-29,Caminar,550.0,8439.0,19.0,ENIGH (INEGI),Personas de 18 años o más,enigh
hogar,Es jefa o jefe del hogar,2020,Hombres,Con discapacidad,Guanajuato,18-29,Hablar o comunicarse,0.0,5192.0,12.0,ENIGH (INEGI),Personas de 18 años o más,enigh
hogar,Es jefa o jefe del hogar,2020,Hombres,Con discapacidad,Guanajuato,18-29,Mental,0.0,4421.0,9.0,ENIGH (INEGI),Personas de 18 años o más,enigh
hogar,Es jefa o jefe del hogar,2020,Hombres,Con discapacidad,Guanajuato,18-29,Recordar o concentrarse,0.0,3209.0,7.0,ENIGH (INEGI),Personas de 18 años o más,enigh
hogar,Es jefa o jefe del hogar,2020,Hombres,Con discapacidad,Guanajuato,18-29,Ver,914.0,6628.0,11.0,ENIGH (INEGI),Personas de 18 años o más,enigh
hogar,Es jefa o jefe del hogar,2020,Hombres,Con discapacidad,Guanajuato,30-44,Bañarse o vestirse,887.0,4137.0,9.0,ENIGH (INEGI),Personas de 18 años o más,enigh
hogar,Es jefa o jefe del hogar,2020,Hombres,Con discapacidad,Guanajuato,30-44,Brazos o manos,2393.0,4550.0,9.0,ENIGH (INEGI),Personas de 18 años o más,enigh
hogar,Es jefa o jefe del hogar,2020,Hombres,Con discapacidad,Guanajuato,30-44,Caminar,3943.0,6364.0,12.0,ENIGH (INEGI),Personas de 18 años o más,enigh
hogar,Es jefa o jefe del hogar,2020,Hombres,Con discapacidad,Guanajuato,30-44,Hablar o comunicarse,839.0,4033.0,9.0,ENIGH (INEGI),Personas de 18 años o más,enigh
hogar,Es jefa o jefe del hogar,2020,Hombres,Con discapacidad,Guanajuato,30-44,Mental,1593.0,4683.0,10.0,ENIGH (INEGI),Personas de 18 años o más,enigh
hogar,Es jefa o jefe del hogar,2020,Hombres,Con discapacidad,Guanajuato,30-44,Oír,497.0,2975.0,6.0,ENIGH (INEGI),Personas de 18 años o más,enigh
hogar,Es jefa o jefe del hogar,2020,Hombres,Con discapacidad,Guanajuato,30-44,Recordar o concentrarse,839.0,5508.0,12.0,ENIGH (INEGI),Personas de 18 años o más,enigh
hogar,Es jefa o jefe del hogar,2020,Hombres,Con discapacidad,Guanajuato,30-44,Ver,4231.0,8117.0,14.0,ENIGH (INEGI),Personas de 18 años o más,enigh
hogar,Es jefa o jefe del hogar,2020,Hombres,Con discapacidad,Guanajuato,45-59,Bañarse o vestirse,3630.0,4494.0,9.0,ENIGH (INEGI),Personas de 18 años o más,enigh
hogar,Es jefa o jefe del hogar,2020,Hombres,Con discapacidad,Guanajuato,45-59,Brazos o manos,6287.0,7012.0,16.0,ENIGH (INEGI),Personas de 18 años o más,enigh
hogar,Es jefa o jefe del hogar,2020,Hombres,Con discapacidad,Guanajuato,45-59,Caminar,13277.0,16879.0,35.0,ENIGH (INEGI),Personas de 18 años o más,enigh
hogar,Es jefa o jefe del hogar,2020,Hombres,Con discapacidad,Guanajuato,45-59,Hablar o comunicarse,506.0,3245.0,8.0,ENIGH (INEGI),Personas de 18 años o más,enigh
hogar,Es jefa o jefe del hogar,2020,Hombres,Con discapacidad,Guanajuato,45-59,Mental,527.0,4383.0,8.0,ENIGH (INEGI),Personas de 18 años o más,enigh
hogar,Es jefa o jefe del hogar,2020,Hombres,Con discapacidad,Guanajuato,45-59,Oír,5503.0,6367.0,10.0,ENIGH (INEGI),Personas de 18 años o más,enigh
hogar,Es jefa o jefe del hogar,2020,Hombres,Con discapacidad,Guanajuato,45-59,Recordar o concentrarse,3009.0,4854.0,8.0,ENIGH (INEGI),Personas de 18 años o más,enigh
hogar,Es jefa o jefe del hogar,2020,Hombres,Con discapacidad,Guanajuato,45-59,Ver,10027.0,13325.0,24.0,ENIGH (INEGI),Personas de 18 años o más,enigh
hogar,Es jefa o jefe del hogar,2020,Hombres,Con discapacidad,Guanajuato,60+,Bañarse o vestirse,13114.0,14451.0,35.0,ENIGH (INEGI),Personas de 18 años o más,enigh
hogar,Es jefa o jefe del hogar,2020,Hombres,Con discapacidad,Guanajuato,60+,Brazos o manos,12348.0,15087.0,34.0,ENIGH (INEGI),Personas de 18 años o más,enigh
hogar,Es jefa o jefe del hogar,2020,Hombres,Con discapacidad,Guanajuato,60+,Caminar,55808.0,62737.0,134.0,ENIGH (INEGI),Personas de 18 años o más,enigh
hogar,Es jefa o jefe del hogar,2020,Hombres,Con discapacidad,Guanajuato,60+,Hablar o comunicarse,4872.0,6190.0,16.0,ENIGH (INEGI),Personas de 18 años o más,enigh
hogar,Es jefa o jefe del hogar,2020,Hombres,Con discapacidad,Guanajuato,60+,Mental,5141.0,5850.0,14.0,ENIGH (INEGI),Personas de 18 años o más,enigh
hogar,Es jefa o jefe del hogar,2020,Hombres,Con discapacidad,Guanajuato,60+,Oír,20887.0,24051.0,56.0,ENIGH (INEGI),Personas de 18 años o más,enigh
hogar,Es jefa o jefe del hogar,2020,Hombres,Con discapacidad,Guanajuato,60+,Recordar o concentrarse,11217.0,13175.0,27.0,ENIGH (INEGI),Personas de 18 años o más,enigh
hogar,Es jefa o jefe del hogar,2020,Hombres,Con discapacidad,Guanajuato,60+,Ver,22312.0,23906.0,61.0,ENIGH (INEGI),Personas de 18 años o más,enigh
hogar,Es jefa o jefe del hogar,2020,Hombres,Con discapacidad,Guerrero,18-29,Bañarse o vestirse,0.0,1475.0,4.0,ENIGH (INEGI),Personas de 18 años o más,enigh
hogar,Es jefa o jefe del hogar,2020,Hombres,Con discapacidad,Guerrero,18-29,Brazos o manos,0.0,716.0,2.0,ENIGH (INEGI),Personas de 18 años o más,enigh
hogar,Es jefa o jefe del hogar,2020,Hombres,Con discapacidad,Guerrero,18-29,Caminar,0.0,2118.0,6.0,ENIGH (INEGI),Personas de 18 años o más,enigh
hogar,Es jefa o jefe del hogar,2020,Hombres,Con discapacidad,Guerrero,18-29,Hablar o comunicarse,778.0,2706.0,7.0,ENIGH (INEGI),Personas de 18 años o más,enigh
hogar,Es jefa o jefe del hogar,2020,Hombres,Con discapacidad,Guerrero,18-29,Mental,1580.0,3216.0,7.0,ENIGH (INEGI),Personas de 18 años o más,enigh
hogar,Es jefa o jefe del hogar,2020,Hombres,Con discapacidad,Guerrero,18-29,Oír,0.0,832.0,3.0,ENIGH (INEGI),Personas de 18 años o más,enigh
hogar,Es jefa o jefe del hogar,2020,Hombres,Con discapacidad,Guerrero,18-29,Recordar o concentrarse,0.0,1911.0,5.0,ENIGH (INEGI),Personas de 18 años o más,enigh
hogar,Es jefa o jefe del hogar,2020,Hombres,Con discapacidad,Guerrero,18-29,Ver,380.0,2028.0,6.0,ENIGH (INEGI),Personas de 18 años o más,enigh
hogar,Es jefa o jefe del hogar,2020,Hombres,Con discapacidad,Guerrero,30-44,Bañarse o vestirse,776.0,1844.0,5.0,ENIGH (INEGI),Personas de 18 años o más,enigh
hogar,Es jefa o jefe del hogar,2020,Hombres,Con discapacidad,Guerrero,30-44,Brazos o manos,2075.0,2853.0,7.0,ENIGH (INEGI),Personas de 18 años o más,enigh
hogar,Es jefa o jefe del hogar,2020,Hombres,Con discapacidad,Guerrero,30-44,Caminar,238.0,2372.0,7.0,ENIGH (INEGI),Personas de 18 años o más,enigh
hogar,Es jefa o jefe del hogar,2020,Hombres,Con discapacidad,Guerrero,30-44,Hablar o comunicarse,311.0,1063.0,3.0,ENIGH (INEGI),Personas de 18 años o más,enigh
hogar,Es jefa o jefe del hogar,2020,Hombres,Con discapacidad,Guerrero,30-44,Mental,1152.0,4078.0,11.0,ENIGH (INEGI),Personas de 18 años o más,enigh
hogar,Es jefa o jefe del hogar,2020,Hombres,Con discapacidad,Guerrero,30-44,Oír,310.0,1489.0,4.0,ENIGH (INEGI),Personas de 18 años o más,enigh
hogar,Es jefa o jefe del hogar,2020,Hombres,Con discapacidad,Guerrero,30-44,Recordar o concentrarse,726.0,1728.0,5.0,ENIGH (INEGI),Personas de 18 años o más,enigh
hogar,Es jefa o jefe del hogar,2020,Hombres,Con discapacidad,Guerrero,30-44,Ver,705.0,2051.0,6.0,ENIGH (INEGI),Personas de 18 años o más,enigh
hogar,Es jefa o jefe del hogar,2020,Hombres,Con discapacidad,Guerrero,45-59,Bañarse o vestirse,2924.0,2924.0,7.0,ENIGH (INEGI),Personas de 18 años o más,enigh
hogar,Es jefa o jefe del hogar,2020,Hombres,Con discapacidad,Guerrero,45-59,Brazos o manos,2209.0,2534.0,7.0,ENIGH (INEGI),Personas de 18 años o más,enigh
hogar,Es jefa o jefe del hogar,2020,Hombres,Con discapacidad,Guerrero,45-59,Caminar,6303.0,10329.0,29.0,ENIGH (INEGI),Personas de 18 años o más,enigh
hogar,Es jefa o jefe del hogar,2020,Hombres,Con discapacidad,Guerrero,45-59,Hablar o comunicarse,3714.0,5671.0,16.0,ENIGH (INEGI),Personas de 18 años o más,enigh
hogar,Es jefa o jefe del hogar,2020,Hombres,Con discapacidad,Guerrero,45-59,Mental,5503.0,6859.0,18.0,ENIGH (INEGI),Personas de 18 años o más,enigh
hogar,Es jefa o jefe del hogar,2020,Hombres,Con discapacidad,Guerrero,45-59,Oír,1004.0,3126.0,9.0,ENIGH (INEGI),Personas de 18 años o más,enigh
hogar,Es jefa o jefe del hogar,2020,Hombres,Con discapacidad,Guerrero,45-59,Recordar o concentrarse,1903.0,3240.0,10.0,ENIGH (INEGI),Personas de 18 años o más,enigh
hogar,Es jefa o jefe del hogar,2020,Hombres,Con discapacidad,Guerrero,45-59,Ver,4295.0,6756.0,19.0,ENIGH (INEGI),Personas de 18 años o más,enigh
hogar,Es jefa o jefe del hogar,2020,Hombres,Con discapacidad,Guerrero,60+,Bañarse o vestirse,8834.0,11641.0,33.0,ENIGH (INEGI),Personas de 18 años o más,enigh
hogar,Es jefa o jefe del hogar,2020,Hombres,Con discapacidad,Guerrero,60+,Brazos o manos,10568.0,13335.0,36.0,ENIGH (INEGI),Personas de 18 años o más,enigh
hogar,Es jefa o jefe del hogar,2020,Hombres,Con discapacidad,Guerrero,60+,Caminar,23095.0,30061.0,88.0,ENIGH (INEGI),Personas de 18 años o más,enigh
hogar,Es jefa o jefe del hogar,2020,Hombres,Con discapacidad,Guerrero,60+,Hablar o comunicarse,12156.0,14963.0,40.0,ENIGH (INEGI),Personas de 18 años o más,enigh
hogar,Es jefa o jefe del hogar,2020,Hombres,Con discapacidad,Guerrero,60+,Mental,21210.0,28365.0,75.0,ENIGH (INEGI),Personas de 18 años o más,enigh
hogar,Es jefa o jefe del hogar,2020,Hombres,Con discapacidad,Guerrero,60+,Oír,12953.0,16904.0,48.0,ENIGH (INEGI),Personas de 18 años o más,enigh
hogar,Es jefa o jefe del hogar,2020,Hombres,Con discapacidad,Guerrero,60+,Recordar o concentrarse,15598.0,20573.0,54.0,ENIGH (INEGI),Personas de 18 años o más,enigh
hogar,Es jefa o jefe del hogar,2020,Hombres,Con discapacidad,Guerrero,60+,Ver,18019.0,23364.0,69.0,ENIGH (INEGI),Personas de 18 años o más,enigh
hogar,Es jefa o jefe del hogar,2020,Hombres,Con discapacidad,Hidalgo,18-29,Bañarse o vestirse,0.0,2487.0,3.0,ENIGH (INEGI),Personas de 18 años o más,enigh
hogar,Es jefa o jefe del hogar,2020,Hombres,Con discapacidad,Hidalgo,18-29,Brazos o manos,357.0,1039.0,3.0,ENIGH (INEGI),Personas de 18 años o más,enigh
hogar,Es jefa o jefe del hogar,2020,Hombres,Con discapacidad,Hidalgo,18-29,Caminar,652.0,3265.0,9.0,ENIGH (INEGI),Personas de 18 años o más,enigh
hogar,Es jefa o jefe del hogar,2020,Hombres,Con discapacidad,Hidalgo,18-29,Hablar o comunicarse,0.0,2937.0,4.0,ENIGH (INEGI),Personas de 18 años o más,enigh
hogar,Es jefa o jefe del hogar,2020,Hombres,Con discapacidad,Hidalgo,18-29,Mental,0.0,1486.0,4.0,ENIGH (INEGI),Personas de 18 años o más,enigh
hogar,Es jefa o jefe del hogar,2020,Hombres,Con discapacidad,Hidalgo,18-29,Oír,357.0,1580.0,4.0,ENIGH (INEGI),Personas de 18 años o más,enigh
hogar,Es jefa o jefe del hogar,2020,Hombres,Con discapacidad,Hidalgo,18-29,Recordar o concentrarse,0.0,3266.0,5.0,ENIGH (INEGI),Personas de 18 años o más,enigh
hogar,Es jefa o jefe del hogar,2020,Hombres,Con discapacidad,Hidalgo,18-29,Ver,2099.0,5406.0,13.0,ENIGH (INEGI),Personas de 18 años o más,enigh
hogar,Es jefa o jefe del hogar,2020,Hombres,Con discapacidad,Hidalgo,30-44,Bañarse o vestirse,406.0,2664.0,7.0,ENIGH (INEGI),Personas de 18 años o más,enigh
hogar,Es jefa o jefe del hogar,2020,Hombres,Con discapacidad,Hidalgo,30-44,Brazos o manos,1250.0,2456.0,6.0,ENIGH (INEGI),Personas de 18 años o más,enigh
hogar,Es jefa o jefe del hogar,2020,Hombres,Con discapacidad,Hidalgo,30-44,Caminar,2634.0,5522.0,14.0,ENIGH (INEGI),Personas de 18 años o más,enigh
hogar,Es jefa o jefe del hogar,2020,Hombres,Con discapacidad,Hidalgo,30-44,Hablar o comunicarse,0.0,2671.0,6.0,ENIGH (INEGI),Personas de 18 años o más,enigh
hogar,Es jefa o jefe del hogar,2020,Hombres,Con discapacidad,Hidalgo,30-44,Mental,0.0,4318.0,11.0,ENIGH (INEGI),Personas de 18 años o más,enigh
hogar,Es jefa o jefe del hogar,2020,Hombres,Con discapacidad,Hidalgo,30-44,Oír,387.0,1607.0,4.0,ENIGH (INEGI),Personas de 18 años o más,enigh
hogar,Es jefa o jefe del hogar,2020,Hombres,Con discapacidad,Hidalgo,30-44,Recordar o concentrarse,365.0,3158.0,8.0,ENIGH (INEGI),Personas de 18 años o más,enigh
hogar,Es jefa o jefe del hogar,2020,Hombres,Con discapacidad,Hidalgo,30-44,Ver,2025.0,2839.0,8.0,ENIGH (INEGI),Personas de 18 años o más,enigh
hogar,Es jefa o jefe del hogar,2020,Hombres,Con discapacidad,Hidalgo,45-59,Bañarse o vestirse,779.0,2344.0,6.0,ENIGH (INEGI),Personas de 18 años o más,enigh
hogar,Es jefa o jefe del hogar,2020,Hombres,Con discapacidad,Hidalgo,45-59,Brazos o manos,2653.0,3828.0,10.0,ENIGH (INEGI),Personas de 18 años o más,enigh
hogar,Es jefa o jefe del hogar,2020,Hombres,Con discapacidad,Hidalgo,45-59,Caminar,8038.0,10151.0,26.0,ENIGH (INEGI),Personas de 18 años o más,enigh
hogar,Es jefa o jefe del hogar,2020,Hombres,Con discapacidad,Hidalgo,45-59,Hablar o comunicarse,0.0,1176.0,3.0,ENIGH (INEGI),Personas de 18 años o más,enigh
hogar,Es jefa o jefe del hogar,2020,Hombres,Con discapacidad,Hidalgo,45-59,Mental,415.0,1980.0,5.0,ENIGH (INEGI),Personas de 18 años o más,enigh
hogar,Es jefa o jefe del hogar,2020,Hombres,Con discapacidad,Hidalgo,45-59,Oír,1921.0,3045.0,8.0,ENIGH (INEGI),Personas de 18 años o más,enigh
hogar,Es jefa o jefe del hogar,2020,Hombres,Con discapacidad,Hidalgo,45-59,Recordar o concentrarse,0.0,1194.0,3.0,ENIGH (INEGI),Personas de 18 años o más,enigh
hogar,Es jefa o jefe del hogar,2020,Hombres,Con discapacidad,Hidalgo,45-59,Ver,6848.0,7626.0,19.0,ENIGH (INEGI),Personas de 18 años o más,enigh
hogar,Es jefa o jefe del hogar,2020,Hombres,Con discapacidad,Hidalgo,60+,Bañarse o vestirse,6560.0,8547.0,22.0,ENIGH (INEGI),Personas de 18 años o más,enigh
hogar,Es jefa o jefe del hogar,2020,Hombres,Con discapacidad,Hidalgo,60+,Brazos o manos,9371.0,10560.0,26.0,ENIGH (INEGI),Personas de 18 años o más,enigh
hogar,Es jefa o jefe del hogar,2020,Hombres,Con discapacidad,Hidalgo,60+,Caminar,24956.0,30355.0,79.0,ENIGH (INEGI),Personas de 18 años o más,enigh
hogar,Es jefa o jefe del hogar,2020,Hombres,Con discapacidad,Hidalgo,60+,Hablar o comunicarse,2592.0,4511.0,12.0,ENIGH (INEGI),Personas de 18 años o más,enigh
hogar,Es jefa o jefe del hogar,2020,Hombres,Con discapacidad,Hidalgo,60+,Mental,3261.0,4731.0,13.0,ENIGH (INEGI),Personas de 18 años o más,enigh
hogar,Es jefa o jefe del hogar,2020,Hombres,Con discapacidad,Hidalgo,60+,Oír,17326.0,20530.0,54.0,ENIGH (INEGI),Personas de 18 años o más,enigh
hogar,Es jefa o jefe del hogar,2020,Hombres,Con discapacidad,Hidalgo,60+,Recordar o concentrarse,6422.0,8358.0,22.0,ENIGH (INEGI),Personas de 18 años o más,enigh
hogar,Es jefa o jefe del hogar,2020,Hombres,Con discapacidad,Hidalgo,60+,Ver,17507.0,20714.0,54.0,ENIGH (INEGI),Personas de 18 años o más,enigh
hogar,Es jefa o jefe del hogar,2020,Hombres,Con discapacidad,Jalisco,18-29,Bañarse o vestirse,0.0,3855.0,4.0,ENIGH (INEGI),Personas de 18 años o más,enigh
hogar,Es jefa o jefe del hogar,2020,Hombres,Con discapacidad,Jalisco,18-29,Caminar,935.0,8455.0,9.0,ENIGH (INEGI),Personas de 18 años o más,enigh
hogar,Es jefa o jefe del hogar,2020,Hombres,Con discapacidad,Jalisco,18-29,Hablar o comunicarse,0.0,7885.0,9.0,ENIGH (INEGI),Personas de 18 años o más,enigh
hogar,Es jefa o jefe del hogar,2020,Hombres,Con discapacidad,Jalisco,18-29,Mental,0.0,8292.0,10.0,ENIGH (INEGI),Personas de 18 años o más,enigh
hogar,Es jefa o jefe del hogar,2020,Hombres,Con discapacidad,Jalisco,18-29,Oír,0.0,2496.0,2.0,ENIGH (INEGI),Personas de 18 años o más,enigh
hogar,Es jefa o jefe del hogar,2020,Hombres,Con discapacidad,Jalisco,18-29,Recordar o concentrarse,0.0,6351.0,8.0,ENIGH (INEGI),Personas de 18 años o más,enigh
hogar,Es jefa o jefe del hogar,2020,Hombres,Con discapacidad,Jalisco,18-29,Ver,1540.0,5199.0,7.0,ENIGH (INEGI),Personas de 18 años o más,enigh
hogar,Es jefa o jefe del hogar,2020,Hombres,Con discapacidad,Jalisco,30-44,Bañarse o vestirse,365.0,2248.0,3.0,ENIGH (INEGI),Personas de 18 años o más,enigh
hogar,Es jefa o jefe del hogar,2020,Hombres,Con discapacidad,Jalisco,30-44,Brazos o manos,2231.0,2231.0,3.0,ENIGH (INEGI),Personas de 18 años o más,enigh
hogar,Es jefa o jefe del hogar,2020,Hombres,Con discapacidad,Jalisco,30-44,Caminar,2743.0,9551.0,12.0,ENIGH (INEGI),Personas de 18 años o más,enigh
hogar,Es jefa o jefe del hogar,2020,Hombres,Con discapacidad,Jalisco,30-44,Hablar o comunicarse,2098.0,3543.0,4.0,ENIGH (INEGI),Personas de 18 años o más,enigh
hogar,Es jefa o jefe del hogar,2020,Hombres,Con discapacidad,Jalisco,30-44,Mental,0.0,2670.0,4.0,ENIGH (INEGI),Personas de 18 años o más,enigh
hogar,Es jefa o jefe del hogar,2020,Hombres,Con discapacidad,Jalisco,30-44,Oír,4975.0,6487.0,8.0,ENIGH (INEGI),Personas de 18 años o más,enigh
hogar,Es jefa o jefe del hogar,2020,Hombres,Con discapacidad,Jalisco,30-44,Recordar o concentrarse,2192.0,3011.0,3.0,ENIGH (INEGI),Personas de 18 años o más,enigh
hogar,Es jefa o jefe del hogar,2020,Hombres,Con discapacidad,Jalisco,30-44,Ver,4591.0,9143.0,9.0,ENIGH (INEGI),Personas de 18 años o más,enigh
hogar,Es jefa o jefe del hogar,2020,Hombres,Con discapacidad,Jalisco,45-59,Bañarse o vestirse,2237.0,4235.0,7.0,ENIGH (INEGI),Personas de 18 años o más,enigh
hogar,Es jefa o jefe del hogar,2020,Hombres,Con discapacidad,Jalisco,45-59,Brazos o manos,2167.0,4165.0,7.0,ENIGH (INEGI),Personas de 18 años o más,enigh
hogar,Es jefa o jefe del hogar,2020,Hombres,Con discapacidad,Jalisco,45-59,Caminar,19501.0,24468.0,26.0,ENIGH (INEGI),Personas de 18 años o más,enigh
hogar,Es jefa o jefe del hogar,2020,Hombres,Con discapacidad,Jalisco,45-59,Hablar o comunicarse,1335.0,5948.0,10.0,ENIGH (INEGI),Personas de 18 años o más,enigh
hogar,Es jefa o jefe del hogar,2020,Hombres,Con discapacidad,Jalisco,45-59,Mental,1265.0,5201.0,8.0,ENIGH (INEGI),Personas de 18 años o más,enigh
hogar,Es jefa o jefe del hogar,2020,Hombres,Con discapacidad,Jalisco,45-59,Oír,5362.0,9989.0,15.0,ENIGH (INEGI),Personas de 18 años o más,enigh
hogar,Es jefa o jefe del hogar,2020,Hombres,Con discapacidad,Jalisco,45-59,Recordar o concentrarse,0.0,3928.0,6.0,ENIGH (INEGI),Personas de 18 años o más,enigh
hogar,Es jefa o jefe del hogar,2020,Hombres,Con discapacidad,Jalisco,45-59,Ver,6342.0,9911.0,13.0,ENIGH (INEGI),Personas de 18 años o más,enigh
hogar,Es jefa o jefe del hogar,2020,Hombres,Con discapacidad,Jalisco,60+,Bañarse o vestirse,16184.0,24214.0,32.0,ENIGH (INEGI),Personas de 18 años o más,enigh
hogar,Es jefa o jefe del hogar,2020,Hombres,Con discapacidad,Jalisco,60+,Brazos o manos,12232.0,20222.0,29.0,ENIGH (INEGI),Personas de 18 años o más,enigh
hogar,Es jefa o jefe del hogar,2020,Hombres,Con discapacidad,Jalisco,60+,Caminar,68589.0,85059.0,114.0,ENIGH (INEGI),Personas de 18 años o más,enigh
hogar,Es jefa o jefe del hogar,2020,Hombres,Con discapacidad,Jalisco,60+,Hablar o comunicarse,2956.0,10122.0,14.0,ENIGH (INEGI),Personas de 18 años o más,enigh
hogar,Es jefa o jefe del hogar,2020,Hombres,Con discapacidad,Jalisco,60+,Mental,10441.0,19838.0,25.0,ENIGH (INEGI),Personas de 18 años o más,enigh
hogar,Es jefa o jefe del hogar,2020,Hombres,Con discapacidad,Jalisco,60+,Oír,20502.0,32164.0,45.0,ENIGH (INEGI),Personas de 18 años o más,enigh
hogar,Es jefa o jefe del hogar,2020,Hombres,Con discapacidad,Jalisco,60+,Recordar o concentrarse,13497.0,23984.0,34.0,ENIGH (INEGI),Personas de 18 años o más,enigh
hogar,Es jefa o jefe del hogar,2020,Hombres,Con discapacidad,Jalisco,60+,Ver,23791.0,32331.0,40.0,ENIGH (INEGI),Personas de 18 años o más,enigh
hogar,Es jefa o jefe del hogar,2020,Hombres,Con discapacidad,Michoacán,18-29,Bañarse o vestirse,0.0,2005.0,3.0,ENIGH (INEGI),Personas de 18 años o más,enigh
hogar,Es jefa o jefe del hogar,2020,Hombres,Con discapacidad,Michoacán,18-29,Brazos o manos,591.0,2577.0,4.0,ENIGH (INEGI),Personas de 18 años o más,enigh
hogar,Es jefa o jefe del hogar,2020,Hombres,Con discapacidad,Michoacán,18-29,Caminar,0.0,4760.0,7.0,ENIGH (INEGI),Personas de 18 años o más,enigh
hogar,Es jefa o jefe del hogar,2020,Hombres,Con discapacidad,Michoacán,18-29,Hablar o comunicarse,0.0,767.0,1.0,ENIGH (INEGI),Personas de 18 años o más,enigh
hogar,Es jefa o jefe del hogar,2020,Hombres,Con discapacidad,Michoacán,18-29,Mental,0.0,1390.0,2.0,ENIGH (INEGI),Personas de 18 años o más,enigh
hogar,Es jefa o jefe del hogar,2020,Hombres,Con discapacidad,Michoacán,18-29,Oír,0.0,1355.0,2.0,ENIGH (INEGI),Personas de 18 años o más,enigh
hogar,Es jefa o jefe del hogar,2020,Hombres,Con discapacidad,Michoacán,18-29,Recordar o concentrarse,1340.0,3974.0,6.0,ENIGH (INEGI),Personas de 18 años o más,enigh
hogar,Es jefa o jefe del hogar,2020,Hombres,Con discapacidad,Michoacán,18-29,Ver,1825.0,3483.0,6.0,ENIGH (INEGI),Personas de 18 años o más,enigh
hogar,Es jefa o jefe del hogar,2020,Hombres,Con discapacidad,Michoacán,30-44,Bañarse o vestirse,0.0,2362.0,4.0,ENIGH (INEGI),Personas de 18 años o más,enigh
hogar,Es jefa o jefe del hogar,2020,Hombres,Con discapacidad,Michoacán,30-44,Brazos o manos,1262.0,4280.0,7.0,ENIGH (INEGI),Personas de 18 años o más,enigh
hogar,Es jefa o jefe del hogar,2020,Hombres,Con discapacidad,Michoacán,30-44,Caminar,5660.0,9903.0,16.0,ENIGH (INEGI),Personas de 18 años o más,enigh
hogar,Es jefa o jefe del hogar,2020,Hombres,Con discapacidad,Michoacán,30-44,Hablar o comunicarse,2536.0,3706.0,6.0,ENIGH (INEGI),Personas de 18 años o más,enigh
hogar,Es jefa o jefe del hogar,2020,Hombres,Con discapacidad,Michoacán,30-44,Mental,0.0,3605.0,6.0,ENIGH (INEGI),Personas de 18 años o más,enigh
hogar,Es jefa o jefe del hogar,2020,Hombres,Con discapacidad,Michoacán,30-44,Oír,2481.0,3048.0,5.0,ENIGH (INEGI),Personas de 18 años o más,enigh
hogar,Es jefa o jefe del hogar,2020,Hombres,Con discapacidad,Michoacán,30-44,Recordar o concentrarse,1191.0,4587.0,8.0,ENIGH (INEGI),Personas de 18 años o más,enigh
hogar,Es jefa o jefe del hogar,2020,Hombres,Con discapacidad,Michoacán,30-44,Ver,3807.0,6768.0,11.0,ENIGH (INEGI),Personas de 18 años o más,enigh
hogar,Es jefa o jefe del hogar,2020,Hombres,Con discapacidad,Michoacán,45-59,Bañarse o vestirse,2115.0,5927.0,9.0,ENIGH (INEGI),Personas de 18 años o más,enigh
hogar,Es jefa o jefe del hogar,2020,Hombres,Con discapacidad,Michoacán,45-59,Brazos o manos,6316.0,8719.0,14.0,ENIGH (INEGI),Personas de 18 años o más,enigh
hogar,Es jefa o jefe del hogar,2020,Hombres,Con discapacidad,Michoacán,45-59,Caminar,15899.0,20527.0,33.0,ENIGH (INEGI),Personas de 18 años o más,enigh
hogar,Es jefa o jefe del hogar,2020,Hombres,Con discapacidad,Michoacán,45-59,Hablar o comunicarse,1208.0,3881.0,6.0,ENIGH (INEGI),Personas de 18 años o más,enigh
hogar,Es jefa o jefe del hogar,2020,Hombres,Con discapacidad,Michoacán,45-59,Mental,681.0,4573.0,7.0,ENIGH (INEGI),Personas de 18 años o más,enigh
hogar,Es jefa o jefe del hogar,2020,Hombres,Con discapacidad,Michoacán,45-59,Oír,3073.0,4301.0,7.0,ENIGH (INEGI),Personas de 18 años o más,enigh
hogar,Es jefa o jefe del hogar,2020,Hombres,Con discapacidad,Michoacán,45-59,Recordar o concentrarse,3872.0,7647.0,12.0,ENIGH (INEGI),Personas de 18 años o más,enigh
hogar,Es jefa o jefe del hogar,2020,Hombres,Con discapacidad,Michoacán,45-59,Ver,9340.0,10045.0,16.0,ENIGH (INEGI),Personas de 18 años o más,enigh
hogar,Es jefa o jefe del hogar,2020,Hombres,Con discapacidad,Michoacán,60+,Bañarse o vestirse,9029.0,11479.0,19.0,ENIGH (INEGI),Personas de 18 años o más,enigh
hogar,Es jefa o jefe del hogar,2020,Hombres,Con discapacidad,Michoacán,60+,Brazos o manos,17612.0,19367.0,32.0,ENIGH (INEGI),Personas de 18 años o más,enigh
hogar,Es jefa o jefe del hogar,2020,Hombres,Con discapacidad,Michoacán,60+,Caminar,46545.0,53184.0,89.0,ENIGH (INEGI),Personas de 18 años o más,enigh
hogar,Es jefa o jefe del hogar,2020,Hombres,Con discapacidad,Michoacán,60+,Hablar o comunicarse,5454.0,7177.0,12.0,ENIGH (INEGI),Personas de 18 años o más,enigh
hogar,Es jefa o jefe del hogar,2020,Hombres,Con discapacidad,Michoacán,60+,Mental,6973.0,6973.0,11.0,ENIGH (INEGI),Personas de 18 años o más,enigh
hogar,Es jefa o jefe del hogar,2020,Hombres,Con discapacidad,Michoacán,60+,Oír,25679.0,28672.0,46.0,ENIGH (INEGI),Personas de 18 años o más,enigh
hogar,Es jefa o jefe del hogar,2020,Hombres,Con discapacidad,Michoacán,60+,Recordar o concentrarse,9502.0,11079.0,19.0,ENIGH (INEGI),Personas de 18 años o más,enigh
hogar,Es jefa o jefe del hogar,2020,Hombres,Con discapacidad,Michoacán,60+,Ver,23339.0,26406.0,42.0,ENIGH (INEGI),Personas de 18 años o más,enigh
hogar,Es jefa o jefe del hogar,2020,Hombres,Con discapacidad,Morelos,18-29,Bañarse o vestirse,0.0,84.0,1.0,ENIGH (INEGI),Personas de 18 años o más,enigh
hogar,Es jefa o jefe del hogar,2020,Hombres,Con discapacidad,Morelos,18-29,Caminar,261.0,808.0,4.0,ENIGH (INEGI),Personas de 18 años o más,enigh
hogar,Es jefa o jefe del hogar,2020,Hombres,Con discapacidad,Morelos,18-29,Hablar o comunicarse,0.0,540.0,4.0,ENIGH (INEGI),Personas de 18 años o más,enigh
hogar,Es jefa o jefe del hogar,2020,Hombres,Con discapacidad,Morelos,18-29,Mental,0.0,447.0,4.0,ENIGH (INEGI),Personas de 18 años o más,enigh
hogar,Es jefa o jefe del hogar,2020,Hombres,Con discapacidad,Morelos,18-29,Oír,0.0,341.0,2.0,ENIGH (INEGI),Personas de 18 años o más,enigh
hogar,Es jefa o jefe del hogar,2020,Hombres,Con discapacidad,Morelos,18-29,Recordar o concentrarse,0.0,757.0,5.0,ENIGH (INEGI),Personas de 18 años o más,enigh
hogar,Es jefa o jefe del hogar,2020,Hombres,Con discapacidad,Morelos,18-29,Ver,0.0,898.0,4.0,ENIGH (INEGI),Personas de 18 años o más,enigh
hogar,Es jefa o jefe del hogar,2020,Hombres,Con discapacidad,Morelos,30-44,Bañarse o vestirse,228.0,857.0,3.0,ENIGH (INEGI),Personas de 18 años o más,enigh
hogar,Es jefa o jefe del hogar,2020,Hombres,Con discapacidad,Morelos,30-44,Brazos o manos,685.0,685.0,3.0,ENIGH (INEGI),Personas de 18 años o más,enigh
hogar,Es jefa o jefe del hogar,2020,Hombres,Con discapacidad,Morelos,30-44,Caminar,2304.0,3724.0,15.0,ENIGH (INEGI),Personas de 18 años o más,enigh
hogar,Es jefa o jefe del hogar,2020,Hombres,Con discapacidad,Morelos,30-44,Hablar o comunicarse,490.0,1058.0,5.0,ENIGH (INEGI),Personas de 18 años o más,enigh
hogar,Es jefa o jefe del hogar,2020,Hombres,Con discapacidad,Morelos,30-44,Mental,0.0,1079.0,4.0,ENIGH (INEGI),Personas de 18 años o más,enigh
hogar,Es jefa o jefe del hogar,2020,Hombres,Con discapacidad,Morelos,30-44,Oír,713.0,1506.0,8.0,ENIGH (INEGI),Personas de 18 años o más,enigh
hogar,Es jefa o jefe del hogar,2020,Hombres,Con discapacidad,Morelos,30-44,Recordar o concentrarse,490.0,1552.0,6.0,ENIGH (INEGI),Personas de 18 años o más,enigh
hogar,Es jefa o jefe del hogar,2020,Hombres,Con discapacidad,Morelos,30-44,Ver,2293.0,2831.0,13.0,ENIGH (INEGI),Personas de 18 años o más,enigh
hogar,Es jefa o jefe del hogar,2020,Hombres,Con discapacidad,Morelos,45-59,Bañarse o vestirse,475.0,1027.0,4.0,ENIGH (INEGI),Personas de 18 años o más,enigh
hogar,Es jefa o jefe del hogar,2020,Hombres,Con discapacidad,Morelos,45-59,Brazos o manos,960.0,960.0,4.0,ENIGH (INEGI),Personas de 18 años o más,enigh
hogar,Es jefa o jefe del hogar,2020,Hombres,Con discapacidad,Morelos,45-59,Caminar,4948.0,6091.0,28.0,ENIGH (INEGI),Personas de 18 años o más,enigh
hogar,Es jefa o jefe del hogar,2020,Hombres,Con discapacidad,Morelos,45-59,Hablar o comunicarse,82.0,209.0,2.0,ENIGH (INEGI),Personas de 18 años o más,enigh
hogar,Es jefa o jefe del hogar,2020,Hombres,Con discapacidad,Morelos,45-59,Mental,82.0,209.0,2.0,ENIGH (INEGI),Personas de 18 años o más,enigh
hogar,Es jefa o jefe del hogar,2020,Hombres,Con discapacidad,Morelos,45-59,Oír,1959.0,1959.0,8.0,ENIGH (INEGI),Personas de 18 años o más,enigh
hogar,Es jefa o jefe del hogar,2020,Hombres,Con discapacidad,Morelos,45-59,Recordar o concentrarse,593.0,593.0,4.0,ENIGH (INEGI),Personas de 18 años o más,enigh
hogar,Es jefa o jefe del hogar,2020,Hombres,Con discapacidad,Morelos,45-59,Ver,1995.0,3065.0,17.0,ENIGH (INEGI),Personas de 18 años o más,enigh
hogar,Es jefa o jefe del hogar,2020,Hombres,Con discapacidad,Morelos,60+,Bañarse o vestirse,3809.0,5458.0,24.0,ENIGH (INEGI),Personas de 18 años o más,enigh
hogar,Es jefa o jefe del hogar,2020,Hombres,Con discapacidad,Morelos,60+,Brazos o manos,3913.0,5955.0,26.0,ENIGH (INEGI),Personas de 18 años o más,enigh
hogar,Es jefa o jefe del hogar,2020,Hombres,Con discapacidad,Morelos,60+,Caminar,15219.0,19798.0,96.0,ENIGH (INEGI),Personas de 18 años o más,enigh
hogar,Es jefa o jefe del hogar,2020,Hombres,Con discapacidad,Morelos,60+,Hablar o comunicarse,1029.0,2127.0,13.0,ENIGH (INEGI),Personas de 18 años o más,enigh
hogar,Es jefa o jefe del hogar,2020,Hombres,Con discapacidad,Morelos,60+,Mental,1295.0,3526.0,14.0,ENIGH (INEGI),Personas de 18 años o más,enigh
hogar,Es jefa o jefe del hogar,2020,Hombres,Con discapacidad,Morelos,60+,Oír,7084.0,9481.0,45.0,ENIGH (INEGI),Personas de 18 años o más,enigh
hogar,Es jefa o jefe del hogar,2020,Hombres,Con discapacidad,Morelos,60+,Recordar o concentrarse,3424.0,4699.0,23.0,ENIGH (INEGI),Personas de 18 años o más,enigh
hogar,Es jefa o jefe del hogar,2020,Hombres,Con discapacidad,Morelos,60+,Ver,7881.0,9501.0,51.0,ENIGH (INEGI),Personas de 18 años o más,enigh
hogar,Es jefa o jefe del hogar,2020,Hombres,Con discapacidad,México,18-29,Bañarse o vestirse,0.0,4144.0,3.0,ENIGH (INEGI),Personas de 18 años o más,enigh
hogar,Es jefa o jefe del hogar,2020,Hombres,Con discapacidad,México,18-29,Brazos o manos,0.0,2867.0,3.0,ENIGH (INEGI),Personas de 18 años o más,enigh
hogar,Es jefa o jefe del hogar,2020,Hombres,Con discapacidad,México,18-29,Caminar,262.0,16184.0,12.0,ENIGH (INEGI),Personas de 18 años o más,enigh
hogar,Es jefa o jefe del hogar,2020,Hombres,Con discapacidad,México,18-29,Hablar o comunicarse,0.0,6455.0,9.0,ENIGH (INEGI),Personas de 18 años o más,enigh
hogar,Es jefa o jefe del hogar,2020,Hombres,Con discapacidad,México,18-29,Mental,0.0,7061.0,6.0,ENIGH (INEGI),Personas de 18 años o más,enigh
hogar,Es jefa o jefe del hogar,2020,Hombres,Con discapacidad,México,18-29,Oír,0.0,3458.0,7.0,ENIGH (INEGI),Personas de 18 años o más,enigh
hogar,Es jefa o jefe del hogar,2020,Hombres,Con discapacidad,México,18-29,Recordar o concentrarse,0.0,7548.0,8.0,ENIGH (INEGI),Personas de 18 años o más,enigh
hogar,Es jefa o jefe del hogar,2020,Hombres,Con discapacidad,México,18-29,Ver,3271.0,10453.0,9.0,ENIGH (INEGI),Personas de 18 años o más,enigh
hogar,Es jefa o jefe del hogar,2020,Hombres,Con discapacidad,México,30-44,Bañarse o vestirse,0.0,4597.0,4.0,ENIGH (INEGI),Personas de 18 años o más,enigh
hogar,Es jefa o jefe del hogar,2020,Hombres,Con discapacidad,México,30-44,Brazos o manos,2182.0,8172.0,6.0,ENIGH (INEGI),Personas de 18 años o más,enigh
hogar,Es jefa o jefe del hogar,2020,Hombres,Con discapacidad,México,30-44,Caminar,9775.0,18216.0,14.0,ENIGH (INEGI),Personas de 18 años o más,enigh
hogar,Es jefa o jefe del hogar,2020,Hombres,Con discapacidad,México,30-44,Hablar o comunicarse,622.0,12529.0,10.0,ENIGH (INEGI),Personas de 18 años o más,enigh
hogar,Es jefa o jefe del hogar,2020,Hombres,Con discapacidad,México,30-44,Mental,2021.0,12568.0,11.0,ENIGH (INEGI),Personas de 18 años o más,enigh
hogar,Es jefa o jefe del hogar,2020,Hombres,Con discapacidad,México,30-44,Oír,2516.0,8534.0,6.0,ENIGH (INEGI),Personas de 18 años o más,enigh
hogar,Es jefa o jefe del hogar,2020,Hombres,Con discapacidad,México,30-44,Recordar o concentrarse,0.0,7516.0,6.0,ENIGH (INEGI),Personas de 18 años o más,enigh
hogar,Es jefa o jefe del hogar,2020,Hombres,Con discapacidad,México,30-44,Ver,11428.0,21481.0,16.0,ENIGH (INEGI),Personas de 18 años o más,enigh
hogar,Es jefa o jefe del hogar,2020,Hombres,Con discapacidad,México,45-59,Bañarse o vestirse,2200.0,3856.0,3.0,ENIGH (INEGI),Personas de 18 años o más,enigh
hogar,Es jefa o jefe del hogar,2020,Hombres,Con discapacidad,México,45-59,Brazos o manos,10580.0,12236.0,13.0,ENIGH (INEGI),Personas de 18 años o más,enigh
hogar,Es jefa o jefe del hogar,2020,Hombres,Con discapacidad,México,45-59,Caminar,26452.0,28855.0,28.0,ENIGH (INEGI),Personas de 18 años o más,enigh
hogar,Es jefa o jefe del hogar,2020,Hombres,Con discapacidad,México,45-59,Hablar o comunicarse,0.0,3617.0,2.0,ENIGH (INEGI),Personas de 18 años o más,enigh
hogar,Es jefa o jefe del hogar,2020,Hombres,Con discapacidad,México,45-59,Mental,2263.0,8787.0,5.0,ENIGH (INEGI),Personas de 18 años o más,enigh
hogar,Es jefa o jefe del hogar,2020,Hombres,Con discapacidad,México,45-59,Oír,17551.0,17942.0,13.0,ENIGH (INEGI),Personas de 18 años o más,enigh
hogar,Es jefa o jefe del hogar,2020,Hombres,Con discapacidad,México,45-59,Recordar o concentrarse,1399.0,5659.0,8.0,ENIGH (INEGI),Personas de 18 años o más,enigh
hogar,Es jefa o jefe del hogar,2020,Hombres,Con discapacidad,México,45-59,Ver,23395.0,28636.0,28.0,ENIGH (INEGI),Personas de 18 años o más,enigh
hogar,Es jefa o jefe del hogar,2020,Hombres,Con discapacidad,México,60+,Bañarse o vestirse,20495.0,32154.0,31.0,ENIGH (INEGI),Personas de 18 años o más,enigh
hogar,Es jefa o jefe del hogar,2020,Hombres,Con discapacidad,México,60+,Brazos o manos,26170.0,32588.0,32.0,ENIGH (INEGI),Personas de 18 años o más,enigh
hogar,Es jefa o jefe del hogar,2020,Hombres,Con discapacidad,México,60+,Caminar,93086.0,114197.0,102.0,ENIGH (INEGI),Personas de 18 años o más,enigh
hogar,Es jefa o jefe del hogar,2020,Hombres,Con discapacidad,México,60+,Hablar o comunicarse,5891.0,11815.0,13.0,ENIGH (INEGI),Personas de 18 años o más,enigh
hogar,Es jefa o jefe del hogar,2020,Hombres,Con discapacidad,México,60+,Mental,5525.0,11586.0,13.0,ENIGH (INEGI),Personas de 18 años o más,enigh
hogar,Es jefa o jefe del hogar,2020,Hombres,Con discapacidad,México,60+,Oír,32546.0,43874.0,38.0,ENIGH (INEGI),Personas de 18 años o más,enigh
hogar,Es jefa o jefe del hogar,2020,Hombres,Con discapacidad,México,60+,Recordar o concentrarse,14135.0,23915.0,30.0,ENIGH (INEGI),Personas de 18 años o más,enigh
hogar,Es jefa o jefe del hogar,2020,Hombres,Con discapacidad,México,60+,Ver,50779.0,57909.0,58.0,ENIGH (INEGI),Personas de 18 años o más,enigh
hogar,Es jefa o jefe del hogar,2020,Hombres,Con discapacidad,Nayarit,18-29,Bañarse o vestirse,177.0,744.0,4.0,ENIGH (INEGI),Personas de 18 años o más,enigh
hogar,Es jefa o jefe del hogar,2020,Hombres,Con discapacidad,Nayarit,18-29,Brazos o manos,0.0,166.0,1.0,ENIGH (INEGI),Personas de 18 años o más,enigh
hogar,Es jefa o jefe del hogar,2020,Hombres,Con discapacidad,Nayarit,18-29,Caminar,229.0,1157.0,6.0,ENIGH (INEGI),Personas de 18 años o más,enigh
hogar,Es jefa o jefe del hogar,2020,Hombres,Con discapacidad,Nayarit,18-29,Hablar o comunicarse,0.0,910.0,5.0,ENIGH (INEGI),Personas de 18 años o más,enigh
hogar,Es jefa o jefe del hogar,2020,Hombres,Con discapacidad,Nayarit,18-29,Mental,0.0,764.0,4.0,ENIGH (INEGI),Personas de 18 años o más,enigh
hogar,Es jefa o jefe del hogar,2020,Hombres,Con discapacidad,Nayarit,18-29,Oír,193.0,193.0,1.0,ENIGH (INEGI),Personas de 18 años o más,enigh
hogar,Es jefa o jefe del hogar,2020,Hombres,Con discapacidad,Nayarit,18-29,Recordar o concentrarse,150.0,1455.0,8.0,ENIGH (INEGI),Personas de 18 años o más,enigh
hogar,Es jefa o jefe del hogar,2020,Hombres,Con discapacidad,Nayarit,18-29,Ver,0.0,950.0,5.0,ENIGH (INEGI),Personas de 18 años o más,enigh
hogar,Es jefa o jefe del hogar,2020,Hombres,Con discapacidad,Nayarit,30-44,Bañarse o vestirse,150.0,837.0,5.0,ENIGH (INEGI),Personas de 18 años o más,enigh
hogar,Es jefa o jefe del hogar,2020,Hombres,Con discapacidad,Nayarit,30-44,Brazos o manos,488.0,1155.0,7.0,ENIGH (INEGI),Personas de 18 años o más,enigh
hogar,Es jefa o jefe del hogar,2020,Hombres,Con discapacidad,Nayarit,30-44,Caminar,683.0,1578.0,9.0,ENIGH (INEGI),Personas de 18 años o más,enigh
hogar,Es jefa o jefe del hogar,2020,Hombres,Con discapacidad,Nayarit,30-44,Hablar o comunicarse,0.0,1049.0,6.0,ENIGH (INEGI),Personas de 18 años o más,enigh
hogar,Es jefa o jefe del hogar,2020,Hombres,Con discapacidad,Nayarit,30-44,Mental,0.0,862.0,5.0,ENIGH (INEGI),Personas de 18 años o más,enigh
hogar,Es jefa o jefe del hogar,2020,Hombres,Con discapacidad,Nayarit,30-44,Oír,556.0,732.0,4.0,ENIGH (INEGI),Personas de 18 años o más,enigh
hogar,Es jefa o jefe del hogar,2020,Hombres,Con discapacidad,Nayarit,30-44,Recordar o concentrarse,320.0,1381.0,8.0,ENIGH (INEGI),Personas de 18 años o más,enigh
hogar,Es jefa o jefe del hogar,2020,Hombres,Con discapacidad,Nayarit,30-44,Ver,775.0,1675.0,9.0,ENIGH (INEGI),Personas de 18 años o más,enigh
hogar,Es jefa o jefe del hogar,2020,Hombres,Con discapacidad,Nayarit,45-59,Bañarse o vestirse,328.0,521.0,3.0,ENIGH (INEGI),Personas de 18 años o más,enigh
hogar,Es jefa o jefe del hogar,2020,Hombres,Con discapacidad,Nayarit,45-59,Brazos o manos,1502.0,1828.0,10.0,ENIGH (INEGI),Personas de 18 años o más,enigh
hogar,Es jefa o jefe del hogar,2020,Hombres,Con discapacidad,Nayarit,45-59,Caminar,1809.0,2756.0,16.0,ENIGH (INEGI),Personas de 18 años o más,enigh
hogar,Es jefa o jefe del hogar,2020,Hombres,Con discapacidad,Nayarit,45-59,Hablar o comunicarse,380.0,539.0,3.0,ENIGH (INEGI),Personas de 18 años o más,enigh
hogar,Es jefa o jefe del hogar,2020,Hombres,Con discapacidad,Nayarit,45-59,Mental,340.0,724.0,4.0,ENIGH (INEGI),Personas de 18 años o más,enigh
hogar,Es jefa o jefe del hogar,2020,Hombres,Con discapacidad,Nayarit,45-59,Oír,904.0,1051.0,6.0,ENIGH (INEGI),Personas de 18 años o más,enigh
hogar,Es jefa o jefe del hogar,2020,Hombres,Con discapacidad,Nayarit,45-59,Recordar o concentrarse,782.0,782.0,4.0,ENIGH (INEGI),Personas de 18 años o más,enigh
hogar,Es jefa o jefe del hogar,2020,Hombres,Con discapacidad,Nayarit,45-59,Ver,3399.0,4398.0,25.0,ENIGH (INEGI),Personas de 18 años o más,enigh
hogar,Es jefa o jefe del hogar,2020,Hombres,Con discapacidad,Nayarit,60+,Bañarse o vestirse,1765.0,2835.0,16.0,ENIGH (INEGI),Personas de 18 años o más,enigh
hogar,Es jefa o jefe del hogar,2020,Hombres,Con discapacidad,Nayarit,60+,Brazos o manos,2202.0,3100.0,18.0,ENIGH (INEGI),Personas de 18 años o más,enigh
hogar,Es jefa o jefe del hogar,2020,Hombres,Con discapacidad,Nayarit,60+,Caminar,9621.0,11878.0,68.0,ENIGH (INEGI),Personas de 18 años o más,enigh
hogar,Es jefa o jefe del hogar,2020,Hombres,Con discapacidad,Nayarit,60+,Hablar o comunicarse,901.0,1794.0,10.0,ENIGH (INEGI),Personas de 18 años o más,enigh
hogar,Es jefa o jefe del hogar,2020,Hombres,Con discapacidad,Nayarit,60+,Mental,1542.0,2046.0,12.0,ENIGH (INEGI),Personas de 18 años o más,enigh
hogar,Es jefa o jefe del hogar,2020,Hombres,Con discapacidad,Nayarit,60+,Oír,4090.0,4662.0,26.0,ENIGH (INEGI),Personas de 18 años o más,enigh
hogar,Es jefa o jefe del hogar,2020,Hombres,Con discapacidad,Nayarit,60+,Recordar o concentrarse,2758.0,3379.0,19.0,ENIGH (INEGI),Personas de 18 años o más,enigh
hogar,Es jefa o jefe del hogar,2020,Hombres,Con discapacidad,Nayarit,60+,Ver,4881.0,6018.0,34.0,ENIGH (INEGI),Personas de 18 años o más,enigh
hogar,Es jefa o jefe del hogar,2020,Hombres,Con discapacidad,Nuevo León,18-29,Bañarse o vestirse,0.0,130.0,2.0,ENIGH (INEGI),Personas de 18 años o más,enigh
hogar,Es jefa o jefe del hogar,2020,Hombres,Con discapacidad,Nuevo León,18-29,Brazos o manos,0.0,849.0,3.0,ENIGH (INEGI),Personas de 18 años o más,enigh
hogar,Es jefa o jefe del hogar,2020,Hombres,Con discapacidad,Nuevo León,18-29,Caminar,0.0,3542.0,7.0,ENIGH (INEGI),Personas de 18 años o más,enigh
hogar,Es jefa o jefe del hogar,2020,Hombres,Con discapacidad,Nuevo León,18-29,Hablar o comunicarse,0.0,271.0,5.0,ENIGH (INEGI),Personas de 18 años o más,enigh
hogar,Es jefa o jefe del hogar,2020,Hombres,Con discapacidad,Nuevo León,18-29,Mental,0.0,1794.0,6.0,ENIGH (INEGI),Personas de 18 años o más,enigh
hogar,Es jefa o jefe del hogar,2020,Hombres,Con discapacidad,Nuevo León,18-29,Oír,54.0,1878.0,7.0,ENIGH (INEGI),Personas de 18 años o más,enigh
hogar,Es jefa o jefe del hogar,2020,Hombres,Con discapacidad,Nuevo León,18-29,Recordar o concentrarse,0.0,274.0,5.0,ENIGH (INEGI),Personas de 18 años o más,enigh
hogar,Es jefa o jefe del hogar,2020,Hombres,Con discapacidad,Nuevo León,18-29,Ver,704.0,2897.0,8.0,ENIGH (INEGI),Personas de 18 años o más,enigh
hogar,Es jefa o jefe del hogar,2020,Hombres,Con discapacidad,Nuevo León,30-44,Bañarse o vestirse,752.0,4360.0,6.0,ENIGH (INEGI),Personas de 18 años o más,enigh
hogar,Es jefa o jefe del hogar,2020,Hombres,Con discapacidad,Nuevo León,30-44,Brazos o manos,798.0,3539.0,6.0,ENIGH (INEGI),Personas de 18 años o más,enigh
hogar,Es jefa o jefe del hogar,2020,Hombres,Con discapacidad,Nuevo León,30-44,Caminar,4287.0,8943.0,16.0,ENIGH (INEGI),Personas de 18 años o más,enigh
hogar,Es jefa o jefe del hogar,2020,Hombres,Con discapacidad,Nuevo León,30-44,Hablar o comunicarse,0.0,2477.0,6.0,ENIGH (INEGI),Personas de 18 años o más,enigh
hogar,Es jefa o jefe del hogar,2020,Hombres,Con discapacidad,Nuevo León,30-44,Mental,752.0,7987.0,14.0,ENIGH (INEGI),Personas de 18 años o más,enigh
hogar,Es jefa o jefe del hogar,2020,Hombres,Con discapacidad,Nuevo León,30-44,Oír,1841.0,2601.0,4.0,ENIGH (INEGI),Personas de 18 años o más,enigh
hogar,Es jefa o jefe del hogar,2020,Hombres,Con discapacidad,Nuevo León,30-44,Recordar o concentrarse,0.0,2720.0,7.0,ENIGH (INEGI),Personas de 18 años o más,enigh
hogar,Es jefa o jefe del hogar,2020,Hombres,Con discapacidad,Nuevo León,30-44,Ver,966.0,4364.0,10.0,ENIGH (INEGI),Personas de 18 años o más,enigh
hogar,Es jefa o jefe del hogar,2020,Hombres,Con discapacidad,Nuevo León,45-59,Bañarse o vestirse,4570.0,6504.0,11.0,ENIGH (INEGI),Personas de 18 años o más,enigh
hogar,Es jefa o jefe del hogar,2020,Hombres,Con discapacidad,Nuevo León,45-59,Brazos o manos,4203.0,6137.0,15.0,ENIGH (INEGI),Personas de 18 años o más,enigh
hogar,Es jefa o jefe del hogar,2020,Hombres,Con discapacidad,Nuevo León,45-59,Caminar,14331.0,21519.0,47.0,ENIGH (INEGI),Personas de 18 años o más,enigh
hogar,Es jefa o jefe del hogar,2020,Hombres,Con discapacidad,Nuevo León,45-59,Hablar o comunicarse,760.0,3417.0,5.0,ENIGH (INEGI),Personas de 18 años o más,enigh
hogar,Es jefa o jefe del hogar,2020,Hombres,Con discapacidad,Nuevo León,45-59,Mental,731.0,2410.0,5.0,ENIGH (INEGI),Personas de 18 años o más,enigh
hogar,Es jefa o jefe del hogar,2020,Hombres,Con discapacidad,Nuevo León,45-59,Oír,2329.0,3312.0,6.0,ENIGH (INEGI),Personas de 18 años o más,enigh
hogar,Es jefa o jefe del hogar,2020,Hombres,Con discapacidad,Nuevo León,45-59,Recordar o concentrarse,843.0,4284.0,9.0,ENIGH (INEGI),Personas de 18 años o más,enigh
hogar,Es jefa o jefe del hogar,2020,Hombres,Con discapacidad,Nuevo León,45-59,Ver,8626.0,11198.0,23.0,ENIGH (INEGI),Personas de 18 años o más,enigh
hogar,Es jefa o jefe del hogar,2020,Hombres,Con discapacidad,Nuevo León,60+,Bañarse o vestirse,11984.0,15733.0,42.0,ENIGH (INEGI),Personas de 18 años o más,enigh
hogar,Es jefa o jefe del hogar,2020,Hombres,Con discapacidad,Nuevo León,60+,Brazos o manos,12859.0,17645.0,41.0,ENIGH (INEGI),Personas de 18 años o más,enigh
hogar,Es jefa o jefe del hogar,2020,Hombres,Con discapacidad,Nuevo León,60+,Caminar,54689.0,67336.0,155.0,ENIGH (INEGI),Personas de 18 años o más,enigh
hogar,Es jefa o jefe del hogar,2020,Hombres,Con discapacidad,Nuevo León,60+,Hablar o comunicarse,5741.0,9132.0,18.0,ENIGH (INEGI),Personas de 18 años o más,enigh
hogar,Es jefa o jefe del hogar,2020,Hombres,Con discapacidad,Nuevo León,60+,Mental,5500.0,9795.0,24.0,ENIGH (INEGI),Personas de 18 años o más,enigh
hogar,Es jefa o jefe del hogar,2020,Hombres,Con discapacidad,Nuevo León,60+,Oír,20256.0,27083.0,69.0,ENIGH (INEGI),Personas de 18 años o más,enigh
hogar,Es jefa o jefe del hogar,2020,Hombres,Con discapacidad,Nuevo León,60+,Recordar o concentrarse,7327.0,12046.0,30.0,ENIGH (INEGI),Personas de 18 años o más,enigh
hogar,Es jefa o jefe del hogar,2020,Hombres,Con discapacidad,Nuevo León,60+,Ver,26241.0,31183.0,75.0,ENIGH (INEGI),Personas de 18 años o más,enigh
hogar,Es jefa o jefe del hogar,2020,Hombres,Con discapacidad,Oaxaca,18-29,Bañarse o vestirse,0.0,1785.0,4.0,ENIGH (INEGI),Personas de 18 años o más,enigh
hogar,Es jefa o jefe del hogar,2020,Hombres,Con discapacidad,Oaxaca,18-29,Caminar,1082.0,5981.0,13.0,ENIGH (INEGI),Personas de 18 años o más,enigh
hogar,Es jefa o jefe del hogar,2020,Hombres,Con discapacidad,Oaxaca,18-29,Hablar o comunicarse,0.0,3647.0,8.0,ENIGH (INEGI),Personas de 18 años o más,enigh
hogar,Es jefa o jefe del hogar,2020,Hombres,Con discapacidad,Oaxaca,18-29,Mental,0.0,3575.0,8.0,ENIGH (INEGI),Personas de 18 años o más,enigh
hogar,Es jefa o jefe del hogar,2020,Hombres,Con discapacidad,Oaxaca,18-29,Oír,0.0,2274.0,4.0,ENIGH (INEGI),Personas de 18 años o más,enigh
hogar,Es jefa o jefe del hogar,2020,Hombres,Con discapacidad,Oaxaca,18-29,Recordar o concentrarse,630.0,3208.0,7.0,ENIGH (INEGI),Personas de 18 años o más,enigh
hogar,Es jefa o jefe del hogar,2020,Hombres,Con discapacidad,Oaxaca,18-29,Ver,998.0,1404.0,3.0,ENIGH (INEGI),Personas de 18 años o más,enigh
hogar,Es jefa o jefe del hogar,2020,Hombres,Con discapacidad,Oaxaca,30-44,Bañarse o vestirse,0.0,1179.0,3.0,ENIGH (INEGI),Personas de 18 años o más,enigh
hogar,Es jefa o jefe del hogar,2020,Hombres,Con discapacidad,Oaxaca,30-44,Brazos o manos,718.0,1377.0,4.0,ENIGH (INEGI),Personas de 18 años o más,enigh
hogar,Es jefa o jefe del hogar,2020,Hombres,Con discapacidad,Oaxaca,30-44,Caminar,2078.0,4347.0,12.0,ENIGH (INEGI),Personas de 18 años o más,enigh
hogar,Es jefa o jefe del hogar,2020,Hombres,Con discapacidad,Oaxaca,30-44,Hablar o comunicarse,0.0,1818.0,5.0,ENIGH (INEGI),Personas de 18 años o más,enigh
hogar,Es jefa o jefe del hogar,2020,Hombres,Con discapacidad,Oaxaca,30-44,Mental,0.0,1758.0,5.0,ENIGH (INEGI),Personas de 18 años o más,enigh
hogar,Es jefa o jefe del hogar,2020,Hombres,Con discapacidad,Oaxaca,30-44,Oír,1388.0,1940.0,4.0,ENIGH (INEGI),Personas de 18 años o más,enigh
hogar,Es jefa o jefe del hogar,2020,Hombres,Con discapacidad,Oaxaca,30-44,Recordar o concentrarse,315.0,1378.0,5.0,ENIGH (INEGI),Personas de 18 años o más,enigh
hogar,Es jefa o jefe del hogar,2020,Hombres,Con discapacidad,Oaxaca,30-44,Ver,2956.0,6285.0,13.0,ENIGH (INEGI),Personas de 18 años o más,enigh
hogar,Es jefa o jefe del hogar,2020,Hombres,Con discapacidad,Oaxaca,45-59,Bañarse o vestirse,920.0,2588.0,5.0,ENIGH (INEGI),Personas de 18 años o más,enigh
hogar,Es jefa o jefe del hogar,2020,Hombres,Con discapacidad,Oaxaca,45-59,Brazos o manos,5358.0,6989.0,18.0,ENIGH (INEGI),Personas de 18 años o más,enigh
hogar,Es jefa o jefe del hogar,2020,Hombres,Con discapacidad,Oaxaca,45-59,Caminar,10303.0,13280.0,31.0,ENIGH (INEGI),Personas de 18 años o más,enigh
hogar,Es jefa o jefe del hogar,2020,Hombres,Con discapacidad,Oaxaca,45-59,Hablar o comunicarse,734.0,2569.0,5.0,ENIGH (INEGI),Personas de 18 años o más,enigh
hogar,Es jefa o jefe del hogar,2020,Hombres,Con discapacidad,Oaxaca,45-59,Mental,734.0,3219.0,6.0,ENIGH (INEGI),Personas de 18 años o más,enigh
hogar,Es jefa o jefe del hogar,2020,Hombres,Con discapacidad,Oaxaca,45-59,Oír,3420.0,4749.0,13.0,ENIGH (INEGI),Personas de 18 años o más,enigh
hogar,Es jefa o jefe del hogar,2020,Hombres,Con discapacidad,Oaxaca,45-59,Recordar o concentrarse,3044.0,4553.0,10.0,ENIGH (INEGI),Personas de 18 años o más,enigh
hogar,Es jefa o jefe del hogar,2020,Hombres,Con discapacidad,Oaxaca,45-59,Ver,6346.0,7874.0,19.0,ENIGH (INEGI),Personas de 18 años o más,enigh
hogar,Es jefa o jefe del hogar,2020,Hombres,Con discapacidad,Oaxaca,60+,Bañarse o vestirse,4668.0,12188.0,27.0,ENIGH (INEGI),Personas de 18 años o más,enigh
hogar,Es jefa o jefe del hogar,2020,Hombres,Con discapacidad,Oaxaca,60+,Brazos o manos,11275.0,18001.0,39.0,ENIGH (INEGI),Personas de 18 años o más,enigh
hogar,Es jefa o jefe del hogar,2020,Hombres,Con discapacidad,Oaxaca,60+,Caminar,35276.0,48155.0,117.0,ENIGH (INEGI),Personas de 18 años o más,enigh
hogar,Es jefa o jefe del hogar,2020,Hombres,Con discapacidad,Oaxaca,60+,Hablar o comunicarse,2605.0,6265.0,13.0,ENIGH (INEGI),Personas de 18 años o más,enigh
hogar,Es jefa o jefe del hogar,2020,Hombres,Con discapacidad,Oaxaca,60+,Mental,3307.0,6013.0,14.0,ENIGH (INEGI),Personas de 18 años o más,enigh
hogar,Es jefa o jefe del hogar,2020,Hombres,Con discapacidad,Oaxaca,60+,Oír,13268.0,21985.0,53.0,ENIGH (INEGI),Personas de 18 años o más,enigh
hogar,Es jefa o jefe del hogar,2020,Hombres,Con discapacidad,Oaxaca,60+,Recordar o concentrarse,8642.0,14471.0,32.0,ENIGH (INEGI),Personas de 18 años o más,enigh
hogar,Es jefa o jefe del hogar,2020,Hombres,Con discapacidad,Oaxaca,60+,Ver,24003.0,30668.0,74.0,ENIGH (INEGI),Personas de 18 años o más,enigh
hogar,Es jefa o jefe del hogar,2020,Hombres,Con discapacidad,Puebla,18-29,Bañarse o vestirse,0.0,4836.0,7.0,ENIGH (INEGI),Personas de 18 años o más,enigh
hogar,Es jefa o jefe del hogar,2020,Hombres,Con discapacidad,Puebla,18-29,Brazos o manos,0.0,3536.0,5.0,ENIGH (INEGI),Personas de 18 años o más,enigh
hogar,Es jefa o jefe del hogar,2020,Hombres,Con discapacidad,Puebla,18-29,Caminar,774.0,5743.0,8.0,ENIGH (INEGI),Personas de 18 años o más,enigh
hogar,Es jefa o jefe del hogar,2020,Hombres,Con discapacidad,Puebla,18-29,Hablar o comunicarse,0.0,5843.0,8.0,ENIGH (INEGI),Personas de 18 años o más,enigh
hogar,Es jefa o jefe del hogar,2020,Hombres,Con discapacidad,Puebla,18-29,Mental,1421.0,6659.0,9.0,ENIGH (INEGI),Personas de 18 años o más,enigh
hogar,Es jefa o jefe del hogar,2020,Hombres,Con discapacidad,Puebla,18-29,Oír,0.0,3063.0,4.0,ENIGH (INEGI),Personas de 18 años o más,enigh
hogar,Es jefa o jefe del hogar,2020,Hombres,Con discapacidad,Puebla,18-29,Recordar o concentrarse,0.0,5803.0,8.0,ENIGH (INEGI),Personas de 18 años o más,enigh
hogar,Es jefa o jefe del hogar,2020,Hombres,Con discapacidad,Puebla,18-29,Ver,2260.0,9525.0,12.0,ENIGH (INEGI),Personas de 18 años o más,enigh
hogar,Es jefa o jefe del hogar,2020,Hombres,Con discapacidad,Puebla,30-44,Bañarse o vestirse,696.0,4046.0,5.0,ENIGH (INEGI),Personas de 18 años o más,enigh
hogar,Es jefa o jefe del hogar,2020,Hombres,Con discapacidad,Puebla,30-44,Brazos o manos,757.0,1793.0,2.0,ENIGH (INEGI),Personas de 18 años o más,enigh
hogar,Es jefa o jefe del hogar,2020,Hombres,Con discapacidad,Puebla,30-44,Caminar,6570.0,10504.0,12.0,ENIGH (INEGI),Personas de 18 años o más,enigh
hogar,Es jefa o jefe del hogar,2020,Hombres,Con discapacidad,Puebla,30-44,Hablar o comunicarse,696.0,6973.0,9.0,ENIGH (INEGI),Personas de 18 años o más,enigh
hogar,Es jefa o jefe del hogar,2020,Hombres,Con discapacidad,Puebla,30-44,Mental,0.0,3014.0,4.0,ENIGH (INEGI),Personas de 18 años o más,enigh
hogar,Es jefa o jefe del hogar,2020,Hombres,Con discapacidad,Puebla,30-44,Oír,1612.0,3662.0,5.0,ENIGH (INEGI),Personas de 18 años o más,enigh
hogar,Es jefa o jefe del hogar,2020,Hombres,Con discapacidad,Puebla,30-44,Recordar o concentrarse,3021.0,6043.0,8.0,ENIGH (INEGI),Personas de 18 años o más,enigh
hogar,Es jefa o jefe del hogar,2020,Hombres,Con discapacidad,Puebla,30-44,Ver,4776.0,8806.0,9.0,ENIGH (INEGI),Personas de 18 años o más,enigh
hogar,Es jefa o jefe del hogar,2020,Hombres,Con discapacidad,Puebla,45-59,Bañarse o vestirse,696.0,1526.0,2.0,ENIGH (INEGI),Personas de 18 años o más,enigh
hogar,Es jefa o jefe del hogar,2020,Hombres,Con discapacidad,Puebla,45-59,Brazos o manos,4791.0,5379.0,7.0,ENIGH (INEGI),Personas de 18 años o más,enigh
hogar,Es jefa o jefe del hogar,2020,Hombres,Con discapacidad,Puebla,45-59,Caminar,10504.0,12018.0,15.0,ENIGH (INEGI),Personas de 18 años o más,enigh
hogar,Es jefa o jefe del hogar,2020,Hombres,Con discapacidad,Puebla,45-59,Hablar o comunicarse,725.0,2135.0,3.0,ENIGH (INEGI),Personas de 18 años o más,enigh
hogar,Es jefa o jefe del hogar,2020,Hombres,Con discapacidad,Puebla,45-59,Mental,1684.0,3123.0,4.0,ENIGH (INEGI),Personas de 18 años o más,enigh
hogar,Es jefa o jefe del hogar,2020,Hombres,Con discapacidad,Puebla,45-59,Oír,1323.0,2263.0,3.0,ENIGH (INEGI),Personas de 18 años o más,enigh
hogar,Es jefa o jefe del hogar,2020,Hombres,Con discapacidad,Puebla,45-59,Recordar o concentrarse,1587.0,3026.0,4.0,ENIGH (INEGI),Personas de 18 años o más,enigh
hogar,Es jefa o jefe del hogar,2020,Hombres,Con discapacidad,Puebla,45-59,Ver,5701.0,9470.0,12.0,ENIGH (INEGI),Personas de 18 años o más,enigh
hogar,Es jefa o jefe del hogar,2020,Hombres,Con discapacidad,Puebla,60+,Bañarse o vestirse,13924.0,17684.0,22.0,ENIGH (INEGI),Personas de 18 años o más,enigh
hogar,Es jefa o jefe del hogar,2020,Hombres,Con discapacidad,Puebla,60+,Brazos o manos,19591.0,22822.0,29.0,ENIGH (INEGI),Personas de 18 años o más,enigh
hogar,Es jefa o jefe del hogar,2020,Hombres,Con discapacidad,Puebla,60+,Caminar,59674.0,69930.0,91.0,ENIGH (INEGI),Personas de 18 años o más,enigh
hogar,Es jefa o jefe del hogar,2020,Hombres,Con discapacidad,Puebla,60+,Hablar o comunicarse,5664.0,9503.0,12.0,ENIGH (INEGI),Personas de 18 años o más,enigh
hogar,Es jefa o jefe del hogar,2020,Hombres,Con discapacidad,Puebla,60+,Mental,6503.0,10986.0,15.0,ENIGH (INEGI),Personas de 18 años o más,enigh
hogar,Es jefa o jefe del hogar,2020,Hombres,Con discapacidad,Puebla,60+,Oír,37496.0,46423.0,59.0,ENIGH (INEGI),Personas de 18 años o más,enigh
hogar,Es jefa o jefe del hogar,2020,Hombres,Con discapacidad,Puebla,60+,Recordar o concentrarse,16996.0,19758.0,27.0,ENIGH (INEGI),Personas de 18 años o más,enigh
hogar,Es jefa o jefe del hogar,2020,Hombres,Con discapacidad,Puebla,60+,Ver,30694.0,39565.0,51.0,ENIGH (INEGI),Personas de 18 años o más,enigh
hogar,Es jefa o jefe del hogar,2020,Hombres,Con discapacidad,Querétaro,18-29,Bañarse o vestirse,0.0,953.0,6.0,ENIGH (INEGI),Personas de 18 años o más,enigh
hogar,Es jefa o jefe del hogar,2020,Hombres,Con discapacidad,Querétaro,18-29,Brazos o manos,83.0,741.0,5.0,ENIGH (INEGI),Personas de 18 años o más,enigh
hogar,Es jefa o jefe del hogar,2020,Hombres,Con discapacidad,Querétaro,18-29,Caminar,246.0,2060.0,12.0,ENIGH (INEGI),Personas de 18 años o más,enigh
hogar,Es jefa o jefe del hogar,2020,Hombres,Con discapacidad,Querétaro,18-29,Hablar o comunicarse,0.0,1153.0,7.0,ENIGH (INEGI),Personas de 18 años o más,enigh
hogar,Es jefa o jefe del hogar,2020,Hombres,Con discapacidad,Querétaro,18-29,Mental,0.0,952.0,9.0,ENIGH (INEGI),Personas de 18 años o más,enigh
hogar,Es jefa o jefe del hogar,2020,Hombres,Con discapacidad,Querétaro,18-29,Oír,114.0,768.0,4.0,ENIGH (INEGI),Personas de 18 años o más,enigh
hogar,Es jefa o jefe del hogar,2020,Hombres,Con discapacidad,Querétaro,18-29,Recordar o concentrarse,108.0,1006.0,9.0,ENIGH (INEGI),Personas de 18 años o más,enigh
hogar,Es jefa o jefe del hogar,2020,Hombres,Con discapacidad,Querétaro,18-29,Ver,261.0,2070.0,9.0,ENIGH (INEGI),Personas de 18 años o más,enigh
hogar,Es jefa o jefe del hogar,2020,Hombres,Con discapacidad,Querétaro,30-44,Bañarse o vestirse,335.0,1212.0,7.0,ENIGH (INEGI),Personas de 18 años o más,enigh
hogar,Es jefa o jefe del hogar,2020,Hombres,Con discapacidad,Querétaro,30-44,Brazos o manos,183.0,474.0,5.0,ENIGH (INEGI),Personas de 18 años o más,enigh
hogar,Es jefa o jefe del hogar,2020,Hombres,Con discapacidad,Querétaro,30-44,Caminar,1001.0,1709.0,12.0,ENIGH (INEGI),Personas de 18 años o más,enigh
hogar,Es jefa o jefe del hogar,2020,Hombres,Con discapacidad,Querétaro,30-44,Hablar o comunicarse,67.0,1498.0,9.0,ENIGH (INEGI),Personas de 18 años o más,enigh
hogar,Es jefa o jefe del hogar,2020,Hombres,Con discapacidad,Querétaro,30-44,Mental,170.0,1605.0,10.0,ENIGH (INEGI),Personas de 18 años o más,enigh
hogar,Es jefa o jefe del hogar,2020,Hombres,Con discapacidad,Querétaro,30-44,Oír,184.0,634.0,5.0,ENIGH (INEGI),Personas de 18 años o más,enigh
hogar,Es jefa o jefe del hogar,2020,Hombres,Con discapacidad,Querétaro,30-44,Recordar o concentrarse,164.0,1382.0,9.0,ENIGH (INEGI),Personas de 18 años o más,enigh
hogar,Es jefa o jefe del hogar,2020,Hombres,Con discapacidad,Querétaro,30-44,Ver,1505.0,2087.0,14.0,ENIGH (INEGI),Personas de 18 años o más,enigh
hogar,Es jefa o jefe del hogar,2020,Hombres,Con discapacidad,Querétaro,45-59,Bañarse o vestirse,1105.0,1736.0,9.0,ENIGH (INEGI),Personas de 18 años o más,enigh
hogar,Es jefa o jefe del hogar,2020,Hombres,Con discapacidad,Querétaro,45-59,Brazos o manos,2442.0,2736.0,14.0,ENIGH (INEGI),Personas de 18 años o más,enigh
hogar,Es jefa o jefe del hogar,2020,Hombres,Con discapacidad,Querétaro,45-59,Caminar,5648.0,7421.0,37.0,ENIGH (INEGI),Personas de 18 años o más,enigh
hogar,Es jefa o jefe del hogar,2020,Hombres,Con discapacidad,Querétaro,45-59,Hablar o comunicarse,458.0,932.0,5.0,ENIGH (INEGI),Personas de 18 años o más,enigh
hogar,Es jefa o jefe del hogar,2020,Hombres,Con discapacidad,Querétaro,45-59,Mental,781.0,2235.0,10.0,ENIGH (INEGI),Personas de 18 años o más,enigh
hogar,Es jefa o jefe del hogar,2020,Hombres,Con discapacidad,Querétaro,45-59,Oír,1540.0,2187.0,13.0,ENIGH (INEGI),Personas de 18 años o más,enigh
hogar,Es jefa o jefe del hogar,2020,Hombres,Con discapacidad,Querétaro,45-59,Recordar o concentrarse,510.0,2870.0,13.0,ENIGH (INEGI),Personas de 18 años o más,enigh
hogar,Es jefa o jefe del hogar,2020,Hombres,Con discapacidad,Querétaro,45-59,Ver,5325.0,7490.0,39.0,ENIGH (INEGI),Personas de 18 años o más,enigh
hogar,Es jefa o jefe del hogar,2020,Hombres,Con discapacidad,Querétaro,60+,Bañarse o vestirse,3095.0,4515.0,28.0,ENIGH (INEGI),Personas de 18 años o más,enigh
hogar,Es jefa o jefe del hogar,2020,Hombres,Con discapacidad,Querétaro,60+,Brazos o manos,3447.0,5909.0,39.0,ENIGH (INEGI),Personas de 18 años o más,enigh
hogar,Es jefa o jefe del hogar,2020,Hombres,Con discapacidad,Querétaro,60+,Caminar,15568.0,21127.0,131.0,ENIGH (INEGI),Personas de 18 años o más,enigh
hogar,Es jefa o jefe del hogar,2020,Hombres,Con discapacidad,Querétaro,60+,Hablar o comunicarse,1069.0,2599.0,16.0,ENIGH (INEGI),Personas de 18 años o más,enigh
hogar,Es jefa o jefe del hogar,2020,Hombres,Con discapacidad,Querétaro,60+,Mental,1795.0,3415.0,18.0,ENIGH (INEGI),Personas de 18 años o más,enigh
hogar,Es jefa o jefe del hogar,2020,Hombres,Con discapacidad,Querétaro,60+,Oír,7614.0,10484.0,70.0,ENIGH (INEGI),Personas de 18 años o más,enigh
hogar,Es jefa o jefe del hogar,2020,Hombres,Con discapacidad,Querétaro,60+,Recordar o concentrarse,2523.0,4470.0,27.0,ENIGH (INEGI),Personas de 18 años o más,enigh
hogar,Es jefa o jefe del hogar,2020,Hombres,Con discapacidad,Querétaro,60+,Ver,7414.0,11261.0,71.0,ENIGH (INEGI),Personas de 18 años o más,enigh
hogar,Es jefa o jefe del hogar,2020,Hombres,Con discapacidad,Quintana Roo,18-29,Bañarse o vestirse,0.0,844.0,4.0,ENIGH (INEGI),Personas de 18 años o más,enigh
hogar,Es jefa o jefe del hogar,2020,Hombres,Con discapacidad,Quintana Roo,18-29,Brazos o manos,0.0,1370.0,5.0,ENIGH (INEGI),Personas de 18 años o más,enigh
hogar,Es jefa o jefe del hogar,2020,Hombres,Con discapacidad,Quintana Roo,18-29,Caminar,0.0,1478.0,6.0,ENIGH (INEGI),Personas de 18 años o más,enigh
hogar,Es jefa o jefe del hogar,2020,Hombres,Con discapacidad,Quintana Roo,18-29,Hablar o comunicarse,0.0,1349.0,6.0,ENIGH (INEGI),Personas de 18 años o más,enigh
hogar,Es jefa o jefe del hogar,2020,Hombres,Con discapacidad,Quintana Roo,18-29,Mental,0.0,1475.0,7.0,ENIGH (INEGI),Personas de 18 años o más,enigh
hogar,Es jefa o jefe del hogar,2020,Hombres,Con discapacidad,Quintana Roo,18-29,Oír,0.0,978.0,4.0,ENIGH (INEGI),Personas de 18 años o más,enigh
hogar,Es jefa o jefe del hogar,2020,Hombres,Con discapacidad,Quintana Roo,18-29,Recordar o concentrarse,205.0,2601.0,12.0,ENIGH (INEGI),Personas de 18 años o más,enigh
hogar,Es jefa o jefe del hogar,2020,Hombres,Con discapacidad,Quintana Roo,18-29,Ver,0.0,1833.0,8.0,ENIGH (INEGI),Personas de 18 años o más,enigh
hogar,Es jefa o jefe del hogar,2020,Hombres,Con discapacidad,Quintana Roo,30-44,Bañarse o vestirse,265.0,954.0,4.0,ENIGH (INEGI),Personas de 18 años o más,enigh
hogar,Es jefa o jefe del hogar,2020,Hombres,Con discapacidad,Quintana Roo,30-44,Brazos o manos,0.0,1299.0,5.0,ENIGH (INEGI),Personas de 18 años o más,enigh
hogar,Es jefa o jefe del hogar,2020,Hombres,Con discapacidad,Quintana Roo,30-44,Caminar,502.0,725.0,4.0,ENIGH (INEGI),Personas de 18 años o más,enigh
hogar,Es jefa o jefe del hogar,2020,Hombres,Con discapacidad,Quintana Roo,30-44,Hablar o comunicarse,127.0,1289.0,6.0,ENIGH (INEGI),Personas de 18 años o más,enigh
hogar,Es jefa o jefe del hogar,2020,Hombres,Con discapacidad,Quintana Roo,30-44,Mental,0.0,1194.0,5.0,ENIGH (INEGI),Personas de 18 años o más,enigh
hogar,Es jefa o jefe del hogar,2020,Hombres,Con discapacidad,Quintana Roo,30-44,Oír,127.0,127.0,1.0,ENIGH (INEGI),Personas de 18 años o más,enigh
hogar,Es jefa o jefe del hogar,2020,Hombres,Con discapacidad,Quintana Roo,30-44,Recordar o concentrarse,801.0,1718.0,7.0,ENIGH (INEGI),Personas de 18 años o más,enigh
hogar,Es jefa o jefe del hogar,2020,Hombres,Con discapacidad,Quintana Roo,30-44,Ver,1700.0,2972.0,12.0,ENIGH (INEGI),Personas de 18 años o más,enigh
hogar,Es jefa o jefe del hogar,2020,Hombres,Con discapacidad,Quintana Roo,45-59,Bañarse o vestirse,440.0,741.0,3.0,ENIGH (INEGI),Personas de 18 años o más,enigh
hogar,Es jefa o jefe del hogar,2020,Hombres,Con discapacidad,Quintana Roo,45-59,Brazos o manos,1943.0,2488.0,11.0,ENIGH (INEGI),Personas de 18 años o más,enigh
hogar,Es jefa o jefe del hogar,2020,Hombres,Con discapacidad,Quintana Roo,45-59,Caminar,4736.0,6626.0,26.0,ENIGH (INEGI),Personas de 18 años o más,enigh
hogar,Es jefa o jefe del hogar,2020,Hombres,Con discapacidad,Quintana Roo,45-59,Hablar o comunicarse,210.0,755.0,4.0,ENIGH (INEGI),Personas de 18 años o más,enigh
hogar,Es jefa o jefe del hogar,2020,Hombres,Con discapacidad,Quintana Roo,45-59,Mental,372.0,673.0,4.0,ENIGH (INEGI),Personas de 18 años o más,enigh
hogar,Es jefa o jefe del hogar,2020,Hombres,Con discapacidad,Quintana Roo,45-59,Oír,283.0,411.0,2.0,ENIGH (INEGI),Personas de 18 años o más,enigh
hogar,Es jefa o jefe del hogar,2020,Hombres,Con discapacidad,Quintana Roo,45-59,Recordar o concentrarse,511.0,1054.0,5.0,ENIGH (INEGI),Personas de 18 años o más,enigh
hogar,Es jefa o jefe del hogar,2020,Hombres,Con discapacidad,Quintana Roo,45-59,Ver,6489.0,8095.0,32.0,ENIGH (INEGI),Personas de 18 años o más,enigh
hogar,Es jefa o jefe del hogar,2020,Hombres,Con discapacidad,Quintana Roo,60+,Bañarse o vestirse,2231.0,3279.0,17.0,ENIGH (INEGI),Personas de 18 años o más,enigh
hogar,Es jefa o jefe del hogar,2020,Hombres,Con discapacidad,Quintana Roo,60+,Brazos o manos,2653.0,3942.0,20.0,ENIGH (INEGI),Personas de 18 años o más,enigh
hogar,Es jefa o jefe del hogar,2020,Hombres,Con discapacidad,Quintana Roo,60+,Caminar,7292.0,11439.0,50.0,ENIGH (INEGI),Personas de 18 años o más,enigh
hogar,Es jefa o jefe del hogar,2020,Hombres,Con discapacidad,Quintana Roo,60+,Hablar o comunicarse,1283.0,1790.0,8.0,ENIGH (INEGI),Personas de 18 años o más,enigh
hogar,Es jefa o jefe del hogar,2020,Hombres,Con discapacidad,Quintana Roo,60+,Mental,1677.0,2224.0,12.0,ENIGH (INEGI),Personas de 18 años o más,enigh
hogar,Es jefa o jefe del hogar,2020,Hombres,Con discapacidad,Quintana Roo,60+,Oír,2733.0,5368.0,27.0,ENIGH (INEGI),Personas de 18 años o más,enigh
hogar,Es jefa o jefe del hogar,2020,Hombres,Con discapacidad,Quintana Roo,60+,Recordar o concentrarse,2963.0,4943.0,23.0,ENIGH (INEGI),Personas de 18 años o más,enigh
hogar,Es jefa o jefe del hogar,2020,Hombres,Con discapacidad,Quintana Roo,60+,Ver,7356.0,10091.0,47.0,ENIGH (INEGI),Personas de 18 años o más,enigh
hogar,Es jefa o jefe del hogar,2020,Hombres,Con discapacidad,San Luis Potosí,18-29,Bañarse o vestirse,0.0,2130.0,7.0,ENIGH (INEGI),Personas de 18 años o más,enigh
hogar,Es jefa o jefe del hogar,2020,Hombres,Con discapacidad,San Luis Potosí,18-29,Brazos o manos,0.0,1437.0,5.0,ENIGH (INEGI),Personas de 18 años o más,enigh
hogar,Es jefa o jefe del hogar,2020,Hombres,Con discapacidad,San Luis Potosí,18-29,Caminar,0.0,3284.0,11.0,ENIGH (INEGI),Personas de 18 años o más,enigh
hogar,Es jefa o jefe del hogar,2020,Hombres,Con discapacidad,San Luis Potosí,18-29,Hablar o comunicarse,0.0,2765.0,9.0,ENIGH (INEGI),Personas de 18 años o más,enigh
hogar,Es jefa o jefe del hogar,2020,Hombres,Con discapacidad,San Luis Potosí,18-29,Mental,0.0,2712.0,10.0,ENIGH (INEGI),Personas de 18 años o más,enigh
hogar,Es jefa o jefe del hogar,2020,Hombres,Con discapacidad,San Luis Potosí,18-29,Oír,0.0,772.0,2.0,ENIGH (INEGI),Personas de 18 años o más,enigh
hogar,Es jefa o jefe del hogar,2020,Hombres,Con discapacidad,San Luis Potosí,18-29,Recordar o concentrarse,0.0,2471.0,8.0,ENIGH (INEGI),Personas de 18 años o más,enigh
hogar,Es jefa o jefe del hogar,2020,Hombres,Con discapacidad,San Luis Potosí,18-29,Ver,0.0,1408.0,4.0,ENIGH (INEGI),Personas de 18 años o más,enigh
hogar,Es jefa o jefe del hogar,2020,Hombres,Con discapacidad,San Luis Potosí,30-44,Bañarse o vestirse,0.0,699.0,3.0,ENIGH (INEGI),Personas de 18 años o más,enigh
hogar,Es jefa o jefe del hogar,2020,Hombres,Con discapacidad,San Luis Potosí,30-44,Brazos o manos,980.0,1792.0,6.0,ENIGH (INEGI),Personas de 18 años o más,enigh
hogar,Es jefa o jefe del hogar,2020,Hombres,Con discapacidad,San Luis Potosí,30-44,Caminar,1109.0,2893.0,10.0,ENIGH (INEGI),Personas de 18 años o más,enigh
hogar,Es jefa o jefe del hogar,2020,Hombres,Con discapacidad,San Luis Potosí,30-44,Hablar o comunicarse,0.0,1358.0,5.0,ENIGH (INEGI),Personas de 18 años o más,enigh
hogar,Es jefa o jefe del hogar,2020,Hombres,Con discapacidad,San Luis Potosí,30-44,Mental,0.0,2233.0,8.0,ENIGH (INEGI),Personas de 18 años o más,enigh
hogar,Es jefa o jefe del hogar,2020,Hombres,Con discapacidad,San Luis Potosí,30-44,Oír,247.0,545.0,2.0,ENIGH (INEGI),Personas de 18 años o más,enigh
hogar,Es jefa o jefe del hogar,2020,Hombres,Con discapacidad,San Luis Potosí,30-44,Recordar o concentrarse,255.0,2072.0,8.0,ENIGH (INEGI),Personas de 18 años o más,enigh
hogar,Es jefa o jefe del hogar,2020,Hombres,Con discapacidad,San Luis Potosí,30-44,Ver,1480.0,1691.0,5.0,ENIGH (INEGI),Personas de 18 años o más,enigh
hogar,Es jefa o jefe del hogar,2020,Hombres,Con discapacidad,San Luis Potosí,45-59,Bañarse o vestirse,1469.0,2499.0,9.0,ENIGH (INEGI),Personas de 18 años o más,enigh
hogar,Es jefa o jefe del hogar,2020,Hombres,Con discapacidad,San Luis Potosí,45-59,Brazos o manos,2436.0,2701.0,9.0,ENIGH (INEGI),Personas de 18 años o más,enigh
hogar,Es jefa o jefe del hogar,2020,Hombres,Con discapacidad,San Luis Potosí,45-59,Caminar,8462.0,9672.0,33.0,ENIGH (INEGI),Personas de 18 años o más,enigh
hogar,Es jefa o jefe del hogar,2020,Hombres,Con discapacidad,San Luis Potosí,45-59,Hablar o comunicarse,495.0,1748.0,7.0,ENIGH (INEGI),Personas de 18 años o más,enigh
hogar,Es jefa o jefe del hogar,2020,Hombres,Con discapacidad,San Luis Potosí,45-59,Mental,1073.0,1799.0,7.0,ENIGH (INEGI),Personas de 18 años o más,enigh
hogar,Es jefa o jefe del hogar,2020,Hombres,Con discapacidad,San Luis Potosí,45-59,Oír,1327.0,2074.0,7.0,ENIGH (INEGI),Personas de 18 años o más,enigh
hogar,Es jefa o jefe del hogar,2020,Hombres,Con discapacidad,San Luis Potosí,45-59,Recordar o concentrarse,785.0,1271.0,5.0,ENIGH (INEGI),Personas de 18 años o más,enigh
hogar,Es jefa o jefe del hogar,2020,Hombres,Con discapacidad,San Luis Potosí,45-59,Ver,4278.0,4735.0,14.0,ENIGH (INEGI),Personas de 18 años o más,enigh
hogar,Es jefa o jefe del hogar,2020,Hombres,Con discapacidad,San Luis Potosí,60+,Bañarse o vestirse,7248.0,9112.0,33.0,ENIGH (INEGI),Personas de 18 años o más,enigh
hogar,Es jefa o jefe del hogar,2020,Hombres,Con discapacidad,San Luis Potosí,60+,Brazos o manos,10166.0,12192.0,43.0,ENIGH (INEGI),Personas de 18 años o más,enigh
hogar,Es jefa o jefe del hogar,2020,Hombres,Con discapacidad,San Luis Potosí,60+,Caminar,26125.0,30683.0,111.0,ENIGH (INEGI),Personas de 18 años o más,enigh
hogar,Es jefa o jefe del hogar,2020,Hombres,Con discapacidad,San Luis Potosí,60+,Hablar o comunicarse,3637.0,5852.0,20.0,ENIGH (INEGI),Personas de 18 años o más,enigh
hogar,Es jefa o jefe del hogar,2020,Hombres,Con discapacidad,San Luis Potosí,60+,Mental,3427.0,4929.0,18.0,ENIGH (INEGI),Personas de 18 años o más,enigh
hogar,Es jefa o jefe del hogar,2020,Hombres,Con discapacidad,San Luis Potosí,60+,Oír,14269.0,17084.0,65.0,ENIGH (INEGI),Personas de 18 años o más,enigh
hogar,Es jefa o jefe del hogar,2020,Hombres,Con discapacidad,San Luis Potosí,60+,Recordar o concentrarse,6615.0,8905.0,33.0,ENIGH (INEGI),Personas de 18 años o más,enigh
hogar,Es jefa o jefe del hogar,2020,Hombres,Con discapacidad,San Luis Potosí,60+,Ver,15015.0,17418.0,69.0,ENIGH (INEGI),Personas de 18 años o más,enigh
hogar,Es jefa o jefe del hogar,2020,Hombres,Con discapacidad,Sinaloa,18-29,Bañarse o vestirse,0.0,1045.0,4.0,ENIGH (INEGI),Personas de 18 años o más,enigh
hogar,Es jefa o jefe del hogar,2020,Hombres,Con discapacidad,Sinaloa,18-29,Brazos o manos,0.0,448.0,2.0,ENIGH (INEGI),Personas de 18 años o más,enigh
hogar,Es jefa o jefe del hogar,2020,Hombres,Con discapacidad,Sinaloa,18-29,Caminar,426.0,2970.0,13.0,ENIGH (INEGI),Personas de 18 años o más,enigh
hogar,Es jefa o jefe del hogar,2020,Hombres,Con discapacidad,Sinaloa,18-29,Hablar o comunicarse,0.0,2638.0,11.0,ENIGH (INEGI),Personas de 18 años o más,enigh
hogar,Es jefa o jefe del hogar,2020,Hombres,Con discapacidad,Sinaloa,18-29,Mental,0.0,2725.0,11.0,ENIGH (INEGI),Personas de 18 años o más,enigh
hogar,Es jefa o jefe del hogar,2020,Hombres,Con discapacidad,Sinaloa,18-29,Oír,254.0,929.0,4.0,ENIGH (INEGI),Personas de 18 años o más,enigh
hogar,Es jefa o jefe del hogar,2020,Hombres,Con discapacidad,Sinaloa,18-29,Recordar o concentrarse,0.0,2281.0,9.0,ENIGH (INEGI),Personas de 18 años o más,enigh
hogar,Es jefa o jefe del hogar,2020,Hombres,Con discapacidad,Sinaloa,18-29,Ver,355.0,597.0,2.0,ENIGH (INEGI),Personas de 18 años o más,enigh
hogar,Es jefa o jefe del hogar,2020,Hombres,Con discapacidad,Sinaloa,30-44,Bañarse o vestirse,386.0,2179.0,10.0,ENIGH (INEGI),Personas de 18 años o más,enigh
hogar,Es jefa o jefe del hogar,2020,Hombres,Con discapacidad,Sinaloa,30-44,Brazos o manos,1408.0,2701.0,9.0,ENIGH (INEGI),Personas de 18 años o más,enigh
hogar,Es jefa o jefe del hogar,2020,Hombres,Con discapacidad,Sinaloa,30-44,Caminar,3845.0,6522.0,25.0,ENIGH (INEGI),Personas de 18 años o más,enigh
hogar,Es jefa o jefe del hogar,2020,Hombres,Con discapacidad,Sinaloa,30-44,Hablar o comunicarse,0.0,2676.0,10.0,ENIGH (INEGI),Personas de 18 años o más,enigh
hogar,Es jefa o jefe del hogar,2020,Hombres,Con discapacidad,Sinaloa,30-44,Mental,0.0,2904.0,11.0,ENIGH (INEGI),Personas de 18 años o más,enigh
hogar,Es jefa o jefe del hogar,2020,Hombres,Con discapacidad,Sinaloa,30-44,Oír,0.0,476.0,2.0,ENIGH (INEGI),Personas de 18 años o más,enigh
hogar,Es jefa o jefe del hogar,2020,Hombres,Con discapacidad,Sinaloa,30-44,Recordar o concentrarse,413.0,3170.0,14.0,ENIGH (INEGI),Personas de 18 años o más,enigh
hogar,Es jefa o jefe del hogar,2020,Hombres,Con discapacidad,Sinaloa,30-44,Ver,1368.0,3238.0,11.0,ENIGH (INEGI),Personas de 18 años o más,enigh
hogar,Es jefa o jefe del hogar,2020,Hombres,Con discapacidad,Sinaloa,45-59,Bañarse o vestirse,1377.0,2337.0,10.0,ENIGH (INEGI),Personas de 18 años o más,enigh
hogar,Es jefa o jefe del hogar,2020,Hombres,Con discapacidad,Sinaloa,45-59,Brazos o manos,2098.0,3098.0,13.0,ENIGH (INEGI),Personas de 18 años o más,enigh
hogar,Es jefa o jefe del hogar,2020,Hombres,Con discapacidad,Sinaloa,45-59,Caminar,6921.0,9490.0,37.0,ENIGH (INEGI),Personas de 18 años o más,enigh
hogar,Es jefa o jefe del hogar,2020,Hombres,Con discapacidad,Sinaloa,45-59,Hablar o comunicarse,661.0,2246.0,10.0,ENIGH (INEGI),Personas de 18 años o más,enigh
hogar,Es jefa o jefe del hogar,2020,Hombres,Con discapacidad,Sinaloa,45-59,Mental,0.0,2109.0,8.0,ENIGH (INEGI),Personas de 18 años o más,enigh
hogar,Es jefa o jefe del hogar,2020,Hombres,Con discapacidad,Sinaloa,45-59,Oír,2034.0,3235.0,14.0,ENIGH (INEGI),Personas de 18 años o más,enigh
hogar,Es jefa o jefe del hogar,2020,Hombres,Con discapacidad,Sinaloa,45-59,Recordar o concentrarse,482.0,1656.0,7.0,ENIGH (INEGI),Personas de 18 años o más,enigh
hogar,Es jefa o jefe del hogar,2020,Hombres,Con discapacidad,Sinaloa,45-59,Ver,6055.0,7493.0,29.0,ENIGH (INEGI),Personas de 18 años o más,enigh
hogar,Es jefa o jefe del hogar,2020,Hombres,Con discapacidad,Sinaloa,60+,Bañarse o vestirse,3577.0,5076.0,21.0,ENIGH (INEGI),Personas de 18 años o más,enigh
hogar,Es jefa o jefe del hogar,2020,Hombres,Con discapacidad,Sinaloa,60+,Brazos o manos,7384.0,10119.0,37.0,ENIGH (INEGI),Personas de 18 años o más,enigh
hogar,Es jefa o jefe del hogar,2020,Hombres,Con discapacidad,Sinaloa,60+,Caminar,20245.0,25787.0,99.0,ENIGH (INEGI),Personas de 18 años o más,enigh
hogar,Es jefa o jefe del hogar,2020,Hombres,Con discapacidad,Sinaloa,60+,Hablar o comunicarse,1029.0,2466.0,8.0,ENIGH (INEGI),Personas de 18 años o más,enigh
hogar,Es jefa o jefe del hogar,2020,Hombres,Con discapacidad,Sinaloa,60+,Mental,2243.0,3272.0,13.0,ENIGH (INEGI),Personas de 18 años o más,enigh
hogar,Es jefa o jefe del hogar,2020,Hombres,Con discapacidad,Sinaloa,60+,Oír,8633.0,11989.0,42.0,ENIGH (INEGI),Personas de 18 años o más,enigh
hogar,Es jefa o jefe del hogar,2020,Hombres,Con discapacidad,Sinaloa,60+,Recordar o concentrarse,4197.0,6103.0,24.0,ENIGH (INEGI),Personas de 18 años o más,enigh
hogar,Es jefa o jefe del hogar,2020,Hombres,Con discapacidad,Sinaloa,60+,Ver,9554.0,11566.0,46.0,ENIGH (INEGI),Personas de 18 años o más,enigh
hogar,Es jefa o jefe del hogar,2020,Hombres,Con discapacidad,Sonora,18-29,Bañarse o vestirse,0.0,169.0,1.0,ENIGH (INEGI),Personas de 18 años o más,enigh
hogar,Es jefa o jefe del hogar,2020,Hombres,Con discapacidad,Sonora,18-29,Brazos o manos,0.0,335.0,2.0,ENIGH (INEGI),Personas de 18 años o más,enigh
hogar,Es jefa o jefe del hogar,2020,Hombres,Con discapacidad,Sonora,18-29,Caminar,0.0,1622.0,4.0,ENIGH (INEGI),Personas de 18 años o más,enigh
hogar,Es jefa o jefe del hogar,2020,Hombres,Con discapacidad,Sonora,18-29,Hablar o comunicarse,0.0,686.0,2.0,ENIGH (INEGI),Personas de 18 años o más,enigh
hogar,Es jefa o jefe del hogar,2020,Hombres,Con discapacidad,Sonora,18-29,Mental,0.0,1600.0,5.0,ENIGH (INEGI),Personas de 18 años o más,enigh
hogar,Es jefa o jefe del hogar,2020,Hombres,Con discapacidad,Sonora,18-29,Recordar o concentrarse,488.0,1839.0,6.0,ENIGH (INEGI),Personas de 18 años o más,enigh
hogar,Es jefa o jefe del hogar,2020,Hombres,Con discapacidad,Sonora,18-29,Ver,0.0,1398.0,4.0,ENIGH (INEGI),Personas de 18 años o más,enigh
hogar,Es jefa o jefe del hogar,2020,Hombres,Con discapacidad,Sonora,30-44,Bañarse o vestirse,1176.0,1176.0,3.0,ENIGH (INEGI),Personas de 18 años o más,enigh
hogar,Es jefa o jefe del hogar,2020,Hombres,Con discapacidad,Sonora,30-44,Brazos o manos,454.0,454.0,1.0,ENIGH (INEGI),Personas de 18 años o más,enigh
hogar,Es jefa o jefe del hogar,2020,Hombres,Con discapacidad,Sonora,30-44,Caminar,2767.0,3179.0,8.0,ENIGH (INEGI),Personas de 18 años o más,enigh
hogar,Es jefa o jefe del hogar,2020,Hombres,Con discapacidad,Sonora,30-44,Hablar o comunicarse,454.0,873.0,2.0,ENIGH (INEGI),Personas de 18 años o más,enigh
hogar,Es jefa o jefe del hogar,2020,Hombres,Con discapacidad,Sonora,30-44,Mental,1347.0,2608.0,6.0,ENIGH (INEGI),Personas de 18 años o más,enigh
hogar,Es jefa o jefe del hogar,2020,Hombres,Con discapacidad,Sonora,30-44,Oír,532.0,532.0,2.0,ENIGH (INEGI),Personas de 18 años o más,enigh
hogar,Es jefa o jefe del hogar,2020,Hombres,Con discapacidad,Sonora,30-44,Recordar o concentrarse,904.0,1496.0,4.0,ENIGH (INEGI),Personas de 18 años o más,enigh
hogar,Es jefa o jefe del hogar,2020,Hombres,Con discapacidad,Sonora,30-44,Ver,2318.0,2318.0,5.0,ENIGH (INEGI),Personas de 18 años o más,enigh
hogar,Es jefa o jefe del hogar,2020,Hombres,Con discapacidad,Sonora,45-59,Bañarse o vestirse,2684.0,4840.0,14.0,ENIGH (INEGI),Personas de 18 años o más,enigh
hogar,Es jefa o jefe del hogar,2020,Hombres,Con discapacidad,Sonora,45-59,Brazos o manos,5090.0,6802.0,15.0,ENIGH (INEGI),Personas de 18 años o más,enigh
hogar,Es jefa o jefe del hogar,2020,Hombres,Con discapacidad,Sonora,45-59,Caminar,7947.0,14380.0,38.0,ENIGH (INEGI),Personas de 18 años o más,enigh
hogar,Es jefa o jefe del hogar,2020,Hombres,Con discapacidad,Sonora,45-59,Hablar o comunicarse,380.0,2536.0,7.0,ENIGH (INEGI),Personas de 18 años o más,enigh
hogar,Es jefa o jefe del hogar,2020,Hombres,Con discapacidad,Sonora,45-59,Mental,590.0,4303.0,12.0,ENIGH (INEGI),Personas de 18 años o más,enigh
hogar,Es jefa o jefe del hogar,2020,Hombres,Con discapacidad,Sonora,45-59,Oír,1342.0,1850.0,6.0,ENIGH (INEGI),Personas de 18 años o más,enigh
hogar,Es jefa o jefe del hogar,2020,Hombres,Con discapacidad,Sonora,45-59,Recordar o concentrarse,1963.0,4468.0,13.0,ENIGH (INEGI),Personas de 18 años o más,enigh
hogar,Es jefa o jefe del hogar,2020,Hombres,Con discapacidad,Sonora,45-59,Ver,4527.0,6653.0,21.0,ENIGH (INEGI),Personas de 18 años o más,enigh
hogar,Es jefa o jefe del hogar,2020,Hombres,Con discapacidad,Sonora,60+,Bañarse o vestirse,3950.0,5912.0,16.0,ENIGH (INEGI),Personas de 18 años o más,enigh
hogar,Es jefa o jefe del hogar,2020,Hombres,Con discapacidad,Sonora,60+,Brazos o manos,4658.0,8466.0,25.0,ENIGH (INEGI),Personas de 18 años o más,enigh
hogar,Es jefa o jefe del hogar,2020,Hombres,Con discapacidad,Sonora,60+,Caminar,17071.0,23573.0,72.0,ENIGH (INEGI),Personas de 18 años o más,enigh
hogar,Es jefa o jefe del hogar,2020,Hombres,Con discapacidad,Sonora,60+,Hablar o comunicarse,1965.0,3648.0,11.0,ENIGH (INEGI),Personas de 18 años o más,enigh
hogar,Es jefa o jefe del hogar,2020,Hombres,Con discapacidad,Sonora,60+,Mental,2307.0,3765.0,11.0,ENIGH (INEGI),Personas de 18 años o más,enigh
hogar,Es jefa o jefe del hogar,2020,Hombres,Con discapacidad,Sonora,60+,Oír,8244.0,12622.0,40.0,ENIGH (INEGI),Personas de 18 años o más,enigh
hogar,Es jefa o jefe del hogar,2020,Hombres,Con discapacidad,Sonora,60+,Recordar o concentrarse,5933.0,8780.0,26.0,ENIGH (INEGI),Personas de 18 años o más,enigh
hogar,Es jefa o jefe del hogar,2020,Hombres,Con discapacidad,Sonora,60+,Ver,10855.0,16082.0,50.0,ENIGH (INEGI),Personas de 18 años o más,enigh
hogar,Es jefa o jefe del hogar,2020,Hombres,Con discapacidad,Tabasco,18-29,Bañarse o vestirse,0.0,850.0,3.0,ENIGH (INEGI),Personas de 18 años o más,enigh
hogar,Es jefa o jefe del hogar,2020,Hombres,Con discapacidad,Tabasco,18-29,Brazos o manos,0.0,1121.0,4.0,ENIGH (INEGI),Personas de 18 años o más,enigh
hogar,Es jefa o jefe del hogar,2020,Hombres,Con discapacidad,Tabasco,18-29,Caminar,275.0,2454.0,8.0,ENIGH (INEGI),Personas de 18 años o más,enigh
hogar,Es jefa o jefe del hogar,2020,Hombres,Con discapacidad,Tabasco,18-29,Hablar o comunicarse,0.0,1917.0,6.0,ENIGH (INEGI),Personas de 18 años o más,enigh
hogar,Es jefa o jefe del hogar,2020,Hombres,Con discapacidad,Tabasco,18-29,Mental,0.0,1249.0,4.0,ENIGH (INEGI),Personas de 18 años o más,enigh
hogar,Es jefa o jefe del hogar,2020,Hombres,Con discapacidad,Tabasco,18-29,Oír,0.0,623.0,2.0,ENIGH (INEGI),Personas de 18 años o más,enigh
hogar,Es jefa o jefe del hogar,2020,Hombres,Con discapacidad,Tabasco,18-29,Recordar o concentrarse,0.0,2605.0,8.0,ENIGH (INEGI),Personas de 18 años o más,enigh
hogar,Es jefa o jefe del hogar,2020,Hombres,Con discapacidad,Tabasco,18-29,Ver,475.0,1845.0,5.0,ENIGH (INEGI),Personas de 18 años o más,enigh
hogar,Es jefa o jefe del hogar,2020,Hombres,Con discapacidad,Tabasco,30-44,Bañarse o vestirse,326.0,1760.0,5.0,ENIGH (INEGI),Personas de 18 años o más,enigh
hogar,Es jefa o jefe del hogar,2020,Hombres,Con discapacidad,Tabasco,30-44,Brazos o manos,1425.0,2608.0,8.0,ENIGH (INEGI),Personas de 18 años o más,enigh
hogar,Es jefa o jefe del hogar,2020,Hombres,Con discapacidad,Tabasco,30-44,Caminar,916.0,2416.0,7.0,ENIGH (INEGI),Personas de 18 años o más,enigh
hogar,Es jefa o jefe del hogar,2020,Hombres,Con discapacidad,Tabasco,30-44,Hablar o comunicarse,736.0,3090.0,9.0,ENIGH (INEGI),Personas de 18 años o más,enigh
hogar,Es jefa o jefe del hogar,2020,Hombres,Con discapacidad,Tabasco,30-44,Mental,399.0,2033.0,6.0,ENIGH (INEGI),Personas de 18 años o más,enigh
hogar,Es jefa o jefe del hogar,2020,Hombres,Con discapacidad,Tabasco,30-44,Oír,1102.0,2391.0,7.0,ENIGH (INEGI),Personas de 18 años o más,enigh
hogar,Es jefa o jefe del hogar,2020,Hombres,Con discapacidad,Tabasco,30-44,Recordar o concentrarse,368.0,2316.0,7.0,ENIGH (INEGI),Personas de 18 años o más,enigh
hogar,Es jefa o jefe del hogar,2020,Hombres,Con discapacidad,Tabasco,30-44,Ver,2672.0,2998.0,10.0,ENIGH (INEGI),Personas de 18 años o más,enigh
hogar,Es jefa o jefe del hogar,2020,Hombres,Con discapacidad,Tabasco,45-59,Bañarse o vestirse,1660.0,2643.0,8.0,ENIGH (INEGI),Personas de 18 años o más,enigh
hogar,Es jefa o jefe del hogar,2020,Hombres,Con discapacidad,Tabasco,45-59,Brazos o manos,2149.0,2740.0,9.0,ENIGH (INEGI),Personas de 18 años o más,enigh
hogar,Es jefa o jefe del hogar,2020,Hombres,Con discapacidad,Tabasco,45-59,Caminar,7976.0,8458.0,30.0,ENIGH (INEGI),Personas de 18 años o más,enigh
hogar,Es jefa o jefe del hogar,2020,Hombres,Con discapacidad,Tabasco,45-59,Hablar o comunicarse,0.0,983.0,3.0,ENIGH (INEGI),Personas de 18 años o más,enigh
hogar,Es jefa o jefe del hogar,2020,Hombres,Con discapacidad,Tabasco,45-59,Mental,698.0,2352.0,7.0,ENIGH (INEGI),Personas de 18 años o más,enigh
hogar,Es jefa o jefe del hogar,2020,Hombres,Con discapacidad,Tabasco,45-59,Oír,1917.0,3139.0,10.0,ENIGH (INEGI),Personas de 18 años o más,enigh
hogar,Es jefa o jefe del hogar,2020,Hombres,Con discapacidad,Tabasco,45-59,Recordar o concentrarse,772.0,2787.0,8.0,ENIGH (INEGI),Personas de 18 años o más,enigh
hogar,Es jefa o jefe del hogar,2020,Hombres,Con discapacidad,Tabasco,45-59,Ver,5936.0,6893.0,19.0,ENIGH (INEGI),Personas de 18 años o más,enigh
hogar,Es jefa o jefe del hogar,2020,Hombres,Con discapacidad,Tabasco,60+,Bañarse o vestirse,5128.0,6897.0,20.0,ENIGH (INEGI),Personas de 18 años o más,enigh
hogar,Es jefa o jefe del hogar,2020,Hombres,Con discapacidad,Tabasco,60+,Brazos o manos,6084.0,8713.0,26.0,ENIGH (INEGI),Personas de 18 años o más,enigh
hogar,Es jefa o jefe del hogar,2020,Hombres,Con discapacidad,Tabasco,60+,Caminar,15555.0,18916.0,57.0,ENIGH (INEGI),Personas de 18 años o más,enigh
hogar,Es jefa o jefe del hogar,2020,Hombres,Con discapacidad,Tabasco,60+,Hablar o comunicarse,1244.0,1992.0,6.0,ENIGH (INEGI),Personas de 18 años o más,enigh
hogar,Es jefa o jefe del hogar,2020,Hombres,Con discapacidad,Tabasco,60+,Mental,2243.0,3627.0,11.0,ENIGH (INEGI),Personas de 18 años o más,enigh
hogar,Es jefa o jefe del hogar,2020,Hombres,Con discapacidad,Tabasco,60+,Oír,4057.0,5852.0,18.0,ENIGH (INEGI),Personas de 18 años o más,enigh
hogar,Es jefa o jefe del hogar,2020,Hombres,Con discapacidad,Tabasco,60+,Recordar o concentrarse,2574.0,4295.0,13.0,ENIGH (INEGI),Personas de 18 años o más,enigh
hogar,Es jefa o jefe del hogar,2020,Hombres,Con discapacidad,Tabasco,60+,Ver,15303.0,18071.0,54.0,ENIGH (INEGI),Personas de 18 años o más,enigh
hogar,Es jefa o jefe del hogar,2020,Hombres,Con discapacidad,Tamaulipas,18-29,Bañarse o vestirse,0.0,2486.0,6.0,ENIGH (INEGI),Personas de 18 años o más,enigh
hogar,Es jefa o jefe del hogar,2020,Hombres,Con discapacidad,Tamaulipas,18-29,Brazos o manos,0.0,1381.0,3.0,ENIGH (INEGI),Personas de 18 años o más,enigh
hogar,Es jefa o jefe del hogar,2020,Hombres,Con discapacidad,Tamaulipas,18-29,Caminar,490.0,3649.0,8.0,ENIGH (INEGI),Personas de 18 años o más,enigh
hogar,Es jefa o jefe del hogar,2020,Hombres,Con discapacidad,Tamaulipas,18-29,Hablar o comunicarse,0.0,3895.0,9.0,ENIGH (INEGI),Personas de 18 años o más,enigh
hogar,Es jefa o jefe del hogar,2020,Hombres,Con discapacidad,Tamaulipas,18-29,Mental,0.0,3018.0,7.0,ENIGH (INEGI),Personas de 18 años o más,enigh
hogar,Es jefa o jefe del hogar,2020,Hombres,Con discapacidad,Tamaulipas,18-29,Oír,0.0,1150.0,2.0,ENIGH (INEGI),Personas de 18 años o más,enigh
hogar,Es jefa o jefe del hogar,2020,Hombres,Con discapacidad,Tamaulipas,18-29,Recordar o concentrarse,0.0,1604.0,4.0,ENIGH (INEGI),Personas de 18 años o más,enigh
hogar,Es jefa o jefe del hogar,2020,Hombres,Con discapacidad,Tamaulipas,18-29,Ver,0.0,1206.0,3.0,ENIGH (INEGI),Personas de 18 años o más,enigh
hogar,Es jefa o jefe del hogar,2020,Hombres,Con discapacidad,Tamaulipas,30-44,Bañarse o vestirse,656.0,1657.0,5.0,ENIGH (INEGI),Personas de 18 años o más,enigh
hogar,Es jefa o jefe del hogar,2020,Hombres,Con discapacidad,Tamaulipas,30-44,Brazos o manos,1941.0,3365.0,9.0,ENIGH (INEGI),Personas de 18 años o más,enigh
hogar,Es jefa o jefe del hogar,2020,Hombres,Con discapacidad,Tamaulipas,30-44,Caminar,3771.0,5700.0,12.0,ENIGH (INEGI),Personas de 18 años o más,enigh
hogar,Es jefa o jefe del hogar,2020,Hombres,Con discapacidad,Tamaulipas,30-44,Hablar o comunicarse,0.0,2460.0,5.0,ENIGH (INEGI),Personas de 18 años o más,enigh
hogar,Es jefa o jefe del hogar,2020,Hombres,Con discapacidad,Tamaulipas,30-44,Mental,532.0,2935.0,7.0,ENIGH (INEGI),Personas de 18 años o más,enigh
hogar,Es jefa o jefe del hogar,2020,Hombres,Con discapacidad,Tamaulipas,30-44,Oír,0.0,829.0,2.0,ENIGH (INEGI),Personas de 18 años o más,enigh
hogar,Es jefa o jefe del hogar,2020,Hombres,Con discapacidad,Tamaulipas,30-44,Recordar o concentrarse,236.0,1694.0,4.0,ENIGH (INEGI),Personas de 18 años o más,enigh
hogar,Es jefa o jefe del hogar,2020,Hombres,Con discapacidad,Tamaulipas,30-44,Ver,2108.0,3248.0,7.0,ENIGH (INEGI),Personas de 18 años o más,enigh
hogar,Es jefa o jefe del hogar,2020,Hombres,Con discapacidad,Tamaulipas,45-59,Bañarse o vestirse,2291.0,3779.0,8.0,ENIGH (INEGI),Personas de 18 años o más,enigh
hogar,Es jefa o jefe del hogar,2020,Hombres,Con discapacidad,Tamaulipas,45-59,Brazos o manos,3717.0,5800.0,13.0,ENIGH (INEGI),Personas de 18 años o más,enigh
hogar,Es jefa o jefe del hogar,2020,Hombres,Con discapacidad,Tamaulipas,45-59,Caminar,9713.0,12791.0,29.0,ENIGH (INEGI),Personas de 18 años o más,enigh
hogar,Es jefa o jefe del hogar,2020,Hombres,Con discapacidad,Tamaulipas,45-59,Hablar o comunicarse,719.0,1791.0,3.0,ENIGH (INEGI),Personas de 18 años o más,enigh
hogar,Es jefa o jefe del hogar,2020,Hombres,Con discapacidad,Tamaulipas,45-59,Mental,2348.0,4556.0,10.0,ENIGH (INEGI),Personas de 18 años o más,enigh
hogar,Es jefa o jefe del hogar,2020,Hombres,Con discapacidad,Tamaulipas,45-59,Oír,801.0,1007.0,4.0,ENIGH (INEGI),Personas de 18 años o más,enigh
hogar,Es jefa o jefe del hogar,2020,Hombres,Con discapacidad,Tamaulipas,45-59,Recordar o concentrarse,1906.0,2396.0,5.0,ENIGH (INEGI),Personas de 18 años o más,enigh
hogar,Es jefa o jefe del hogar,2020,Hombres,Con discapacidad,Tamaulipas,45-59,Ver,2301.0,4237.0,11.0,ENIGH (INEGI),Personas de 18 años o más,enigh
hogar,Es jefa o jefe del hogar,2020,Hombres,Con discapacidad,Tamaulipas,60+,Bañarse o vestirse,4366.0,6769.0,16.0,ENIGH (INEGI),Personas de 18 años o más,enigh
hogar,Es jefa o jefe del hogar,2020,Hombres,Con discapacidad,Tamaulipas,60+,Brazos o manos,9207.0,11848.0,26.0,ENIGH (INEGI),Personas de 18 años o más,enigh
hogar,Es jefa o jefe del hogar,2020,Hombres,Con discapacidad,Tamaulipas,60+,Caminar,17130.0,24385.0,58.0,ENIGH (INEGI),Personas de 18 años o más,enigh
hogar,Es jefa o jefe del hogar,2020,Hombres,Con discapacidad,Tamaulipas,60+,Hablar o comunicarse,1659.0,3331.0,7.0,ENIGH (INEGI),Personas de 18 años o más,enigh
hogar,Es jefa o jefe del hogar,2020,Hombres,Con discapacidad,Tamaulipas,60+,Mental,2368.0,3922.0,8.0,ENIGH (INEGI),Personas de 18 años o más,enigh
hogar,Es jefa o jefe del hogar,2020,Hombres,Con discapacidad,Tamaulipas,60+,Oír,8017.0,10166.0,30.0,ENIGH (INEGI),Personas de 18 años o más,enigh
hogar,Es jefa o jefe del hogar,2020,Hombres,Con discapacidad,Tamaulipas,60+,Recordar o concentrarse,3055.0,4879.0,12.0,ENIGH (INEGI),Personas de 18 años o más,enigh
hogar,Es jefa o jefe del hogar,2020,Hombres,Con discapacidad,Tamaulipas,60+,Ver,11108.0,13753.0,35.0,ENIGH (INEGI),Personas de 18 años o más,enigh
hogar,Es jefa o jefe del hogar,2020,Hombres,Con discapacidad,Tlaxcala,18-29,Bañarse o vestirse,0.0,306.0,2.0,ENIGH (INEGI),Personas de 18 años o más,enigh
hogar,Es jefa o jefe del hogar,2020,Hombres,Con discapacidad,Tlaxcala,18-29,Brazos o manos,88.0,222.0,2.0,ENIGH (INEGI),Personas de 18 años o más,enigh
hogar,Es jefa o jefe del hogar,2020,Hombres,Con discapacidad,Tlaxcala,18-29,Caminar,0.0,768.0,5.0,ENIGH (INEGI),Personas de 18 años o más,enigh
hogar,Es jefa o jefe del hogar,2020,Hombres,Con discapacidad,Tlaxcala,18-29,Hablar o comunicarse,0.0,825.0,5.0,ENIGH (INEGI),Personas de 18 años o más,enigh
hogar,Es jefa o jefe del hogar,2020,Hombres,Con discapacidad,Tlaxcala,18-29,Mental,0.0,903.0,5.0,ENIGH (INEGI),Personas de 18 años o más,enigh
hogar,Es jefa o jefe del hogar,2020,Hombres,Con discapacidad,Tlaxcala,18-29,Oír,0.0,277.0,2.0,ENIGH (INEGI),Personas de 18 años o más,enigh
hogar,Es jefa o jefe del hogar,2020,Hombres,Con discapacidad,Tlaxcala,18-29,Recordar o concentrarse,0.0,1103.0,7.0,ENIGH (INEGI),Personas de 18 años o más,enigh
hogar,Es jefa o jefe del hogar,2020,Hombres,Con discapacidad,Tlaxcala,18-29,Ver,0.0,469.0,3.0,ENIGH (INEGI),Personas de 18 años o más,enigh
hogar,Es jefa o jefe del hogar,2020,Hombres,Con discapacidad,Tlaxcala,30-44,Bañarse o vestirse,0.0,400.0,3.0,ENIGH (INEGI),Personas de 18 años o más,enigh
hogar,Es jefa o jefe del hogar,2020,Hombres,Con discapacidad,Tlaxcala,30-44,Brazos o manos,342.0,630.0,4.0,ENIGH (INEGI),Personas de 18 años o más,enigh
hogar,Es jefa o jefe del hogar,2020,Hombres,Con discapacidad,Tlaxcala,30-44,Caminar,290.0,1132.0,7.0,ENIGH (INEGI),Personas de 18 años o más,enigh
hogar,Es jefa o jefe del hogar,2020,Hombres,Con discapacidad,Tlaxcala,30-44,Hablar o comunicarse,0.0,400.0,3.0,ENIGH (INEGI),Personas de 18 años o más,enigh
hogar,Es jefa o jefe del hogar,2020,Hombres,Con discapacidad,Tlaxcala,30-44,Mental,126.0,526.0,4.0,ENIGH (INEGI),Personas de 18 años o más,enigh
hogar,Es jefa o jefe del hogar,2020,Hombres,Con discapacidad,Tlaxcala,30-44,Oír,0.0,200.0,1.0,ENIGH (INEGI),Personas de 18 años o más,enigh
hogar,Es jefa o jefe del hogar,2020,Hombres,Con discapacidad,Tlaxcala,30-44,Recordar o concentrarse,397.0,799.0,5.0,ENIGH (INEGI),Personas de 18 años o más,enigh
hogar,Es jefa o jefe del hogar,2020,Hombres,Con discapacidad,Tlaxcala,30-44,Ver,1317.0,1948.0,12.0,ENIGH (INEGI),Personas de 18 años o más,enigh
hogar,Es jefa o jefe del hogar,2020,Hombres,Con discapacidad,Tlaxcala,45-59,Bañarse o vestirse,1079.0,1507.0,10.0,ENIGH (INEGI),Personas de 18 años o más,enigh
hogar,Es jefa o jefe del hogar,2020,Hombres,Con discapacidad,Tlaxcala,45-59,Brazos o manos,760.0,1188.0,8.0,ENIGH (INEGI),Personas de 18 años o más,enigh
hogar,Es jefa o jefe del hogar,2020,Hombres,Con discapacidad,Tlaxcala,45-59,Caminar,2682.0,3499.0,22.0,ENIGH (INEGI),Personas de 18 años o más,enigh
hogar,Es jefa o jefe del hogar,2020,Hombres,Con discapacidad,Tlaxcala,45-59,Hablar o comunicarse,281.0,862.0,6.0,ENIGH (INEGI),Personas de 18 años o más,enigh
hogar,Es jefa o jefe del hogar,2020,Hombres,Con discapacidad,Tlaxcala,45-59,Mental,264.0,394.0,3.0,ENIGH (INEGI),Personas de 18 años o más,enigh
hogar,Es jefa o jefe del hogar,2020,Hombres,Con discapacidad,Tlaxcala,45-59,Oír,273.0,426.0,3.0,ENIGH (INEGI),Personas de 18 años o más,enigh
hogar,Es jefa o jefe del hogar,2020,Hombres,Con discapacidad,Tlaxcala,45-59,Recordar o concentrarse,459.0,738.0,5.0,ENIGH (INEGI),Personas de 18 años o más,enigh
hogar,Es jefa o jefe del hogar,2020,Hombres,Con discapacidad,Tlaxcala,45-59,Ver,1926.0,2087.0,13.0,ENIGH (INEGI),Personas de 18 años o más,enigh
hogar,Es jefa o jefe del hogar,2020,Hombres,Con discapacidad,Tlaxcala,60+,Bañarse o vestirse,1745.0,2498.0,17.0,ENIGH (INEGI),Personas de 18 años o más,enigh
hogar,Es jefa o jefe del hogar,2020,Hombres,Con discapacidad,Tlaxcala,60+,Brazos o manos,2669.0,3420.0,22.0,ENIGH (INEGI),Personas de 18 años o más,enigh
hogar,Es jefa o jefe del hogar,2020,Hombres,Con discapacidad,Tlaxcala,60+,Caminar,10144.0,12378.0,81.0,ENIGH (INEGI),Personas de 18 años o más,enigh
hogar,Es jefa o jefe del hogar,2020,Hombres,Con discapacidad,Tlaxcala,60+,Hablar o comunicarse,492.0,788.0,6.0,ENIGH (INEGI),Personas de 18 años o más,enigh
hogar,Es jefa o jefe del hogar,2020,Hombres,Con discapacidad,Tlaxcala,60+,Mental,1119.0,1844.0,12.0,ENIGH (INEGI),Personas de 18 años o más,enigh
hogar,Es jefa o jefe del hogar,2020,Hombres,Con discapacidad,Tlaxcala,60+,Oír,4512.0,6397.0,42.0,ENIGH (INEGI),Personas de 18 años o más,enigh
hogar,Es jefa o jefe del hogar,2020,Hombres,Con discapacidad,Tlaxcala,60+,Recordar o concentrarse,1678.0,2415.0,16.0,ENIGH (INEGI),Personas de 18 años o más,enigh
hogar,Es jefa o jefe del hogar,2020,Hombres,Con discapacidad,Tlaxcala,60+,Ver,3740.0,5513.0,35.0,ENIGH (INEGI),Personas de 18 años o más,enigh
hogar,Es jefa o jefe del hogar,2020,Hombres,Con discapacidad,Veracruz,18-29,Bañarse o vestirse,0.0,2873.0,4.0,ENIGH (INEGI),Personas de 18 años o más,enigh
hogar,Es jefa o jefe del hogar,2020,Hombres,Con discapacidad,Veracruz,18-29,Brazos o manos,0.0,1902.0,2.0,ENIGH (INEGI),Personas de 18 años o más,enigh
hogar,Es jefa o jefe del hogar,2020,Hombres,Con discapacidad,Veracruz,18-29,Caminar,2072.0,9880.0,11.0,ENIGH (INEGI),Personas de 18 años o más,enigh
hogar,Es jefa o jefe del hogar,2020,Hombres,Con discapacidad,Veracruz,18-29,Hablar o comunicarse,0.0,4667.0,5.0,ENIGH (INEGI),Personas de 18 años o más,enigh
hogar,Es jefa o jefe del hogar,2020,Hombres,Con discapacidad,Veracruz,18-29,Mental,0.0,6416.0,8.0,ENIGH (INEGI),Personas de 18 años o más,enigh
hogar,Es jefa o jefe del hogar,2020,Hombres,Con discapacidad,Veracruz,18-29,Oír,0.0,2202.0,2.0,ENIGH (INEGI),Personas de 18 años o más,enigh
hogar,Es jefa o jefe del hogar,2020,Hombres,Con discapacidad,Veracruz,18-29,Recordar o concentrarse,0.0,11668.0,12.0,ENIGH (INEGI),Personas de 18 años o más,enigh
hogar,Es jefa o jefe del hogar,2020,Hombres,Con discapacidad,Veracruz,18-29,Ver,0.0,8509.0,8.0,ENIGH (INEGI),Personas de 18 años o más,enigh
hogar,Es jefa o jefe del hogar,2020,Hombres,Con discapacidad,Veracruz,30-44,Bañarse o vestirse,0.0,554.0,1.0,ENIGH (INEGI),Personas de 18 años o más,enigh
hogar,Es jefa o jefe del hogar,2020,Hombres,Con discapacidad,Veracruz,30-44,Brazos o manos,679.0,1399.0,2.0,ENIGH (INEGI),Personas de 18 años o más,enigh
hogar,Es jefa o jefe del hogar,2020,Hombres,Con discapacidad,Veracruz,30-44,Caminar,6907.0,12143.0,15.0,ENIGH (INEGI),Personas de 18 años o más,enigh
hogar,Es jefa o jefe del hogar,2020,Hombres,Con discapacidad,Veracruz,30-44,Hablar o comunicarse,0.0,6703.0,7.0,ENIGH (INEGI),Personas de 18 años o más,enigh
hogar,Es jefa o jefe del hogar,2020,Hombres,Con discapacidad,Veracruz,30-44,Mental,707.0,7830.0,9.0,ENIGH (INEGI),Personas de 18 años o más,enigh
hogar,Es jefa o jefe del hogar,2020,Hombres,Con discapacidad,Veracruz,30-44,Oír,1789.0,4613.0,6.0,ENIGH (INEGI),Personas de 18 años o más,enigh
hogar,Es jefa o jefe del hogar,2020,Hombres,Con discapacidad,Veracruz,30-44,Recordar o concentrarse,1692.0,5976.0,8.0,ENIGH (INEGI),Personas de 18 años o más,enigh
hogar,Es jefa o jefe del hogar,2020,Hombres,Con discapacidad,Veracruz,30-44,Ver,6511.0,14120.0,15.0,ENIGH (INEGI),Personas de 18 años o más,enigh
hogar,Es jefa o jefe del hogar,2020,Hombres,Con discapacidad,Veracruz,45-59,Bañarse o vestirse,2713.0,3313.0,3.0,ENIGH (INEGI),Personas de 18 años o más,enigh
hogar,Es jefa o jefe del hogar,2020,Hombres,Con discapacidad,Veracruz,45-59,Brazos o manos,5750.0,7423.0,8.0,ENIGH (INEGI),Personas de 18 años o más,enigh
hogar,Es jefa o jefe del hogar,2020,Hombres,Con discapacidad,Veracruz,45-59,Caminar,23966.0,32034.0,39.0,ENIGH (INEGI),Personas de 18 años o más,enigh
hogar,Es jefa o jefe del hogar,2020,Hombres,Con discapacidad,Veracruz,45-59,Hablar o comunicarse,0.0,2224.0,2.0,ENIGH (INEGI),Personas de 18 años o más,enigh
hogar,Es jefa o jefe del hogar,2020,Hombres,Con discapacidad,Veracruz,45-59,Mental,1220.0,2379.0,3.0,ENIGH (INEGI),Personas de 18 años o más,enigh
hogar,Es jefa o jefe del hogar,2020,Hombres,Con discapacidad,Veracruz,45-59,Oír,4973.0,6201.0,7.0,ENIGH (INEGI),Personas de 18 años o más,enigh
hogar,Es jefa o jefe del hogar,2020,Hombres,Con discapacidad,Veracruz,45-59,Recordar o concentrarse,2280.0,5969.0,5.0,ENIGH (INEGI),Personas de 18 años o más,enigh
hogar,Es jefa o jefe del hogar,2020,Hombres,Con discapacidad,Veracruz,45-59,Ver,17706.0,24989.0,30.0,ENIGH (INEGI),Personas de 18 años o más,enigh
hogar,Es jefa o jefe del hogar,2020,Hombres,Con discapacidad,Veracruz,60+,Bañarse o vestirse,15078.0,23433.0,28.0,ENIGH (INEGI),Personas de 18 años o más,enigh
hogar,Es jefa o jefe del hogar,2020,Hombres,Con discapacidad,Veracruz,60+,Brazos o manos,21795.0,28234.0,34.0,ENIGH (INEGI),Personas de 18 años o más,enigh
hogar,Es jefa o jefe del hogar,2020,Hombres,Con discapacidad,Veracruz,60+,Caminar,65663.0,81430.0,98.0,ENIGH (INEGI),Personas de 18 años o más,enigh
hogar,Es jefa o jefe del hogar,2020,Hombres,Con discapacidad,Veracruz,60+,Hablar o comunicarse,3428.0,7957.0,11.0,ENIGH (INEGI),Personas de 18 años o más,enigh
hogar,Es jefa o jefe del hogar,2020,Hombres,Con discapacidad,Veracruz,60+,Mental,9748.0,13881.0,17.0,ENIGH (INEGI),Personas de 18 años o más,enigh
hogar,Es jefa o jefe del hogar,2020,Hombres,Con discapacidad,Veracruz,60+,Oír,42212.0,54523.0,68.0,ENIGH (INEGI),Personas de 18 años o más,enigh
hogar,Es jefa o jefe del hogar,2020,Hombres,Con discapacidad,Veracruz,60+,Recordar o concentrarse,17878.0,25446.0,32.0,ENIGH (INEGI),Personas de 18 años o más,enigh
hogar,Es jefa o jefe del hogar,2020,Hombres,Con discapacidad,Veracruz,60+,Ver,49863.0,60662.0,73.0,ENIGH (INEGI),Personas de 18 años o más,enigh
hogar,Es jefa o jefe del hogar,2020,Hombres,Con discapacidad,Yucatán,18-29,Bañarse o vestirse,91.0,1212.0,7.0,ENIGH (INEGI),Personas de 18 años o más,enigh
hogar,Es jefa o jefe del hogar,2020,Hombres,Con discapacidad,Yucatán,18-29,Brazos o manos,91.0,1698.0,8.0,ENIGH (INEGI),Personas de 18 años o más,enigh
hogar,Es jefa o jefe del hogar,2020,Hombres,Con discapacidad,Yucatán,18-29,Caminar,438.0,2270.0,10.0,ENIGH (INEGI),Personas de 18 años o más,enigh
hogar,Es jefa o jefe del hogar,2020,Hombres,Con discapacidad,Yucatán,18-29,Hablar o comunicarse,0.0,1350.0,8.0,ENIGH (INEGI),Personas de 18 años o más,enigh
hogar,Es jefa o jefe del hogar,2020,Hombres,Con discapacidad,Yucatán,18-29,Mental,0.0,2320.0,11.0,ENIGH (INEGI),Personas de 18 años o más,enigh
hogar,Es jefa o jefe del hogar,2020,Hombres,Con discapacidad,Yucatán,18-29,Oír,0.0,439.0,3.0,ENIGH (INEGI),Personas de 18 años o más,enigh
hogar,Es jefa o jefe del hogar,2020,Hombres,Con discapacidad,Yucatán,18-29,Recordar o concentrarse,0.0,2283.0,12.0,ENIGH (INEGI),Personas de 18 años o más,enigh
hogar,Es jefa o jefe del hogar,2020,Hombres,Con discapacidad,Yucatán,18-29,Ver,1028.0,2844.0,10.0,ENIGH (INEGI),Personas de 18 años o más,enigh
hogar,Es jefa o jefe del hogar,2020,Hombres,Con discapacidad,Yucatán,30-44,Bañarse o vestirse,0.0,1325.0,6.0,ENIGH (INEGI),Personas de 18 años o más,enigh
hogar,Es jefa o jefe del hogar,2020,Hombres,Con discapacidad,Yucatán,30-44,Brazos o manos,534.0,1885.0,8.0,ENIGH (INEGI),Personas de 18 años o más,enigh
hogar,Es jefa o jefe del hogar,2020,Hombres,Con discapacidad,Yucatán,30-44,Caminar,2001.0,3589.0,20.0,ENIGH (INEGI),Personas de 18 años o más,enigh
hogar,Es jefa o jefe del hogar,2020,Hombres,Con discapacidad,Yucatán,30-44,Hablar o comunicarse,83.0,979.0,8.0,ENIGH (INEGI),Personas de 18 años o más,enigh
hogar,Es jefa o jefe del hogar,2020,Hombres,Con discapacidad,Yucatán,30-44,Mental,76.0,1116.0,7.0,ENIGH (INEGI),Personas de 18 años o más,enigh
hogar,Es jefa o jefe del hogar,2020,Hombres,Con discapacidad,Yucatán,30-44,Oír,620.0,1033.0,9.0,ENIGH (INEGI),Personas de 18 años o más,enigh
hogar,Es jefa o jefe del hogar,2020,Hombres,Con discapacidad,Yucatán,30-44,Recordar o concentrarse,0.0,634.0,4.0,ENIGH (INEGI),Personas de 18 años o más,enigh
hogar,Es jefa o jefe del hogar,2020,Hombres,Con discapacidad,Yucatán,30-44,Ver,1990.0,3692.0,15.0,ENIGH (INEGI),Personas de 18 años o más,enigh
hogar,Es jefa o jefe del hogar,2020,Hombres,Con discapacidad,Yucatán,45-59,Bañarse o vestirse,250.0,545.0,4.0,ENIGH (INEGI),Personas de 18 años o más,enigh
hogar,Es jefa o jefe del hogar,2020,Hombres,Con discapacidad,Yucatán,45-59,Brazos o manos,1426.0,2341.0,10.0,ENIGH (INEGI),Personas de 18 años o más,enigh
hogar,Es jefa o jefe del hogar,2020,Hombres,Con discapacidad,Yucatán,45-59,Caminar,4961.0,6584.0,29.0,ENIGH (INEGI),Personas de 18 años o más,enigh
hogar,Es jefa o jefe del hogar,2020,Hombres,Con discapacidad,Yucatán,45-59,Hablar o comunicarse,99.0,980.0,4.0,ENIGH (INEGI),Personas de 18 años o más,enigh
hogar,Es jefa o jefe del hogar,2020,Hombres,Con discapacidad,Yucatán,45-59,Mental,0.0,70.0,1.0,ENIGH (INEGI),Personas de 18 años o más,enigh
hogar,Es jefa o jefe del hogar,2020,Hombres,Con discapacidad,Yucatán,45-59,Oír,1182.0,1659.0,6.0,ENIGH (INEGI),Personas de 18 años o más,enigh
hogar,Es jefa o jefe del hogar,2020,Hombres,Con discapacidad,Yucatán,45-59,Recordar o concentrarse,440.0,628.0,5.0,ENIGH (INEGI),Personas de 18 años o más,enigh
hogar,Es jefa o jefe del hogar,2020,Hombres,Con discapacidad,Yucatán,45-59,Ver,4532.0,6148.0,29.0,ENIGH (INEGI),Personas de 18 años o más,enigh
hogar,Es jefa o jefe del hogar,2020,Hombres,Con discapacidad,Yucatán,60+,Bañarse o vestirse,3939.0,5927.0,31.0,ENIGH (INEGI),Personas de 18 años o más,enigh
hogar,Es jefa o jefe del hogar,2020,Hombres,Con discapacidad,Yucatán,60+,Brazos o manos,6287.0,7931.0,37.0,ENIGH (INEGI),Personas de 18 años o más,enigh
hogar,Es jefa o jefe del hogar,2020,Hombres,Con discapacidad,Yucatán,60+,Caminar,21038.0,25120.0,124.0,ENIGH (INEGI),Personas de 18 años o más,enigh
hogar,Es jefa o jefe del hogar,2020,Hombres,Con discapacidad,Yucatán,60+,Hablar o comunicarse,1197.0,2099.0,10.0,ENIGH (INEGI),Personas de 18 años o más,enigh
hogar,Es jefa o jefe del hogar,2020,Hombres,Con discapacidad,Yucatán,60+,Mental,1603.0,2803.0,14.0,ENIGH (INEGI),Personas de 18 años o más,enigh
hogar,Es jefa o jefe del hogar,2020,Hombres,Con discapacidad,Yucatán,60+,Oír,7767.0,9932.0,55.0,ENIGH (INEGI),Personas de 18 años o más,enigh
hogar,Es jefa o jefe del hogar,2020,Hombres,Con discapacidad,Yucatán,60+,Recordar o concentrarse,3134.0,5190.0,21.0,ENIGH (INEGI),Personas de 18 años o más,enigh
hogar,Es jefa o jefe del hogar,2020,Hombres,Con discapacidad,Yucatán,60+,Ver,13442.0,15441.0,75.0,ENIGH (INEGI),Personas de 18 años o más,enigh
hogar,Es jefa o jefe del hogar,2020,Hombres,Con discapacidad,Zacatecas,18-29,Bañarse o vestirse,0.0,434.0,2.0,ENIGH (INEGI),Personas de 18 años o más,enigh
hogar,Es jefa o jefe del hogar,2020,Hombres,Con discapacidad,Zacatecas,18-29,Brazos o manos,368.0,580.0,3.0,ENIGH (INEGI),Personas de 18 años o más,enigh
hogar,Es jefa o jefe del hogar,2020,Hombres,Con discapacidad,Zacatecas,18-29,Caminar,0.0,1012.0,5.0,ENIGH (INEGI),Personas de 18 años o más,enigh
hogar,Es jefa o jefe del hogar,2020,Hombres,Con discapacidad,Zacatecas,18-29,Hablar o comunicarse,0.0,912.0,5.0,ENIGH (INEGI),Personas de 18 años o más,enigh
hogar,Es jefa o jefe del hogar,2020,Hombres,Con discapacidad,Zacatecas,18-29,Mental,0.0,631.0,3.0,ENIGH (INEGI),Personas de 18 años o más,enigh
hogar,Es jefa o jefe del hogar,2020,Hombres,Con discapacidad,Zacatecas,18-29,Oír,0.0,547.0,3.0,ENIGH (INEGI),Personas de 18 años o más,enigh
hogar,Es jefa o jefe del hogar,2020,Hombres,Con discapacidad,Zacatecas,18-29,Recordar o concentrarse,0.0,1132.0,6.0,ENIGH (INEGI),Personas de 18 años o más,enigh
hogar,Es jefa o jefe del hogar,2020,Hombres,Con discapacidad,Zacatecas,18-29,Ver,0.0,1310.0,7.0,ENIGH (INEGI),Personas de 18 años o más,enigh
hogar,Es jefa o jefe del hogar,2020,Hombres,Con discapacidad,Zacatecas,30-44,Bañarse o vestirse,168.0,484.0,3.0,ENIGH (INEGI),Personas de 18 años o más,enigh
hogar,Es jefa o jefe del hogar,2020,Hombres,Con discapacidad,Zacatecas,30-44,Brazos o manos,416.0,963.0,5.0,ENIGH (INEGI),Personas de 18 años o más,enigh
hogar,Es jefa o jefe del hogar,2020,Hombres,Con discapacidad,Zacatecas,30-44,Caminar,1847.0,2555.0,14.0,ENIGH (INEGI),Personas de 18 años o más,enigh
hogar,Es jefa o jefe del hogar,2020,Hombres,Con discapacidad,Zacatecas,30-44,Hablar o comunicarse,0.0,587.0,3.0,ENIGH (INEGI),Personas de 18 años o más,enigh
hogar,Es jefa o jefe del hogar,2020,Hombres,Con discapacidad,Zacatecas,30-44,Mental,204.0,1478.0,8.0,ENIGH (INEGI),Personas de 18 años o más,enigh
hogar,Es jefa o jefe del hogar,2020,Hombres,Con discapacidad,Zacatecas,30-44,Oír,1026.0,1344.0,8.0,ENIGH (INEGI),Personas de 18 años o más,enigh
hogar,Es jefa o jefe del hogar,2020,Hombres,Con discapacidad,Zacatecas,30-44,Recordar o concentrarse,204.0,1023.0,5.0,ENIGH (INEGI),Personas de 18 años o más,enigh
hogar,Es jefa o jefe del hogar,2020,Hombres,Con discapacidad,Zacatecas,30-44,Ver,1904.0,2133.0,11.0,ENIGH (INEGI),Personas de 18 años o más,enigh
hogar,Es jefa o jefe del hogar,2020,Hombres,Con discapacidad,Zacatecas,45-59,Bañarse o vestirse,416.0,774.0,4.0,ENIGH (INEGI),Personas de 18 años o más,enigh
hogar,Es jefa o jefe del hogar,2020,Hombres,Con discapacidad,Zacatecas,45-59,Brazos o manos,1743.0,2111.0,11.0,ENIGH (INEGI),Personas de 18 años o más,enigh
hogar,Es jefa o jefe del hogar,2020,Hombres,Con discapacidad,Zacatecas,45-59,Caminar,3665.0,4235.0,23.0,ENIGH (INEGI),Personas de 18 años o más,enigh
hogar,Es jefa o jefe del hogar,2020,Hombres,Con discapacidad,Zacatecas,45-59,Hablar o comunicarse,199.0,513.0,3.0,ENIGH (INEGI),Personas de 18 años o más,enigh
hogar,Es jefa o jefe del hogar,2020,Hombres,Con discapacidad,Zacatecas,45-59,Mental,199.0,1112.0,6.0,ENIGH (INEGI),Personas de 18 años o más,enigh
hogar,Es jefa o jefe del hogar,2020,Hombres,Con discapacidad,Zacatecas,45-59,Oír,1541.0,1927.0,10.0,ENIGH (INEGI),Personas de 18 años o más,enigh
hogar,Es jefa o jefe del hogar,2020,Hombres,Con discapacidad,Zacatecas,45-59,Recordar o concentrarse,600.0,1605.0,9.0,ENIGH (INEGI),Personas de 18 años o más,enigh
hogar,Es jefa o jefe del hogar,2020,Hombres,Con discapacidad,Zacatecas,45-59,Ver,2987.0,3635.0,20.0,ENIGH (INEGI),Personas de 18 años o más,enigh
hogar,Es jefa o jefe del hogar,2020,Hombres,Con discapacidad,Zacatecas,60+,Bañarse o vestirse,3971.0,4705.0,26.0,ENIGH (INEGI),Personas de 18 años o más,enigh
hogar,Es jefa o jefe del hogar,2020,Hombres,Con discapacidad,Zacatecas,60+,Brazos o manos,6471.0,7254.0,41.0,ENIGH (INEGI),Personas de 18 años o más,enigh
hogar,Es jefa o jefe del hogar,2020,Hombres,Con discapacidad,Zacatecas,60+,Caminar,19440.0,21654.0,121.0,ENIGH (INEGI),Personas de 18 años o más,enigh
hogar,Es jefa o jefe del hogar,2020,Hombres,Con discapacidad,Zacatecas,60+,Hablar o comunicarse,1255.0,2013.0,11.0,ENIGH (INEGI),Personas de 18 años o más,enigh
hogar,Es jefa o jefe del hogar,2020,Hombres,Con discapacidad,Zacatecas,60+,Mental,1419.0,1579.0,9.0,ENIGH (INEGI),Personas de 18 años o más,enigh
hogar,Es jefa o jefe del hogar,2020,Hombres,Con discapacidad,Zacatecas,60+,Oír,8788.0,10161.0,57.0,ENIGH (INEGI),Personas de 18 años o más,enigh
hogar,Es jefa o jefe del hogar,2020,Hombres,Con discapacidad,Zacatecas,60+,Recordar o concentrarse,4197.0,4957.0,28.0,ENIGH (INEGI),Personas de 18 años o más,enigh
hogar,Es jefa o jefe del hogar,2020,Hombres,Con discapacidad,Zacatecas,60+,Ver,9250.0,10966.0,62.0,ENIGH (INEGI),Personas de 18 años o más,enigh
hogar,Es jefa o jefe del hogar,2020,Mujeres,Con discapacidad,Aguascalientes,18-29,Bañarse o vestirse,0.0,629.0,5.0,ENIGH (INEGI),Personas de 18 años o más,enigh
hogar,Es jefa o jefe del hogar,2020,Mujeres,Con discapacidad,Aguascalientes,18-29,Brazos o manos,0.0,223.0,2.0,ENIGH (INEGI),Personas de 18 años o más,enigh
hogar,Es jefa o jefe del hogar,2020,Mujeres,Con discapacidad,Aguascalientes,18-29,Caminar,0.0,2030.0,12.0,ENIGH (INEGI),Personas de 18 años o más,enigh
hogar,Es jefa o jefe del hogar,2020,Mujeres,Con discapacidad,Aguascalientes,18-29,Hablar o comunicarse,0.0,892.0,6.0,ENIGH (INEGI),Personas de 18 años o más,enigh
hogar,Es jefa o jefe del hogar,2020,Mujeres,Con discapacidad,Aguascalientes,18-29,Mental,0.0,1013.0,8.0,ENIGH (INEGI),Personas de 18 años o más,enigh
hogar,Es jefa o jefe del hogar,2020,Mujeres,Con discapacidad,Aguascalientes,18-29,Oír,0.0,557.0,4.0,ENIGH (INEGI),Personas de 18 años o más,enigh
hogar,Es jefa o jefe del hogar,2020,Mujeres,Con discapacidad,Aguascalientes,18-29,Recordar o concentrarse,0.0,1315.0,10.0,ENIGH (INEGI),Personas de 18 años o más,enigh
hogar,Es jefa o jefe del hogar,2020,Mujeres,Con discapacidad,Aguascalientes,18-29,Ver,0.0,1271.0,8.0,ENIGH (INEGI),Personas de 18 años o más,enigh
hogar,Es jefa o jefe del hogar,2020,Mujeres,Con discapacidad,Aguascalientes,30-44,Bañarse o vestirse,60.0,723.0,4.0,ENIGH (INEGI),Personas de 18 años o más,enigh
hogar,Es jefa o jefe del hogar,2020,Mujeres,Con discapacidad,Aguascalientes,30-44,Brazos o manos,0.0,1218.0,8.0,ENIGH (INEGI),Personas de 18 años o más,enigh
hogar,Es jefa o jefe del hogar,2020,Mujeres,Con discapacidad,Aguascalientes,30-44,Caminar,85.0,2429.0,15.0,ENIGH (INEGI),Personas de 18 años o más,enigh
hogar,Es jefa o jefe del hogar,2020,Mujeres,Con discapacidad,Aguascalientes,30-44,Hablar o comunicarse,234.0,693.0,4.0,ENIGH (INEGI),Personas de 18 años o más,enigh
hogar,Es jefa o jefe del hogar,2020,Mujeres,Con discapacidad,Aguascalientes,30-44,Mental,0.0,628.0,3.0,ENIGH (INEGI),Personas de 18 años o más,enigh
hogar,Es jefa o jefe del hogar,2020,Mujeres,Con discapacidad,Aguascalientes,30-44,Oír,362.0,696.0,4.0,ENIGH (INEGI),Personas de 18 años o más,enigh
hogar,Es jefa o jefe del hogar,2020,Mujeres,Con discapacidad,Aguascalientes,30-44,Recordar o concentrarse,424.0,1373.0,11.0,ENIGH (INEGI),Personas de 18 años o más,enigh
hogar,Es jefa o jefe del hogar,2020,Mujeres,Con discapacidad,Aguascalientes,30-44,Ver,1410.0,2659.0,15.0,ENIGH (INEGI),Personas de 18 años o más,enigh
hogar,Es jefa o jefe del hogar,2020,Mujeres,Con discapacidad,Aguascalientes,45-59,Bañarse o vestirse,148.0,1017.0,6.0,ENIGH (INEGI),Personas de 18 años o más,enigh
hogar,Es jefa o jefe del hogar,2020,Mujeres,Con discapacidad,Aguascalientes,45-59,Brazos o manos,1150.0,2372.0,15.0,ENIGH (INEGI),Personas de 18 años o más,enigh
hogar,Es jefa o jefe del hogar,2020,Mujeres,Con discapacidad,Aguascalientes,45-59,Caminar,2542.0,5509.0,39.0,ENIGH (INEGI),Personas de 18 años o más,enigh
hogar,Es jefa o jefe del hogar,2020,Mujeres,Con discapacidad,Aguascalientes,45-59,Hablar o comunicarse,189.0,385.0,2.0,ENIGH (INEGI),Personas de 18 años o más,enigh
hogar,Es jefa o jefe del hogar,2020,Mujeres,Con discapacidad,Aguascalientes,45-59,Mental,377.0,1021.0,7.0,ENIGH (INEGI),Personas de 18 años o más,enigh
hogar,Es jefa o jefe del hogar,2020,Mujeres,Con discapacidad,Aguascalientes,45-59,Oír,399.0,1120.0,6.0,ENIGH (INEGI),Personas de 18 años o más,enigh
hogar,Es jefa o jefe del hogar,2020,Mujeres,Con discapacidad,Aguascalientes,45-59,Recordar o concentrarse,873.0,1706.0,11.0,ENIGH (INEGI),Personas de 18 años o más,enigh
hogar,Es jefa o jefe del hogar,2020,Mujeres,Con discapacidad,Aguascalientes,45-59,Ver,2498.0,5382.0,31.0,ENIGH (INEGI),Personas de 18 años o más,enigh
hogar,Es jefa o jefe del hogar,2020,Mujeres,Con discapacidad,Aguascalientes,60+,Bañarse o vestirse,2899.0,5739.0,38.0,ENIGH (INEGI),Personas de 18 años o más,enigh
hogar,Es jefa o jefe del hogar,2020,Mujeres,Con discapacidad,Aguascalientes,60+,Brazos o manos,2710.0,6649.0,50.0,ENIGH (INEGI),Personas de 18 años o más,enigh
hogar,Es jefa o jefe del hogar,2020,Mujeres,Con discapacidad,Aguascalientes,60+,Caminar,10320.0,19769.0,141.0,ENIGH (INEGI),Personas de 18 años o más,enigh
hogar,Es jefa o jefe del hogar,2020,Mujeres,Con discapacidad,Aguascalientes,60+,Hablar o comunicarse,165.0,1730.0,12.0,ENIGH (INEGI),Personas de 18 años o más,enigh
hogar,Es jefa o jefe del hogar,2020,Mujeres,Con discapacidad,Aguascalientes,60+,Mental,1112.0,2632.0,18.0,ENIGH (INEGI),Personas de 18 años o más,enigh
hogar,Es jefa o jefe del hogar,2020,Mujeres,Con discapacidad,Aguascalientes,60+,Oír,2272.0,5103.0,38.0,ENIGH (INEGI),Personas de 18 años o más,enigh
hogar,Es jefa o jefe del hogar,2020,Mujeres,Con discapacidad,Aguascalientes,60+,Recordar o concentrarse,1702.0,5199.0,36.0,ENIGH (INEGI),Personas de 18 años o más,enigh
hogar,Es jefa o jefe del hogar,2020,Mujeres,Con discapacidad,Aguascalientes,60+,Ver,4741.0,9043.0,67.0,ENIGH (INEGI),Personas de 18 años o más,enigh
hogar,Es jefa o jefe del hogar,2020,Mujeres,Con discapacidad,Baja California,18-29,Bañarse o vestirse,0.0,611.0,2.0,ENIGH (INEGI),Personas de 18 años o más,enigh
hogar,Es jefa o jefe del hogar,2020,Mujeres,Con discapacidad,Baja California,18-29,Brazos o manos,0.0,1755.0,3.0,ENIGH (INEGI),Personas de 18 años o más,enigh
hogar,Es jefa o jefe del hogar,2020,Mujeres,Con discapacidad,Baja California,18-29,Caminar,0.0,1351.0,8.0,ENIGH (INEGI),Personas de 18 años o más,enigh
hogar,Es jefa o jefe del hogar,2020,Mujeres,Con discapacidad,Baja California,18-29,Hablar o comunicarse,0.0,1232.0,7.0,ENIGH (INEGI),Personas de 18 años o más,enigh
hogar,Es jefa o jefe del hogar,2020,Mujeres,Con discapacidad,Baja California,18-29,Mental,0.0,1560.0,4.0,ENIGH (INEGI),Personas de 18 años o más,enigh
hogar,Es jefa o jefe del hogar,2020,Mujeres,Con discapacidad,Baja California,18-29,Oír,0.0,928.0,2.0,ENIGH (INEGI),Personas de 18 años o más,enigh
hogar,Es jefa o jefe del hogar,2020,Mujeres,Con discapacidad,Baja California,18-29,Recordar o concentrarse,0.0,1257.0,4.0,ENIGH (INEGI),Personas de 18 años o más,enigh
hogar,Es jefa o jefe del hogar,2020,Mujeres,Con discapacidad,Baja California,18-29,Ver,0.0,4995.0,10.0,ENIGH (INEGI),Personas de 18 años o más,enigh
hogar,Es jefa o jefe del hogar,2020,Mujeres,Con discapacidad,Baja California,30-44,Bañarse o vestirse,0.0,543.0,2.0,ENIGH (INEGI),Personas de 18 años o más,enigh
hogar,Es jefa o jefe del hogar,2020,Mujeres,Con discapacidad,Baja California,30-44,Brazos o manos,542.0,618.0,3.0,ENIGH (INEGI),Personas de 18 años o más,enigh
hogar,Es jefa o jefe del hogar,2020,Mujeres,Con discapacidad,Baja California,30-44,Caminar,3198.0,6063.0,15.0,ENIGH (INEGI),Personas de 18 años o más,enigh
hogar,Es jefa o jefe del hogar,2020,Mujeres,Con discapacidad,Baja California,30-44,Hablar o comunicarse,0.0,61.0,2.0,ENIGH (INEGI),Personas de 18 años o más,enigh
hogar,Es jefa o jefe del hogar,2020,Mujeres,Con discapacidad,Baja California,30-44,Mental,0.0,1161.0,3.0,ENIGH (INEGI),Personas de 18 años o más,enigh
hogar,Es jefa o jefe del hogar,2020,Mujeres,Con discapacidad,Baja California,30-44,Oír,615.0,693.0,3.0,ENIGH (INEGI),Personas de 18 años o más,enigh
hogar,Es jefa o jefe del hogar,2020,Mujeres,Con discapacidad,Baja California,30-44,Recordar o concentrarse,1363.0,1393.0,4.0,ENIGH (INEGI),Personas de 18 años o más,enigh
hogar,Es jefa o jefe del hogar,2020,Mujeres,Con discapacidad,Baja California,30-44,Ver,795.0,2908.0,11.0,ENIGH (INEGI),Personas de 18 años o más,enigh
hogar,Es jefa o jefe del hogar,2020,Mujeres,Con discapacidad,Baja California,45-59,Bañarse o vestirse,1475.0,3321.0,9.0,ENIGH (INEGI),Personas de 18 años o más,enigh
hogar,Es jefa o jefe del hogar,2020,Mujeres,Con discapacidad,Baja California,45-59,Brazos o manos,989.0,6177.0,20.0,ENIGH (INEGI),Personas de 18 años o más,enigh
hogar,Es jefa o jefe del hogar,2020,Mujeres,Con discapacidad,Baja California,45-59,Caminar,5134.0,17309.0,53.0,ENIGH (INEGI),Personas de 18 años o más,enigh
hogar,Es jefa o jefe del hogar,2020,Mujeres,Con discapacidad,Baja California,45-59,Hablar o comunicarse,981.0,2280.0,5.0,ENIGH (INEGI),Personas de 18 años o más,enigh
hogar,Es jefa o jefe del hogar,2020,Mujeres,Con discapacidad,Baja California,45-59,Mental,435.0,3032.0,9.0,ENIGH (INEGI),Personas de 18 años o más,enigh
hogar,Es jefa o jefe del hogar,2020,Mujeres,Con discapacidad,Baja California,45-59,Oír,1514.0,3347.0,10.0,ENIGH (INEGI),Personas de 18 años o más,enigh
hogar,Es jefa o jefe del hogar,2020,Mujeres,Con discapacidad,Baja California,45-59,Recordar o concentrarse,961.0,3332.0,13.0,ENIGH (INEGI),Personas de 18 años o más,enigh
hogar,Es jefa o jefe del hogar,2020,Mujeres,Con discapacidad,Baja California,45-59,Ver,4620.0,11166.0,38.0,ENIGH (INEGI),Personas de 18 años o más,enigh
hogar,Es jefa o jefe del hogar,2020,Mujeres,Con discapacidad,Baja California,60+,Bañarse o vestirse,4533.0,10727.0,42.0,ENIGH (INEGI),Personas de 18 años o más,enigh
hogar,Es jefa o jefe del hogar,2020,Mujeres,Con discapacidad,Baja California,60+,Brazos o manos,8828.0,16225.0,58.0,ENIGH (INEGI),Personas de 18 años o más,enigh
hogar,Es jefa o jefe del hogar,2020,Mujeres,Con discapacidad,Baja California,60+,Caminar,21880.0,47153.0,156.0,ENIGH (INEGI),Personas de 18 años o más,enigh
hogar,Es jefa o jefe del hogar,2020,Mujeres,Con discapacidad,Baja California,60+,Hablar o comunicarse,989.0,3049.0,11.0,ENIGH (INEGI),Personas de 18 años o más,enigh
hogar,Es jefa o jefe del hogar,2020,Mujeres,Con discapacidad,Baja California,60+,Mental,2496.0,6472.0,19.0,ENIGH (INEGI),Personas de 18 años o más,enigh
hogar,Es jefa o jefe del hogar,2020,Mujeres,Con discapacidad,Baja California,60+,Oír,6137.0,11586.0,36.0,ENIGH (INEGI),Personas de 18 años o más,enigh
hogar,Es jefa o jefe del hogar,2020,Mujeres,Con discapacidad,Baja California,60+,Recordar o concentrarse,7951.0,14500.0,44.0,ENIGH (INEGI),Personas de 18 años o más,enigh
hogar,Es jefa o jefe del hogar,2020,Mujeres,Con discapacidad,Baja California,60+,Ver,10388.0,19461.0,80.0,ENIGH (INEGI),Personas de 18 años o más,enigh
hogar,Es jefa o jefe del hogar,2020,Mujeres,Con discapacidad,Baja California Sur,18-29,Bañarse o vestirse,0.0,226.0,4.0,ENIGH (INEGI),Personas de 18 años o más,enigh
hogar,Es jefa o jefe del hogar,2020,Mujeres,Con discapacidad,Baja California Sur,18-29,Brazos o manos,0.0,232.0,3.0,ENIGH (INEGI),Personas de 18 años o más,enigh
hogar,Es jefa o jefe del hogar,2020,Mujeres,Con discapacidad,Baja California Sur,18-29,Caminar,0.0,631.0,8.0,ENIGH (INEGI),Personas de 18 años o más,enigh
hogar,Es jefa o jefe del hogar,2020,Mujeres,Con discapacidad,Baja California Sur,18-29,Hablar o comunicarse,0.0,318.0,4.0,ENIGH (INEGI),Personas de 18 años o más,enigh
hogar,Es jefa o jefe del hogar,2020,Mujeres,Con discapacidad,Baja California Sur,18-29,Mental,0.0,268.0,5.0,ENIGH (INEGI),Personas de 18 años o más,enigh
hogar,Es jefa o jefe del hogar,2020,Mujeres,Con discapacidad,Baja California Sur,18-29,Oír,0.0,60.0,2.0,ENIGH (INEGI),Personas de 18 años o más,enigh
hogar,Es jefa o jefe del hogar,2020,Mujeres,Con discapacidad,Baja California Sur,18-29,Recordar o concentrarse,25.0,573.0,7.0,ENIGH (INEGI),Personas de 18 años o más,enigh
hogar,Es jefa o jefe del hogar,2020,Mujeres,Con discapacidad,Baja California Sur,18-29,Ver,0.0,1129.0,12.0,ENIGH (INEGI),Personas de 18 años o más,enigh
hogar,Es jefa o jefe del hogar,2020,Mujeres,Con discapacidad,Baja California Sur,30-44,Bañarse o vestirse,0.0,165.0,2.0,ENIGH (INEGI),Personas de 18 años o más,enigh
hogar,Es jefa o jefe del hogar,2020,Mujeres,Con discapacidad,Baja California Sur,30-44,Brazos o manos,147.0,462.0,5.0,ENIGH (INEGI),Personas de 18 años o más,enigh
hogar,Es jefa o jefe del hogar,2020,Mujeres,Con discapacidad,Baja California Sur,30-44,Caminar,833.0,1537.0,15.0,ENIGH (INEGI),Personas de 18 años o más,enigh
hogar,Es jefa o jefe del hogar,2020,Mujeres,Con discapacidad,Baja California Sur,30-44,Hablar o comunicarse,0.0,282.0,3.0,ENIGH (INEGI),Personas de 18 años o más,enigh
hogar,Es jefa o jefe del hogar,2020,Mujeres,Con discapacidad,Baja California Sur,30-44,Mental,34.0,576.0,6.0,ENIGH (INEGI),Personas de 18 años o más,enigh
hogar,Es jefa o jefe del hogar,2020,Mujeres,Con discapacidad,Baja California Sur,30-44,Oír,0.0,193.0,3.0,ENIGH (INEGI),Personas de 18 años o más,enigh
hogar,Es jefa o jefe del hogar,2020,Mujeres,Con discapacidad,Baja California Sur,30-44,Recordar o concentrarse,258.0,667.0,8.0,ENIGH (INEGI),Personas de 18 años o más,enigh
hogar,Es jefa o jefe del hogar,2020,Mujeres,Con discapacidad,Baja California Sur,30-44,Ver,349.0,926.0,9.0,ENIGH (INEGI),Personas de 18 años o más,enigh
hogar,Es jefa o jefe del hogar,2020,Mujeres,Con discapacidad,Baja California Sur,45-59,Bañarse o vestirse,120.0,1114.0,11.0,ENIGH (INEGI),Personas de 18 años o más,enigh
hogar,Es jefa o jefe del hogar,2020,Mujeres,Con discapacidad,Baja California Sur,45-59,Brazos o manos,253.0,1565.0,19.0,ENIGH (INEGI),Personas de 18 años o más,enigh
hogar,Es jefa o jefe del hogar,2020,Mujeres,Con discapacidad,Baja California Sur,45-59,Caminar,1741.0,3205.0,33.0,ENIGH (INEGI),Personas de 18 años o más,enigh
hogar,Es jefa o jefe del hogar,2020,Mujeres,Con discapacidad,Baja California Sur,45-59,Hablar o comunicarse,0.0,485.0,5.0,ENIGH (INEGI),Personas de 18 años o más,enigh
hogar,Es jefa o jefe del hogar,2020,Mujeres,Con discapacidad,Baja California Sur,45-59,Mental,0.0,304.0,3.0,ENIGH (INEGI),Personas de 18 años o más,enigh
hogar,Es jefa o jefe del hogar,2020,Mujeres,Con discapacidad,Baja California Sur,45-59,Oír,138.0,607.0,7.0,ENIGH (INEGI),Personas de 18 años o más,enigh
hogar,Es jefa o jefe del hogar,2020,Mujeres,Con discapacidad,Baja California Sur,45-59,Recordar o concentrarse,109.0,718.0,7.0,ENIGH (INEGI),Personas de 18 años o más,enigh
hogar,Es jefa o jefe del hogar,2020,Mujeres,Con discapacidad,Baja California Sur,45-59,Ver,551.0,1748.0,19.0,ENIGH (INEGI),Personas de 18 años o más,enigh
hogar,Es jefa o jefe del hogar,2020,Mujeres,Con discapacidad,Baja California Sur,60+,Bañarse o vestirse,771.0,2567.0,26.0,ENIGH (INEGI),Personas de 18 años o más,enigh
hogar,Es jefa o jefe del hogar,2020,Mujeres,Con discapacidad,Baja California Sur,60+,Brazos o manos,1017.0,2840.0,29.0,ENIGH (INEGI),Personas de 18 años o más,enigh
hogar,Es jefa o jefe del hogar,2020,Mujeres,Con discapacidad,Baja California Sur,60+,Caminar,2932.0,7482.0,84.0,ENIGH (INEGI),Personas de 18 años o más,enigh
hogar,Es jefa o jefe del hogar,2020,Mujeres,Con discapacidad,Baja California Sur,60+,Hablar o comunicarse,0.0,804.0,8.0,ENIGH (INEGI),Personas de 18 años o más,enigh
hogar,Es jefa o jefe del hogar,2020,Mujeres,Con discapacidad,Baja California Sur,60+,Mental,454.0,1670.0,16.0,ENIGH (INEGI),Personas de 18 años o más,enigh
hogar,Es jefa o jefe del hogar,2020,Mujeres,Con discapacidad,Baja California Sur,60+,Oír,604.0,1562.0,18.0,ENIGH (INEGI),Personas de 18 años o más,enigh
hogar,Es jefa o jefe del hogar,2020,Mujeres,Con discapacidad,Baja California Sur,60+,Recordar o concentrarse,611.0,2027.0,22.0,ENIGH (INEGI),Personas de 18 años o más,enigh
hogar,Es jefa o jefe del hogar,2020,Mujeres,Con discapacidad,Baja California Sur,60+,Ver,1835.0,4305.0,50.0,ENIGH (INEGI),Personas de 18 años o más,enigh
hogar,Es jefa o jefe del hogar,2020,Mujeres,Con discapacidad,Campeche,18-29,Bañarse o vestirse,0.0,449.0,4.0,ENIGH (INEGI),Personas de 18 años o más,enigh
hogar,Es jefa o jefe del hogar,2020,Mujeres,Con discapacidad,Campeche,18-29,Brazos o manos,0.0,467.0,4.0,ENIGH (INEGI),Personas de 18 años o más,enigh
hogar,Es jefa o jefe del hogar,2020,Mujeres,Con discapacidad,Campeche,18-29,Caminar,0.0,1068.0,9.0,ENIGH (INEGI),Personas de 18 años o más,enigh
hogar,Es jefa o jefe del hogar,2020,Mujeres,Con discapacidad,Campeche,18-29,Hablar o comunicarse,0.0,561.0,5.0,ENIGH (INEGI),Personas de 18 años o más,enigh
hogar,Es jefa o jefe del hogar,2020,Mujeres,Con discapacidad,Campeche,18-29,Mental,0.0,460.0,4.0,ENIGH (INEGI),Personas de 18 años o más,enigh
hogar,Es jefa o jefe del hogar,2020,Mujeres,Con discapacidad,Campeche,18-29,Oír,0.0,112.0,1.0,ENIGH (INEGI),Personas de 18 años o más,enigh
hogar,Es jefa o jefe del hogar,2020,Mujeres,Con discapacidad,Campeche,18-29,Recordar o concentrarse,0.0,680.0,6.0,ENIGH (INEGI),Personas de 18 años o más,enigh
hogar,Es jefa o jefe del hogar,2020,Mujeres,Con discapacidad,Campeche,18-29,Ver,162.0,1211.0,9.0,ENIGH (INEGI),Personas de 18 años o más,enigh
hogar,Es jefa o jefe del hogar,2020,Mujeres,Con discapacidad,Campeche,30-44,Bañarse o vestirse,0.0,248.0,2.0,ENIGH (INEGI),Personas de 18 años o más,enigh
hogar,Es jefa o jefe del hogar,2020,Mujeres,Con discapacidad,Campeche,30-44,Brazos o manos,0.0,92.0,1.0,ENIGH (INEGI),Personas de 18 años o más,enigh
hogar,Es jefa o jefe del hogar,2020,Mujeres,Con discapacidad,Campeche,30-44,Caminar,239.0,1250.0,10.0,ENIGH (INEGI),Personas de 18 años o más,enigh
hogar,Es jefa o jefe del hogar,2020,Mujeres,Con discapacidad,Campeche,30-44,Hablar o comunicarse,116.0,594.0,5.0,ENIGH (INEGI),Personas de 18 años o más,enigh
hogar,Es jefa o jefe del hogar,2020,Mujeres,Con discapacidad,Campeche,30-44,Mental,0.0,594.0,5.0,ENIGH (INEGI),Personas de 18 años o más,enigh
hogar,Es jefa o jefe del hogar,2020,Mujeres,Con discapacidad,Campeche,30-44,Oír,116.0,116.0,1.0,ENIGH (INEGI),Personas de 18 años o más,enigh
hogar,Es jefa o jefe del hogar,2020,Mujeres,Con discapacidad,Campeche,30-44,Recordar o concentrarse,232.0,822.0,7.0,ENIGH (INEGI),Personas de 18 años o más,enigh
hogar,Es jefa o jefe del hogar,2020,Mujeres,Con discapacidad,Campeche,30-44,Ver,443.0,2047.0,16.0,ENIGH (INEGI),Personas de 18 años o más,enigh
hogar,Es jefa o jefe del hogar,2020,Mujeres,Con discapacidad,Campeche,45-59,Bañarse o vestirse,407.0,874.0,7.0,ENIGH (INEGI),Personas de 18 años o más,enigh
hogar,Es jefa o jefe del hogar,2020,Mujeres,Con discapacidad,Campeche,45-59,Brazos o manos,848.0,1909.0,16.0,ENIGH (INEGI),Personas de 18 años o más,enigh
hogar,Es jefa o jefe del hogar,2020,Mujeres,Con discapacidad,Campeche,45-59,Caminar,1644.0,4615.0,38.0,ENIGH (INEGI),Personas de 18 años o más,enigh
hogar,Es jefa o jefe del hogar,2020,Mujeres,Con discapacidad,Campeche,45-59,Hablar o comunicarse,297.0,1175.0,9.0,ENIGH (INEGI),Personas de 18 años o más,enigh
hogar,Es jefa o jefe del hogar,2020,Mujeres,Con discapacidad,Campeche,45-59,Mental,549.0,1129.0,10.0,ENIGH (INEGI),Personas de 18 años o más,enigh
hogar,Es jefa o jefe del hogar,2020,Mujeres,Con discapacidad,Campeche,45-59,Oír,353.0,814.0,7.0,ENIGH (INEGI),Personas de 18 años o más,enigh
hogar,Es jefa o jefe del hogar,2020,Mujeres,Con discapacidad,Campeche,45-59,Recordar o concentrarse,890.0,1357.0,10.0,ENIGH (INEGI),Personas de 18 años o más,enigh
hogar,Es jefa o jefe del hogar,2020,Mujeres,Con discapacidad,Campeche,45-59,Ver,2055.0,4388.0,38.0,ENIGH (INEGI),Personas de 18 años o más,enigh
hogar,Es jefa o jefe del hogar,2020,Mujeres,Con discapacidad,Campeche,60+,Bañarse o vestirse,1794.0,3492.0,31.0,ENIGH (INEGI),Personas de 18 años o más,enigh
hogar,Es jefa o jefe del hogar,2020,Mujeres,Con discapacidad,Campeche,60+,Brazos o manos,1669.0,4752.0,40.0,ENIGH (INEGI),Personas de 18 años o más,enigh
hogar,Es jefa o jefe del hogar,2020,Mujeres,Con discapacidad,Campeche,60+,Caminar,5497.0,11854.0,104.0,ENIGH (INEGI),Personas de 18 años o más,enigh
hogar,Es jefa o jefe del hogar,2020,Mujeres,Con discapacidad,Campeche,60+,Hablar o comunicarse,0.0,789.0,7.0,ENIGH (INEGI),Personas de 18 años o más,enigh
hogar,Es jefa o jefe del hogar,2020,Mujeres,Con discapacidad,Campeche,60+,Mental,788.0,2029.0,18.0,ENIGH (INEGI),Personas de 18 años o más,enigh
hogar,Es jefa o jefe del hogar,2020,Mujeres,Con discapacidad,Campeche,60+,Oír,651.0,3176.0,27.0,ENIGH (INEGI),Personas de 18 años o más,enigh
hogar,Es jefa o jefe del hogar,2020,Mujeres,Con discapacidad,Campeche,60+,Recordar o concentrarse,1631.0,3914.0,34.0,ENIGH (INEGI),Personas de 18 años o más,enigh
hogar,Es jefa o jefe del hogar,2020,Mujeres,Con discapacidad,Campeche,60+,Ver,4110.0,7903.0,70.0,ENIGH (INEGI),Personas de 18 años o más,enigh
hogar,Es jefa o jefe del hogar,2020,Mujeres,Con discapacidad,Chiapas,18-29,Bañarse o vestirse,0.0,2909.0,4.0,ENIGH (INEGI),Personas de 18 años o más,enigh
hogar,Es jefa o jefe del hogar,2020,Mujeres,Con discapacidad,Chiapas,18-29,Brazos o manos,0.0,2633.0,4.0,ENIGH (INEGI),Personas de 18 años o más,enigh
hogar,Es jefa o jefe del hogar,2020,Mujeres,Con discapacidad,Chiapas,18-29,Caminar,703.0,5055.0,7.0,ENIGH (INEGI),Personas de 18 años o más,enigh
hogar,Es jefa o jefe del hogar,2020,Mujeres,Con discapacidad,Chiapas,18-29,Hablar o comunicarse,0.0,4771.0,7.0,ENIGH (INEGI),Personas de 18 años o más,enigh
hogar,Es jefa o jefe del hogar,2020,Mujeres,Con discapacidad,Chiapas,18-29,Mental,0.0,4841.0,7.0,ENIGH (INEGI),Personas de 18 años o más,enigh
hogar,Es jefa o jefe del hogar,2020,Mujeres,Con discapacidad,Chiapas,18-29,Oír,0.0,578.0,1.0,ENIGH (INEGI),Personas de 18 años o más,enigh
hogar,Es jefa o jefe del hogar,2020,Mujeres,Con discapacidad,Chiapas,18-29,Recordar o concentrarse,0.0,3982.0,6.0,ENIGH (INEGI),Personas de 18 años o más,enigh
hogar,Es jefa o jefe del hogar,2020,Mujeres,Con discapacidad,Chiapas,18-29,Ver,0.0,1991.0,3.0,ENIGH (INEGI),Personas de 18 años o más,enigh
hogar,Es jefa o jefe del hogar,2020,Mujeres,Con discapacidad,Chiapas,30-44,Bañarse o vestirse,735.0,2958.0,5.0,ENIGH (INEGI),Personas de 18 años o más,enigh
hogar,Es jefa o jefe del hogar,2020,Mujeres,Con discapacidad,Chiapas,30-44,Brazos o manos,0.0,1781.0,3.0,ENIGH (INEGI),Personas de 18 años o más,enigh
hogar,Es jefa o jefe del hogar,2020,Mujeres,Con discapacidad,Chiapas,30-44,Caminar,773.0,7438.0,11.0,ENIGH (INEGI),Personas de 18 años o más,enigh
hogar,Es jefa o jefe del hogar,2020,Mujeres,Con discapacidad,Chiapas,30-44,Hablar o comunicarse,616.0,5494.0,8.0,ENIGH (INEGI),Personas de 18 años o más,enigh
hogar,Es jefa o jefe del hogar,2020,Mujeres,Con discapacidad,Chiapas,30-44,Mental,0.0,4193.0,6.0,ENIGH (INEGI),Personas de 18 años o más,enigh
hogar,Es jefa o jefe del hogar,2020,Mujeres,Con discapacidad,Chiapas,30-44,Oír,616.0,4524.0,7.0,ENIGH (INEGI),Personas de 18 años o más,enigh
hogar,Es jefa o jefe del hogar,2020,Mujeres,Con discapacidad,Chiapas,30-44,Recordar o concentrarse,0.0,4207.0,6.0,ENIGH (INEGI),Personas de 18 años o más,enigh
hogar,Es jefa o jefe del hogar,2020,Mujeres,Con discapacidad,Chiapas,30-44,Ver,0.0,6490.0,9.0,ENIGH (INEGI),Personas de 18 años o más,enigh
hogar,Es jefa o jefe del hogar,2020,Mujeres,Con discapacidad,Chiapas,45-59,Bañarse o vestirse,569.0,3343.0,5.0,ENIGH (INEGI),Personas de 18 años o más,enigh
hogar,Es jefa o jefe del hogar,2020,Mujeres,Con discapacidad,Chiapas,45-59,Brazos o manos,1111.0,6798.0,10.0,ENIGH (INEGI),Personas de 18 años o más,enigh
hogar,Es jefa o jefe del hogar,2020,Mujeres,Con discapacidad,Chiapas,45-59,Caminar,5503.0,14773.0,24.0,ENIGH (INEGI),Personas de 18 años o más,enigh
hogar,Es jefa o jefe del hogar,2020,Mujeres,Con discapacidad,Chiapas,45-59,Hablar o comunicarse,0.0,775.0,1.0,ENIGH (INEGI),Personas de 18 años o más,enigh
hogar,Es jefa o jefe del hogar,2020,Mujeres,Con discapacidad,Chiapas,45-59,Mental,0.0,1392.0,2.0,ENIGH (INEGI),Personas de 18 años o más,enigh
hogar,Es jefa o jefe del hogar,2020,Mujeres,Con discapacidad,Chiapas,45-59,Oír,641.0,1240.0,2.0,ENIGH (INEGI),Personas de 18 años o más,enigh
hogar,Es jefa o jefe del hogar,2020,Mujeres,Con discapacidad,Chiapas,45-59,Recordar o concentrarse,0.0,2692.0,4.0,ENIGH (INEGI),Personas de 18 años o más,enigh
hogar,Es jefa o jefe del hogar,2020,Mujeres,Con discapacidad,Chiapas,45-59,Ver,5844.0,13674.0,21.0,ENIGH (INEGI),Personas de 18 años o más,enigh
hogar,Es jefa o jefe del hogar,2020,Mujeres,Con discapacidad,Chiapas,60+,Bañarse o vestirse,6540.0,15254.0,22.0,ENIGH (INEGI),Personas de 18 años o más,enigh
hogar,Es jefa o jefe del hogar,2020,Mujeres,Con discapacidad,Chiapas,60+,Brazos o manos,6459.0,15656.0,22.0,ENIGH (INEGI),Personas de 18 años o más,enigh
hogar,Es jefa o jefe del hogar,2020,Mujeres,Con discapacidad,Chiapas,60+,Caminar,24153.0,62111.0,95.0,ENIGH (INEGI),Personas de 18 años o más,enigh
hogar,Es jefa o jefe del hogar,2020,Mujeres,Con discapacidad,Chiapas,60+,Hablar o comunicarse,1961.0,3743.0,6.0,ENIGH (INEGI),Personas de 18 años o más,enigh
hogar,Es jefa o jefe del hogar,2020,Mujeres,Con discapacidad,Chiapas,60+,Mental,4485.0,7097.0,11.0,ENIGH (INEGI),Personas de 18 años o más,enigh
hogar,Es jefa o jefe del hogar,2020,Mujeres,Con discapacidad,Chiapas,60+,Oír,10986.0,20261.0,30.0,ENIGH (INEGI),Personas de 18 años o más,enigh
hogar,Es jefa o jefe del hogar,2020,Mujeres,Con discapacidad,Chiapas,60+,Recordar o concentrarse,5974.0,12463.0,18.0,ENIGH (INEGI),Personas de 18 años o más,enigh
hogar,Es jefa o jefe del hogar,2020,Mujeres,Con discapacidad,Chiapas,60+,Ver,16657.0,38836.0,60.0,ENIGH (INEGI),Personas de 18 años o más,enigh
hogar,Es jefa o jefe del hogar,2020,Mujeres,Con discapacidad,Chihuahua,18-29,Bañarse o vestirse,0.0,225.0,2.0,ENIGH (INEGI),Personas de 18 años o más,enigh
hogar,Es jefa o jefe del hogar,2020,Mujeres,Con discapacidad,Chihuahua,18-29,Brazos o manos,0.0,120.0,1.0,ENIGH (INEGI),Personas de 18 años o más,enigh
hogar,Es jefa o jefe del hogar,2020,Mujeres,Con discapacidad,Chihuahua,18-29,Caminar,0.0,2307.0,10.0,ENIGH (INEGI),Personas de 18 años o más,enigh
hogar,Es jefa o jefe del hogar,2020,Mujeres,Con discapacidad,Chihuahua,18-29,Hablar o comunicarse,0.0,1738.0,7.0,ENIGH (INEGI),Personas de 18 años o más,enigh
hogar,Es jefa o jefe del hogar,2020,Mujeres,Con discapacidad,Chihuahua,18-29,Mental,0.0,675.0,5.0,ENIGH (INEGI),Personas de 18 años o más,enigh
hogar,Es jefa o jefe del hogar,2020,Mujeres,Con discapacidad,Chihuahua,18-29,Recordar o concentrarse,0.0,315.0,2.0,ENIGH (INEGI),Personas de 18 años o más,enigh
hogar,Es jefa o jefe del hogar,2020,Mujeres,Con discapacidad,Chihuahua,18-29,Ver,0.0,3718.0,12.0,ENIGH (INEGI),Personas de 18 años o más,enigh
hogar,Es jefa o jefe del hogar,2020,Mujeres,Con discapacidad,Chihuahua,30-44,Bañarse o vestirse,0.0,552.0,3.0,ENIGH (INEGI),Personas de 18 años o más,enigh
hogar,Es jefa o jefe del hogar,2020,Mujeres,Con discapacidad,Chihuahua,30-44,Brazos o manos,0.0,467.0,2.0,ENIGH (INEGI),Personas de 18 años o más,enigh
hogar,Es jefa o jefe del hogar,2020,Mujeres,Con discapacidad,Chihuahua,30-44,Caminar,936.0,3110.0,11.0,ENIGH (INEGI),Personas de 18 años o más,enigh
hogar,Es jefa o jefe del hogar,2020,Mujeres,Con discapacidad,Chihuahua,30-44,Hablar o comunicarse,0.0,1910.0,7.0,ENIGH (INEGI),Personas de 18 años o más,enigh
hogar,Es jefa o jefe del hogar,2020,Mujeres,Con discapacidad,Chihuahua,30-44,Mental,313.0,3033.0,10.0,ENIGH (INEGI),Personas de 18 años o más,enigh
hogar,Es jefa o jefe del hogar,2020,Mujeres,Con discapacidad,Chihuahua,30-44,Oír,0.0,658.0,4.0,ENIGH (INEGI),Personas de 18 años o más,enigh
hogar,Es jefa o jefe del hogar,2020,Mujeres,Con discapacidad,Chihuahua,30-44,Recordar o concentrarse,0.0,793.0,4.0,ENIGH (INEGI),Personas de 18 años o más,enigh
hogar,Es jefa o jefe del hogar,2020,Mujeres,Con discapacidad,Chihuahua,30-44,Ver,1852.0,3516.0,15.0,ENIGH (INEGI),Personas de 18 años o más,enigh
hogar,Es jefa o jefe del hogar,2020,Mujeres,Con discapacidad,Chihuahua,45-59,Bañarse o vestirse,1278.0,3080.0,13.0,ENIGH (INEGI),Personas de 18 años o más,enigh
hogar,Es jefa o jefe del hogar,2020,Mujeres,Con discapacidad,Chihuahua,45-59,Brazos o manos,1700.0,3231.0,17.0,ENIGH (INEGI),Personas de 18 años o más,enigh
hogar,Es jefa o jefe del hogar,2020,Mujeres,Con discapacidad,Chihuahua,45-59,Caminar,2818.0,10319.0,45.0,ENIGH (INEGI),Personas de 18 años o más,enigh
hogar,Es jefa o jefe del hogar,2020,Mujeres,Con discapacidad,Chihuahua,45-59,Hablar o comunicarse,2831.0,6700.0,23.0,ENIGH (INEGI),Personas de 18 años o más,enigh
hogar,Es jefa o jefe del hogar,2020,Mujeres,Con discapacidad,Chihuahua,45-59,Mental,1277.0,3736.0,15.0,ENIGH (INEGI),Personas de 18 años o más,enigh
hogar,Es jefa o jefe del hogar,2020,Mujeres,Con discapacidad,Chihuahua,45-59,Oír,1158.0,3314.0,13.0,ENIGH (INEGI),Personas de 18 años o más,enigh
hogar,Es jefa o jefe del hogar,2020,Mujeres,Con discapacidad,Chihuahua,45-59,Recordar o concentrarse,601.0,2479.0,9.0,ENIGH (INEGI),Personas de 18 años o más,enigh
hogar,Es jefa o jefe del hogar,2020,Mujeres,Con discapacidad,Chihuahua,45-59,Ver,1319.0,6660.0,25.0,ENIGH (INEGI),Personas de 18 años o más,enigh
hogar,Es jefa o jefe del hogar,2020,Mujeres,Con discapacidad,Chihuahua,60+,Bañarse o vestirse,7803.0,15016.0,62.0,ENIGH (INEGI),Personas de 18 años o más,enigh
hogar,Es jefa o jefe del hogar,2020,Mujeres,Con discapacidad,Chihuahua,60+,Brazos o manos,4939.0,12460.0,56.0,ENIGH (INEGI),Personas de 18 años o más,enigh
hogar,Es jefa o jefe del hogar,2020,Mujeres,Con discapacidad,Chihuahua,60+,Caminar,18484.0,32809.0,156.0,ENIGH (INEGI),Personas de 18 años o más,enigh
hogar,Es jefa o jefe del hogar,2020,Mujeres,Con discapacidad,Chihuahua,60+,Hablar o comunicarse,6144.0,11003.0,46.0,ENIGH (INEGI),Personas de 18 años o más,enigh
hogar,Es jefa o jefe del hogar,2020,Mujeres,Con discapacidad,Chihuahua,60+,Mental,8504.0,16839.0,62.0,ENIGH (INEGI),Personas de 18 años o más,enigh
hogar,Es jefa o jefe del hogar,2020,Mujeres,Con discapacidad,Chihuahua,60+,Oír,6286.0,12331.0,65.0,ENIGH (INEGI),Personas de 18 años o más,enigh
hogar,Es jefa o jefe del hogar,2020,Mujeres,Con discapacidad,Chihuahua,60+,Recordar o concentrarse,5979.0,12054.0,52.0,ENIGH (INEGI),Personas de 18 años o más,enigh
hogar,Es jefa o jefe del hogar,2020,Mujeres,Con discapacidad,Chihuahua,60+,Ver,8638.0,16616.0,75.0,ENIGH (INEGI),Personas de 18 años o más,enigh
hogar,Es jefa o jefe del hogar,2020,Mujeres,Con discapacidad,Ciudad de México,18-29,Bañarse o vestirse,0.0,28.0,2.0,ENIGH (INEGI),Personas de 18 años o más,enigh
hogar,Es jefa o jefe del hogar,2020,Mujeres,Con discapacidad,Ciudad de México,18-29,Brazos o manos,0.0,39.0,2.0,ENIGH (INEGI),Personas de 18 años o más,enigh
hogar,Es jefa o jefe del hogar,2020,Mujeres,Con discapacidad,Ciudad de México,18-29,Caminar,0.0,4302.0,6.0,ENIGH (INEGI),Personas de 18 años o más,enigh
hogar,Es jefa o jefe del hogar,2020,Mujeres,Con discapacidad,Ciudad de México,18-29,Hablar o comunicarse,0.0,18.0,1.0,ENIGH (INEGI),Personas de 18 años o más,enigh
hogar,Es jefa o jefe del hogar,2020,Mujeres,Con discapacidad,Ciudad de México,18-29,Mental,0.0,3705.0,4.0,ENIGH (INEGI),Personas de 18 años o más,enigh
hogar,Es jefa o jefe del hogar,2020,Mujeres,Con discapacidad,Ciudad de México,18-29,Oír,0.0,1356.0,1.0,ENIGH (INEGI),Personas de 18 años o más,enigh
hogar,Es jefa o jefe del hogar,2020,Mujeres,Con discapacidad,Ciudad de México,18-29,Recordar o concentrarse,0.0,37.0,2.0,ENIGH (INEGI),Personas de 18 años o más,enigh
hogar,Es jefa o jefe del hogar,2020,Mujeres,Con discapacidad,Ciudad de México,18-29,Ver,713.0,7535.0,9.0,ENIGH (INEGI),Personas de 18 años o más,enigh
hogar,Es jefa o jefe del hogar,2020,Mujeres,Con discapacidad,Ciudad de México,30-44,Bañarse o vestirse,0.0,3616.0,3.0,ENIGH (INEGI),Personas de 18 años o más,enigh
hogar,Es jefa o jefe del hogar,2020,Mujeres,Con discapacidad,Ciudad de México,30-44,Brazos o manos,0.0,2492.0,2.0,ENIGH (INEGI),Personas de 18 años o más,enigh
hogar,Es jefa o jefe del hogar,2020,Mujeres,Con discapacidad,Ciudad de México,30-44,Caminar,1442.0,8976.0,9.0,ENIGH (INEGI),Personas de 18 años o más,enigh
hogar,Es jefa o jefe del hogar,2020,Mujeres,Con discapacidad,Ciudad de México,30-44,Hablar o comunicarse,15.0,2751.0,3.0,ENIGH (INEGI),Personas de 18 años o más,enigh
hogar,Es jefa o jefe del hogar,2020,Mujeres,Con discapacidad,Ciudad de México,30-44,Mental,0.0,4338.0,3.0,ENIGH (INEGI),Personas de 18 años o más,enigh
hogar,Es jefa o jefe del hogar,2020,Mujeres,Con discapacidad,Ciudad de México,30-44,Oír,0.0,1474.0,1.0,ENIGH (INEGI),Personas de 18 años o más,enigh
hogar,Es jefa o jefe del hogar,2020,Mujeres,Con discapacidad,Ciudad de México,30-44,Recordar o concentrarse,0.0,1867.0,2.0,ENIGH (INEGI),Personas de 18 años o más,enigh
hogar,Es jefa o jefe del hogar,2020,Mujeres,Con discapacidad,Ciudad de México,30-44,Ver,1030.0,7453.0,6.0,ENIGH (INEGI),Personas de 18 años o más,enigh
hogar,Es jefa o jefe del hogar,2020,Mujeres,Con discapacidad,Ciudad de México,45-59,Bañarse o vestirse,1326.0,4030.0,3.0,ENIGH (INEGI),Personas de 18 años o más,enigh
hogar,Es jefa o jefe del hogar,2020,Mujeres,Con discapacidad,Ciudad de México,45-59,Brazos o manos,2635.0,9221.0,8.0,ENIGH (INEGI),Personas de 18 años o más,enigh
hogar,Es jefa o jefe del hogar,2020,Mujeres,Con discapacidad,Ciudad de México,45-59,Caminar,7397.0,21455.0,19.0,ENIGH (INEGI),Personas de 18 años o más,enigh
hogar,Es jefa o jefe del hogar,2020,Mujeres,Con discapacidad,Ciudad de México,45-59,Hablar o comunicarse,2998.0,4409.0,3.0,ENIGH (INEGI),Personas de 18 años o más,enigh
hogar,Es jefa o jefe del hogar,2020,Mujeres,Con discapacidad,Ciudad de México,45-59,Mental,1658.0,4287.0,3.0,ENIGH (INEGI),Personas de 18 años o más,enigh
hogar,Es jefa o jefe del hogar,2020,Mujeres,Con discapacidad,Ciudad de México,45-59,Oír,3690.0,4762.0,4.0,ENIGH (INEGI),Personas de 18 años o más,enigh
hogar,Es jefa o jefe del hogar,2020,Mujeres,Con discapacidad,Ciudad de México,45-59,Recordar o concentrarse,2984.0,8135.0,7.0,ENIGH (INEGI),Personas de 18 años o más,enigh
hogar,Es jefa o jefe del hogar,2020,Mujeres,Con discapacidad,Ciudad de México,45-59,Ver,4915.0,16015.0,18.0,ENIGH (INEGI),Personas de 18 años o más,enigh
hogar,Es jefa o jefe del hogar,2020,Mujeres,Con discapacidad,Ciudad de México,60+,Bañarse o vestirse,23831.0,56983.0,49.0,ENIGH (INEGI),Personas de 18 años o más,enigh
hogar,Es jefa o jefe del hogar,2020,Mujeres,Con discapacidad,Ciudad de México,60+,Brazos o manos,24533.0,47696.0,43.0,ENIGH (INEGI),Personas de 18 años o más,enigh
hogar,Es jefa o jefe del hogar,2020,Mujeres,Con discapacidad,Ciudad de México,60+,Caminar,75386.0,153260.0,129.0,ENIGH (INEGI),Personas de 18 años o más,enigh
hogar,Es jefa o jefe del hogar,2020,Mujeres,Con discapacidad,Ciudad de México,60+,Hablar o comunicarse,6776.0,16702.0,17.0,ENIGH (INEGI),Personas de 18 años o más,enigh
hogar,Es jefa o jefe del hogar,2020,Mujeres,Con discapacidad,Ciudad de México,60+,Mental,10145.0,34450.0,28.0,ENIGH (INEGI),Personas de 18 años o más,enigh
hogar,Es jefa o jefe del hogar,2020,Mujeres,Con discapacidad,Ciudad de México,60+,Oír,25611.0,48627.0,45.0,ENIGH (INEGI),Personas de 18 años o más,enigh
hogar,Es jefa o jefe del hogar,2020,Mujeres,Con discapacidad,Ciudad de México,60+,Recordar o concentrarse,18392.0,49414.0,47.0,ENIGH (INEGI),Personas de 18 años o más,enigh
hogar,Es jefa o jefe del hogar,2020,Mujeres,Con discapacidad,Ciudad de México,60+,Ver,38043.0,86618.0,74.0,ENIGH (INEGI),Personas de 18 años o más,enigh
hogar,Es jefa o jefe del hogar,2020,Mujeres,Con discapacidad,Coahuila,18-29,Bañarse o vestirse,0.0,1127.0,5.0,ENIGH (INEGI),Personas de 18 años o más,enigh
hogar,Es jefa o jefe del hogar,2020,Mujeres,Con discapacidad,Coahuila,18-29,Brazos o manos,0.0,359.0,2.0,ENIGH (INEGI),Personas de 18 años o más,enigh
hogar,Es jefa o jefe del hogar,2020,Mujeres,Con discapacidad,Coahuila,18-29,Caminar,121.0,1773.0,8.0,ENIGH (INEGI),Personas de 18 años o más,enigh
hogar,Es jefa o jefe del hogar,2020,Mujeres,Con discapacidad,Coahuila,18-29,Hablar o comunicarse,0.0,1628.0,7.0,ENIGH (INEGI),Personas de 18 años o más,enigh
hogar,Es jefa o jefe del hogar,2020,Mujeres,Con discapacidad,Coahuila,18-29,Mental,0.0,2371.0,10.0,ENIGH (INEGI),Personas de 18 años o más,enigh
hogar,Es jefa o jefe del hogar,2020,Mujeres,Con discapacidad,Coahuila,18-29,Oír,0.0,328.0,2.0,ENIGH (INEGI),Personas de 18 años o más,enigh
hogar,Es jefa o jefe del hogar,2020,Mujeres,Con discapacidad,Coahuila,18-29,Recordar o concentrarse,0.0,1521.0,7.0,ENIGH (INEGI),Personas de 18 años o más,enigh
hogar,Es jefa o jefe del hogar,2020,Mujeres,Con discapacidad,Coahuila,18-29,Ver,0.0,2919.0,12.0,ENIGH (INEGI),Personas de 18 años o más,enigh
hogar,Es jefa o jefe del hogar,2020,Mujeres,Con discapacidad,Coahuila,30-44,Bañarse o vestirse,222.0,1142.0,4.0,ENIGH (INEGI),Personas de 18 años o más,enigh
hogar,Es jefa o jefe del hogar,2020,Mujeres,Con discapacidad,Coahuila,30-44,Brazos o manos,0.0,1172.0,5.0,ENIGH (INEGI),Personas de 18 años o más,enigh
hogar,Es jefa o jefe del hogar,2020,Mujeres,Con discapacidad,Coahuila,30-44,Caminar,692.0,3517.0,14.0,ENIGH (INEGI),Personas de 18 años o más,enigh
hogar,Es jefa o jefe del hogar,2020,Mujeres,Con discapacidad,Coahuila,30-44,Hablar o comunicarse,0.0,1235.0,5.0,ENIGH (INEGI),Personas de 18 años o más,enigh
hogar,Es jefa o jefe del hogar,2020,Mujeres,Con discapacidad,Coahuila,30-44,Mental,0.0,1313.0,6.0,ENIGH (INEGI),Personas de 18 años o más,enigh
hogar,Es jefa o jefe del hogar,2020,Mujeres,Con discapacidad,Coahuila,30-44,Oír,0.0,817.0,4.0,ENIGH (INEGI),Personas de 18 años o más,enigh
hogar,Es jefa o jefe del hogar,2020,Mujeres,Con discapacidad,Coahuila,30-44,Recordar o concentrarse,241.0,2078.0,8.0,ENIGH (INEGI),Personas de 18 años o más,enigh
hogar,Es jefa o jefe del hogar,2020,Mujeres,Con discapacidad,Coahuila,30-44,Ver,482.0,2485.0,13.0,ENIGH (INEGI),Personas de 18 años o más,enigh
hogar,Es jefa o jefe del hogar,2020,Mujeres,Con discapacidad,Coahuila,45-59,Bañarse o vestirse,0.0,1897.0,9.0,ENIGH (INEGI),Personas de 18 años o más,enigh
hogar,Es jefa o jefe del hogar,2020,Mujeres,Con discapacidad,Coahuila,45-59,Brazos o manos,1065.0,7073.0,30.0,ENIGH (INEGI),Personas de 18 años o más,enigh
hogar,Es jefa o jefe del hogar,2020,Mujeres,Con discapacidad,Coahuila,45-59,Caminar,4543.0,11552.0,53.0,ENIGH (INEGI),Personas de 18 años o más,enigh
hogar,Es jefa o jefe del hogar,2020,Mujeres,Con discapacidad,Coahuila,45-59,Hablar o comunicarse,0.0,1331.0,7.0,ENIGH (INEGI),Personas de 18 años o más,enigh
hogar,Es jefa o jefe del hogar,2020,Mujeres,Con discapacidad,Coahuila,45-59,Mental,319.0,2947.0,13.0,ENIGH (INEGI),Personas de 18 años o más,enigh
hogar,Es jefa o jefe del hogar,2020,Mujeres,Con discapacidad,Coahuila,45-59,Oír,868.0,3727.0,17.0,ENIGH (INEGI),Personas de 18 años o más,enigh
hogar,Es jefa o jefe del hogar,2020,Mujeres,Con discapacidad,Coahuila,45-59,Recordar o concentrarse,623.0,4170.0,17.0,ENIGH (INEGI),Personas de 18 años o más,enigh
hogar,Es jefa o jefe del hogar,2020,Mujeres,Con discapacidad,Coahuila,45-59,Ver,3975.0,10876.0,46.0,ENIGH (INEGI),Personas de 18 años o más,enigh
hogar,Es jefa o jefe del hogar,2020,Mujeres,Con discapacidad,Coahuila,60+,Bañarse o vestirse,3677.0,11657.0,50.0,ENIGH (INEGI),Personas de 18 años o más,enigh
hogar,Es jefa o jefe del hogar,2020,Mujeres,Con discapacidad,Coahuila,60+,Brazos o manos,6525.0,13029.0,59.0,ENIGH (INEGI),Personas de 18 años o más,enigh
hogar,Es jefa o jefe del hogar,2020,Mujeres,Con discapacidad,Coahuila,60+,Caminar,19476.0,39632.0,177.0,ENIGH (INEGI),Personas de 18 años o más,enigh
hogar,Es jefa o jefe del hogar,2020,Mujeres,Con discapacidad,Coahuila,60+,Hablar o comunicarse,417.0,3231.0,13.0,ENIGH (INEGI),Personas de 18 años o más,enigh
hogar,Es jefa o jefe del hogar,2020,Mujeres,Con discapacidad,Coahuila,60+,Mental,1487.0,6275.0,29.0,ENIGH (INEGI),Personas de 18 años o más,enigh
hogar,Es jefa o jefe del hogar,2020,Mujeres,Con discapacidad,Coahuila,60+,Oír,4706.0,12948.0,58.0,ENIGH (INEGI),Personas de 18 años o más,enigh
hogar,Es jefa o jefe del hogar,2020,Mujeres,Con discapacidad,Coahuila,60+,Recordar o concentrarse,4541.0,9651.0,42.0,ENIGH (INEGI),Personas de 18 años o más,enigh
hogar,Es jefa o jefe del hogar,2020,Mujeres,Con discapacidad,Coahuila,60+,Ver,11595.0,20360.0,93.0,ENIGH (INEGI),Personas de 18 años o más,enigh
hogar,Es jefa o jefe del hogar,2020,Mujeres,Con discapacidad,Colima,18-29,Bañarse o vestirse,0.0,282.0,5.0,ENIGH (INEGI),Personas de 18 años o más,enigh
hogar,Es jefa o jefe del hogar,2020,Mujeres,Con discapacidad,Colima,18-29,Brazos o manos,0.0,230.0,4.0,ENIGH (INEGI),Personas de 18 años o más,enigh
hogar,Es jefa o jefe del hogar,2020,Mujeres,Con discapacidad,Colima,18-29,Caminar,0.0,597.0,10.0,ENIGH (INEGI),Personas de 18 años o más,enigh
hogar,Es jefa o jefe del hogar,2020,Mujeres,Con discapacidad,Colima,18-29,Hablar o comunicarse,0.0,362.0,6.0,ENIGH (INEGI),Personas de 18 años o más,enigh
hogar,Es jefa o jefe del hogar,2020,Mujeres,Con discapacidad,Colima,18-29,Mental,0.0,342.0,6.0,ENIGH (INEGI),Personas de 18 años o más,enigh
hogar,Es jefa o jefe del hogar,2020,Mujeres,Con discapacidad,Colima,18-29,Oír,0.0,175.0,3.0,ENIGH (INEGI),Personas de 18 años o más,enigh
hogar,Es jefa o jefe del hogar,2020,Mujeres,Con discapacidad,Colima,18-29,Recordar o concentrarse,0.0,381.0,7.0,ENIGH (INEGI),Personas de 18 años o más,enigh
hogar,Es jefa o jefe del hogar,2020,Mujeres,Con discapacidad,Colima,18-29,Ver,0.0,437.0,7.0,ENIGH (INEGI),Personas de 18 años o más,enigh
hogar,Es jefa o jefe del hogar,2020,Mujeres,Con discapacidad,Colima,30-44,Bañarse o vestirse,0.0,485.0,7.0,ENIGH (INEGI),Personas de 18 años o más,enigh
hogar,Es jefa o jefe del hogar,2020,Mujeres,Con discapacidad,Colima,30-44,Brazos o manos,25.0,202.0,5.0,ENIGH (INEGI),Personas de 18 años o más,enigh
hogar,Es jefa o jefe del hogar,2020,Mujeres,Con discapacidad,Colima,30-44,Caminar,289.0,731.0,11.0,ENIGH (INEGI),Personas de 18 años o más,enigh
hogar,Es jefa o jefe del hogar,2020,Mujeres,Con discapacidad,Colima,30-44,Hablar o comunicarse,442.0,779.0,9.0,ENIGH (INEGI),Personas de 18 años o más,enigh
hogar,Es jefa o jefe del hogar,2020,Mujeres,Con discapacidad,Colima,30-44,Mental,0.0,352.0,7.0,ENIGH (INEGI),Personas de 18 años o más,enigh
hogar,Es jefa o jefe del hogar,2020,Mujeres,Con discapacidad,Colima,30-44,Oír,495.0,781.0,9.0,ENIGH (INEGI),Personas de 18 años o más,enigh
hogar,Es jefa o jefe del hogar,2020,Mujeres,Con discapacidad,Colima,30-44,Recordar o concentrarse,65.0,637.0,13.0,ENIGH (INEGI),Personas de 18 años o más,enigh
hogar,Es jefa o jefe del hogar,2020,Mujeres,Con discapacidad,Colima,30-44,Ver,118.0,526.0,9.0,ENIGH (INEGI),Personas de 18 años o más,enigh
hogar,Es jefa o jefe del hogar,2020,Mujeres,Con discapacidad,Colima,45-59,Bañarse o vestirse,300.0,533.0,8.0,ENIGH (INEGI),Personas de 18 años o más,enigh
hogar,Es jefa o jefe del hogar,2020,Mujeres,Con discapacidad,Colima,45-59,Brazos o manos,678.0,1251.0,18.0,ENIGH (INEGI),Personas de 18 años o más,enigh
hogar,Es jefa o jefe del hogar,2020,Mujeres,Con discapacidad,Colima,45-59,Caminar,1241.0,2756.0,47.0,ENIGH (INEGI),Personas de 18 años o más,enigh
hogar,Es jefa o jefe del hogar,2020,Mujeres,Con discapacidad,Colima,45-59,Hablar o comunicarse,0.0,251.0,5.0,ENIGH (INEGI),Personas de 18 años o más,enigh
hogar,Es jefa o jefe del hogar,2020,Mujeres,Con discapacidad,Colima,45-59,Mental,0.0,372.0,5.0,ENIGH (INEGI),Personas de 18 años o más,enigh
hogar,Es jefa o jefe del hogar,2020,Mujeres,Con discapacidad,Colima,45-59,Oír,106.0,504.0,9.0,ENIGH (INEGI),Personas de 18 años o más,enigh
hogar,Es jefa o jefe del hogar,2020,Mujeres,Con discapacidad,Colima,45-59,Recordar o concentrarse,330.0,969.0,16.0,ENIGH (INEGI),Personas de 18 años o más,enigh
hogar,Es jefa o jefe del hogar,2020,Mujeres,Con discapacidad,Colima,45-59,Ver,1416.0,2806.0,40.0,ENIGH (INEGI),Personas de 18 años o más,enigh
hogar,Es jefa o jefe del hogar,2020,Mujeres,Con discapacidad,Colima,60+,Bañarse o vestirse,1365.0,3648.0,58.0,ENIGH (INEGI),Personas de 18 años o más,enigh
hogar,Es jefa o jefe del hogar,2020,Mujeres,Con discapacidad,Colima,60+,Brazos o manos,2543.0,4635.0,70.0,ENIGH (INEGI),Personas de 18 años o más,enigh
hogar,Es jefa o jefe del hogar,2020,Mujeres,Con discapacidad,Colima,60+,Caminar,7042.0,12787.0,197.0,ENIGH (INEGI),Personas de 18 años o más,enigh
hogar,Es jefa o jefe del hogar,2020,Mujeres,Con discapacidad,Colima,60+,Hablar o comunicarse,415.0,1391.0,23.0,ENIGH (INEGI),Personas de 18 años o más,enigh
hogar,Es jefa o jefe del hogar,2020,Mujeres,Con discapacidad,Colima,60+,Mental,286.0,1492.0,25.0,ENIGH (INEGI),Personas de 18 años o más,enigh
hogar,Es jefa o jefe del hogar,2020,Mujeres,Con discapacidad,Colima,60+,Oír,1520.0,3090.0,57.0,ENIGH (INEGI),Personas de 18 años o más,enigh
hogar,Es jefa o jefe del hogar,2020,Mujeres,Con discapacidad,Colima,60+,Recordar o concentrarse,1649.0,3629.0,62.0,ENIGH (INEGI),Personas de 18 años o más,enigh
hogar,Es jefa o jefe del hogar,2020,Mujeres,Con discapacidad,Colima,60+,Ver,3838.0,7223.0,112.0,ENIGH (INEGI),Personas de 18 años o más,enigh
hogar,Es jefa o jefe del hogar,2020,Mujeres,Con discapacidad,Durango,18-29,Bañarse o vestirse,0.0,805.0,4.0,ENIGH (INEGI),Personas de 18 años o más,enigh
hogar,Es jefa o jefe del hogar,2020,Mujeres,Con discapacidad,Durango,18-29,Brazos o manos,0.0,663.0,4.0,ENIGH (INEGI),Personas de 18 años o más,enigh
hogar,Es jefa o jefe del hogar,2020,Mujeres,Con discapacidad,Durango,18-29,Caminar,0.0,1166.0,7.0,ENIGH (INEGI),Personas de 18 años o más,enigh
hogar,Es jefa o jefe del hogar,2020,Mujeres,Con discapacidad,Durango,18-29,Hablar o comunicarse,0.0,1453.0,7.0,ENIGH (INEGI),Personas de 18 años o más,enigh
hogar,Es jefa o jefe del hogar,2020,Mujeres,Con discapacidad,Durango,18-29,Mental,0.0,1343.0,7.0,ENIGH (INEGI),Personas de 18 años o más,enigh
hogar,Es jefa o jefe del hogar,2020,Mujeres,Con discapacidad,Durango,18-29,Oír,0.0,526.0,3.0,ENIGH (INEGI),Personas de 18 años o más,enigh
hogar,Es jefa o jefe del hogar,2020,Mujeres,Con discapacidad,Durango,18-29,Recordar o concentrarse,0.0,1833.0,9.0,ENIGH (INEGI),Personas de 18 años o más,enigh
hogar,Es jefa o jefe del hogar,2020,Mujeres,Con discapacidad,Durango,18-29,Ver,284.0,1722.0,9.0,ENIGH (INEGI),Personas de 18 años o más,enigh
hogar,Es jefa o jefe del hogar,2020,Mujeres,Con discapacidad,Durango,30-44,Bañarse o vestirse,0.0,547.0,3.0,ENIGH (INEGI),Personas de 18 años o más,enigh
hogar,Es jefa o jefe del hogar,2020,Mujeres,Con discapacidad,Durango,30-44,Brazos o manos,121.0,733.0,5.0,ENIGH (INEGI),Personas de 18 años o más,enigh
hogar,Es jefa o jefe del hogar,2020,Mujeres,Con discapacidad,Durango,30-44,Caminar,312.0,991.0,7.0,ENIGH (INEGI),Personas de 18 años o más,enigh
hogar,Es jefa o jefe del hogar,2020,Mujeres,Con discapacidad,Durango,30-44,Hablar o comunicarse,0.0,356.0,2.0,ENIGH (INEGI),Personas de 18 años o más,enigh
hogar,Es jefa o jefe del hogar,2020,Mujeres,Con discapacidad,Durango,30-44,Mental,0.0,826.0,6.0,ENIGH (INEGI),Personas de 18 años o más,enigh
hogar,Es jefa o jefe del hogar,2020,Mujeres,Con discapacidad,Durango,30-44,Oír,191.0,387.0,3.0,ENIGH (INEGI),Personas de 18 años o más,enigh
hogar,Es jefa o jefe del hogar,2020,Mujeres,Con discapacidad,Durango,30-44,Recordar o concentrarse,244.0,1146.0,8.0,ENIGH (INEGI),Personas de 18 años o más,enigh
hogar,Es jefa o jefe del hogar,2020,Mujeres,Con discapacidad,Durango,30-44,Ver,1089.0,2775.0,14.0,ENIGH (INEGI),Personas de 18 años o más,enigh
hogar,Es jefa o jefe del hogar,2020,Mujeres,Con discapacidad,Durango,45-59,Bañarse o vestirse,314.0,1073.0,7.0,ENIGH (INEGI),Personas de 18 años o más,enigh
hogar,Es jefa o jefe del hogar,2020,Mujeres,Con discapacidad,Durango,45-59,Brazos o manos,1024.0,1776.0,10.0,ENIGH (INEGI),Personas de 18 años o más,enigh
hogar,Es jefa o jefe del hogar,2020,Mujeres,Con discapacidad,Durango,45-59,Caminar,3062.0,5922.0,33.0,ENIGH (INEGI),Personas de 18 años o más,enigh
hogar,Es jefa o jefe del hogar,2020,Mujeres,Con discapacidad,Durango,45-59,Hablar o comunicarse,226.0,1256.0,7.0,ENIGH (INEGI),Personas de 18 años o más,enigh
hogar,Es jefa o jefe del hogar,2020,Mujeres,Con discapacidad,Durango,45-59,Mental,341.0,1106.0,7.0,ENIGH (INEGI),Personas de 18 años o más,enigh
hogar,Es jefa o jefe del hogar,2020,Mujeres,Con discapacidad,Durango,45-59,Oír,1011.0,1464.0,9.0,ENIGH (INEGI),Personas de 18 años o más,enigh
hogar,Es jefa o jefe del hogar,2020,Mujeres,Con discapacidad,Durango,45-59,Recordar o concentrarse,659.0,2145.0,11.0,ENIGH (INEGI),Personas de 18 años o más,enigh
hogar,Es jefa o jefe del hogar,2020,Mujeres,Con discapacidad,Durango,45-59,Ver,2573.0,6473.0,35.0,ENIGH (INEGI),Personas de 18 años o más,enigh
hogar,Es jefa o jefe del hogar,2020,Mujeres,Con discapacidad,Durango,60+,Bañarse o vestirse,2739.0,7474.0,44.0,ENIGH (INEGI),Personas de 18 años o más,enigh
hogar,Es jefa o jefe del hogar,2020,Mujeres,Con discapacidad,Durango,60+,Brazos o manos,5165.0,9541.0,55.0,ENIGH (INEGI),Personas de 18 años o más,enigh
hogar,Es jefa o jefe del hogar,2020,Mujeres,Con discapacidad,Durango,60+,Caminar,18065.0,35105.0,198.0,ENIGH (INEGI),Personas de 18 años o más,enigh
hogar,Es jefa o jefe del hogar,2020,Mujeres,Con discapacidad,Durango,60+,Hablar o comunicarse,850.0,2736.0,14.0,ENIGH (INEGI),Personas de 18 años o más,enigh
hogar,Es jefa o jefe del hogar,2020,Mujeres,Con discapacidad,Durango,60+,Mental,1040.0,3191.0,20.0,ENIGH (INEGI),Personas de 18 años o más,enigh
hogar,Es jefa o jefe del hogar,2020,Mujeres,Con discapacidad,Durango,60+,Oír,4184.0,7907.0,44.0,ENIGH (INEGI),Personas de 18 años o más,enigh
hogar,Es jefa o jefe del hogar,2020,Mujeres,Con discapacidad,Durango,60+,Recordar o concentrarse,1833.0,5712.0,35.0,ENIGH (INEGI),Personas de 18 años o más,enigh
hogar,Es jefa o jefe del hogar,2020,Mujeres,Con discapacidad,Durango,60+,Ver,7238.0,14640.0,84.0,ENIGH (INEGI),Personas de 18 años o más,enigh
hogar,Es jefa o jefe del hogar,2020,Mujeres,Con discapacidad,Guanajuato,18-29,Bañarse o vestirse,0.0,968.0,3.0,ENIGH (INEGI),Personas de 18 años o más,enigh
hogar,Es jefa o jefe del hogar,2020,Mujeres,Con discapacidad,Guanajuato,18-29,Brazos o manos,0.0,405.0,1.0,ENIGH (INEGI),Personas de 18 años o más,enigh
hogar,Es jefa o jefe del hogar,2020,Mujeres,Con discapacidad,Guanajuato,18-29,Caminar,0.0,2526.0,6.0,ENIGH (INEGI),Personas de 18 años o más,enigh
hogar,Es jefa o jefe del hogar,2020,Mujeres,Con discapacidad,Guanajuato,18-29,Hablar o comunicarse,0.0,2948.0,6.0,ENIGH (INEGI),Personas de 18 años o más,enigh
hogar,Es jefa o jefe del hogar,2020,Mujeres,Con discapacidad,Guanajuato,18-29,Mental,0.0,1860.0,4.0,ENIGH (INEGI),Personas de 18 años o más,enigh
hogar,Es jefa o jefe del hogar,2020,Mujeres,Con discapacidad,Guanajuato,18-29,Oír,0.0,1088.0,2.0,ENIGH (INEGI),Personas de 18 años o más,enigh
hogar,Es jefa o jefe del hogar,2020,Mujeres,Con discapacidad,Guanajuato,18-29,Recordar o concentrarse,0.0,1860.0,4.0,ENIGH (INEGI),Personas de 18 años o más,enigh
hogar,Es jefa o jefe del hogar,2020,Mujeres,Con discapacidad,Guanajuato,18-29,Ver,0.0,8591.0,14.0,ENIGH (INEGI),Personas de 18 años o más,enigh
hogar,Es jefa o jefe del hogar,2020,Mujeres,Con discapacidad,Guanajuato,30-44,Bañarse o vestirse,0.0,1820.0,5.0,ENIGH (INEGI),Personas de 18 años o más,enigh
hogar,Es jefa o jefe del hogar,2020,Mujeres,Con discapacidad,Guanajuato,30-44,Brazos o manos,0.0,3034.0,9.0,ENIGH (INEGI),Personas de 18 años o más,enigh
hogar,Es jefa o jefe del hogar,2020,Mujeres,Con discapacidad,Guanajuato,30-44,Caminar,3112.0,11541.0,23.0,ENIGH (INEGI),Personas de 18 años o más,enigh
hogar,Es jefa o jefe del hogar,2020,Mujeres,Con discapacidad,Guanajuato,30-44,Hablar o comunicarse,0.0,3544.0,9.0,ENIGH (INEGI),Personas de 18 años o más,enigh
hogar,Es jefa o jefe del hogar,2020,Mujeres,Con discapacidad,Guanajuato,30-44,Mental,0.0,5727.0,12.0,ENIGH (INEGI),Personas de 18 años o más,enigh
hogar,Es jefa o jefe del hogar,2020,Mujeres,Con discapacidad,Guanajuato,30-44,Oír,1118.0,4430.0,8.0,ENIGH (INEGI),Personas de 18 años o más,enigh
hogar,Es jefa o jefe del hogar,2020,Mujeres,Con discapacidad,Guanajuato,30-44,Recordar o concentrarse,405.0,6331.0,13.0,ENIGH (INEGI),Personas de 18 años o más,enigh
hogar,Es jefa o jefe del hogar,2020,Mujeres,Con discapacidad,Guanajuato,30-44,Ver,882.0,8931.0,17.0,ENIGH (INEGI),Personas de 18 años o más,enigh
hogar,Es jefa o jefe del hogar,2020,Mujeres,Con discapacidad,Guanajuato,45-59,Bañarse o vestirse,513.0,1873.0,4.0,ENIGH (INEGI),Personas de 18 años o más,enigh
hogar,Es jefa o jefe del hogar,2020,Mujeres,Con discapacidad,Guanajuato,45-59,Brazos o manos,3471.0,8884.0,16.0,ENIGH (INEGI),Personas de 18 años o más,enigh
hogar,Es jefa o jefe del hogar,2020,Mujeres,Con discapacidad,Guanajuato,45-59,Caminar,5517.0,23390.0,40.0,ENIGH (INEGI),Personas de 18 años o más,enigh
hogar,Es jefa o jefe del hogar,2020,Mujeres,Con discapacidad,Guanajuato,45-59,Hablar o comunicarse,0.0,2686.0,5.0,ENIGH (INEGI),Personas de 18 años o más,enigh
hogar,Es jefa o jefe del hogar,2020,Mujeres,Con discapacidad,Guanajuato,45-59,Mental,1017.0,4499.0,8.0,ENIGH (INEGI),Personas de 18 años o más,enigh
hogar,Es jefa o jefe del hogar,2020,Mujeres,Con discapacidad,Guanajuato,45-59,Oír,1454.0,5456.0,11.0,ENIGH (INEGI),Personas de 18 años o más,enigh
hogar,Es jefa o jefe del hogar,2020,Mujeres,Con discapacidad,Guanajuato,45-59,Recordar o concentrarse,1600.0,4385.0,10.0,ENIGH (INEGI),Personas de 18 años o más,enigh
hogar,Es jefa o jefe del hogar,2020,Mujeres,Con discapacidad,Guanajuato,45-59,Ver,8886.0,16789.0,33.0,ENIGH (INEGI),Personas de 18 años o más,enigh
hogar,Es jefa o jefe del hogar,2020,Mujeres,Con discapacidad,Guanajuato,60+,Bañarse o vestirse,9913.0,24769.0,52.0,ENIGH (INEGI),Personas de 18 años o más,enigh
hogar,Es jefa o jefe del hogar,2020,Mujeres,Con discapacidad,Guanajuato,60+,Brazos o manos,12212.0,26893.0,60.0,ENIGH (INEGI),Personas de 18 años o más,enigh
hogar,Es jefa o jefe del hogar,2020,Mujeres,Con discapacidad,Guanajuato,60+,Caminar,40037.0,94385.0,184.0,ENIGH (INEGI),Personas de 18 años o más,enigh
hogar,Es jefa o jefe del hogar,2020,Mujeres,Con discapacidad,Guanajuato,60+,Hablar o comunicarse,1356.0,5075.0,11.0,ENIGH (INEGI),Personas de 18 años o más,enigh
hogar,Es jefa o jefe del hogar,2020,Mujeres,Con discapacidad,Guanajuato,60+,Mental,6984.0,12163.0,27.0,ENIGH (INEGI),Personas de 18 años o más,enigh
hogar,Es jefa o jefe del hogar,2020,Mujeres,Con discapacidad,Guanajuato,60+,Oír,10780.0,25862.0,56.0,ENIGH (INEGI),Personas de 18 años o más,enigh
hogar,Es jefa o jefe del hogar,2020,Mujeres,Con discapacidad,Guanajuato,60+,Recordar o concentrarse,8479.0,21413.0,45.0,ENIGH (INEGI),Personas de 18 años o más,enigh
hogar,Es jefa o jefe del hogar,2020,Mujeres,Con discapacidad,Guanajuato,60+,Ver,21561.0,47224.0,96.0,ENIGH (INEGI),Personas de 18 años o más,enigh
hogar,Es jefa o jefe del hogar,2020,Mujeres,Con discapacidad,Guerrero,18-29,Bañarse o vestirse,0.0,1437.0,4.0,ENIGH (INEGI),Personas de 18 años o más,enigh
hogar,Es jefa o jefe del hogar,2020,Mujeres,Con discapacidad,Guerrero,18-29,Brazos o manos,0.0,1302.0,3.0,ENIGH (INEGI),Personas de 18 años o más,enigh
hogar,Es jefa o jefe del hogar,2020,Mujeres,Con discapacidad,Guerrero,18-29,Caminar,0.0,3441.0,9.0,ENIGH (INEGI),Personas de 18 años o más,enigh
hogar,Es jefa o jefe del hogar,2020,Mujeres,Con discapacidad,Guerrero,18-29,Hablar o comunicarse,0.0,3611.0,10.0,ENIGH (INEGI),Personas de 18 años o más,enigh
hogar,Es jefa o jefe del hogar,2020,Mujeres,Con discapacidad,Guerrero,18-29,Mental,0.0,2114.0,6.0,ENIGH (INEGI),Personas de 18 años o más,enigh
hogar,Es jefa o jefe del hogar,2020,Mujeres,Con discapacidad,Guerrero,18-29,Oír,0.0,2727.0,7.0,ENIGH (INEGI),Personas de 18 años o más,enigh
hogar,Es jefa o jefe del hogar,2020,Mujeres,Con discapacidad,Guerrero,18-29,Recordar o concentrarse,0.0,1307.0,4.0,ENIGH (INEGI),Personas de 18 años o más,enigh
hogar,Es jefa o jefe del hogar,2020,Mujeres,Con discapacidad,Guerrero,18-29,Ver,0.0,4555.0,10.0,ENIGH (INEGI),Personas de 18 años o más,enigh
hogar,Es jefa o jefe del hogar,2020,Mujeres,Con discapacidad,Guerrero,30-44,Bañarse o vestirse,640.0,1751.0,4.0,ENIGH (INEGI),Personas de 18 años o más,enigh
hogar,Es jefa o jefe del hogar,2020,Mujeres,Con discapacidad,Guerrero,30-44,Brazos o manos,0.0,328.0,1.0,ENIGH (INEGI),Personas de 18 años o más,enigh
hogar,Es jefa o jefe del hogar,2020,Mujeres,Con discapacidad,Guerrero,30-44,Caminar,266.0,4143.0,12.0,ENIGH (INEGI),Personas de 18 años o más,enigh
hogar,Es jefa o jefe del hogar,2020,Mujeres,Con discapacidad,Guerrero,30-44,Hablar o comunicarse,988.0,3410.0,9.0,ENIGH (INEGI),Personas de 18 años o más,enigh
hogar,Es jefa o jefe del hogar,2020,Mujeres,Con discapacidad,Guerrero,30-44,Mental,1649.0,4393.0,10.0,ENIGH (INEGI),Personas de 18 años o más,enigh
hogar,Es jefa o jefe del hogar,2020,Mujeres,Con discapacidad,Guerrero,30-44,Oír,617.0,2507.0,6.0,ENIGH (INEGI),Personas de 18 años o más,enigh
hogar,Es jefa o jefe del hogar,2020,Mujeres,Con discapacidad,Guerrero,30-44,Recordar o concentrarse,1839.0,4178.0,11.0,ENIGH (INEGI),Personas de 18 años o más,enigh
hogar,Es jefa o jefe del hogar,2020,Mujeres,Con discapacidad,Guerrero,30-44,Ver,520.0,2247.0,6.0,ENIGH (INEGI),Personas de 18 años o más,enigh
hogar,Es jefa o jefe del hogar,2020,Mujeres,Con discapacidad,Guerrero,45-59,Bañarse o vestirse,905.0,3069.0,9.0,ENIGH (INEGI),Personas de 18 años o más,enigh
hogar,Es jefa o jefe del hogar,2020,Mujeres,Con discapacidad,Guerrero,45-59,Brazos o manos,2651.0,5656.0,16.0,ENIGH (INEGI),Personas de 18 años o más,enigh
hogar,Es jefa o jefe del hogar,2020,Mujeres,Con discapacidad,Guerrero,45-59,Caminar,3215.0,10406.0,32.0,ENIGH (INEGI),Personas de 18 años o más,enigh
hogar,Es jefa o jefe del hogar,2020,Mujeres,Con discapacidad,Guerrero,45-59,Hablar o comunicarse,301.0,3208.0,9.0,ENIGH (INEGI),Personas de 18 años o más,enigh
hogar,Es jefa o jefe del hogar,2020,Mujeres,Con discapacidad,Guerrero,45-59,Mental,4448.0,11306.0,28.0,ENIGH (INEGI),Personas de 18 años o más,enigh
hogar,Es jefa o jefe del hogar,2020,Mujeres,Con discapacidad,Guerrero,45-59,Oír,1013.0,2171.0,7.0,ENIGH (INEGI),Personas de 18 años o más,enigh
hogar,Es jefa o jefe del hogar,2020,Mujeres,Con discapacidad,Guerrero,45-59,Recordar o concentrarse,1498.0,3720.0,11.0,ENIGH (INEGI),Personas de 18 años o más,enigh
hogar,Es jefa o jefe del hogar,2020,Mujeres,Con discapacidad,Guerrero,45-59,Ver,2499.0,7483.0,22.0,ENIGH (INEGI),Personas de 18 años o más,enigh
hogar,Es jefa o jefe del hogar,2020,Mujeres,Con discapacidad,Guerrero,60+,Bañarse o vestirse,6486.0,13044.0,36.0,ENIGH (INEGI),Personas de 18 años o más,enigh
hogar,Es jefa o jefe del hogar,2020,Mujeres,Con discapacidad,Guerrero,60+,Brazos o manos,7654.0,16035.0,46.0,ENIGH (INEGI),Personas de 18 años o más,enigh
hogar,Es jefa o jefe del hogar,2020,Mujeres,Con discapacidad,Guerrero,60+,Caminar,14557.0,30507.0,88.0,ENIGH (INEGI),Personas de 18 años o más,enigh
hogar,Es jefa o jefe del hogar,2020,Mujeres,Con discapacidad,Guerrero,60+,Hablar o comunicarse,9842.0,20819.0,54.0,ENIGH (INEGI),Personas de 18 años o más,enigh
hogar,Es jefa o jefe del hogar,2020,Mujeres,Con discapacidad,Guerrero,60+,Mental,26738.0,48203.0,125.0,ENIGH (INEGI),Personas de 18 años o más,enigh
hogar,Es jefa o jefe del hogar,2020,Mujeres,Con discapacidad,Guerrero,60+,Oír,7984.0,19998.0,55.0,ENIGH (INEGI),Personas de 18 años o más,enigh
hogar,Es jefa o jefe del hogar,2020,Mujeres,Con discapacidad,Guerrero,60+,Recordar o concentrarse,7765.0,18823.0,51.0,ENIGH (INEGI),Personas de 18 años o más,enigh
hogar,Es jefa o jefe del hogar,2020,Mujeres,Con discapacidad,Guerrero,60+,Ver,11215.0,21649.0,59.0,ENIGH (INEGI),Personas de 18 años o más,enigh
hogar,Es jefa o jefe del hogar,2020,Mujeres,Con discapacidad,Hidalgo,18-29,Bañarse o vestirse,0.0,873.0,2.0,ENIGH (INEGI),Personas de 18 años o más,enigh
hogar,Es jefa o jefe del hogar,2020,Mujeres,Con discapacidad,Hidalgo,18-29,Brazos o manos,0.0,1247.0,3.0,ENIGH (INEGI),Personas de 18 años o más,enigh
hogar,Es jefa o jefe del hogar,2020,Mujeres,Con discapacidad,Hidalgo,18-29,Caminar,381.0,2289.0,6.0,ENIGH (INEGI),Personas de 18 años o más,enigh
hogar,Es jefa o jefe del hogar,2020,Mujeres,Con discapacidad,Hidalgo,18-29,Hablar o comunicarse,0.0,1873.0,5.0,ENIGH (INEGI),Personas de 18 años o más,enigh
hogar,Es jefa o jefe del hogar,2020,Mujeres,Con discapacidad,Hidalgo,18-29,Mental,0.0,1118.0,3.0,ENIGH (INEGI),Personas de 18 años o más,enigh
hogar,Es jefa o jefe del hogar,2020,Mujeres,Con discapacidad,Hidalgo,18-29,Oír,0.0,691.0,2.0,ENIGH (INEGI),Personas de 18 años o más,enigh
hogar,Es jefa o jefe del hogar,2020,Mujeres,Con discapacidad,Hidalgo,18-29,Recordar o concentrarse,0.0,2847.0,7.0,ENIGH (INEGI),Personas de 18 años o más,enigh
hogar,Es jefa o jefe del hogar,2020,Mujeres,Con discapacidad,Hidalgo,18-29,Ver,0.0,4463.0,11.0,ENIGH (INEGI),Personas de 18 años o más,enigh
hogar,Es jefa o jefe del hogar,2020,Mujeres,Con discapacidad,Hidalgo,30-44,Bañarse o vestirse,0.0,506.0,1.0,ENIGH (INEGI),Personas de 18 años o más,enigh
hogar,Es jefa o jefe del hogar,2020,Mujeres,Con discapacidad,Hidalgo,30-44,Brazos o manos,0.0,1709.0,4.0,ENIGH (INEGI),Personas de 18 años o más,enigh
hogar,Es jefa o jefe del hogar,2020,Mujeres,Con discapacidad,Hidalgo,30-44,Caminar,422.0,3539.0,9.0,ENIGH (INEGI),Personas de 18 años o más,enigh
hogar,Es jefa o jefe del hogar,2020,Mujeres,Con discapacidad,Hidalgo,30-44,Hablar o comunicarse,0.0,1571.0,4.0,ENIGH (INEGI),Personas de 18 años o más,enigh
hogar,Es jefa o jefe del hogar,2020,Mujeres,Con discapacidad,Hidalgo,30-44,Mental,0.0,921.0,2.0,ENIGH (INEGI),Personas de 18 años o más,enigh
hogar,Es jefa o jefe del hogar,2020,Mujeres,Con discapacidad,Hidalgo,30-44,Oír,0.0,2732.0,7.0,ENIGH (INEGI),Personas de 18 años o más,enigh
hogar,Es jefa o jefe del hogar,2020,Mujeres,Con discapacidad,Hidalgo,30-44,Recordar o concentrarse,0.0,2639.0,6.0,ENIGH (INEGI),Personas de 18 años o más,enigh
hogar,Es jefa o jefe del hogar,2020,Mujeres,Con discapacidad,Hidalgo,30-44,Ver,408.0,3820.0,10.0,ENIGH (INEGI),Personas de 18 años o más,enigh
hogar,Es jefa o jefe del hogar,2020,Mujeres,Con discapacidad,Hidalgo,45-59,Bañarse o vestirse,373.0,2076.0,5.0,ENIGH (INEGI),Personas de 18 años o más,enigh
hogar,Es jefa o jefe del hogar,2020,Mujeres,Con discapacidad,Hidalgo,45-59,Brazos o manos,1150.0,6299.0,15.0,ENIGH (INEGI),Personas de 18 años o más,enigh
hogar,Es jefa o jefe del hogar,2020,Mujeres,Con discapacidad,Hidalgo,45-59,Caminar,2288.0,10181.0,25.0,ENIGH (INEGI),Personas de 18 años o más,enigh
hogar,Es jefa o jefe del hogar,2020,Mujeres,Con discapacidad,Hidalgo,45-59,Hablar o comunicarse,0.0,716.0,2.0,ENIGH (INEGI),Personas de 18 años o más,enigh
hogar,Es jefa o jefe del hogar,2020,Mujeres,Con discapacidad,Hidalgo,45-59,Mental,394.0,1571.0,4.0,ENIGH (INEGI),Personas de 18 años o más,enigh
hogar,Es jefa o jefe del hogar,2020,Mujeres,Con discapacidad,Hidalgo,45-59,Oír,364.0,1547.0,4.0,ENIGH (INEGI),Personas de 18 años o más,enigh
hogar,Es jefa o jefe del hogar,2020,Mujeres,Con discapacidad,Hidalgo,45-59,Recordar o concentrarse,0.0,2019.0,5.0,ENIGH (INEGI),Personas de 18 años o más,enigh
hogar,Es jefa o jefe del hogar,2020,Mujeres,Con discapacidad,Hidalgo,45-59,Ver,4313.0,10335.0,22.0,ENIGH (INEGI),Personas de 18 años o más,enigh
hogar,Es jefa o jefe del hogar,2020,Mujeres,Con discapacidad,Hidalgo,60+,Bañarse o vestirse,4820.0,11828.0,32.0,ENIGH (INEGI),Personas de 18 años o más,enigh
hogar,Es jefa o jefe del hogar,2020,Mujeres,Con discapacidad,Hidalgo,60+,Brazos o manos,6176.0,13155.0,34.0,ENIGH (INEGI),Personas de 18 años o más,enigh
hogar,Es jefa o jefe del hogar,2020,Mujeres,Con discapacidad,Hidalgo,60+,Caminar,17911.0,40525.0,109.0,ENIGH (INEGI),Personas de 18 años o más,enigh
hogar,Es jefa o jefe del hogar,2020,Mujeres,Con discapacidad,Hidalgo,60+,Hablar o comunicarse,962.0,3833.0,10.0,ENIGH (INEGI),Personas de 18 años o más,enigh
hogar,Es jefa o jefe del hogar,2020,Mujeres,Con discapacidad,Hidalgo,60+,Mental,984.0,4661.0,12.0,ENIGH (INEGI),Personas de 18 años o más,enigh
hogar,Es jefa o jefe del hogar,2020,Mujeres,Con discapacidad,Hidalgo,60+,Oír,7959.0,17337.0,46.0,ENIGH (INEGI),Personas de 18 años o más,enigh
hogar,Es jefa o jefe del hogar,2020,Mujeres,Con discapacidad,Hidalgo,60+,Recordar o concentrarse,4179.0,10833.0,28.0,ENIGH (INEGI),Personas de 18 años o más,enigh
hogar,Es jefa o jefe del hogar,2020,Mujeres,Con discapacidad,Hidalgo,60+,Ver,8787.0,24728.0,66.0,ENIGH (INEGI),Personas de 18 años o más,enigh
hogar,Es jefa o jefe del hogar,2020,Mujeres,Con discapacidad,Jalisco,18-29,Bañarse o vestirse,0.0,3164.0,3.0,ENIGH (INEGI),Personas de 18 años o más,enigh
hogar,Es jefa o jefe del hogar,2020,Mujeres,Con discapacidad,Jalisco,18-29,Brazos o manos,0.0,1254.0,1.0,ENIGH (INEGI),Personas de 18 años o más,enigh
hogar,Es jefa o jefe del hogar,2020,Mujeres,Con discapacidad,Jalisco,18-29,Caminar,0.0,5052.0,7.0,ENIGH (INEGI),Personas de 18 años o más,enigh
hogar,Es jefa o jefe del hogar,2020,Mujeres,Con discapacidad,Jalisco,18-29,Hablar o comunicarse,0.0,2156.0,2.0,ENIGH (INEGI),Personas de 18 años o más,enigh
hogar,Es jefa o jefe del hogar,2020,Mujeres,Con discapacidad,Jalisco,18-29,Mental,0.0,3809.0,4.0,ENIGH (INEGI),Personas de 18 años o más,enigh
hogar,Es jefa o jefe del hogar,2020,Mujeres,Con discapacidad,Jalisco,18-29,Oír,0.0,902.0,1.0,ENIGH (INEGI),Personas de 18 años o más,enigh
hogar,Es jefa o jefe del hogar,2020,Mujeres,Con discapacidad,Jalisco,18-29,Recordar o concentrarse,0.0,3885.0,4.0,ENIGH (INEGI),Personas de 18 años o más,enigh
hogar,Es jefa o jefe del hogar,2020,Mujeres,Con discapacidad,Jalisco,18-29,Ver,918.0,7407.0,8.0,ENIGH (INEGI),Personas de 18 años o más,enigh
hogar,Es jefa o jefe del hogar,2020,Mujeres,Con discapacidad,Jalisco,30-44,Bañarse o vestirse,1138.0,1944.0,3.0,ENIGH (INEGI),Personas de 18 años o más,enigh
hogar,Es jefa o jefe del hogar,2020,Mujeres,Con discapacidad,Jalisco,30-44,Brazos o manos,0.0,2187.0,3.0,ENIGH (INEGI),Personas de 18 años o más,enigh
hogar,Es jefa o jefe del hogar,2020,Mujeres,Con discapacidad,Jalisco,30-44,Caminar,2507.0,7647.0,9.0,ENIGH (INEGI),Personas de 18 años o más,enigh
hogar,Es jefa o jefe del hogar,2020,Mujeres,Con discapacidad,Jalisco,30-44,Hablar o comunicarse,0.0,3169.0,7.0,ENIGH (INEGI),Personas de 18 años o más,enigh
hogar,Es jefa o jefe del hogar,2020,Mujeres,Con discapacidad,Jalisco,30-44,Mental,0.0,5043.0,8.0,ENIGH (INEGI),Personas de 18 años o más,enigh
hogar,Es jefa o jefe del hogar,2020,Mujeres,Con discapacidad,Jalisco,30-44,Oír,0.0,1186.0,3.0,ENIGH (INEGI),Personas de 18 años o más,enigh
hogar,Es jefa o jefe del hogar,2020,Mujeres,Con discapacidad,Jalisco,30-44,Recordar o concentrarse,0.0,4005.0,7.0,ENIGH (INEGI),Personas de 18 años o más,enigh
hogar,Es jefa o jefe del hogar,2020,Mujeres,Con discapacidad,Jalisco,30-44,Ver,3409.0,6542.0,7.0,ENIGH (INEGI),Personas de 18 años o más,enigh
hogar,Es jefa o jefe del hogar,2020,Mujeres,Con discapacidad,Jalisco,45-59,Bañarse o vestirse,981.0,5773.0,8.0,ENIGH (INEGI),Personas de 18 años o más,enigh
hogar,Es jefa o jefe del hogar,2020,Mujeres,Con discapacidad,Jalisco,45-59,Brazos o manos,2676.0,7023.0,9.0,ENIGH (INEGI),Personas de 18 años o más,enigh
hogar,Es jefa o jefe del hogar,2020,Mujeres,Con discapacidad,Jalisco,45-59,Caminar,9793.0,29613.0,33.0,ENIGH (INEGI),Personas de 18 años o más,enigh
hogar,Es jefa o jefe del hogar,2020,Mujeres,Con discapacidad,Jalisco,45-59,Hablar o comunicarse,0.0,2125.0,4.0,ENIGH (INEGI),Personas de 18 años o más,enigh
hogar,Es jefa o jefe del hogar,2020,Mujeres,Con discapacidad,Jalisco,45-59,Mental,1498.0,5958.0,7.0,ENIGH (INEGI),Personas de 18 años o más,enigh
hogar,Es jefa o jefe del hogar,2020,Mujeres,Con discapacidad,Jalisco,45-59,Oír,0.0,1584.0,4.0,ENIGH (INEGI),Personas de 18 años o más,enigh
hogar,Es jefa o jefe del hogar,2020,Mujeres,Con discapacidad,Jalisco,45-59,Recordar o concentrarse,2061.0,7827.0,10.0,ENIGH (INEGI),Personas de 18 años o más,enigh
hogar,Es jefa o jefe del hogar,2020,Mujeres,Con discapacidad,Jalisco,45-59,Ver,8208.0,19617.0,23.0,ENIGH (INEGI),Personas de 18 años o más,enigh
hogar,Es jefa o jefe del hogar,2020,Mujeres,Con discapacidad,Jalisco,60+,Bañarse o vestirse,16712.0,29601.0,32.0,ENIGH (INEGI),Personas de 18 años o más,enigh
hogar,Es jefa o jefe del hogar,2020,Mujeres,Con discapacidad,Jalisco,60+,Brazos o manos,19144.0,40085.0,48.0,ENIGH (INEGI),Personas de 18 años o más,enigh
hogar,Es jefa o jefe del hogar,2020,Mujeres,Con discapacidad,Jalisco,60+,Caminar,61561.0,112006.0,135.0,ENIGH (INEGI),Personas de 18 años o más,enigh
hogar,Es jefa o jefe del hogar,2020,Mujeres,Con discapacidad,Jalisco,60+,Hablar o comunicarse,3785.0,6585.0,8.0,ENIGH (INEGI),Personas de 18 años o más,enigh
hogar,Es jefa o jefe del hogar,2020,Mujeres,Con discapacidad,Jalisco,60+,Mental,9766.0,26241.0,29.0,ENIGH (INEGI),Personas de 18 años o más,enigh
hogar,Es jefa o jefe del hogar,2020,Mujeres,Con discapacidad,Jalisco,60+,Oír,15310.0,32571.0,38.0,ENIGH (INEGI),Personas de 18 años o más,enigh
hogar,Es jefa o jefe del hogar,2020,Mujeres,Con discapacidad,Jalisco,60+,Recordar o concentrarse,15106.0,28894.0,35.0,ENIGH (INEGI),Personas de 18 años o más,enigh
hogar,Es jefa o jefe del hogar,2020,Mujeres,Con discapacidad,Jalisco,60+,Ver,29305.0,55443.0,67.0,ENIGH (INEGI),Personas de 18 años o más,enigh
hogar,Es jefa o jefe del hogar,2020,Mujeres,Con discapacidad,Michoacán,18-29,Bañarse o vestirse,0.0,527.0,1.0,ENIGH (INEGI),Personas de 18 años o más,enigh
hogar,Es jefa o jefe del hogar,2020,Mujeres,Con discapacidad,Michoacán,18-29,Caminar,0.0,3205.0,5.0,ENIGH (INEGI),Personas de 18 años o más,enigh
hogar,Es jefa o jefe del hogar,2020,Mujeres,Con discapacidad,Michoacán,18-29,Hablar o comunicarse,0.0,2982.0,4.0,ENIGH (INEGI),Personas de 18 años o más,enigh
hogar,Es jefa o jefe del hogar,2020,Mujeres,Con discapacidad,Michoacán,18-29,Mental,0.0,3536.0,5.0,ENIGH (INEGI),Personas de 18 años o más,enigh
hogar,Es jefa o jefe del hogar,2020,Mujeres,Con discapacidad,Michoacán,18-29,Oír,0.0,2002.0,3.0,ENIGH (INEGI),Personas de 18 años o más,enigh
hogar,Es jefa o jefe del hogar,2020,Mujeres,Con discapacidad,Michoacán,18-29,Recordar o concentrarse,642.0,3110.0,5.0,ENIGH (INEGI),Personas de 18 años o más,enigh
hogar,Es jefa o jefe del hogar,2020,Mujeres,Con discapacidad,Michoacán,18-29,Ver,0.0,4870.0,7.0,ENIGH (INEGI),Personas de 18 años o más,enigh
hogar,Es jefa o jefe del hogar,2020,Mujeres,Con discapacidad,Michoacán,30-44,Bañarse o vestirse,0.0,1575.0,3.0,ENIGH (INEGI),Personas de 18 años o más,enigh
hogar,Es jefa o jefe del hogar,2020,Mujeres,Con discapacidad,Michoacán,30-44,Brazos o manos,1221.0,2965.0,5.0,ENIGH (INEGI),Personas de 18 años o más,enigh
hogar,Es jefa o jefe del hogar,2020,Mujeres,Con discapacidad,Michoacán,30-44,Caminar,1556.0,9475.0,16.0,ENIGH (INEGI),Personas de 18 años o más,enigh
hogar,Es jefa o jefe del hogar,2020,Mujeres,Con discapacidad,Michoacán,30-44,Hablar o comunicarse,0.0,3087.0,5.0,ENIGH (INEGI),Personas de 18 años o más,enigh
hogar,Es jefa o jefe del hogar,2020,Mujeres,Con discapacidad,Michoacán,30-44,Mental,0.0,3106.0,5.0,ENIGH (INEGI),Personas de 18 años o más,enigh
hogar,Es jefa o jefe del hogar,2020,Mujeres,Con discapacidad,Michoacán,30-44,Oír,686.0,1892.0,3.0,ENIGH (INEGI),Personas de 18 años o más,enigh
hogar,Es jefa o jefe del hogar,2020,Mujeres,Con discapacidad,Michoacán,30-44,Recordar o concentrarse,642.0,2834.0,5.0,ENIGH (INEGI),Personas de 18 años o más,enigh
hogar,Es jefa o jefe del hogar,2020,Mujeres,Con discapacidad,Michoacán,30-44,Ver,1714.0,5555.0,9.0,ENIGH (INEGI),Personas de 18 años o más,enigh
hogar,Es jefa o jefe del hogar,2020,Mujeres,Con discapacidad,Michoacán,45-59,Bañarse o vestirse,0.0,1736.0,3.0,ENIGH (INEGI),Personas de 18 años o más,enigh
hogar,Es jefa o jefe del hogar,2020,Mujeres,Con discapacidad,Michoacán,45-59,Brazos o manos,1243.0,5855.0,10.0,ENIGH (INEGI),Personas de 18 años o más,enigh
hogar,Es jefa o jefe del hogar,2020,Mujeres,Con discapacidad,Michoacán,45-59,Caminar,10111.0,26236.0,42.0,ENIGH (INEGI),Personas de 18 años o más,enigh
hogar,Es jefa o jefe del hogar,2020,Mujeres,Con discapacidad,Michoacán,45-59,Hablar o comunicarse,0.0,2099.0,4.0,ENIGH (INEGI),Personas de 18 años o más,enigh
hogar,Es jefa o jefe del hogar,2020,Mujeres,Con discapacidad,Michoacán,45-59,Mental,2173.0,5203.0,8.0,ENIGH (INEGI),Personas de 18 años o más,enigh
hogar,Es jefa o jefe del hogar,2020,Mujeres,Con discapacidad,Michoacán,45-59,Oír,2975.0,7242.0,12.0,ENIGH (INEGI),Personas de 18 años o más,enigh
hogar,Es jefa o jefe del hogar,2020,Mujeres,Con discapacidad,Michoacán,45-59,Recordar o concentrarse,2030.0,9706.0,15.0,ENIGH (INEGI),Personas de 18 años o más,enigh
hogar,Es jefa o jefe del hogar,2020,Mujeres,Con discapacidad,Michoacán,45-59,Ver,6981.0,21347.0,34.0,ENIGH (INEGI),Personas de 18 años o más,enigh
hogar,Es jefa o jefe del hogar,2020,Mujeres,Con discapacidad,Michoacán,60+,Bañarse o vestirse,13028.0,22447.0,37.0,ENIGH (INEGI),Personas de 18 años o más,enigh
hogar,Es jefa o jefe del hogar,2020,Mujeres,Con discapacidad,Michoacán,60+,Brazos o manos,11599.0,22251.0,37.0,ENIGH (INEGI),Personas de 18 años o más,enigh
hogar,Es jefa o jefe del hogar,2020,Mujeres,Con discapacidad,Michoacán,60+,Caminar,39045.0,76313.0,127.0,ENIGH (INEGI),Personas de 18 años o más,enigh
hogar,Es jefa o jefe del hogar,2020,Mujeres,Con discapacidad,Michoacán,60+,Hablar o comunicarse,2529.0,5975.0,10.0,ENIGH (INEGI),Personas de 18 años o más,enigh
hogar,Es jefa o jefe del hogar,2020,Mujeres,Con discapacidad,Michoacán,60+,Mental,3244.0,8749.0,14.0,ENIGH (INEGI),Personas de 18 años o más,enigh
hogar,Es jefa o jefe del hogar,2020,Mujeres,Con discapacidad,Michoacán,60+,Oír,6138.0,15144.0,25.0,ENIGH (INEGI),Personas de 18 años o más,enigh
hogar,Es jefa o jefe del hogar,2020,Mujeres,Con discapacidad,Michoacán,60+,Recordar o concentrarse,7679.0,20429.0,31.0,ENIGH (INEGI),Personas de 18 años o más,enigh
hogar,Es jefa o jefe del hogar,2020,Mujeres,Con discapacidad,Michoacán,60+,Ver,18435.0,35267.0,59.0,ENIGH (INEGI),Personas de 18 años o más,enigh
hogar,Es jefa o jefe del hogar,2020,Mujeres,Con discapacidad,Morelos,18-29,Bañarse o vestirse,0.0,255.0,2.0,ENIGH (INEGI),Personas de 18 años o más,enigh
hogar,Es jefa o jefe del hogar,2020,Mujeres,Con discapacidad,Morelos,18-29,Brazos o manos,0.0,536.0,3.0,ENIGH (INEGI),Personas de 18 años o más,enigh
hogar,Es jefa o jefe del hogar,2020,Mujeres,Con discapacidad,Morelos,18-29,Caminar,228.0,1492.0,7.0,ENIGH (INEGI),Personas de 18 años o más,enigh
hogar,Es jefa o jefe del hogar,2020,Mujeres,Con discapacidad,Morelos,18-29,Hablar o comunicarse,0.0,630.0,3.0,ENIGH (INEGI),Personas de 18 años o más,enigh
hogar,Es jefa o jefe del hogar,2020,Mujeres,Con discapacidad,Morelos,18-29,Mental,0.0,714.0,4.0,ENIGH (INEGI),Personas de 18 años o más,enigh
hogar,Es jefa o jefe del hogar,2020,Mujeres,Con discapacidad,Morelos,18-29,Recordar o concentrarse,228.0,936.0,5.0,ENIGH (INEGI),Personas de 18 años o más,enigh
hogar,Es jefa o jefe del hogar,2020,Mujeres,Con discapacidad,Morelos,18-29,Ver,0.0,2286.0,9.0,ENIGH (INEGI),Personas de 18 años o más,enigh
hogar,Es jefa o jefe del hogar,2020,Mujeres,Con discapacidad,Morelos,30-44,Bañarse o vestirse,0.0,420.0,1.0,ENIGH (INEGI),Personas de 18 años o más,enigh
hogar,Es jefa o jefe del hogar,2020,Mujeres,Con discapacidad,Morelos,30-44,Brazos o manos,0.0,892.0,3.0,ENIGH (INEGI),Personas de 18 años o más,enigh
hogar,Es jefa o jefe del hogar,2020,Mujeres,Con discapacidad,Morelos,30-44,Caminar,84.0,1539.0,7.0,ENIGH (INEGI),Personas de 18 años o más,enigh
hogar,Es jefa o jefe del hogar,2020,Mujeres,Con discapacidad,Morelos,30-44,Hablar o comunicarse,0.0,808.0,3.0,ENIGH (INEGI),Personas de 18 años o más,enigh
hogar,Es jefa o jefe del hogar,2020,Mujeres,Con discapacidad,Morelos,30-44,Mental,0.0,1348.0,6.0,ENIGH (INEGI),Personas de 18 años o más,enigh
hogar,Es jefa o jefe del hogar,2020,Mujeres,Con discapacidad,Morelos,30-44,Oír,0.0,572.0,2.0,ENIGH (INEGI),Personas de 18 años o más,enigh
hogar,Es jefa o jefe del hogar,2020,Mujeres,Con discapacidad,Morelos,30-44,Recordar o concentrarse,0.0,1529.0,8.0,ENIGH (INEGI),Personas de 18 años o más,enigh
hogar,Es jefa o jefe del hogar,2020,Mujeres,Con discapacidad,Morelos,30-44,Ver,469.0,2238.0,9.0,ENIGH (INEGI),Personas de 18 años o más,enigh
hogar,Es jefa o jefe del hogar,2020,Mujeres,Con discapacidad,Morelos,45-59,Bañarse o vestirse,225.0,648.0,3.0,ENIGH (INEGI),Personas de 18 años o más,enigh
hogar,Es jefa o jefe del hogar,2020,Mujeres,Con discapacidad,Morelos,45-59,Brazos o manos,1107.0,2680.0,10.0,ENIGH (INEGI),Personas de 18 años o más,enigh
hogar,Es jefa o jefe del hogar,2020,Mujeres,Con discapacidad,Morelos,45-59,Caminar,2870.0,5355.0,25.0,ENIGH (INEGI),Personas de 18 años o más,enigh
hogar,Es jefa o jefe del hogar,2020,Mujeres,Con discapacidad,Morelos,45-59,Hablar o comunicarse,301.0,919.0,5.0,ENIGH (INEGI),Personas de 18 años o más,enigh
hogar,Es jefa o jefe del hogar,2020,Mujeres,Con discapacidad,Morelos,45-59,Mental,616.0,1682.0,7.0,ENIGH (INEGI),Personas de 18 años o más,enigh
hogar,Es jefa o jefe del hogar,2020,Mujeres,Con discapacidad,Morelos,45-59,Oír,372.0,570.0,3.0,ENIGH (INEGI),Personas de 18 años o más,enigh
hogar,Es jefa o jefe del hogar,2020,Mujeres,Con discapacidad,Morelos,45-59,Recordar o concentrarse,1408.0,2082.0,9.0,ENIGH (INEGI),Personas de 18 años o más,enigh
hogar,Es jefa o jefe del hogar,2020,Mujeres,Con discapacidad,Morelos,45-59,Ver,2005.0,5349.0,27.0,ENIGH (INEGI),Personas de 18 años o más,enigh
hogar,Es jefa o jefe del hogar,2020,Mujeres,Con discapacidad,Morelos,60+,Bañarse o vestirse,4299.0,10608.0,42.0,ENIGH (INEGI),Personas de 18 años o más,enigh
hogar,Es jefa o jefe del hogar,2020,Mujeres,Con discapacidad,Morelos,60+,Brazos o manos,5299.0,11121.0,47.0,ENIGH (INEGI),Personas de 18 años o más,enigh
hogar,Es jefa o jefe del hogar,2020,Mujeres,Con discapacidad,Morelos,60+,Caminar,18171.0,37484.0,164.0,ENIGH (INEGI),Personas de 18 años o más,enigh
hogar,Es jefa o jefe del hogar,2020,Mujeres,Con discapacidad,Morelos,60+,Hablar o comunicarse,2255.0,4939.0,23.0,ENIGH (INEGI),Personas de 18 años o más,enigh
hogar,Es jefa o jefe del hogar,2020,Mujeres,Con discapacidad,Morelos,60+,Mental,3454.0,6619.0,28.0,ENIGH (INEGI),Personas de 18 años o más,enigh
hogar,Es jefa o jefe del hogar,2020,Mujeres,Con discapacidad,Morelos,60+,Oír,7291.0,15197.0,65.0,ENIGH (INEGI),Personas de 18 años o más,enigh
hogar,Es jefa o jefe del hogar,2020,Mujeres,Con discapacidad,Morelos,60+,Recordar o concentrarse,5528.0,12531.0,52.0,ENIGH (INEGI),Personas de 18 años o más,enigh
hogar,Es jefa o jefe del hogar,2020,Mujeres,Con discapacidad,Morelos,60+,Ver,8906.0,17561.0,77.0,ENIGH (INEGI),Personas de 18 años o más,enigh
hogar,Es jefa o jefe del hogar,2020,Mujeres,Con discapacidad,México,18-29,Bañarse o vestirse,0.0,8505.0,6.0,ENIGH (INEGI),Personas de 18 años o más,enigh
hogar,Es jefa o jefe del hogar,2020,Mujeres,Con discapacidad,México,18-29,Brazos o manos,0.0,8037.0,5.0,ENIGH (INEGI),Personas de 18 años o más,enigh
hogar,Es jefa o jefe del hogar,2020,Mujeres,Con discapacidad,México,18-29,Caminar,0.0,10369.0,8.0,ENIGH (INEGI),Personas de 18 años o más,enigh
hogar,Es jefa o jefe del hogar,2020,Mujeres,Con discapacidad,México,18-29,Hablar o comunicarse,0.0,4824.0,6.0,ENIGH (INEGI),Personas de 18 años o más,enigh
hogar,Es jefa o jefe del hogar,2020,Mujeres,Con discapacidad,México,18-29,Mental,0.0,10244.0,9.0,ENIGH (INEGI),Personas de 18 años o más,enigh
hogar,Es jefa o jefe del hogar,2020,Mujeres,Con discapacidad,México,18-29,Oír,0.0,4355.0,5.0,ENIGH (INEGI),Personas de 18 años o más,enigh
hogar,Es jefa o jefe del hogar,2020,Mujeres,Con discapacidad,México,18-29,Recordar o concentrarse,0.0,8043.0,6.0,ENIGH (INEGI),Personas de 18 años o más,enigh
hogar,Es jefa o jefe del hogar,2020,Mujeres,Con discapacidad,México,18-29,Ver,0.0,11244.0,10.0,ENIGH (INEGI),Personas de 18 años o más,enigh
hogar,Es jefa o jefe del hogar,2020,Mujeres,Con discapacidad,México,30-44,Bañarse o vestirse,0.0,11085.0,8.0,ENIGH (INEGI),Personas de 18 años o más,enigh
hogar,Es jefa o jefe del hogar,2020,Mujeres,Con discapacidad,México,30-44,Brazos o manos,2058.0,8606.0,6.0,ENIGH (INEGI),Personas de 18 años o más,enigh
hogar,Es jefa o jefe del hogar,2020,Mujeres,Con discapacidad,México,30-44,Caminar,2313.0,17867.0,11.0,ENIGH (INEGI),Personas de 18 años o más,enigh
hogar,Es jefa o jefe del hogar,2020,Mujeres,Con discapacidad,México,30-44,Hablar o comunicarse,0.0,7127.0,5.0,ENIGH (INEGI),Personas de 18 años o más,enigh
hogar,Es jefa o jefe del hogar,2020,Mujeres,Con discapacidad,México,30-44,Mental,0.0,11020.0,9.0,ENIGH (INEGI),Personas de 18 años o más,enigh
hogar,Es jefa o jefe del hogar,2020,Mujeres,Con discapacidad,México,30-44,Oír,0.0,4768.0,5.0,ENIGH (INEGI),Personas de 18 años o más,enigh
hogar,Es jefa o jefe del hogar,2020,Mujeres,Con discapacidad,México,30-44,Recordar o concentrarse,0.0,7882.0,5.0,ENIGH (INEGI),Personas de 18 años o más,enigh
hogar,Es jefa o jefe del hogar,2020,Mujeres,Con discapacidad,México,30-44,Ver,965.0,18813.0,17.0,ENIGH (INEGI),Personas de 18 años o más,enigh
hogar,Es jefa o jefe del hogar,2020,Mujeres,Con discapacidad,México,45-59,Bañarse o vestirse,2576.0,6805.0,7.0,ENIGH (INEGI),Personas de 18 años o más,enigh
hogar,Es jefa o jefe del hogar,2020,Mujeres,Con discapacidad,México,45-59,Brazos o manos,626.0,6915.0,9.0,ENIGH (INEGI),Personas de 18 años o más,enigh
hogar,Es jefa o jefe del hogar,2020,Mujeres,Con discapacidad,México,45-59,Caminar,9660.0,33627.0,38.0,ENIGH (INEGI),Personas de 18 años o más,enigh
hogar,Es jefa o jefe del hogar,2020,Mujeres,Con discapacidad,México,45-59,Hablar o comunicarse,270.0,7144.0,6.0,ENIGH (INEGI),Personas de 18 años o más,enigh
hogar,Es jefa o jefe del hogar,2020,Mujeres,Con discapacidad,México,45-59,Mental,2616.0,10342.0,8.0,ENIGH (INEGI),Personas de 18 años o más,enigh
hogar,Es jefa o jefe del hogar,2020,Mujeres,Con discapacidad,México,45-59,Oír,2306.0,15429.0,9.0,ENIGH (INEGI),Personas de 18 años o más,enigh
hogar,Es jefa o jefe del hogar,2020,Mujeres,Con discapacidad,México,45-59,Recordar o concentrarse,1640.0,11280.0,12.0,ENIGH (INEGI),Personas de 18 años o más,enigh
hogar,Es jefa o jefe del hogar,2020,Mujeres,Con discapacidad,México,45-59,Ver,9137.0,30747.0,35.0,ENIGH (INEGI),Personas de 18 años o más,enigh
hogar,Es jefa o jefe del hogar,2020,Mujeres,Con discapacidad,México,60+,Bañarse o vestirse,12351.0,44198.0,35.0,ENIGH (INEGI),Personas de 18 años o más,enigh
hogar,Es jefa o jefe del hogar,2020,Mujeres,Con discapacidad,México,60+,Brazos o manos,17180.0,51068.0,44.0,ENIGH (INEGI),Personas de 18 años o más,enigh
hogar,Es jefa o jefe del hogar,2020,Mujeres,Con discapacidad,México,60+,Caminar,77717.0,184449.0,139.0,ENIGH (INEGI),Personas de 18 años o más,enigh
hogar,Es jefa o jefe del hogar,2020,Mujeres,Con discapacidad,México,60+,Hablar o comunicarse,2215.0,9721.0,9.0,ENIGH (INEGI),Personas de 18 años o más,enigh
hogar,Es jefa o jefe del hogar,2020,Mujeres,Con discapacidad,México,60+,Mental,779.0,15089.0,16.0,ENIGH (INEGI),Personas de 18 años o más,enigh
hogar,Es jefa o jefe del hogar,2020,Mujeres,Con discapacidad,México,60+,Oír,14236.0,38736.0,35.0,ENIGH (INEGI),Personas de 18 años o más,enigh
hogar,Es jefa o jefe del hogar,2020,Mujeres,Con discapacidad,México,60+,Recordar o concentrarse,15400.0,33979.0,33.0,ENIGH (INEGI),Personas de 18 años o más,enigh
hogar,Es jefa o jefe del hogar,2020,Mujeres,Con discapacidad,México,60+,Ver,32445.0,75841.0,63.0,ENIGH (INEGI),Personas de 18 años o más,enigh
hogar,Es jefa o jefe del hogar,2020,Mujeres,Con discapacidad,Nayarit,18-29,Caminar,0.0,324.0,2.0,ENIGH (INEGI),Personas de 18 años o más,enigh
hogar,Es jefa o jefe del hogar,2020,Mujeres,Con discapacidad,Nayarit,18-29,Hablar o comunicarse,0.0,370.0,2.0,ENIGH (INEGI),Personas de 18 años o más,enigh
hogar,Es jefa o jefe del hogar,2020,Mujeres,Con discapacidad,Nayarit,18-29,Mental,0.0,989.0,5.0,ENIGH (INEGI),Personas de 18 años o más,enigh
hogar,Es jefa o jefe del hogar,2020,Mujeres,Con discapacidad,Nayarit,18-29,Recordar o concentrarse,0.0,769.0,4.0,ENIGH (INEGI),Personas de 18 años o más,enigh
hogar,Es jefa o jefe del hogar,2020,Mujeres,Con discapacidad,Nayarit,18-29,Ver,0.0,874.0,5.0,ENIGH (INEGI),Personas de 18 años o más,enigh
hogar,Es jefa o jefe del hogar,2020,Mujeres,Con discapacidad,Nayarit,30-44,Bañarse o vestirse,0.0,492.0,3.0,ENIGH (INEGI),Personas de 18 años o más,enigh
hogar,Es jefa o jefe del hogar,2020,Mujeres,Con discapacidad,Nayarit,30-44,Brazos o manos,0.0,562.0,3.0,ENIGH (INEGI),Personas de 18 años o más,enigh
hogar,Es jefa o jefe del hogar,2020,Mujeres,Con discapacidad,Nayarit,30-44,Caminar,182.0,382.0,2.0,ENIGH (INEGI),Personas de 18 años o más,enigh
hogar,Es jefa o jefe del hogar,2020,Mujeres,Con discapacidad,Nayarit,30-44,Hablar o comunicarse,0.0,628.0,4.0,ENIGH (INEGI),Personas de 18 años o más,enigh
hogar,Es jefa o jefe del hogar,2020,Mujeres,Con discapacidad,Nayarit,30-44,Mental,0.0,1246.0,7.0,ENIGH (INEGI),Personas de 18 años o más,enigh
hogar,Es jefa o jefe del hogar,2020,Mujeres,Con discapacidad,Nayarit,30-44,Oír,146.0,493.0,3.0,ENIGH (INEGI),Personas de 18 años o más,enigh
hogar,Es jefa o jefe del hogar,2020,Mujeres,Con discapacidad,Nayarit,30-44,Recordar o concentrarse,182.0,1402.0,8.0,ENIGH (INEGI),Personas de 18 años o más,enigh
hogar,Es jefa o jefe del hogar,2020,Mujeres,Con discapacidad,Nayarit,30-44,Ver,0.0,1230.0,6.0,ENIGH (INEGI),Personas de 18 años o más,enigh
hogar,Es jefa o jefe del hogar,2020,Mujeres,Con discapacidad,Nayarit,45-59,Bañarse o vestirse,193.0,678.0,4.0,ENIGH (INEGI),Personas de 18 años o más,enigh
hogar,Es jefa o jefe del hogar,2020,Mujeres,Con discapacidad,Nayarit,45-59,Brazos o manos,571.0,1734.0,10.0,ENIGH (INEGI),Personas de 18 años o más,enigh
hogar,Es jefa o jefe del hogar,2020,Mujeres,Con discapacidad,Nayarit,45-59,Caminar,888.0,3930.0,23.0,ENIGH (INEGI),Personas de 18 años o más,enigh
hogar,Es jefa o jefe del hogar,2020,Mujeres,Con discapacidad,Nayarit,45-59,Hablar o comunicarse,340.0,882.0,5.0,ENIGH (INEGI),Personas de 18 años o más,enigh
hogar,Es jefa o jefe del hogar,2020,Mujeres,Con discapacidad,Nayarit,45-59,Mental,0.0,957.0,6.0,ENIGH (INEGI),Personas de 18 años o más,enigh
hogar,Es jefa o jefe del hogar,2020,Mujeres,Con discapacidad,Nayarit,45-59,Oír,371.0,1265.0,7.0,ENIGH (INEGI),Personas de 18 años o más,enigh
hogar,Es jefa o jefe del hogar,2020,Mujeres,Con discapacidad,Nayarit,45-59,Recordar o concentrarse,511.0,2394.0,14.0,ENIGH (INEGI),Personas de 18 años o más,enigh
hogar,Es jefa o jefe del hogar,2020,Mujeres,Con discapacidad,Nayarit,45-59,Ver,1546.0,3749.0,21.0,ENIGH (INEGI),Personas de 18 años o más,enigh
hogar,Es jefa o jefe del hogar,2020,Mujeres,Con discapacidad,Nayarit,60+,Bañarse o vestirse,2115.0,4847.0,29.0,ENIGH (INEGI),Personas de 18 años o más,enigh
hogar,Es jefa o jefe del hogar,2020,Mujeres,Con discapacidad,Nayarit,60+,Brazos o manos,3744.0,7741.0,46.0,ENIGH (INEGI),Personas de 18 años o más,enigh
hogar,Es jefa o jefe del hogar,2020,Mujeres,Con discapacidad,Nayarit,60+,Caminar,9011.0,16832.0,99.0,ENIGH (INEGI),Personas de 18 años o más,enigh
hogar,Es jefa o jefe del hogar,2020,Mujeres,Con discapacidad,Nayarit,60+,Hablar o comunicarse,819.0,2703.0,16.0,ENIGH (INEGI),Personas de 18 años o más,enigh
hogar,Es jefa o jefe del hogar,2020,Mujeres,Con discapacidad,Nayarit,60+,Mental,1610.0,4604.0,27.0,ENIGH (INEGI),Personas de 18 años o más,enigh
hogar,Es jefa o jefe del hogar,2020,Mujeres,Con discapacidad,Nayarit,60+,Oír,1710.0,4285.0,25.0,ENIGH (INEGI),Personas de 18 años o más,enigh
hogar,Es jefa o jefe del hogar,2020,Mujeres,Con discapacidad,Nayarit,60+,Recordar o concentrarse,2002.0,4764.0,29.0,ENIGH (INEGI),Personas de 18 años o más,enigh
hogar,Es jefa o jefe del hogar,2020,Mujeres,Con discapacidad,Nayarit,60+,Ver,4896.0,8124.0,48.0,ENIGH (INEGI),Personas de 18 años o más,enigh
hogar,Es jefa o jefe del hogar,2020,Mujeres,Con discapacidad,Nuevo León,18-29,Bañarse o vestirse,0.0,819.0,2.0,ENIGH (INEGI),Personas de 18 años o más,enigh
hogar,Es jefa o jefe del hogar,2020,Mujeres,Con discapacidad,Nuevo León,18-29,Brazos o manos,0.0,758.0,1.0,ENIGH (INEGI),Personas de 18 años o más,enigh
hogar,Es jefa o jefe del hogar,2020,Mujeres,Con discapacidad,Nuevo León,18-29,Caminar,0.0,3259.0,4.0,ENIGH (INEGI),Personas de 18 años o más,enigh
hogar,Es jefa o jefe del hogar,2020,Mujeres,Con discapacidad,Nuevo León,18-29,Hablar o comunicarse,0.0,2431.0,3.0,ENIGH (INEGI),Personas de 18 años o más,enigh
hogar,Es jefa o jefe del hogar,2020,Mujeres,Con discapacidad,Nuevo León,18-29,Mental,0.0,861.0,3.0,ENIGH (INEGI),Personas de 18 años o más,enigh
hogar,Es jefa o jefe del hogar,2020,Mujeres,Con discapacidad,Nuevo León,18-29,Oír,0.0,1616.0,2.0,ENIGH (INEGI),Personas de 18 años o más,enigh
hogar,Es jefa o jefe del hogar,2020,Mujeres,Con discapacidad,Nuevo León,18-29,Recordar o concentrarse,0.0,1676.0,4.0,ENIGH (INEGI),Personas de 18 años o más,enigh
hogar,Es jefa o jefe del hogar,2020,Mujeres,Con discapacidad,Nuevo León,18-29,Ver,719.0,2293.0,4.0,ENIGH (INEGI),Personas de 18 años o más,enigh
hogar,Es jefa o jefe del hogar,2020,Mujeres,Con discapacidad,Nuevo León,30-44,Bañarse o vestirse,0.0,3005.0,6.0,ENIGH (INEGI),Personas de 18 años o más,enigh
hogar,Es jefa o jefe del hogar,2020,Mujeres,Con discapacidad,Nuevo León,30-44,Brazos o manos,0.0,2909.0,5.0,ENIGH (INEGI),Personas de 18 años o más,enigh
hogar,Es jefa o jefe del hogar,2020,Mujeres,Con discapacidad,Nuevo León,30-44,Caminar,0.0,8572.0,17.0,ENIGH (INEGI),Personas de 18 años o más,enigh
hogar,Es jefa o jefe del hogar,2020,Mujeres,Con discapacidad,Nuevo León,30-44,Hablar o comunicarse,0.0,1250.0,7.0,ENIGH (INEGI),Personas de 18 años o más,enigh
hogar,Es jefa o jefe del hogar,2020,Mujeres,Con discapacidad,Nuevo León,30-44,Mental,956.0,3188.0,8.0,ENIGH (INEGI),Personas de 18 años o más,enigh
hogar,Es jefa o jefe del hogar,2020,Mujeres,Con discapacidad,Nuevo León,30-44,Oír,710.0,1414.0,6.0,ENIGH (INEGI),Personas de 18 años o más,enigh
hogar,Es jefa o jefe del hogar,2020,Mujeres,Con discapacidad,Nuevo León,30-44,Recordar o concentrarse,956.0,4067.0,11.0,ENIGH (INEGI),Personas de 18 años o más,enigh
hogar,Es jefa o jefe del hogar,2020,Mujeres,Con discapacidad,Nuevo León,30-44,Ver,0.0,3464.0,9.0,ENIGH (INEGI),Personas de 18 años o más,enigh
hogar,Es jefa o jefe del hogar,2020,Mujeres,Con discapacidad,Nuevo León,45-59,Bañarse o vestirse,772.0,4222.0,13.0,ENIGH (INEGI),Personas de 18 años o más,enigh
hogar,Es jefa o jefe del hogar,2020,Mujeres,Con discapacidad,Nuevo León,45-59,Brazos o manos,2108.0,8191.0,22.0,ENIGH (INEGI),Personas de 18 años o más,enigh
hogar,Es jefa o jefe del hogar,2020,Mujeres,Con discapacidad,Nuevo León,45-59,Caminar,3008.0,17922.0,46.0,ENIGH (INEGI),Personas de 18 años o más,enigh
hogar,Es jefa o jefe del hogar,2020,Mujeres,Con discapacidad,Nuevo León,45-59,Hablar o comunicarse,719.0,2852.0,9.0,ENIGH (INEGI),Personas de 18 años o más,enigh
hogar,Es jefa o jefe del hogar,2020,Mujeres,Con discapacidad,Nuevo León,45-59,Mental,0.0,1351.0,9.0,ENIGH (INEGI),Personas de 18 años o más,enigh
hogar,Es jefa o jefe del hogar,2020,Mujeres,Con discapacidad,Nuevo León,45-59,Oír,1633.0,5448.0,10.0,ENIGH (INEGI),Personas de 18 años o más,enigh
hogar,Es jefa o jefe del hogar,2020,Mujeres,Con discapacidad,Nuevo León,45-59,Recordar o concentrarse,112.0,2634.0,13.0,ENIGH (INEGI),Personas de 18 años o más,enigh
hogar,Es jefa o jefe del hogar,2020,Mujeres,Con discapacidad,Nuevo León,45-59,Ver,3531.0,13708.0,38.0,ENIGH (INEGI),Personas de 18 años o más,enigh
hogar,Es jefa o jefe del hogar,2020,Mujeres,Con discapacidad,Nuevo León,60+,Bañarse o vestirse,8707.0,23263.0,51.0,ENIGH (INEGI),Personas de 18 años o más,enigh
hogar,Es jefa o jefe del hogar,2020,Mujeres,Con discapacidad,Nuevo León,60+,Brazos o manos,14902.0,34067.0,69.0,ENIGH (INEGI),Personas de 18 años o más,enigh
hogar,Es jefa o jefe del hogar,2020,Mujeres,Con discapacidad,Nuevo León,60+,Caminar,39446.0,83162.0,175.0,ENIGH (INEGI),Personas de 18 años o más,enigh
hogar,Es jefa o jefe del hogar,2020,Mujeres,Con discapacidad,Nuevo León,60+,Hablar o comunicarse,4918.0,12007.0,22.0,ENIGH (INEGI),Personas de 18 años o más,enigh
hogar,Es jefa o jefe del hogar,2020,Mujeres,Con discapacidad,Nuevo León,60+,Mental,5495.0,11836.0,26.0,ENIGH (INEGI),Personas de 18 años o más,enigh
hogar,Es jefa o jefe del hogar,2020,Mujeres,Con discapacidad,Nuevo León,60+,Oír,11541.0,24998.0,54.0,ENIGH (INEGI),Personas de 18 años o más,enigh
hogar,Es jefa o jefe del hogar,2020,Mujeres,Con discapacidad,Nuevo León,60+,Recordar o concentrarse,11436.0,23615.0,45.0,ENIGH (INEGI),Personas de 18 años o más,enigh
hogar,Es jefa o jefe del hogar,2020,Mujeres,Con discapacidad,Nuevo León,60+,Ver,16288.0,38519.0,85.0,ENIGH (INEGI),Personas de 18 años o más,enigh
hogar,Es jefa o jefe del hogar,2020,Mujeres,Con discapacidad,Oaxaca,18-29,Bañarse o vestirse,0.0,357.0,1.0,ENIGH (INEGI),Personas de 18 años o más,enigh
hogar,Es jefa o jefe del hogar,2020,Mujeres,Con discapacidad,Oaxaca,18-29,Brazos o manos,0.0,357.0,1.0,ENIGH (INEGI),Personas de 18 años o más,enigh
hogar,Es jefa o jefe del hogar,2020,Mujeres,Con discapacidad,Oaxaca,18-29,Caminar,0.0,922.0,2.0,ENIGH (INEGI),Personas de 18 años o más,enigh
hogar,Es jefa o jefe del hogar,2020,Mujeres,Con discapacidad,Oaxaca,18-29,Hablar o comunicarse,0.0,1061.0,3.0,ENIGH (INEGI),Personas de 18 años o más,enigh
hogar,Es jefa o jefe del hogar,2020,Mujeres,Con discapacidad,Oaxaca,18-29,Mental,575.0,1843.0,5.0,ENIGH (INEGI),Personas de 18 años o más,enigh
hogar,Es jefa o jefe del hogar,2020,Mujeres,Con discapacidad,Oaxaca,18-29,Oír,0.0,1146.0,3.0,ENIGH (INEGI),Personas de 18 años o más,enigh
hogar,Es jefa o jefe del hogar,2020,Mujeres,Con discapacidad,Oaxaca,18-29,Recordar o concentrarse,0.0,1267.0,4.0,ENIGH (INEGI),Personas de 18 años o más,enigh
hogar,Es jefa o jefe del hogar,2020,Mujeres,Con discapacidad,Oaxaca,18-29,Ver,0.0,4040.0,11.0,ENIGH (INEGI),Personas de 18 años o más,enigh
hogar,Es jefa o jefe del hogar,2020,Mujeres,Con discapacidad,Oaxaca,30-44,Bañarse o vestirse,0.0,1079.0,3.0,ENIGH (INEGI),Personas de 18 años o más,enigh
hogar,Es jefa o jefe del hogar,2020,Mujeres,Con discapacidad,Oaxaca,30-44,Brazos o manos,0.0,2198.0,6.0,ENIGH (INEGI),Personas de 18 años o más,enigh
hogar,Es jefa o jefe del hogar,2020,Mujeres,Con discapacidad,Oaxaca,30-44,Caminar,734.0,4572.0,11.0,ENIGH (INEGI),Personas de 18 años o más,enigh
hogar,Es jefa o jefe del hogar,2020,Mujeres,Con discapacidad,Oaxaca,30-44,Hablar o comunicarse,0.0,1367.0,4.0,ENIGH (INEGI),Personas de 18 años o más,enigh
hogar,Es jefa o jefe del hogar,2020,Mujeres,Con discapacidad,Oaxaca,30-44,Mental,0.0,2452.0,7.0,ENIGH (INEGI),Personas de 18 años o más,enigh
hogar,Es jefa o jefe del hogar,2020,Mujeres,Con discapacidad,Oaxaca,30-44,Oír,576.0,2630.0,5.0,ENIGH (INEGI),Personas de 18 años o más,enigh
hogar,Es jefa o jefe del hogar,2020,Mujeres,Con discapacidad,Oaxaca,30-44,Recordar o concentrarse,0.0,2936.0,8.0,ENIGH (INEGI),Personas de 18 años o más,enigh
hogar,Es jefa o jefe del hogar,2020,Mujeres,Con discapacidad,Oaxaca,30-44,Ver,1049.0,5830.0,14.0,ENIGH (INEGI),Personas de 18 años o más,enigh
hogar,Es jefa o jefe del hogar,2020,Mujeres,Con discapacidad,Oaxaca,45-59,Bañarse o vestirse,150.0,1200.0,5.0,ENIGH (INEGI),Personas de 18 años o más,enigh
hogar,Es jefa o jefe del hogar,2020,Mujeres,Con discapacidad,Oaxaca,45-59,Brazos o manos,1602.0,4541.0,13.0,ENIGH (INEGI),Personas de 18 años o más,enigh
hogar,Es jefa o jefe del hogar,2020,Mujeres,Con discapacidad,Oaxaca,45-59,Caminar,6748.0,14882.0,38.0,ENIGH (INEGI),Personas de 18 años o más,enigh
hogar,Es jefa o jefe del hogar,2020,Mujeres,Con discapacidad,Oaxaca,45-59,Hablar o comunicarse,454.0,1482.0,3.0,ENIGH (INEGI),Personas de 18 años o más,enigh
hogar,Es jefa o jefe del hogar,2020,Mujeres,Con discapacidad,Oaxaca,45-59,Mental,670.0,1007.0,3.0,ENIGH (INEGI),Personas de 18 años o más,enigh
hogar,Es jefa o jefe del hogar,2020,Mujeres,Con discapacidad,Oaxaca,45-59,Oír,1118.0,2728.0,7.0,ENIGH (INEGI),Personas de 18 años o más,enigh
hogar,Es jefa o jefe del hogar,2020,Mujeres,Con discapacidad,Oaxaca,45-59,Recordar o concentrarse,290.0,2625.0,8.0,ENIGH (INEGI),Personas de 18 años o más,enigh
hogar,Es jefa o jefe del hogar,2020,Mujeres,Con discapacidad,Oaxaca,45-59,Ver,8860.0,15877.0,41.0,ENIGH (INEGI),Personas de 18 años o más,enigh
hogar,Es jefa o jefe del hogar,2020,Mujeres,Con discapacidad,Oaxaca,60+,Bañarse o vestirse,9017.0,20645.0,44.0,ENIGH (INEGI),Personas de 18 años o más,enigh
hogar,Es jefa o jefe del hogar,2020,Mujeres,Con discapacidad,Oaxaca,60+,Brazos o manos,7434.0,16197.0,40.0,ENIGH (INEGI),Personas de 18 años o más,enigh
hogar,Es jefa o jefe del hogar,2020,Mujeres,Con discapacidad,Oaxaca,60+,Caminar,31897.0,63795.0,149.0,ENIGH (INEGI),Personas de 18 años o más,enigh
hogar,Es jefa o jefe del hogar,2020,Mujeres,Con discapacidad,Oaxaca,60+,Hablar o comunicarse,2192.0,5860.0,14.0,ENIGH (INEGI),Personas de 18 años o más,enigh
hogar,Es jefa o jefe del hogar,2020,Mujeres,Con discapacidad,Oaxaca,60+,Mental,3510.0,10979.0,24.0,ENIGH (INEGI),Personas de 18 años o más,enigh
hogar,Es jefa o jefe del hogar,2020,Mujeres,Con discapacidad,Oaxaca,60+,Oír,7960.0,22431.0,50.0,ENIGH (INEGI),Personas de 18 años o más,enigh
hogar,Es jefa o jefe del hogar,2020,Mujeres,Con discapacidad,Oaxaca,60+,Recordar o concentrarse,7484.0,18031.0,41.0,ENIGH (INEGI),Personas de 18 años o más,enigh
hogar,Es jefa o jefe del hogar,2020,Mujeres,Con discapacidad,Oaxaca,60+,Ver,15392.0,29844.0,70.0,ENIGH (INEGI),Personas de 18 años o más,enigh
hogar,Es jefa o jefe del hogar,2020,Mujeres,Con discapacidad,Puebla,18-29,Bañarse o vestirse,0.0,765.0,1.0,ENIGH (INEGI),Personas de 18 años o más,enigh
hogar,Es jefa o jefe del hogar,2020,Mujeres,Con discapacidad,Puebla,18-29,Brazos o manos,0.0,765.0,1.0,ENIGH (INEGI),Personas de 18 años o más,enigh
hogar,Es jefa o jefe del hogar,2020,Mujeres,Con discapacidad,Puebla,18-29,Caminar,0.0,3185.0,4.0,ENIGH (INEGI),Personas de 18 años o más,enigh
hogar,Es jefa o jefe del hogar,2020,Mujeres,Con discapacidad,Puebla,18-29,Hablar o comunicarse,0.0,4424.0,5.0,ENIGH (INEGI),Personas de 18 años o más,enigh
hogar,Es jefa o jefe del hogar,2020,Mujeres,Con discapacidad,Puebla,18-29,Mental,0.0,2781.0,3.0,ENIGH (INEGI),Personas de 18 años o más,enigh
hogar,Es jefa o jefe del hogar,2020,Mujeres,Con discapacidad,Puebla,18-29,Oír,0.0,2938.0,4.0,ENIGH (INEGI),Personas de 18 años o más,enigh
hogar,Es jefa o jefe del hogar,2020,Mujeres,Con discapacidad,Puebla,18-29,Recordar o concentrarse,0.0,3501.0,4.0,ENIGH (INEGI),Personas de 18 años o más,enigh
hogar,Es jefa o jefe del hogar,2020,Mujeres,Con discapacidad,Puebla,18-29,Ver,0.0,6379.0,9.0,ENIGH (INEGI),Personas de 18 años o más,enigh
hogar,Es jefa o jefe del hogar,2020,Mujeres,Con discapacidad,Puebla,30-44,Bañarse o vestirse,765.0,2134.0,3.0,ENIGH (INEGI),Personas de 18 años o más,enigh
hogar,Es jefa o jefe del hogar,2020,Mujeres,Con discapacidad,Puebla,30-44,Brazos o manos,765.0,765.0,1.0,ENIGH (INEGI),Personas de 18 años o más,enigh
hogar,Es jefa o jefe del hogar,2020,Mujeres,Con discapacidad,Puebla,30-44,Caminar,3177.0,7990.0,10.0,ENIGH (INEGI),Personas de 18 años o más,enigh
hogar,Es jefa o jefe del hogar,2020,Mujeres,Con discapacidad,Puebla,30-44,Hablar o comunicarse,0.0,3638.0,4.0,ENIGH (INEGI),Personas de 18 años o más,enigh
hogar,Es jefa o jefe del hogar,2020,Mujeres,Con discapacidad,Puebla,30-44,Mental,1674.0,6519.0,7.0,ENIGH (INEGI),Personas de 18 años o más,enigh
hogar,Es jefa o jefe del hogar,2020,Mujeres,Con discapacidad,Puebla,30-44,Oír,0.0,2187.0,3.0,ENIGH (INEGI),Personas de 18 años o más,enigh
hogar,Es jefa o jefe del hogar,2020,Mujeres,Con discapacidad,Puebla,30-44,Recordar o concentrarse,2205.0,7198.0,8.0,ENIGH (INEGI),Personas de 18 años o más,enigh
hogar,Es jefa o jefe del hogar,2020,Mujeres,Con discapacidad,Puebla,30-44,Ver,3165.0,8150.0,10.0,ENIGH (INEGI),Personas de 18 años o más,enigh
hogar,Es jefa o jefe del hogar,2020,Mujeres,Con discapacidad,Puebla,45-59,Bañarse o vestirse,1587.0,2312.0,3.0,ENIGH (INEGI),Personas de 18 años o más,enigh
hogar,Es jefa o jefe del hogar,2020,Mujeres,Con discapacidad,Puebla,45-59,Brazos o manos,979.0,3208.0,5.0,ENIGH (INEGI),Personas de 18 años o más,enigh
hogar,Es jefa o jefe del hogar,2020,Mujeres,Con discapacidad,Puebla,45-59,Caminar,7237.0,20655.0,27.0,ENIGH (INEGI),Personas de 18 años o más,enigh
hogar,Es jefa o jefe del hogar,2020,Mujeres,Con discapacidad,Puebla,45-59,Hablar o comunicarse,0.0,1464.0,2.0,ENIGH (INEGI),Personas de 18 años o más,enigh
hogar,Es jefa o jefe del hogar,2020,Mujeres,Con discapacidad,Puebla,45-59,Mental,1473.0,2571.0,4.0,ENIGH (INEGI),Personas de 18 años o más,enigh
hogar,Es jefa o jefe del hogar,2020,Mujeres,Con discapacidad,Puebla,45-59,Oír,735.0,3970.0,5.0,ENIGH (INEGI),Personas de 18 años o más,enigh
hogar,Es jefa o jefe del hogar,2020,Mujeres,Con discapacidad,Puebla,45-59,Recordar o concentrarse,2058.0,4428.0,6.0,ENIGH (INEGI),Personas de 18 años o más,enigh
hogar,Es jefa o jefe del hogar,2020,Mujeres,Con discapacidad,Puebla,45-59,Ver,9343.0,19386.0,24.0,ENIGH (INEGI),Personas de 18 años o más,enigh
hogar,Es jefa o jefe del hogar,2020,Mujeres,Con discapacidad,Puebla,60+,Bañarse o vestirse,8619.0,26519.0,35.0,ENIGH (INEGI),Personas de 18 años o más,enigh
hogar,Es jefa o jefe del hogar,2020,Mujeres,Con discapacidad,Puebla,60+,Brazos o manos,15058.0,35906.0,45.0,ENIGH (INEGI),Personas de 18 años o más,enigh
hogar,Es jefa o jefe del hogar,2020,Mujeres,Con discapacidad,Puebla,60+,Caminar,42034.0,101976.0,130.0,ENIGH (INEGI),Personas de 18 años o más,enigh
hogar,Es jefa o jefe del hogar,2020,Mujeres,Con discapacidad,Puebla,60+,Hablar o comunicarse,3802.0,13084.0,18.0,ENIGH (INEGI),Personas de 18 años o más,enigh
hogar,Es jefa o jefe del hogar,2020,Mujeres,Con discapacidad,Puebla,60+,Mental,3090.0,14661.0,19.0,ENIGH (INEGI),Personas de 18 años o más,enigh
hogar,Es jefa o jefe del hogar,2020,Mujeres,Con discapacidad,Puebla,60+,Oír,12540.0,38301.0,49.0,ENIGH (INEGI),Personas de 18 años o más,enigh
hogar,Es jefa o jefe del hogar,2020,Mujeres,Con discapacidad,Puebla,60+,Recordar o concentrarse,13503.0,33264.0,43.0,ENIGH (INEGI),Personas de 18 años o más,enigh
hogar,Es jefa o jefe del hogar,2020,Mujeres,Con discapacidad,Puebla,60+,Ver,26097.0,62365.0,82.0,ENIGH (INEGI),Personas de 18 años o más,enigh
hogar,Es jefa o jefe del hogar,2020,Mujeres,Con discapacidad,Querétaro,18-29,Bañarse o vestirse,0.0,186.0,2.0,ENIGH (INEGI),Personas de 18 años o más,enigh
hogar,Es jefa o jefe del hogar,2020,Mujeres,Con discapacidad,Querétaro,18-29,Brazos o manos,0.0,675.0,4.0,ENIGH (INEGI),Personas de 18 años o más,enigh
hogar,Es jefa o jefe del hogar,2020,Mujeres,Con discapacidad,Querétaro,18-29,Caminar,0.0,595.0,5.0,ENIGH (INEGI),Personas de 18 años o más,enigh
hogar,Es jefa o jefe del hogar,2020,Mujeres,Con discapacidad,Querétaro,18-29,Hablar o comunicarse,0.0,835.0,4.0,ENIGH (INEGI),Personas de 18 años o más,enigh
hogar,Es jefa o jefe del hogar,2020,Mujeres,Con discapacidad,Querétaro,18-29,Mental,0.0,1029.0,7.0,ENIGH (INEGI),Personas de 18 años o más,enigh
hogar,Es jefa o jefe del hogar,2020,Mujeres,Con discapacidad,Querétaro,18-29,Oír,249.0,340.0,2.0,ENIGH (INEGI),Personas de 18 años o más,enigh
hogar,Es jefa o jefe del hogar,2020,Mujeres,Con discapacidad,Querétaro,18-29,Recordar o concentrarse,0.0,504.0,4.0,ENIGH (INEGI),Personas de 18 años o más,enigh
hogar,Es jefa o jefe del hogar,2020,Mujeres,Con discapacidad,Querétaro,18-29,Ver,0.0,2272.0,13.0,ENIGH (INEGI),Personas de 18 años o más,enigh
hogar,Es jefa o jefe del hogar,2020,Mujeres,Con discapacidad,Querétaro,30-44,Bañarse o vestirse,0.0,976.0,4.0,ENIGH (INEGI),Personas de 18 años o más,enigh
hogar,Es jefa o jefe del hogar,2020,Mujeres,Con discapacidad,Querétaro,30-44,Brazos o manos,420.0,881.0,4.0,ENIGH (INEGI),Personas de 18 años o más,enigh
hogar,Es jefa o jefe del hogar,2020,Mujeres,Con discapacidad,Querétaro,30-44,Caminar,915.0,1706.0,8.0,ENIGH (INEGI),Personas de 18 años o más,enigh
hogar,Es jefa o jefe del hogar,2020,Mujeres,Con discapacidad,Querétaro,30-44,Hablar o comunicarse,353.0,1329.0,5.0,ENIGH (INEGI),Personas de 18 años o más,enigh
hogar,Es jefa o jefe del hogar,2020,Mujeres,Con discapacidad,Querétaro,30-44,Mental,0.0,855.0,4.0,ENIGH (INEGI),Personas de 18 años o más,enigh
hogar,Es jefa o jefe del hogar,2020,Mujeres,Con discapacidad,Querétaro,30-44,Oír,108.0,638.0,5.0,ENIGH (INEGI),Personas de 18 años o más,enigh
hogar,Es jefa o jefe del hogar,2020,Mujeres,Con discapacidad,Querétaro,30-44,Recordar o concentrarse,179.0,1318.0,7.0,ENIGH (INEGI),Personas de 18 años o más,enigh
hogar,Es jefa o jefe del hogar,2020,Mujeres,Con discapacidad,Querétaro,30-44,Ver,750.0,1722.0,9.0,ENIGH (INEGI),Personas de 18 años o más,enigh
hogar,Es jefa o jefe del hogar,2020,Mujeres,Con discapacidad,Querétaro,45-59,Bañarse o vestirse,565.0,890.0,4.0,ENIGH (INEGI),Personas de 18 años o más,enigh
hogar,Es jefa o jefe del hogar,2020,Mujeres,Con discapacidad,Querétaro,45-59,Brazos o manos,2012.0,3437.0,21.0,ENIGH (INEGI),Personas de 18 años o más,enigh
hogar,Es jefa o jefe del hogar,2020,Mujeres,Con discapacidad,Querétaro,45-59,Caminar,4991.0,9028.0,49.0,ENIGH (INEGI),Personas de 18 años o más,enigh
hogar,Es jefa o jefe del hogar,2020,Mujeres,Con discapacidad,Querétaro,45-59,Hablar o comunicarse,256.0,256.0,1.0,ENIGH (INEGI),Personas de 18 años o más,enigh
hogar,Es jefa o jefe del hogar,2020,Mujeres,Con discapacidad,Querétaro,45-59,Mental,815.0,1304.0,5.0,ENIGH (INEGI),Personas de 18 años o más,enigh
hogar,Es jefa o jefe del hogar,2020,Mujeres,Con discapacidad,Querétaro,45-59,Oír,1009.0,1900.0,11.0,ENIGH (INEGI),Personas de 18 años o más,enigh
hogar,Es jefa o jefe del hogar,2020,Mujeres,Con discapacidad,Querétaro,45-59,Recordar o concentrarse,1869.0,2759.0,17.0,ENIGH (INEGI),Personas de 18 años o más,enigh
hogar,Es jefa o jefe del hogar,2020,Mujeres,Con discapacidad,Querétaro,45-59,Ver,3684.0,7077.0,43.0,ENIGH (INEGI),Personas de 18 años o más,enigh
hogar,Es jefa o jefe del hogar,2020,Mujeres,Con discapacidad,Querétaro,60+,Bañarse o vestirse,3754.0,11681.0,57.0,ENIGH (INEGI),Personas de 18 años o más,enigh
hogar,Es jefa o jefe del hogar,2020,Mujeres,Con discapacidad,Querétaro,60+,Brazos o manos,6230.0,13380.0,64.0,ENIGH (INEGI),Personas de 18 años o más,enigh
hogar,Es jefa o jefe del hogar,2020,Mujeres,Con discapacidad,Querétaro,60+,Caminar,14530.0,30752.0,163.0,ENIGH (INEGI),Personas de 18 años o más,enigh
hogar,Es jefa o jefe del hogar,2020,Mujeres,Con discapacidad,Querétaro,60+,Hablar o comunicarse,420.0,3362.0,19.0,ENIGH (INEGI),Personas de 18 años o más,enigh
hogar,Es jefa o jefe del hogar,2020,Mujeres,Con discapacidad,Querétaro,60+,Mental,1084.0,5998.0,27.0,ENIGH (INEGI),Personas de 18 años o más,enigh
hogar,Es jefa o jefe del hogar,2020,Mujeres,Con discapacidad,Querétaro,60+,Oír,2498.0,8985.0,51.0,ENIGH (INEGI),Personas de 18 años o más,enigh
hogar,Es jefa o jefe del hogar,2020,Mujeres,Con discapacidad,Querétaro,60+,Recordar o concentrarse,2315.0,10076.0,48.0,ENIGH (INEGI),Personas de 18 años o más,enigh
hogar,Es jefa o jefe del hogar,2020,Mujeres,Con discapacidad,Querétaro,60+,Ver,9612.0,19851.0,104.0,ENIGH (INEGI),Personas de 18 años o más,enigh
hogar,Es jefa o jefe del hogar,2020,Mujeres,Con discapacidad,Quintana Roo,18-29,Bañarse o vestirse,0.0,982.0,4.0,ENIGH (INEGI),Personas de 18 años o más,enigh
hogar,Es jefa o jefe del hogar,2020,Mujeres,Con discapacidad,Quintana Roo,18-29,Brazos o manos,0.0,236.0,1.0,ENIGH (INEGI),Personas de 18 años o más,enigh
hogar,Es jefa o jefe del hogar,2020,Mujeres,Con discapacidad,Quintana Roo,18-29,Caminar,0.0,1288.0,5.0,ENIGH (INEGI),Personas de 18 años o más,enigh
hogar,Es jefa o jefe del hogar,2020,Mujeres,Con discapacidad,Quintana Roo,18-29,Hablar o comunicarse,0.0,1115.0,5.0,ENIGH (INEGI),Personas de 18 años o más,enigh
hogar,Es jefa o jefe del hogar,2020,Mujeres,Con discapacidad,Quintana Roo,18-29,Mental,0.0,1351.0,6.0,ENIGH (INEGI),Personas de 18 años o más,enigh
hogar,Es jefa o jefe del hogar,2020,Mujeres,Con discapacidad,Quintana Roo,18-29,Recordar o concentrarse,0.0,1609.0,7.0,ENIGH (INEGI),Personas de 18 años o más,enigh
hogar,Es jefa o jefe del hogar,2020,Mujeres,Con discapacidad,Quintana Roo,18-29,Ver,557.0,2793.0,9.0,ENIGH (INEGI),Personas de 18 años o más,enigh
hogar,Es jefa o jefe del hogar,2020,Mujeres,Con discapacidad,Quintana Roo,30-44,Bañarse o vestirse,547.0,895.0,3.0,ENIGH (INEGI),Personas de 18 años o más,enigh
hogar,Es jefa o jefe del hogar,2020,Mujeres,Con discapacidad,Quintana Roo,30-44,Brazos o manos,784.0,784.0,2.0,ENIGH (INEGI),Personas de 18 años o más,enigh
hogar,Es jefa o jefe del hogar,2020,Mujeres,Con discapacidad,Quintana Roo,30-44,Caminar,1024.0,2874.0,12.0,ENIGH (INEGI),Personas de 18 años o más,enigh
hogar,Es jefa o jefe del hogar,2020,Mujeres,Con discapacidad,Quintana Roo,30-44,Hablar o comunicarse,0.0,507.0,2.0,ENIGH (INEGI),Personas de 18 años o más,enigh
hogar,Es jefa o jefe del hogar,2020,Mujeres,Con discapacidad,Quintana Roo,30-44,Mental,0.0,507.0,2.0,ENIGH (INEGI),Personas de 18 años o más,enigh
hogar,Es jefa o jefe del hogar,2020,Mujeres,Con discapacidad,Quintana Roo,30-44,Recordar o concentrarse,390.0,1149.0,5.0,ENIGH (INEGI),Personas de 18 años o más,enigh
hogar,Es jefa o jefe del hogar,2020,Mujeres,Con discapacidad,Quintana Roo,30-44,Ver,411.0,3246.0,9.0,ENIGH (INEGI),Personas de 18 años o más,enigh
hogar,Es jefa o jefe del hogar,2020,Mujeres,Con discapacidad,Quintana Roo,45-59,Bañarse o vestirse,235.0,325.0,2.0,ENIGH (INEGI),Personas de 18 años o más,enigh
hogar,Es jefa o jefe del hogar,2020,Mujeres,Con discapacidad,Quintana Roo,45-59,Brazos o manos,2077.0,3354.0,13.0,ENIGH (INEGI),Personas de 18 años o más,enigh
hogar,Es jefa o jefe del hogar,2020,Mujeres,Con discapacidad,Quintana Roo,45-59,Caminar,5515.0,7798.0,31.0,ENIGH (INEGI),Personas de 18 años o más,enigh
hogar,Es jefa o jefe del hogar,2020,Mujeres,Con discapacidad,Quintana Roo,45-59,Hablar o comunicarse,330.0,742.0,3.0,ENIGH (INEGI),Personas de 18 años o más,enigh
hogar,Es jefa o jefe del hogar,2020,Mujeres,Con discapacidad,Quintana Roo,45-59,Mental,283.0,641.0,3.0,ENIGH (INEGI),Personas de 18 años o más,enigh
hogar,Es jefa o jefe del hogar,2020,Mujeres,Con discapacidad,Quintana Roo,45-59,Oír,1997.0,4141.0,13.0,ENIGH (INEGI),Personas de 18 años o más,enigh
hogar,Es jefa o jefe del hogar,2020,Mujeres,Con discapacidad,Quintana Roo,45-59,Recordar o concentrarse,2183.0,2854.0,10.0,ENIGH (INEGI),Personas de 18 años o más,enigh
hogar,Es jefa o jefe del hogar,2020,Mujeres,Con discapacidad,Quintana Roo,45-59,Ver,4130.0,6318.0,23.0,ENIGH (INEGI),Personas de 18 años o más,enigh
hogar,Es jefa o jefe del hogar,2020,Mujeres,Con discapacidad,Quintana Roo,60+,Bañarse o vestirse,555.0,3589.0,17.0,ENIGH (INEGI),Personas de 18 años o más,enigh
hogar,Es jefa o jefe del hogar,2020,Mujeres,Con discapacidad,Quintana Roo,60+,Brazos o manos,932.0,4708.0,19.0,ENIGH (INEGI),Personas de 18 años o más,enigh
hogar,Es jefa o jefe del hogar,2020,Mujeres,Con discapacidad,Quintana Roo,60+,Caminar,5910.0,19934.0,78.0,ENIGH (INEGI),Personas de 18 años o más,enigh
hogar,Es jefa o jefe del hogar,2020,Mujeres,Con discapacidad,Quintana Roo,60+,Hablar o comunicarse,0.0,431.0,3.0,ENIGH (INEGI),Personas de 18 años o más,enigh
hogar,Es jefa o jefe del hogar,2020,Mujeres,Con discapacidad,Quintana Roo,60+,Mental,215.0,1665.0,9.0,ENIGH (INEGI),Personas de 18 años o más,enigh
hogar,Es jefa o jefe del hogar,2020,Mujeres,Con discapacidad,Quintana Roo,60+,Oír,1375.0,4763.0,19.0,ENIGH (INEGI),Personas de 18 años o más,enigh
hogar,Es jefa o jefe del hogar,2020,Mujeres,Con discapacidad,Quintana Roo,60+,Recordar o concentrarse,573.0,4163.0,17.0,ENIGH (INEGI),Personas de 18 años o más,enigh
hogar,Es jefa o jefe del hogar,2020,Mujeres,Con discapacidad,Quintana Roo,60+,Ver,2912.0,11046.0,47.0,ENIGH (INEGI),Personas de 18 años o más,enigh
hogar,Es jefa o jefe del hogar,2020,Mujeres,Con discapacidad,San Luis Potosí,18-29,Bañarse o vestirse,0.0,497.0,1.0,ENIGH (INEGI),Personas de 18 años o más,enigh
hogar,Es jefa o jefe del hogar,2020,Mujeres,Con discapacidad,San Luis Potosí,18-29,Caminar,0.0,1461.0,4.0,ENIGH (INEGI),Personas de 18 años o más,enigh
hogar,Es jefa o jefe del hogar,2020,Mujeres,Con discapacidad,San Luis Potosí,18-29,Hablar o comunicarse,0.0,497.0,1.0,ENIGH (INEGI),Personas de 18 años o más,enigh
hogar,Es jefa o jefe del hogar,2020,Mujeres,Con discapacidad,San Luis Potosí,18-29,Mental,0.0,899.0,2.0,ENIGH (INEGI),Personas de 18 años o más,enigh
hogar,Es jefa o jefe del hogar,2020,Mujeres,Con discapacidad,San Luis Potosí,18-29,Recordar o concentrarse,0.0,890.0,2.0,ENIGH (INEGI),Personas de 18 años o más,enigh
hogar,Es jefa o jefe del hogar,2020,Mujeres,Con discapacidad,San Luis Potosí,18-29,Ver,386.0,2156.0,6.0,ENIGH (INEGI),Personas de 18 años o más,enigh
hogar,Es jefa o jefe del hogar,2020,Mujeres,Con discapacidad,San Luis Potosí,30-44,Bañarse o vestirse,0.0,565.0,2.0,ENIGH (INEGI),Personas de 18 años o más,enigh
hogar,Es jefa o jefe del hogar,2020,Mujeres,Con discapacidad,San Luis Potosí,30-44,Brazos o manos,398.0,790.0,3.0,ENIGH (INEGI),Personas de 18 años o más,enigh
hogar,Es jefa o jefe del hogar,2020,Mujeres,Con discapacidad,San Luis Potosí,30-44,Caminar,413.0,1609.0,5.0,ENIGH (INEGI),Personas de 18 años o más,enigh
hogar,Es jefa o jefe del hogar,2020,Mujeres,Con discapacidad,San Luis Potosí,30-44,Hablar o comunicarse,0.0,1168.0,4.0,ENIGH (INEGI),Personas de 18 años o más,enigh
hogar,Es jefa o jefe del hogar,2020,Mujeres,Con discapacidad,San Luis Potosí,30-44,Mental,0.0,953.0,4.0,ENIGH (INEGI),Personas de 18 años o más,enigh
hogar,Es jefa o jefe del hogar,2020,Mujeres,Con discapacidad,San Luis Potosí,30-44,Oír,0.0,731.0,2.0,ENIGH (INEGI),Personas de 18 años o más,enigh
hogar,Es jefa o jefe del hogar,2020,Mujeres,Con discapacidad,San Luis Potosí,30-44,Recordar o concentrarse,0.0,1583.0,6.0,ENIGH (INEGI),Personas de 18 años o más,enigh
hogar,Es jefa o jefe del hogar,2020,Mujeres,Con discapacidad,San Luis Potosí,30-44,Ver,351.0,1941.0,7.0,ENIGH (INEGI),Personas de 18 años o más,enigh
hogar,Es jefa o jefe del hogar,2020,Mujeres,Con discapacidad,San Luis Potosí,45-59,Bañarse o vestirse,327.0,1276.0,5.0,ENIGH (INEGI),Personas de 18 años o más,enigh
hogar,Es jefa o jefe del hogar,2020,Mujeres,Con discapacidad,San Luis Potosí,45-59,Brazos o manos,1795.0,4522.0,16.0,ENIGH (INEGI),Personas de 18 años o más,enigh
hogar,Es jefa o jefe del hogar,2020,Mujeres,Con discapacidad,San Luis Potosí,45-59,Caminar,2602.0,9950.0,32.0,ENIGH (INEGI),Personas de 18 años o más,enigh
hogar,Es jefa o jefe del hogar,2020,Mujeres,Con discapacidad,San Luis Potosí,45-59,Hablar o comunicarse,0.0,231.0,1.0,ENIGH (INEGI),Personas de 18 años o más,enigh
hogar,Es jefa o jefe del hogar,2020,Mujeres,Con discapacidad,San Luis Potosí,45-59,Mental,0.0,1157.0,4.0,ENIGH (INEGI),Personas de 18 años o más,enigh
hogar,Es jefa o jefe del hogar,2020,Mujeres,Con discapacidad,San Luis Potosí,45-59,Oír,318.0,3796.0,12.0,ENIGH (INEGI),Personas de 18 años o más,enigh
hogar,Es jefa o jefe del hogar,2020,Mujeres,Con discapacidad,San Luis Potosí,45-59,Recordar o concentrarse,1303.0,3226.0,10.0,ENIGH (INEGI),Personas de 18 años o más,enigh
hogar,Es jefa o jefe del hogar,2020,Mujeres,Con discapacidad,San Luis Potosí,45-59,Ver,1584.0,5950.0,21.0,ENIGH (INEGI),Personas de 18 años o más,enigh
hogar,Es jefa o jefe del hogar,2020,Mujeres,Con discapacidad,San Luis Potosí,60+,Bañarse o vestirse,5715.0,12551.0,40.0,ENIGH (INEGI),Personas de 18 años o más,enigh
hogar,Es jefa o jefe del hogar,2020,Mujeres,Con discapacidad,San Luis Potosí,60+,Brazos o manos,4696.0,11871.0,40.0,ENIGH (INEGI),Personas de 18 años o más,enigh
hogar,Es jefa o jefe del hogar,2020,Mujeres,Con discapacidad,San Luis Potosí,60+,Caminar,17297.0,36585.0,120.0,ENIGH (INEGI),Personas de 18 años o más,enigh
hogar,Es jefa o jefe del hogar,2020,Mujeres,Con discapacidad,San Luis Potosí,60+,Hablar o comunicarse,1273.0,4118.0,13.0,ENIGH (INEGI),Personas de 18 años o más,enigh
hogar,Es jefa o jefe del hogar,2020,Mujeres,Con discapacidad,San Luis Potosí,60+,Mental,2355.0,7226.0,22.0,ENIGH (INEGI),Personas de 18 años o más,enigh
hogar,Es jefa o jefe del hogar,2020,Mujeres,Con discapacidad,San Luis Potosí,60+,Oír,5235.0,14658.0,49.0,ENIGH (INEGI),Personas de 18 años o más,enigh
hogar,Es jefa o jefe del hogar,2020,Mujeres,Con discapacidad,San Luis Potosí,60+,Recordar o concentrarse,2802.0,9408.0,31.0,ENIGH (INEGI),Personas de 18 años o más,enigh
hogar,Es jefa o jefe del hogar,2020,Mujeres,Con discapacidad,San Luis Potosí,60+,Ver,9475.0,22619.0,78.0,ENIGH (INEGI),Personas de 18 años o más,enigh
hogar,Es jefa o jefe del hogar,2020,Mujeres,Con discapacidad,Sinaloa,18-29,Bañarse o vestirse,0.0,339.0,1.0,ENIGH (INEGI),Personas de 18 años o más,enigh
hogar,Es jefa o jefe del hogar,2020,Mujeres,Con discapacidad,Sinaloa,18-29,Brazos o manos,0.0,523.0,1.0,ENIGH (INEGI),Personas de 18 años o más,enigh
hogar,Es jefa o jefe del hogar,2020,Mujeres,Con discapacidad,Sinaloa,18-29,Caminar,0.0,943.0,3.0,ENIGH (INEGI),Personas de 18 años o más,enigh
hogar,Es jefa o jefe del hogar,2020,Mujeres,Con discapacidad,Sinaloa,18-29,Hablar o comunicarse,0.0,1012.0,4.0,ENIGH (INEGI),Personas de 18 años o más,enigh
hogar,Es jefa o jefe del hogar,2020,Mujeres,Con discapacidad,Sinaloa,18-29,Mental,0.0,1144.0,5.0,ENIGH (INEGI),Personas de 18 años o más,enigh
hogar,Es jefa o jefe del hogar,2020,Mujeres,Con discapacidad,Sinaloa,18-29,Oír,0.0,606.0,2.0,ENIGH (INEGI),Personas de 18 años o más,enigh
hogar,Es jefa o jefe del hogar,2020,Mujeres,Con discapacidad,Sinaloa,18-29,Recordar o concentrarse,0.0,1061.0,4.0,ENIGH (INEGI),Personas de 18 años o más,enigh
hogar,Es jefa o jefe del hogar,2020,Mujeres,Con discapacidad,Sinaloa,18-29,Ver,214.0,2314.0,9.0,ENIGH (INEGI),Personas de 18 años o más,enigh
hogar,Es jefa o jefe del hogar,2020,Mujeres,Con discapacidad,Sinaloa,30-44,Bañarse o vestirse,229.0,456.0,2.0,ENIGH (INEGI),Personas de 18 años o más,enigh
hogar,Es jefa o jefe del hogar,2020,Mujeres,Con discapacidad,Sinaloa,30-44,Brazos o manos,872.0,1332.0,5.0,ENIGH (INEGI),Personas de 18 años o más,enigh
hogar,Es jefa o jefe del hogar,2020,Mujeres,Con discapacidad,Sinaloa,30-44,Caminar,1539.0,4965.0,17.0,ENIGH (INEGI),Personas de 18 años o más,enigh
hogar,Es jefa o jefe del hogar,2020,Mujeres,Con discapacidad,Sinaloa,30-44,Hablar o comunicarse,0.0,349.0,1.0,ENIGH (INEGI),Personas de 18 años o más,enigh
hogar,Es jefa o jefe del hogar,2020,Mujeres,Con discapacidad,Sinaloa,30-44,Mental,213.0,1370.0,5.0,ENIGH (INEGI),Personas de 18 años o más,enigh
hogar,Es jefa o jefe del hogar,2020,Mujeres,Con discapacidad,Sinaloa,30-44,Oír,0.0,2203.0,6.0,ENIGH (INEGI),Personas de 18 años o más,enigh
hogar,Es jefa o jefe del hogar,2020,Mujeres,Con discapacidad,Sinaloa,30-44,Recordar o concentrarse,441.0,1188.0,4.0,ENIGH (INEGI),Personas de 18 años o más,enigh
hogar,Es jefa o jefe del hogar,2020,Mujeres,Con discapacidad,Sinaloa,30-44,Ver,466.0,2209.0,9.0,ENIGH (INEGI),Personas de 18 años o más,enigh
hogar,Es jefa o jefe del hogar,2020,Mujeres,Con discapacidad,Sinaloa,45-59,Bañarse o vestirse,1363.0,3274.0,12.0,ENIGH (INEGI),Personas de 18 años o más,enigh
hogar,Es jefa o jefe del hogar,2020,Mujeres,Con discapacidad,Sinaloa,45-59,Brazos o manos,3367.0,6498.0,26.0,ENIGH (INEGI),Personas de 18 años o más,enigh
hogar,Es jefa o jefe del hogar,2020,Mujeres,Con discapacidad,Sinaloa,45-59,Caminar,6290.0,12592.0,50.0,ENIGH (INEGI),Personas de 18 años o más,enigh
hogar,Es jefa o jefe del hogar,2020,Mujeres,Con discapacidad,Sinaloa,45-59,Hablar o comunicarse,631.0,1964.0,7.0,ENIGH (INEGI),Personas de 18 años o más,enigh
hogar,Es jefa o jefe del hogar,2020,Mujeres,Con discapacidad,Sinaloa,45-59,Mental,761.0,3401.0,11.0,ENIGH (INEGI),Personas de 18 años o más,enigh
hogar,Es jefa o jefe del hogar,2020,Mujeres,Con discapacidad,Sinaloa,45-59,Oír,898.0,1693.0,6.0,ENIGH (INEGI),Personas de 18 años o más,enigh
hogar,Es jefa o jefe del hogar,2020,Mujeres,Con discapacidad,Sinaloa,45-59,Recordar o concentrarse,1160.0,4349.0,16.0,ENIGH (INEGI),Personas de 18 años o más,enigh
hogar,Es jefa o jefe del hogar,2020,Mujeres,Con discapacidad,Sinaloa,45-59,Ver,3082.0,8277.0,30.0,ENIGH (INEGI),Personas de 18 años o más,enigh
hogar,Es jefa o jefe del hogar,2020,Mujeres,Con discapacidad,Sinaloa,60+,Bañarse o vestirse,4605.0,10617.0,42.0,ENIGH (INEGI),Personas de 18 años o más,enigh
hogar,Es jefa o jefe del hogar,2020,Mujeres,Con discapacidad,Sinaloa,60+,Brazos o manos,6865.0,13561.0,55.0,ENIGH (INEGI),Personas de 18 años o más,enigh
hogar,Es jefa o jefe del hogar,2020,Mujeres,Con discapacidad,Sinaloa,60+,Caminar,21382.0,40779.0,161.0,ENIGH (INEGI),Personas de 18 años o más,enigh
hogar,Es jefa o jefe del hogar,2020,Mujeres,Con discapacidad,Sinaloa,60+,Hablar o comunicarse,728.0,2833.0,11.0,ENIGH (INEGI),Personas de 18 años o más,enigh
hogar,Es jefa o jefe del hogar,2020,Mujeres,Con discapacidad,Sinaloa,60+,Mental,1328.0,3598.0,16.0,ENIGH (INEGI),Personas de 18 años o más,enigh
hogar,Es jefa o jefe del hogar,2020,Mujeres,Con discapacidad,Sinaloa,60+,Oír,2605.0,7194.0,30.0,ENIGH (INEGI),Personas de 18 años o más,enigh
hogar,Es jefa o jefe del hogar,2020,Mujeres,Con discapacidad,Sinaloa,60+,Recordar o concentrarse,4109.0,7792.0,34.0,ENIGH (INEGI),Personas de 18 años o más,enigh
hogar,Es jefa o jefe del hogar,2020,Mujeres,Con discapacidad,Sinaloa,60+,Ver,8954.0,18310.0,73.0,ENIGH (INEGI),Personas de 18 años o más,enigh
hogar,Es jefa o jefe del hogar,2020,Mujeres,Con discapacidad,Sonora,18-29,Bañarse o vestirse,0.0,1247.0,3.0,ENIGH (INEGI),Personas de 18 años o más,enigh
hogar,Es jefa o jefe del hogar,2020,Mujeres,Con discapacidad,Sonora,18-29,Brazos o manos,0.0,1333.0,3.0,ENIGH (INEGI),Personas de 18 años o más,enigh
hogar,Es jefa o jefe del hogar,2020,Mujeres,Con discapacidad,Sonora,18-29,Caminar,377.0,1014.0,3.0,ENIGH (INEGI),Personas de 18 años o más,enigh
hogar,Es jefa o jefe del hogar,2020,Mujeres,Con discapacidad,Sonora,18-29,Hablar o comunicarse,0.0,1450.0,3.0,ENIGH (INEGI),Personas de 18 años o más,enigh
hogar,Es jefa o jefe del hogar,2020,Mujeres,Con discapacidad,Sonora,18-29,Mental,0.0,795.0,2.0,ENIGH (INEGI),Personas de 18 años o más,enigh
hogar,Es jefa o jefe del hogar,2020,Mujeres,Con discapacidad,Sonora,18-29,Oír,0.0,655.0,1.0,ENIGH (INEGI),Personas de 18 años o más,enigh
hogar,Es jefa o jefe del hogar,2020,Mujeres,Con discapacidad,Sonora,18-29,Recordar o concentrarse,0.0,1112.0,4.0,ENIGH (INEGI),Personas de 18 años o más,enigh
hogar,Es jefa o jefe del hogar,2020,Mujeres,Con discapacidad,Sonora,18-29,Ver,0.0,2362.0,6.0,ENIGH (INEGI),Personas de 18 años o más,enigh
hogar,Es jefa o jefe del hogar,2020,Mujeres,Con discapacidad,Sonora,30-44,Bañarse o vestirse,644.0,1340.0,3.0,ENIGH (INEGI),Personas de 18 años o más,enigh
hogar,Es jefa o jefe del hogar,2020,Mujeres,Con discapacidad,Sonora,30-44,Brazos o manos,681.0,2623.0,7.0,ENIGH (INEGI),Personas de 18 años o más,enigh
hogar,Es jefa o jefe del hogar,2020,Mujeres,Con discapacidad,Sonora,30-44,Caminar,1058.0,3917.0,9.0,ENIGH (INEGI),Personas de 18 años o más,enigh
hogar,Es jefa o jefe del hogar,2020,Mujeres,Con discapacidad,Sonora,30-44,Hablar o comunicarse,0.0,1529.0,4.0,ENIGH (INEGI),Personas de 18 años o más,enigh
hogar,Es jefa o jefe del hogar,2020,Mujeres,Con discapacidad,Sonora,30-44,Mental,0.0,1943.0,5.0,ENIGH (INEGI),Personas de 18 años o más,enigh
hogar,Es jefa o jefe del hogar,2020,Mujeres,Con discapacidad,Sonora,30-44,Oír,0.0,2223.0,5.0,ENIGH (INEGI),Personas de 18 años o más,enigh
hogar,Es jefa o jefe del hogar,2020,Mujeres,Con discapacidad,Sonora,30-44,Recordar o concentrarse,0.0,1744.0,5.0,ENIGH (INEGI),Personas de 18 años o más,enigh
hogar,Es jefa o jefe del hogar,2020,Mujeres,Con discapacidad,Sonora,30-44,Ver,1034.0,3900.0,10.0,ENIGH (INEGI),Personas de 18 años o más,enigh
hogar,Es jefa o jefe del hogar,2020,Mujeres,Con discapacidad,Sonora,45-59,Bañarse o vestirse,578.0,1005.0,3.0,ENIGH (INEGI),Personas de 18 años o más,enigh
hogar,Es jefa o jefe del hogar,2020,Mujeres,Con discapacidad,Sonora,45-59,Brazos o manos,2164.0,6501.0,16.0,ENIGH (INEGI),Personas de 18 años o más,enigh
hogar,Es jefa o jefe del hogar,2020,Mujeres,Con discapacidad,Sonora,45-59,Caminar,4583.0,10412.0,29.0,ENIGH (INEGI),Personas de 18 años o más,enigh
hogar,Es jefa o jefe del hogar,2020,Mujeres,Con discapacidad,Sonora,45-59,Hablar o comunicarse,0.0,436.0,1.0,ENIGH (INEGI),Personas de 18 años o más,enigh
hogar,Es jefa o jefe del hogar,2020,Mujeres,Con discapacidad,Sonora,45-59,Mental,0.0,1625.0,4.0,ENIGH (INEGI),Personas de 18 años o más,enigh
hogar,Es jefa o jefe del hogar,2020,Mujeres,Con discapacidad,Sonora,45-59,Oír,1368.0,2212.0,6.0,ENIGH (INEGI),Personas de 18 años o más,enigh
hogar,Es jefa o jefe del hogar,2020,Mujeres,Con discapacidad,Sonora,45-59,Recordar o concentrarse,422.0,2096.0,5.0,ENIGH (INEGI),Personas de 18 años o más,enigh
hogar,Es jefa o jefe del hogar,2020,Mujeres,Con discapacidad,Sonora,45-59,Ver,3129.0,7441.0,23.0,ENIGH (INEGI),Personas de 18 años o más,enigh
hogar,Es jefa o jefe del hogar,2020,Mujeres,Con discapacidad,Sonora,60+,Bañarse o vestirse,7183.0,16058.0,48.0,ENIGH (INEGI),Personas de 18 años o más,enigh
hogar,Es jefa o jefe del hogar,2020,Mujeres,Con discapacidad,Sonora,60+,Brazos o manos,9211.0,15821.0,43.0,ENIGH (INEGI),Personas de 18 años o más,enigh
hogar,Es jefa o jefe del hogar,2020,Mujeres,Con discapacidad,Sonora,60+,Caminar,22015.0,43399.0,122.0,ENIGH (INEGI),Personas de 18 años o más,enigh
hogar,Es jefa o jefe del hogar,2020,Mujeres,Con discapacidad,Sonora,60+,Hablar o comunicarse,2051.0,4833.0,14.0,ENIGH (INEGI),Personas de 18 años o más,enigh
hogar,Es jefa o jefe del hogar,2020,Mujeres,Con discapacidad,Sonora,60+,Mental,4193.0,7167.0,21.0,ENIGH (INEGI),Personas de 18 años o más,enigh
hogar,Es jefa o jefe del hogar,2020,Mujeres,Con discapacidad,Sonora,60+,Oír,4453.0,9323.0,32.0,ENIGH (INEGI),Personas de 18 años o más,enigh
hogar,Es jefa o jefe del hogar,2020,Mujeres,Con discapacidad,Sonora,60+,Recordar o concentrarse,4120.0,11709.0,34.0,ENIGH (INEGI),Personas de 18 años o más,enigh
hogar,Es jefa o jefe del hogar,2020,Mujeres,Con discapacidad,Sonora,60+,Ver,11416.0,21180.0,66.0,ENIGH (INEGI),Personas de 18 años o más,enigh
hogar,Es jefa o jefe del hogar,2020,Mujeres,Con discapacidad,Tabasco,18-29,Bañarse o vestirse,0.0,645.0,2.0,ENIGH (INEGI),Personas de 18 años o más,enigh
hogar,Es jefa o jefe del hogar,2020,Mujeres,Con discapacidad,Tabasco,18-29,Caminar,0.0,873.0,3.0,ENIGH (INEGI),Personas de 18 años o más,enigh
hogar,Es jefa o jefe del hogar,2020,Mujeres,Con discapacidad,Tabasco,18-29,Hablar o comunicarse,0.0,1093.0,4.0,ENIGH (INEGI),Personas de 18 años o más,enigh
hogar,Es jefa o jefe del hogar,2020,Mujeres,Con discapacidad,Tabasco,18-29,Mental,0.0,1116.0,4.0,ENIGH (INEGI),Personas de 18 años o más,enigh
hogar,Es jefa o jefe del hogar,2020,Mujeres,Con discapacidad,Tabasco,18-29,Oír,0.0,865.0,3.0,ENIGH (INEGI),Personas de 18 años o más,enigh
hogar,Es jefa o jefe del hogar,2020,Mujeres,Con discapacidad,Tabasco,18-29,Recordar o concentrarse,0.0,1207.0,4.0,ENIGH (INEGI),Personas de 18 años o más,enigh
hogar,Es jefa o jefe del hogar,2020,Mujeres,Con discapacidad,Tabasco,18-29,Ver,0.0,1337.0,4.0,ENIGH (INEGI),Personas de 18 años o más,enigh
hogar,Es jefa o jefe del hogar,2020,Mujeres,Con discapacidad,Tabasco,30-44,Bañarse o vestirse,0.0,898.0,3.0,ENIGH (INEGI),Personas de 18 años o más,enigh
hogar,Es jefa o jefe del hogar,2020,Mujeres,Con discapacidad,Tabasco,30-44,Brazos o manos,0.0,1690.0,5.0,ENIGH (INEGI),Personas de 18 años o más,enigh
hogar,Es jefa o jefe del hogar,2020,Mujeres,Con discapacidad,Tabasco,30-44,Caminar,1036.0,2638.0,8.0,ENIGH (INEGI),Personas de 18 años o más,enigh
hogar,Es jefa o jefe del hogar,2020,Mujeres,Con discapacidad,Tabasco,30-44,Hablar o comunicarse,0.0,945.0,3.0,ENIGH (INEGI),Personas de 18 años o más,enigh
hogar,Es jefa o jefe del hogar,2020,Mujeres,Con discapacidad,Tabasco,30-44,Mental,349.0,1933.0,6.0,ENIGH (INEGI),Personas de 18 años o más,enigh
hogar,Es jefa o jefe del hogar,2020,Mujeres,Con discapacidad,Tabasco,30-44,Oír,0.0,1342.0,4.0,ENIGH (INEGI),Personas de 18 años o más,enigh
hogar,Es jefa o jefe del hogar,2020,Mujeres,Con discapacidad,Tabasco,30-44,Recordar o concentrarse,275.0,1884.0,6.0,ENIGH (INEGI),Personas de 18 años o más,enigh
hogar,Es jefa o jefe del hogar,2020,Mujeres,Con discapacidad,Tabasco,30-44,Ver,871.0,3635.0,11.0,ENIGH (INEGI),Personas de 18 años o más,enigh
hogar,Es jefa o jefe del hogar,2020,Mujeres,Con discapacidad,Tabasco,45-59,Bañarse o vestirse,361.0,2120.0,6.0,ENIGH (INEGI),Personas de 18 años o más,enigh
hogar,Es jefa o jefe del hogar,2020,Mujeres,Con discapacidad,Tabasco,45-59,Brazos o manos,1932.0,4143.0,13.0,ENIGH (INEGI),Personas de 18 años o más,enigh
hogar,Es jefa o jefe del hogar,2020,Mujeres,Con discapacidad,Tabasco,45-59,Caminar,3402.0,12049.0,36.0,ENIGH (INEGI),Personas de 18 años o más,enigh
hogar,Es jefa o jefe del hogar,2020,Mujeres,Con discapacidad,Tabasco,45-59,Hablar o comunicarse,0.0,1215.0,4.0,ENIGH (INEGI),Personas de 18 años o más,enigh
hogar,Es jefa o jefe del hogar,2020,Mujeres,Con discapacidad,Tabasco,45-59,Mental,0.0,1106.0,4.0,ENIGH (INEGI),Personas de 18 años o más,enigh
hogar,Es jefa o jefe del hogar,2020,Mujeres,Con discapacidad,Tabasco,45-59,Oír,243.0,2587.0,8.0,ENIGH (INEGI),Personas de 18 años o más,enigh
hogar,Es jefa o jefe del hogar,2020,Mujeres,Con discapacidad,Tabasco,45-59,Recordar o concentrarse,604.0,2108.0,7.0,ENIGH (INEGI),Personas de 18 años o más,enigh
hogar,Es jefa o jefe del hogar,2020,Mujeres,Con discapacidad,Tabasco,45-59,Ver,5146.0,11437.0,36.0,ENIGH (INEGI),Personas de 18 años o más,enigh
hogar,Es jefa o jefe del hogar,2020,Mujeres,Con discapacidad,Tabasco,60+,Bañarse o vestirse,3575.0,10887.0,33.0,ENIGH (INEGI),Personas de 18 años o más,enigh
hogar,Es jefa o jefe del hogar,2020,Mujeres,Con discapacidad,Tabasco,60+,Brazos o manos,2508.0,9063.0,28.0,ENIGH (INEGI),Personas de 18 años o más,enigh
hogar,Es jefa o jefe del hogar,2020,Mujeres,Con discapacidad,Tabasco,60+,Caminar,13443.0,30640.0,92.0,ENIGH (INEGI),Personas de 18 años o más,enigh
hogar,Es jefa o jefe del hogar,2020,Mujeres,Con discapacidad,Tabasco,60+,Hablar o comunicarse,1320.0,3967.0,12.0,ENIGH (INEGI),Personas de 18 años o más,enigh
hogar,Es jefa o jefe del hogar,2020,Mujeres,Con discapacidad,Tabasco,60+,Mental,894.0,4284.0,13.0,ENIGH (INEGI),Personas de 18 años o más,enigh
hogar,Es jefa o jefe del hogar,2020,Mujeres,Con discapacidad,Tabasco,60+,Oír,2176.0,7846.0,25.0,ENIGH (INEGI),Personas de 18 años o más,enigh
hogar,Es jefa o jefe del hogar,2020,Mujeres,Con discapacidad,Tabasco,60+,Recordar o concentrarse,533.0,5957.0,19.0,ENIGH (INEGI),Personas de 18 años o más,enigh
hogar,Es jefa o jefe del hogar,2020,Mujeres,Con discapacidad,Tabasco,60+,Ver,9423.0,22226.0,65.0,ENIGH (INEGI),Personas de 18 años o más,enigh
hogar,Es jefa o jefe del hogar,2020,Mujeres,Con discapacidad,Tamaulipas,18-29,Bañarse o vestirse,0.0,950.0,1.0,ENIGH (INEGI),Personas de 18 años o más,enigh
hogar,Es jefa o jefe del hogar,2020,Mujeres,Con discapacidad,Tamaulipas,18-29,Caminar,296.0,1202.0,3.0,ENIGH (INEGI),Personas de 18 años o más,enigh
hogar,Es jefa o jefe del hogar,2020,Mujeres,Con discapacidad,Tamaulipas,18-29,Hablar o comunicarse,0.0,1354.0,3.0,ENIGH (INEGI),Personas de 18 años o más,enigh
hogar,Es jefa o jefe del hogar,2020,Mujeres,Con discapacidad,Tamaulipas,18-29,Mental,0.0,1637.0,3.0,ENIGH (INEGI),Personas de 18 años o más,enigh
hogar,Es jefa o jefe del hogar,2020,Mujeres,Con discapacidad,Tamaulipas,18-29,Oír,0.0,230.0,1.0,ENIGH (INEGI),Personas de 18 años o más,enigh
hogar,Es jefa o jefe del hogar,2020,Mujeres,Con discapacidad,Tamaulipas,18-29,Recordar o concentrarse,0.0,2308.0,4.0,ENIGH (INEGI),Personas de 18 años o más,enigh
hogar,Es jefa o jefe del hogar,2020,Mujeres,Con discapacidad,Tamaulipas,18-29,Ver,556.0,1659.0,3.0,ENIGH (INEGI),Personas de 18 años o más,enigh
hogar,Es jefa o jefe del hogar,2020,Mujeres,Con discapacidad,Tamaulipas,30-44,Bañarse o vestirse,0.0,481.0,2.0,ENIGH (INEGI),Personas de 18 años o más,enigh
hogar,Es jefa o jefe del hogar,2020,Mujeres,Con discapacidad,Tamaulipas,30-44,Brazos o manos,0.0,706.0,2.0,ENIGH (INEGI),Personas de 18 años o más,enigh
hogar,Es jefa o jefe del hogar,2020,Mujeres,Con discapacidad,Tamaulipas,30-44,Caminar,0.0,3458.0,9.0,ENIGH (INEGI),Personas de 18 años o más,enigh
hogar,Es jefa o jefe del hogar,2020,Mujeres,Con discapacidad,Tamaulipas,30-44,Hablar o comunicarse,0.0,254.0,1.0,ENIGH (INEGI),Personas de 18 años o más,enigh
hogar,Es jefa o jefe del hogar,2020,Mujeres,Con discapacidad,Tamaulipas,30-44,Mental,0.0,2136.0,5.0,ENIGH (INEGI),Personas de 18 años o más,enigh
hogar,Es jefa o jefe del hogar,2020,Mujeres,Con discapacidad,Tamaulipas,30-44,Oír,0.0,215.0,1.0,ENIGH (INEGI),Personas de 18 años o más,enigh
hogar,Es jefa o jefe del hogar,2020,Mujeres,Con discapacidad,Tamaulipas,30-44,Recordar o concentrarse,0.0,1323.0,3.0,ENIGH (INEGI),Personas de 18 años o más,enigh
hogar,Es jefa o jefe del hogar,2020,Mujeres,Con discapacidad,Tamaulipas,30-44,Ver,452.0,1988.0,4.0,ENIGH (INEGI),Personas de 18 años o más,enigh
hogar,Es jefa o jefe del hogar,2020,Mujeres,Con discapacidad,Tamaulipas,45-59,Bañarse o vestirse,0.0,230.0,1.0,ENIGH (INEGI),Personas de 18 años o más,enigh
hogar,Es jefa o jefe del hogar,2020,Mujeres,Con discapacidad,Tamaulipas,45-59,Brazos o manos,468.0,1902.0,4.0,ENIGH (INEGI),Personas de 18 años o más,enigh
hogar,Es jefa o jefe del hogar,2020,Mujeres,Con discapacidad,Tamaulipas,45-59,Caminar,3397.0,9681.0,22.0,ENIGH (INEGI),Personas de 18 años o más,enigh
hogar,Es jefa o jefe del hogar,2020,Mujeres,Con discapacidad,Tamaulipas,45-59,Hablar o comunicarse,0.0,230.0,1.0,ENIGH (INEGI),Personas de 18 años o más,enigh
hogar,Es jefa o jefe del hogar,2020,Mujeres,Con discapacidad,Tamaulipas,45-59,Mental,0.0,1420.0,3.0,ENIGH (INEGI),Personas de 18 años o más,enigh
hogar,Es jefa o jefe del hogar,2020,Mujeres,Con discapacidad,Tamaulipas,45-59,Oír,0.0,1517.0,3.0,ENIGH (INEGI),Personas de 18 años o más,enigh
hogar,Es jefa o jefe del hogar,2020,Mujeres,Con discapacidad,Tamaulipas,45-59,Recordar o concentrarse,1014.0,2907.0,6.0,ENIGH (INEGI),Personas de 18 años o más,enigh
hogar,Es jefa o jefe del hogar,2020,Mujeres,Con discapacidad,Tamaulipas,45-59,Ver,4151.0,8231.0,17.0,ENIGH (INEGI),Personas de 18 años o más,enigh
hogar,Es jefa o jefe del hogar,2020,Mujeres,Con discapacidad,Tamaulipas,60+,Bañarse o vestirse,5699.0,12130.0,30.0,ENIGH (INEGI),Personas de 18 años o más,enigh
hogar,Es jefa o jefe del hogar,2020,Mujeres,Con discapacidad,Tamaulipas,60+,Brazos o manos,5482.0,10454.0,25.0,ENIGH (INEGI),Personas de 18 años o más,enigh
hogar,Es jefa o jefe del hogar,2020,Mujeres,Con discapacidad,Tamaulipas,60+,Caminar,22641.0,45075.0,103.0,ENIGH (INEGI),Personas de 18 años o más,enigh
hogar,Es jefa o jefe del hogar,2020,Mujeres,Con discapacidad,Tamaulipas,60+,Hablar o comunicarse,1493.0,4405.0,11.0,ENIGH (INEGI),Personas de 18 años o más,enigh
hogar,Es jefa o jefe del hogar,2020,Mujeres,Con discapacidad,Tamaulipas,60+,Mental,964.0,3862.0,10.0,ENIGH (INEGI),Personas de 18 años o más,enigh
hogar,Es jefa o jefe del hogar,2020,Mujeres,Con discapacidad,Tamaulipas,60+,Oír,5709.0,11651.0,28.0,ENIGH (INEGI),Personas de 18 años o más,enigh
hogar,Es jefa o jefe del hogar,2020,Mujeres,Con discapacidad,Tamaulipas,60+,Recordar o concentrarse,3355.0,7575.0,20.0,ENIGH (INEGI),Personas de 18 años o más,enigh
hogar,Es jefa o jefe del hogar,2020,Mujeres,Con discapacidad,Tamaulipas,60+,Ver,12336.0,22675.0,53.0,ENIGH (INEGI),Personas de 18 años o más,enigh
hogar,Es jefa o jefe del hogar,2020,Mujeres,Con discapacidad,Tlaxcala,18-29,Bañarse o vestirse,0.0,145.0,1.0,ENIGH (INEGI),Personas de 18 años o más,enigh
hogar,Es jefa o jefe del hogar,2020,Mujeres,Con discapacidad,Tlaxcala,18-29,Brazos o manos,0.0,88.0,1.0,ENIGH (INEGI),Personas de 18 años o más,enigh
hogar,Es jefa o jefe del hogar,2020,Mujeres,Con discapacidad,Tlaxcala,18-29,Caminar,0.0,88.0,1.0,ENIGH (INEGI),Personas de 18 años o más,enigh
hogar,Es jefa o jefe del hogar,2020,Mujeres,Con discapacidad,Tlaxcala,18-29,Hablar o comunicarse,0.0,271.0,2.0,ENIGH (INEGI),Personas de 18 años o más,enigh
hogar,Es jefa o jefe del hogar,2020,Mujeres,Con discapacidad,Tlaxcala,18-29,Mental,222.0,671.0,4.0,ENIGH (INEGI),Personas de 18 años o más,enigh
hogar,Es jefa o jefe del hogar,2020,Mujeres,Con discapacidad,Tlaxcala,18-29,Recordar o concentrarse,0.0,189.0,1.0,ENIGH (INEGI),Personas de 18 años o más,enigh
hogar,Es jefa o jefe del hogar,2020,Mujeres,Con discapacidad,Tlaxcala,18-29,Ver,0.0,733.0,5.0,ENIGH (INEGI),Personas de 18 años o más,enigh
hogar,Es jefa o jefe del hogar,2020,Mujeres,Con discapacidad,Tlaxcala,30-44,Bañarse o vestirse,0.0,143.0,1.0,ENIGH (INEGI),Personas de 18 años o más,enigh
hogar,Es jefa o jefe del hogar,2020,Mujeres,Con discapacidad,Tlaxcala,30-44,Brazos o manos,364.0,1127.0,7.0,ENIGH (INEGI),Personas de 18 años o más,enigh
hogar,Es jefa o jefe del hogar,2020,Mujeres,Con discapacidad,Tlaxcala,30-44,Caminar,134.0,1556.0,10.0,ENIGH (INEGI),Personas de 18 años o más,enigh
hogar,Es jefa o jefe del hogar,2020,Mujeres,Con discapacidad,Tlaxcala,30-44,Hablar o comunicarse,0.0,299.0,2.0,ENIGH (INEGI),Personas de 18 años o más,enigh
hogar,Es jefa o jefe del hogar,2020,Mujeres,Con discapacidad,Tlaxcala,30-44,Mental,268.0,545.0,4.0,ENIGH (INEGI),Personas de 18 años o más,enigh
hogar,Es jefa o jefe del hogar,2020,Mujeres,Con discapacidad,Tlaxcala,30-44,Oír,0.0,183.0,1.0,ENIGH (INEGI),Personas de 18 años o más,enigh
hogar,Es jefa o jefe del hogar,2020,Mujeres,Con discapacidad,Tlaxcala,30-44,Recordar o concentrarse,316.0,316.0,2.0,ENIGH (INEGI),Personas de 18 años o más,enigh
hogar,Es jefa o jefe del hogar,2020,Mujeres,Con discapacidad,Tlaxcala,30-44,Ver,658.0,1862.0,12.0,ENIGH (INEGI),Personas de 18 años o más,enigh
hogar,Es jefa o jefe del hogar,2020,Mujeres,Con discapacidad,Tlaxcala,45-59,Bañarse o vestirse,142.0,1069.0,7.0,ENIGH (INEGI),Personas de 18 años o más,enigh
hogar,Es jefa o jefe del hogar,2020,Mujeres,Con discapacidad,Tlaxcala,45-59,Brazos o manos,665.0,1225.0,8.0,ENIGH (INEGI),Personas de 18 años o más,enigh
hogar,Es jefa o jefe del hogar,2020,Mujeres,Con discapacidad,Tlaxcala,45-59,Caminar,629.0,2332.0,14.0,ENIGH (INEGI),Personas de 18 años o más,enigh
hogar,Es jefa o jefe del hogar,2020,Mujeres,Con discapacidad,Tlaxcala,45-59,Hablar o comunicarse,0.0,556.0,4.0,ENIGH (INEGI),Personas de 18 años o más,enigh
hogar,Es jefa o jefe del hogar,2020,Mujeres,Con discapacidad,Tlaxcala,45-59,Mental,0.0,163.0,1.0,ENIGH (INEGI),Personas de 18 años o más,enigh
hogar,Es jefa o jefe del hogar,2020,Mujeres,Con discapacidad,Tlaxcala,45-59,Oír,0.0,205.0,1.0,ENIGH (INEGI),Personas de 18 años o más,enigh
hogar,Es jefa o jefe del hogar,2020,Mujeres,Con discapacidad,Tlaxcala,45-59,Recordar o concentrarse,0.0,630.0,4.0,ENIGH (INEGI),Personas de 18 años o más,enigh
hogar,Es jefa o jefe del hogar,2020,Mujeres,Con discapacidad,Tlaxcala,45-59,Ver,835.0,2875.0,17.0,ENIGH (INEGI),Personas de 18 años o más,enigh
hogar,Es jefa o jefe del hogar,2020,Mujeres,Con discapacidad,Tlaxcala,60+,Bañarse o vestirse,1752.0,5358.0,33.0,ENIGH (INEGI),Personas de 18 años o más,enigh
hogar,Es jefa o jefe del hogar,2020,Mujeres,Con discapacidad,Tlaxcala,60+,Brazos o manos,2213.0,5157.0,32.0,ENIGH (INEGI),Personas de 18 años o más,enigh
hogar,Es jefa o jefe del hogar,2020,Mujeres,Con discapacidad,Tlaxcala,60+,Caminar,5854.0,15129.0,97.0,ENIGH (INEGI),Personas de 18 años o más,enigh
hogar,Es jefa o jefe del hogar,2020,Mujeres,Con discapacidad,Tlaxcala,60+,Hablar o comunicarse,325.0,2331.0,14.0,ENIGH (INEGI),Personas de 18 años o más,enigh
hogar,Es jefa o jefe del hogar,2020,Mujeres,Con discapacidad,Tlaxcala,60+,Mental,656.0,1850.0,11.0,ENIGH (INEGI),Personas de 18 años o más,enigh
hogar,Es jefa o jefe del hogar,2020,Mujeres,Con discapacidad,Tlaxcala,60+,Oír,1537.0,5090.0,33.0,ENIGH (INEGI),Personas de 18 años o más,enigh
hogar,Es jefa o jefe del hogar,2020,Mujeres,Con discapacidad,Tlaxcala,60+,Recordar o concentrarse,1578.0,4380.0,27.0,ENIGH (INEGI),Personas de 18 años o más,enigh
hogar,Es jefa o jefe del hogar,2020,Mujeres,Con discapacidad,Tlaxcala,60+,Ver,3247.0,8978.0,57.0,ENIGH (INEGI),Personas de 18 años o más,enigh
hogar,Es jefa o jefe del hogar,2020,Mujeres,Con discapacidad,Veracruz,18-29,Bañarse o vestirse,0.0,1622.0,2.0,ENIGH (INEGI),Personas de 18 años o más,enigh
hogar,Es jefa o jefe del hogar,2020,Mujeres,Con discapacidad,Veracruz,18-29,Brazos o manos,0.0,1692.0,2.0,ENIGH (INEGI),Personas de 18 años o más,enigh
hogar,Es jefa o jefe del hogar,2020,Mujeres,Con discapacidad,Veracruz,18-29,Caminar,0.0,7221.0,7.0,ENIGH (INEGI),Personas de 18 años o más,enigh
hogar,Es jefa o jefe del hogar,2020,Mujeres,Con discapacidad,Veracruz,18-29,Hablar o comunicarse,0.0,3133.0,3.0,ENIGH (INEGI),Personas de 18 años o más,enigh
hogar,Es jefa o jefe del hogar,2020,Mujeres,Con discapacidad,Veracruz,18-29,Mental,0.0,2323.0,2.0,ENIGH (INEGI),Personas de 18 años o más,enigh
hogar,Es jefa o jefe del hogar,2020,Mujeres,Con discapacidad,Veracruz,18-29,Oír,0.0,2616.0,3.0,ENIGH (INEGI),Personas de 18 años o más,enigh
hogar,Es jefa o jefe del hogar,2020,Mujeres,Con discapacidad,Veracruz,18-29,Recordar o concentrarse,0.0,490.0,1.0,ENIGH (INEGI),Personas de 18 años o más,enigh
hogar,Es jefa o jefe del hogar,2020,Mujeres,Con discapacidad,Veracruz,18-29,Ver,0.0,6510.0,8.0,ENIGH (INEGI),Personas de 18 años o más,enigh
hogar,Es jefa o jefe del hogar,2020,Mujeres,Con discapacidad,Veracruz,30-44,Bañarse o vestirse,0.0,4323.0,5.0,ENIGH (INEGI),Personas de 18 años o más,enigh
hogar,Es jefa o jefe del hogar,2020,Mujeres,Con discapacidad,Veracruz,30-44,Brazos o manos,0.0,5257.0,6.0,ENIGH (INEGI),Personas de 18 años o más,enigh
hogar,Es jefa o jefe del hogar,2020,Mujeres,Con discapacidad,Veracruz,30-44,Caminar,4588.0,14866.0,17.0,ENIGH (INEGI),Personas de 18 años o más,enigh
hogar,Es jefa o jefe del hogar,2020,Mujeres,Con discapacidad,Veracruz,30-44,Hablar o comunicarse,0.0,2416.0,4.0,ENIGH (INEGI),Personas de 18 años o más,enigh
hogar,Es jefa o jefe del hogar,2020,Mujeres,Con discapacidad,Veracruz,30-44,Mental,1046.0,3645.0,5.0,ENIGH (INEGI),Personas de 18 años o más,enigh
hogar,Es jefa o jefe del hogar,2020,Mujeres,Con discapacidad,Veracruz,30-44,Recordar o concentrarse,2005.0,5722.0,8.0,ENIGH (INEGI),Personas de 18 años o más,enigh
hogar,Es jefa o jefe del hogar,2020,Mujeres,Con discapacidad,Veracruz,30-44,Ver,4112.0,16429.0,17.0,ENIGH (INEGI),Personas de 18 años o más,enigh
hogar,Es jefa o jefe del hogar,2020,Mujeres,Con discapacidad,Veracruz,45-59,Bañarse o vestirse,2583.0,4351.0,5.0,ENIGH (INEGI),Personas de 18 años o más,enigh
hogar,Es jefa o jefe del hogar,2020,Mujeres,Con discapacidad,Veracruz,45-59,Brazos o manos,2348.0,10373.0,13.0,ENIGH (INEGI),Personas de 18 años o más,enigh
hogar,Es jefa o jefe del hogar,2020,Mujeres,Con discapacidad,Veracruz,45-59,Caminar,11579.0,30249.0,36.0,ENIGH (INEGI),Personas de 18 años o más,enigh
hogar,Es jefa o jefe del hogar,2020,Mujeres,Con discapacidad,Veracruz,45-59,Hablar o comunicarse,695.0,3431.0,6.0,ENIGH (INEGI),Personas de 18 años o más,enigh
hogar,Es jefa o jefe del hogar,2020,Mujeres,Con discapacidad,Veracruz,45-59,Mental,977.0,6380.0,8.0,ENIGH (INEGI),Personas de 18 años o más,enigh
hogar,Es jefa o jefe del hogar,2020,Mujeres,Con discapacidad,Veracruz,45-59,Oír,1745.0,4765.0,8.0,ENIGH (INEGI),Personas de 18 años o más,enigh
hogar,Es jefa o jefe del hogar,2020,Mujeres,Con discapacidad,Veracruz,45-59,Recordar o concentrarse,8370.0,14004.0,15.0,ENIGH (INEGI),Personas de 18 años o más,enigh
hogar,Es jefa o jefe del hogar,2020,Mujeres,Con discapacidad,Veracruz,45-59,Ver,12283.0,32678.0,42.0,ENIGH (INEGI),Personas de 18 años o más,enigh
hogar,Es jefa o jefe del hogar,2020,Mujeres,Con discapacidad,Veracruz,60+,Bañarse o vestirse,13462.0,35465.0,41.0,ENIGH (INEGI),Personas de 18 años o más,enigh
hogar,Es jefa o jefe del hogar,2020,Mujeres,Con discapacidad,Veracruz,60+,Brazos o manos,17265.0,39979.0,45.0,ENIGH (INEGI),Personas de 18 años o más,enigh
hogar,Es jefa o jefe del hogar,2020,Mujeres,Con discapacidad,Veracruz,60+,Caminar,58593.0,117495.0,128.0,ENIGH (INEGI),Personas de 18 años o más,enigh
hogar,Es jefa o jefe del hogar,2020,Mujeres,Con discapacidad,Veracruz,60+,Hablar o comunicarse,4121.0,11498.0,12.0,ENIGH (INEGI),Personas de 18 años o más,enigh
hogar,Es jefa o jefe del hogar,2020,Mujeres,Con discapacidad,Veracruz,60+,Mental,5351.0,18972.0,23.0,ENIGH (INEGI),Personas de 18 años o más,enigh
hogar,Es jefa o jefe del hogar,2020,Mujeres,Con discapacidad,Veracruz,60+,Oír,20506.0,49454.0,54.0,ENIGH (INEGI),Personas de 18 años o más,enigh
hogar,Es jefa o jefe del hogar,2020,Mujeres,Con discapacidad,Veracruz,60+,Recordar o concentrarse,19251.0,46099.0,53.0,ENIGH (INEGI),Personas de 18 años o más,enigh
hogar,Es jefa o jefe del hogar,2020,Mujeres,Con discapacidad,Veracruz,60+,Ver,35203.0,75797.0,92.0,ENIGH (INEGI),Personas de 18 años o más,enigh
hogar,Es jefa o jefe del hogar,2020,Mujeres,Con discapacidad,Yucatán,18-29,Bañarse o vestirse,0.0,403.0,3.0,ENIGH (INEGI),Personas de 18 años o más,enigh
hogar,Es jefa o jefe del hogar,2020,Mujeres,Con discapacidad,Yucatán,18-29,Brazos o manos,0.0,451.0,1.0,ENIGH (INEGI),Personas de 18 años o más,enigh
hogar,Es jefa o jefe del hogar,2020,Mujeres,Con discapacidad,Yucatán,18-29,Caminar,338.0,1385.0,8.0,ENIGH (INEGI),Personas de 18 años o más,enigh
hogar,Es jefa o jefe del hogar,2020,Mujeres,Con discapacidad,Yucatán,18-29,Hablar o comunicarse,0.0,814.0,5.0,ENIGH (INEGI),Personas de 18 años o más,enigh
hogar,Es jefa o jefe del hogar,2020,Mujeres,Con discapacidad,Yucatán,18-29,Mental,0.0,1608.0,9.0,ENIGH (INEGI),Personas de 18 años o más,enigh
hogar,Es jefa o jefe del hogar,2020,Mujeres,Con discapacidad,Yucatán,18-29,Oír,354.0,739.0,4.0,ENIGH (INEGI),Personas de 18 años o más,enigh
hogar,Es jefa o jefe del hogar,2020,Mujeres,Con discapacidad,Yucatán,18-29,Recordar o concentrarse,0.0,2321.0,12.0,ENIGH (INEGI),Personas de 18 años o más,enigh
hogar,Es jefa o jefe del hogar,2020,Mujeres,Con discapacidad,Yucatán,18-29,Ver,657.0,2252.0,8.0,ENIGH (INEGI),Personas de 18 años o más,enigh
hogar,Es jefa o jefe del hogar,2020,Mujeres,Con discapacidad,Yucatán,30-44,Bañarse o vestirse,0.0,1052.0,6.0,ENIGH (INEGI),Personas de 18 años o más,enigh
hogar,Es jefa o jefe del hogar,2020,Mujeres,Con discapacidad,Yucatán,30-44,Brazos o manos,514.0,1792.0,7.0,ENIGH (INEGI),Personas de 18 años o más,enigh
hogar,Es jefa o jefe del hogar,2020,Mujeres,Con discapacidad,Yucatán,30-44,Caminar,925.0,4930.0,22.0,ENIGH (INEGI),Personas de 18 años o más,enigh
hogar,Es jefa o jefe del hogar,2020,Mujeres,Con discapacidad,Yucatán,30-44,Hablar o comunicarse,0.0,1726.0,8.0,ENIGH (INEGI),Personas de 18 años o más,enigh
hogar,Es jefa o jefe del hogar,2020,Mujeres,Con discapacidad,Yucatán,30-44,Mental,258.0,1706.0,9.0,ENIGH (INEGI),Personas de 18 años o más,enigh
hogar,Es jefa o jefe del hogar,2020,Mujeres,Con discapacidad,Yucatán,30-44,Oír,338.0,2187.0,12.0,ENIGH (INEGI),Personas de 18 años o más,enigh
hogar,Es jefa o jefe del hogar,2020,Mujeres,Con discapacidad,Yucatán,30-44,Recordar o concentrarse,0.0,694.0,4.0,ENIGH (INEGI),Personas de 18 años o más,enigh
hogar,Es jefa o jefe del hogar,2020,Mujeres,Con discapacidad,Yucatán,30-44,Ver,327.0,1607.0,7.0,ENIGH (INEGI),Personas de 18 años o más,enigh
hogar,Es jefa o jefe del hogar,2020,Mujeres,Con discapacidad,Yucatán,45-59,Bañarse o vestirse,0.0,1309.0,5.0,ENIGH (INEGI),Personas de 18 años o más,enigh
hogar,Es jefa o jefe del hogar,2020,Mujeres,Con discapacidad,Yucatán,45-59,Brazos o manos,1541.0,3349.0,16.0,ENIGH (INEGI),Personas de 18 años o más,enigh
hogar,Es jefa o jefe del hogar,2020,Mujeres,Con discapacidad,Yucatán,45-59,Caminar,2341.0,8422.0,35.0,ENIGH (INEGI),Personas de 18 años o más,enigh
hogar,Es jefa o jefe del hogar,2020,Mujeres,Con discapacidad,Yucatán,45-59,Hablar o comunicarse,256.0,728.0,4.0,ENIGH (INEGI),Personas de 18 años o más,enigh
hogar,Es jefa o jefe del hogar,2020,Mujeres,Con discapacidad,Yucatán,45-59,Mental,420.0,574.0,4.0,ENIGH (INEGI),Personas de 18 años o más,enigh
hogar,Es jefa o jefe del hogar,2020,Mujeres,Con discapacidad,Yucatán,45-59,Oír,856.0,1205.0,6.0,ENIGH (INEGI),Personas de 18 años o más,enigh
hogar,Es jefa o jefe del hogar,2020,Mujeres,Con discapacidad,Yucatán,45-59,Recordar o concentrarse,673.0,1808.0,10.0,ENIGH (INEGI),Personas de 18 años o más,enigh
hogar,Es jefa o jefe del hogar,2020,Mujeres,Con discapacidad,Yucatán,45-59,Ver,3927.0,8081.0,37.0,ENIGH (INEGI),Personas de 18 años o más,enigh
hogar,Es jefa o jefe del hogar,2020,Mujeres,Con discapacidad,Yucatán,60+,Bañarse o vestirse,4631.0,11004.0,46.0,ENIGH (INEGI),Personas de 18 años o más,enigh
hogar,Es jefa o jefe del hogar,2020,Mujeres,Con discapacidad,Yucatán,60+,Brazos o manos,7814.0,15659.0,64.0,ENIGH (INEGI),Personas de 18 años o más,enigh
hogar,Es jefa o jefe del hogar,2020,Mujeres,Con discapacidad,Yucatán,60+,Caminar,16690.0,37066.0,159.0,ENIGH (INEGI),Personas de 18 años o más,enigh
hogar,Es jefa o jefe del hogar,2020,Mujeres,Con discapacidad,Yucatán,60+,Hablar o comunicarse,59.0,3481.0,15.0,ENIGH (INEGI),Personas de 18 años o más,enigh
hogar,Es jefa o jefe del hogar,2020,Mujeres,Con discapacidad,Yucatán,60+,Mental,2237.0,6956.0,30.0,ENIGH (INEGI),Personas de 18 años o más,enigh
hogar,Es jefa o jefe del hogar,2020,Mujeres,Con discapacidad,Yucatán,60+,Oír,3896.0,10278.0,48.0,ENIGH (INEGI),Personas de 18 años o más,enigh
hogar,Es jefa o jefe del hogar,2020,Mujeres,Con discapacidad,Yucatán,60+,Recordar o concentrarse,4666.0,10319.0,44.0,ENIGH (INEGI),Personas de 18 años o más,enigh
hogar,Es jefa o jefe del hogar,2020,Mujeres,Con discapacidad,Yucatán,60+,Ver,9206.0,21419.0,95.0,ENIGH (INEGI),Personas de 18 años o más,enigh
hogar,Es jefa o jefe del hogar,2020,Mujeres,Con discapacidad,Zacatecas,18-29,Bañarse o vestirse,0.0,442.0,2.0,ENIGH (INEGI),Personas de 18 años o más,enigh
hogar,Es jefa o jefe del hogar,2020,Mujeres,Con discapacidad,Zacatecas,18-29,Caminar,0.0,1170.0,6.0,ENIGH (INEGI),Personas de 18 años o más,enigh
hogar,Es jefa o jefe del hogar,2020,Mujeres,Con discapacidad,Zacatecas,18-29,Hablar o comunicarse,0.0,413.0,2.0,ENIGH (INEGI),Personas de 18 años o más,enigh
hogar,Es jefa o jefe del hogar,2020,Mujeres,Con discapacidad,Zacatecas,18-29,Mental,0.0,601.0,3.0,ENIGH (INEGI),Personas de 18 años o más,enigh
hogar,Es jefa o jefe del hogar,2020,Mujeres,Con discapacidad,Zacatecas,18-29,Oír,0.0,387.0,2.0,ENIGH (INEGI),Personas de 18 años o más,enigh
hogar,Es jefa o jefe del hogar,2020,Mujeres,Con discapacidad,Zacatecas,18-29,Recordar o concentrarse,0.0,1194.0,6.0,ENIGH (INEGI),Personas de 18 años o más,enigh
hogar,Es jefa o jefe del hogar,2020,Mujeres,Con discapacidad,Zacatecas,18-29,Ver,201.0,1902.0,10.0,ENIGH (INEGI),Personas de 18 años o más,enigh
hogar,Es jefa o jefe del hogar,2020,Mujeres,Con discapacidad,Zacatecas,30-44,Bañarse o vestirse,141.0,665.0,4.0,ENIGH (INEGI),Personas de 18 años o más,enigh
hogar,Es jefa o jefe del hogar,2020,Mujeres,Con discapacidad,Zacatecas,30-44,Brazos o manos,320.0,664.0,4.0,ENIGH (INEGI),Personas de 18 años o más,enigh
hogar,Es jefa o jefe del hogar,2020,Mujeres,Con discapacidad,Zacatecas,30-44,Caminar,901.0,2530.0,14.0,ENIGH (INEGI),Personas de 18 años o más,enigh
hogar,Es jefa o jefe del hogar,2020,Mujeres,Con discapacidad,Zacatecas,30-44,Hablar o comunicarse,141.0,1620.0,9.0,ENIGH (INEGI),Personas de 18 años o más,enigh
hogar,Es jefa o jefe del hogar,2020,Mujeres,Con discapacidad,Zacatecas,30-44,Mental,338.0,1072.0,6.0,ENIGH (INEGI),Personas de 18 años o más,enigh
hogar,Es jefa o jefe del hogar,2020,Mujeres,Con discapacidad,Zacatecas,30-44,Oír,141.0,510.0,3.0,ENIGH (INEGI),Personas de 18 años o más,enigh
hogar,Es jefa o jefe del hogar,2020,Mujeres,Con discapacidad,Zacatecas,30-44,Recordar o concentrarse,762.0,1650.0,9.0,ENIGH (INEGI),Personas de 18 años o más,enigh
hogar,Es jefa o jefe del hogar,2020,Mujeres,Con discapacidad,Zacatecas,30-44,Ver,576.0,1618.0,9.0,ENIGH (INEGI),Personas de 18 años o más,enigh
hogar,Es jefa o jefe del hogar,2020,Mujeres,Con discapacidad,Zacatecas,45-59,Bañarse o vestirse,342.0,1191.0,7.0,ENIGH (INEGI),Personas de 18 años o más,enigh
hogar,Es jefa o jefe del hogar,2020,Mujeres,Con discapacidad,Zacatecas,45-59,Brazos o manos,915.0,2571.0,14.0,ENIGH (INEGI),Personas de 18 años o más,enigh
hogar,Es jefa o jefe del hogar,2020,Mujeres,Con discapacidad,Zacatecas,45-59,Caminar,1890.0,6557.0,35.0,ENIGH (INEGI),Personas de 18 años o más,enigh
hogar,Es jefa o jefe del hogar,2020,Mujeres,Con discapacidad,Zacatecas,45-59,Hablar o comunicarse,0.0,857.0,5.0,ENIGH (INEGI),Personas de 18 años o más,enigh
hogar,Es jefa o jefe del hogar,2020,Mujeres,Con discapacidad,Zacatecas,45-59,Mental,732.0,1927.0,11.0,ENIGH (INEGI),Personas de 18 años o más,enigh
hogar,Es jefa o jefe del hogar,2020,Mujeres,Con discapacidad,Zacatecas,45-59,Oír,722.0,2196.0,12.0,ENIGH (INEGI),Personas de 18 años o más,enigh
hogar,Es jefa o jefe del hogar,2020,Mujeres,Con discapacidad,Zacatecas,45-59,Recordar o concentrarse,981.0,1866.0,10.0,ENIGH (INEGI),Personas de 18 años o más,enigh
hogar,Es jefa o jefe del hogar,2020,Mujeres,Con discapacidad,Zacatecas,45-59,Ver,1933.0,5009.0,27.0,ENIGH (INEGI),Personas de 18 años o más,enigh
hogar,Es jefa o jefe del hogar,2020,Mujeres,Con discapacidad,Zacatecas,60+,Bañarse o vestirse,4901.0,9805.0,53.0,ENIGH (INEGI),Personas de 18 años o más,enigh
hogar,Es jefa o jefe del hogar,2020,Mujeres,Con discapacidad,Zacatecas,60+,Brazos o manos,3948.0,10033.0,56.0,ENIGH (INEGI),Personas de 18 años o más,enigh
hogar,Es jefa o jefe del hogar,2020,Mujeres,Con discapacidad,Zacatecas,60+,Caminar,12718.0,28937.0,162.0,ENIGH (INEGI),Personas de 18 años o más,enigh
hogar,Es jefa o jefe del hogar,2020,Mujeres,Con discapacidad,Zacatecas,60+,Hablar o comunicarse,1151.0,2345.0,12.0,ENIGH (INEGI),Personas de 18 años o más,enigh
hogar,Es jefa o jefe del hogar,2020,Mujeres,Con discapacidad,Zacatecas,60+,Mental,1876.0,3536.0,19.0,ENIGH (INEGI),Personas de 18 años o más,enigh
hogar,Es jefa o jefe del hogar,2020,Mujeres,Con discapacidad,Zacatecas,60+,Oír,3674.0,8309.0,45.0,ENIGH (INEGI),Personas de 18 años o más,enigh
hogar,Es jefa o jefe del hogar,2020,Mujeres,Con discapacidad,Zacatecas,60+,Recordar o concentrarse,3219.0,7512.0,41.0,ENIGH (INEGI),Personas de 18 años o más,enigh
hogar,Es jefa o jefe del hogar,2020,Mujeres,Con discapacidad,Zacatecas,60+,Ver,6377.0,13323.0,74.0,ENIGH (INEGI),Personas de 18 años o más,enigh
hogar,Es jefa o jefe del hogar,2022,Hombres,Con discapacidad,Aguascalientes,18-29,Bañarse o vestirse,0.0,774.0,5.0,ENIGH (INEGI),Personas de 18 años o más,enigh
hogar,Es jefa o jefe del hogar,2022,Hombres,Con discapacidad,Aguascalientes,18-29,Brazos o manos,0.0,1125.0,7.0,ENIGH (INEGI),Personas de 18 años o más,enigh
hogar,Es jefa o jefe del hogar,2022,Hombres,Con discapacidad,Aguascalientes,18-29,Caminar,220.0,1897.0,13.0,ENIGH (INEGI),Personas de 18 años o más,enigh
hogar,Es jefa o jefe del hogar,2022,Hombres,Con discapacidad,Aguascalientes,18-29,Hablar o comunicarse,0.0,1097.0,7.0,ENIGH (INEGI),Personas de 18 años o más,enigh
hogar,Es jefa o jefe del hogar,2022,Hombres,Con discapacidad,Aguascalientes,18-29,Mental,0.0,1282.0,9.0,ENIGH (INEGI),Personas de 18 años o más,enigh
hogar,Es jefa o jefe del hogar,2022,Hombres,Con discapacidad,Aguascalientes,18-29,Oír,0.0,285.0,2.0,ENIGH (INEGI),Personas de 18 años o más,enigh
hogar,Es jefa o jefe del hogar,2022,Hombres,Con discapacidad,Aguascalientes,18-29,Recordar o concentrarse,0.0,1135.0,8.0,ENIGH (INEGI),Personas de 18 años o más,enigh
hogar,Es jefa o jefe del hogar,2022,Hombres,Con discapacidad,Aguascalientes,18-29,Ver,260.0,1513.0,11.0,ENIGH (INEGI),Personas de 18 años o más,enigh
hogar,Es jefa o jefe del hogar,2022,Hombres,Con discapacidad,Aguascalientes,30-44,Bañarse o vestirse,484.0,1170.0,8.0,ENIGH (INEGI),Personas de 18 años o más,enigh
hogar,Es jefa o jefe del hogar,2022,Hombres,Con discapacidad,Aguascalientes,30-44,Brazos o manos,176.0,924.0,8.0,ENIGH (INEGI),Personas de 18 años o más,enigh
hogar,Es jefa o jefe del hogar,2022,Hombres,Con discapacidad,Aguascalientes,30-44,Caminar,1584.0,3097.0,24.0,ENIGH (INEGI),Personas de 18 años o más,enigh
hogar,Es jefa o jefe del hogar,2022,Hombres,Con discapacidad,Aguascalientes,30-44,Hablar o comunicarse,90.0,1193.0,10.0,ENIGH (INEGI),Personas de 18 años o más,enigh
hogar,Es jefa o jefe del hogar,2022,Hombres,Con discapacidad,Aguascalientes,30-44,Mental,0.0,787.0,6.0,ENIGH (INEGI),Personas de 18 años o más,enigh
hogar,Es jefa o jefe del hogar,2022,Hombres,Con discapacidad,Aguascalientes,30-44,Oír,0.0,524.0,6.0,ENIGH (INEGI),Personas de 18 años o más,enigh
hogar,Es jefa o jefe del hogar,2022,Hombres,Con discapacidad,Aguascalientes,30-44,Recordar o concentrarse,0.0,715.0,5.0,ENIGH (INEGI),Personas de 18 años o más,enigh
hogar,Es jefa o jefe del hogar,2022,Hombres,Con discapacidad,Aguascalientes,30-44,Ver,1139.0,2566.0,16.0,ENIGH (INEGI),Personas de 18 años o más,enigh
hogar,Es jefa o jefe del hogar,2022,Hombres,Con discapacidad,Aguascalientes,45-59,Bañarse o vestirse,1040.0,1040.0,7.0,ENIGH (INEGI),Personas de 18 años o más,enigh
hogar,Es jefa o jefe del hogar,2022,Hombres,Con discapacidad,Aguascalientes,45-59,Brazos o manos,2212.0,2212.0,14.0,ENIGH (INEGI),Personas de 18 años o más,enigh
hogar,Es jefa o jefe del hogar,2022,Hombres,Con discapacidad,Aguascalientes,45-59,Caminar,5833.0,6086.0,39.0,ENIGH (INEGI),Personas de 18 años o más,enigh
hogar,Es jefa o jefe del hogar,2022,Hombres,Con discapacidad,Aguascalientes,45-59,Mental,675.0,765.0,6.0,ENIGH (INEGI),Personas de 18 años o más,enigh
hogar,Es jefa o jefe del hogar,2022,Hombres,Con discapacidad,Aguascalientes,45-59,Oír,1069.0,1069.0,7.0,ENIGH (INEGI),Personas de 18 años o más,enigh
hogar,Es jefa o jefe del hogar,2022,Hombres,Con discapacidad,Aguascalientes,45-59,Recordar o concentrarse,1673.0,1763.0,12.0,ENIGH (INEGI),Personas de 18 años o más,enigh
hogar,Es jefa o jefe del hogar,2022,Hombres,Con discapacidad,Aguascalientes,45-59,Ver,5144.0,5388.0,34.0,ENIGH (INEGI),Personas de 18 años o más,enigh
hogar,Es jefa o jefe del hogar,2022,Hombres,Con discapacidad,Aguascalientes,60+,Bañarse o vestirse,3080.0,4258.0,30.0,ENIGH (INEGI),Personas de 18 años o más,enigh
hogar,Es jefa o jefe del hogar,2022,Hombres,Con discapacidad,Aguascalientes,60+,Brazos o manos,3738.0,4521.0,35.0,ENIGH (INEGI),Personas de 18 años o más,enigh
hogar,Es jefa o jefe del hogar,2022,Hombres,Con discapacidad,Aguascalientes,60+,Caminar,9838.0,11973.0,91.0,ENIGH (INEGI),Personas de 18 años o más,enigh
hogar,Es jefa o jefe del hogar,2022,Hombres,Con discapacidad,Aguascalientes,60+,Hablar o comunicarse,1464.0,2122.0,16.0,ENIGH (INEGI),Personas de 18 años o más,enigh
hogar,Es jefa o jefe del hogar,2022,Hombres,Con discapacidad,Aguascalientes,60+,Mental,1896.0,2731.0,17.0,ENIGH (INEGI),Personas de 18 años o más,enigh
hogar,Es jefa o jefe del hogar,2022,Hombres,Con discapacidad,Aguascalientes,60+,Oír,3931.0,5168.0,40.0,ENIGH (INEGI),Personas de 18 años o más,enigh
hogar,Es jefa o jefe del hogar,2022,Hombres,Con discapacidad,Aguascalientes,60+,Recordar o concentrarse,2246.0,3447.0,25.0,ENIGH (INEGI),Personas de 18 años o más,enigh
hogar,Es jefa o jefe del hogar,2022,Hombres,Con discapacidad,Aguascalientes,60+,Ver,5280.0,6607.0,49.0,ENIGH (INEGI),Personas de 18 años o más,enigh
hogar,Es jefa o jefe del hogar,2022,Hombres,Con discapacidad,Baja California,18-29,Bañarse o vestirse,0.0,1263.0,4.0,ENIGH (INEGI),Personas de 18 años o más,enigh
hogar,Es jefa o jefe del hogar,2022,Hombres,Con discapacidad,Baja California,18-29,Brazos o manos,0.0,1995.0,5.0,ENIGH (INEGI),Personas de 18 años o más,enigh
hogar,Es jefa o jefe del hogar,2022,Hombres,Con discapacidad,Baja California,18-29,Caminar,43.0,3821.0,14.0,ENIGH (INEGI),Personas de 18 años o más,enigh
hogar,Es jefa o jefe del hogar,2022,Hombres,Con discapacidad,Baja California,18-29,Hablar o comunicarse,0.0,2591.0,8.0,ENIGH (INEGI),Personas de 18 años o más,enigh
hogar,Es jefa o jefe del hogar,2022,Hombres,Con discapacidad,Baja California,18-29,Mental,0.0,2903.0,11.0,ENIGH (INEGI),Personas de 18 años o más,enigh
hogar,Es jefa o jefe del hogar,2022,Hombres,Con discapacidad,Baja California,18-29,Oír,0.0,1916.0,5.0,ENIGH (INEGI),Personas de 18 años o más,enigh
hogar,Es jefa o jefe del hogar,2022,Hombres,Con discapacidad,Baja California,18-29,Recordar o concentrarse,534.0,2107.0,9.0,ENIGH (INEGI),Personas de 18 años o más,enigh
hogar,Es jefa o jefe del hogar,2022,Hombres,Con discapacidad,Baja California,18-29,Ver,684.0,2452.0,7.0,ENIGH (INEGI),Personas de 18 años o más,enigh
hogar,Es jefa o jefe del hogar,2022,Hombres,Con discapacidad,Baja California,30-44,Bañarse o vestirse,0.0,543.0,3.0,ENIGH (INEGI),Personas de 18 años o más,enigh
hogar,Es jefa o jefe del hogar,2022,Hombres,Con discapacidad,Baja California,30-44,Brazos o manos,63.0,1858.0,8.0,ENIGH (INEGI),Personas de 18 años o más,enigh
hogar,Es jefa o jefe del hogar,2022,Hombres,Con discapacidad,Baja California,30-44,Caminar,897.0,4239.0,19.0,ENIGH (INEGI),Personas de 18 años o más,enigh
hogar,Es jefa o jefe del hogar,2022,Hombres,Con discapacidad,Baja California,30-44,Hablar o comunicarse,111.0,2609.0,12.0,ENIGH (INEGI),Personas de 18 años o más,enigh
hogar,Es jefa o jefe del hogar,2022,Hombres,Con discapacidad,Baja California,30-44,Mental,132.0,2721.0,12.0,ENIGH (INEGI),Personas de 18 años o más,enigh
hogar,Es jefa o jefe del hogar,2022,Hombres,Con discapacidad,Baja California,30-44,Oír,175.0,1434.0,9.0,ENIGH (INEGI),Personas de 18 años o más,enigh
hogar,Es jefa o jefe del hogar,2022,Hombres,Con discapacidad,Baja California,30-44,Recordar o concentrarse,0.0,1299.0,6.0,ENIGH (INEGI),Personas de 18 años o más,enigh
hogar,Es jefa o jefe del hogar,2022,Hombres,Con discapacidad,Baja California,30-44,Ver,771.0,3208.0,12.0,ENIGH (INEGI),Personas de 18 años o más,enigh
hogar,Es jefa o jefe del hogar,2022,Hombres,Con discapacidad,Baja California,45-59,Bañarse o vestirse,2903.0,4692.0,13.0,ENIGH (INEGI),Personas de 18 años o más,enigh
hogar,Es jefa o jefe del hogar,2022,Hombres,Con discapacidad,Baja California,45-59,Brazos o manos,1508.0,3631.0,13.0,ENIGH (INEGI),Personas de 18 años o más,enigh
hogar,Es jefa o jefe del hogar,2022,Hombres,Con discapacidad,Baja California,45-59,Caminar,6949.0,10599.0,31.0,ENIGH (INEGI),Personas de 18 años o más,enigh
hogar,Es jefa o jefe del hogar,2022,Hombres,Con discapacidad,Baja California,45-59,Hablar o comunicarse,1750.0,2510.0,14.0,ENIGH (INEGI),Personas de 18 años o más,enigh
hogar,Es jefa o jefe del hogar,2022,Hombres,Con discapacidad,Baja California,45-59,Mental,1673.0,3376.0,16.0,ENIGH (INEGI),Personas de 18 años o más,enigh
hogar,Es jefa o jefe del hogar,2022,Hombres,Con discapacidad,Baja California,45-59,Oír,1526.0,1578.0,10.0,ENIGH (INEGI),Personas de 18 años o más,enigh
hogar,Es jefa o jefe del hogar,2022,Hombres,Con discapacidad,Baja California,45-59,Recordar o concentrarse,2211.0,2993.0,15.0,ENIGH (INEGI),Personas de 18 años o más,enigh
hogar,Es jefa o jefe del hogar,2022,Hombres,Con discapacidad,Baja California,45-59,Ver,5799.0,7292.0,26.0,ENIGH (INEGI),Personas de 18 años o más,enigh
hogar,Es jefa o jefe del hogar,2022,Hombres,Con discapacidad,Baja California,60+,Bañarse o vestirse,3699.0,6497.0,36.0,ENIGH (INEGI),Personas de 18 años o más,enigh
hogar,Es jefa o jefe del hogar,2022,Hombres,Con discapacidad,Baja California,60+,Brazos o manos,7048.0,9862.0,49.0,ENIGH (INEGI),Personas de 18 años o más,enigh
hogar,Es jefa o jefe del hogar,2022,Hombres,Con discapacidad,Baja California,60+,Caminar,15411.0,22813.0,114.0,ENIGH (INEGI),Personas de 18 años o más,enigh
hogar,Es jefa o jefe del hogar,2022,Hombres,Con discapacidad,Baja California,60+,Hablar o comunicarse,3610.0,6191.0,29.0,ENIGH (INEGI),Personas de 18 años o más,enigh
hogar,Es jefa o jefe del hogar,2022,Hombres,Con discapacidad,Baja California,60+,Mental,4344.0,6308.0,28.0,ENIGH (INEGI),Personas de 18 años o más,enigh
hogar,Es jefa o jefe del hogar,2022,Hombres,Con discapacidad,Baja California,60+,Oír,8092.0,11703.0,50.0,ENIGH (INEGI),Personas de 18 años o más,enigh
hogar,Es jefa o jefe del hogar,2022,Hombres,Con discapacidad,Baja California,60+,Recordar o concentrarse,2301.0,4676.0,29.0,ENIGH (INEGI),Personas de 18 años o más,enigh
hogar,Es jefa o jefe del hogar,2022,Hombres,Con discapacidad,Baja California,60+,Ver,11474.0,15815.0,68.0,ENIGH (INEGI),Personas de 18 años o más,enigh
hogar,Es jefa o jefe del hogar,2022,Hombres,Con discapacidad,Baja California Sur,18-29,Bañarse o vestirse,0.0,455.0,3.0,ENIGH (INEGI),Personas de 18 años o más,enigh
hogar,Es jefa o jefe del hogar,2022,Hombres,Con discapacidad,Baja California Sur,18-29,Brazos o manos,44.0,173.0,2.0,ENIGH (INEGI),Personas de 18 años o más,enigh
hogar,Es jefa o jefe del hogar,2022,Hombres,Con discapacidad,Baja California Sur,18-29,Caminar,0.0,592.0,9.0,ENIGH (INEGI),Personas de 18 años o más,enigh
hogar,Es jefa o jefe del hogar,2022,Hombres,Con discapacidad,Baja California Sur,18-29,Hablar o comunicarse,0.0,514.0,5.0,ENIGH (INEGI),Personas de 18 años o más,enigh
hogar,Es jefa o jefe del hogar,2022,Hombres,Con discapacidad,Baja California Sur,18-29,Mental,0.0,940.0,9.0,ENIGH (INEGI),Personas de 18 años o más,enigh
hogar,Es jefa o jefe del hogar,2022,Hombres,Con discapacidad,Baja California Sur,18-29,Oír,44.0,419.0,4.0,ENIGH (INEGI),Personas de 18 años o más,enigh
hogar,Es jefa o jefe del hogar,2022,Hombres,Con discapacidad,Baja California Sur,18-29,Recordar o concentrarse,37.0,943.0,8.0,ENIGH (INEGI),Personas de 18 años o más,enigh
hogar,Es jefa o jefe del hogar,2022,Hombres,Con discapacidad,Baja California Sur,18-29,Ver,96.0,494.0,5.0,ENIGH (INEGI),Personas de 18 años o más,enigh
hogar,Es jefa o jefe del hogar,2022,Hombres,Con discapacidad,Baja California Sur,30-44,Bañarse o vestirse,230.0,404.0,4.0,ENIGH (INEGI),Personas de 18 años o más,enigh
hogar,Es jefa o jefe del hogar,2022,Hombres,Con discapacidad,Baja California Sur,30-44,Brazos o manos,171.0,352.0,5.0,ENIGH (INEGI),Personas de 18 años o más,enigh
hogar,Es jefa o jefe del hogar,2022,Hombres,Con discapacidad,Baja California Sur,30-44,Caminar,747.0,1384.0,15.0,ENIGH (INEGI),Personas de 18 años o más,enigh
hogar,Es jefa o jefe del hogar,2022,Hombres,Con discapacidad,Baja California Sur,30-44,Hablar o comunicarse,201.0,722.0,6.0,ENIGH (INEGI),Personas de 18 años o más,enigh
hogar,Es jefa o jefe del hogar,2022,Hombres,Con discapacidad,Baja California Sur,30-44,Mental,0.0,410.0,3.0,ENIGH (INEGI),Personas de 18 años o más,enigh
hogar,Es jefa o jefe del hogar,2022,Hombres,Con discapacidad,Baja California Sur,30-44,Oír,297.0,619.0,6.0,ENIGH (INEGI),Personas de 18 años o más,enigh
hogar,Es jefa o jefe del hogar,2022,Hombres,Con discapacidad,Baja California Sur,30-44,Recordar o concentrarse,37.0,669.0,6.0,ENIGH (INEGI),Personas de 18 años o más,enigh
hogar,Es jefa o jefe del hogar,2022,Hombres,Con discapacidad,Baja California Sur,30-44,Ver,191.0,792.0,7.0,ENIGH (INEGI),Personas de 18 años o más,enigh
hogar,Es jefa o jefe del hogar,2022,Hombres,Con discapacidad,Baja California Sur,45-59,Bañarse o vestirse,219.0,219.0,3.0,ENIGH (INEGI),Personas de 18 años o más,enigh
hogar,Es jefa o jefe del hogar,2022,Hombres,Con discapacidad,Baja California Sur,45-59,Brazos o manos,539.0,905.0,11.0,ENIGH (INEGI),Personas de 18 años o más,enigh
hogar,Es jefa o jefe del hogar,2022,Hombres,Con discapacidad,Baja California Sur,45-59,Caminar,1875.0,3139.0,27.0,ENIGH (INEGI),Personas de 18 años o más,enigh
hogar,Es jefa o jefe del hogar,2022,Hombres,Con discapacidad,Baja California Sur,45-59,Hablar o comunicarse,112.0,713.0,5.0,ENIGH (INEGI),Personas de 18 años o más,enigh
hogar,Es jefa o jefe del hogar,2022,Hombres,Con discapacidad,Baja California Sur,45-59,Mental,203.0,486.0,5.0,ENIGH (INEGI),Personas de 18 años o más,enigh
hogar,Es jefa o jefe del hogar,2022,Hombres,Con discapacidad,Baja California Sur,45-59,Oír,264.0,554.0,7.0,ENIGH (INEGI),Personas de 18 años o más,enigh
hogar,Es jefa o jefe del hogar,2022,Hombres,Con discapacidad,Baja California Sur,45-59,Recordar o concentrarse,308.0,365.0,5.0,ENIGH (INEGI),Personas de 18 años o más,enigh
hogar,Es jefa o jefe del hogar,2022,Hombres,Con discapacidad,Baja California Sur,45-59,Ver,1097.0,1610.0,14.0,ENIGH (INEGI),Personas de 18 años o más,enigh
hogar,Es jefa o jefe del hogar,2022,Hombres,Con discapacidad,Baja California Sur,60+,Bañarse o vestirse,1274.0,2075.0,24.0,ENIGH (INEGI),Personas de 18 años o más,enigh
hogar,Es jefa o jefe del hogar,2022,Hombres,Con discapacidad,Baja California Sur,60+,Brazos o manos,1425.0,1742.0,23.0,ENIGH (INEGI),Personas de 18 años o más,enigh
hogar,Es jefa o jefe del hogar,2022,Hombres,Con discapacidad,Baja California Sur,60+,Caminar,4319.0,5666.0,81.0,ENIGH (INEGI),Personas de 18 años o más,enigh
hogar,Es jefa o jefe del hogar,2022,Hombres,Con discapacidad,Baja California Sur,60+,Hablar o comunicarse,325.0,638.0,8.0,ENIGH (INEGI),Personas de 18 años o más,enigh
hogar,Es jefa o jefe del hogar,2022,Hombres,Con discapacidad,Baja California Sur,60+,Mental,719.0,1330.0,17.0,ENIGH (INEGI),Personas de 18 años o más,enigh
hogar,Es jefa o jefe del hogar,2022,Hombres,Con discapacidad,Baja California Sur,60+,Oír,1891.0,2895.0,32.0,ENIGH (INEGI),Personas de 18 años o más,enigh
hogar,Es jefa o jefe del hogar,2022,Hombres,Con discapacidad,Baja California Sur,60+,Recordar o concentrarse,947.0,1555.0,21.0,ENIGH (INEGI),Personas de 18 años o más,enigh
hogar,Es jefa o jefe del hogar,2022,Hombres,Con discapacidad,Baja California Sur,60+,Ver,2775.0,3350.0,44.0,ENIGH (INEGI),Personas de 18 años o más,enigh
hogar,Es jefa o jefe del hogar,2022,Hombres,Con discapacidad,Campeche,18-29,Bañarse o vestirse,0.0,119.0,1.0,ENIGH (INEGI),Personas de 18 años o más,enigh
hogar,Es jefa o jefe del hogar,2022,Hombres,Con discapacidad,Campeche,18-29,Caminar,0.0,367.0,3.0,ENIGH (INEGI),Personas de 18 años o más,enigh
hogar,Es jefa o jefe del hogar,2022,Hombres,Con discapacidad,Campeche,18-29,Hablar o comunicarse,0.0,476.0,4.0,ENIGH (INEGI),Personas de 18 años o más,enigh
hogar,Es jefa o jefe del hogar,2022,Hombres,Con discapacidad,Campeche,18-29,Mental,0.0,754.0,6.0,ENIGH (INEGI),Personas de 18 años o más,enigh
hogar,Es jefa o jefe del hogar,2022,Hombres,Con discapacidad,Campeche,18-29,Oír,0.0,428.0,4.0,ENIGH (INEGI),Personas de 18 años o más,enigh
hogar,Es jefa o jefe del hogar,2022,Hombres,Con discapacidad,Campeche,18-29,Recordar o concentrarse,0.0,439.0,3.0,ENIGH (INEGI),Personas de 18 años o más,enigh
hogar,Es jefa o jefe del hogar,2022,Hombres,Con discapacidad,Campeche,18-29,Ver,0.0,327.0,3.0,ENIGH (INEGI),Personas de 18 años o más,enigh
hogar,Es jefa o jefe del hogar,2022,Hombres,Con discapacidad,Campeche,30-44,Bañarse o vestirse,261.0,770.0,6.0,ENIGH (INEGI),Personas de 18 años o más,enigh
hogar,Es jefa o jefe del hogar,2022,Hombres,Con discapacidad,Campeche,30-44,Brazos o manos,93.0,709.0,6.0,ENIGH (INEGI),Personas de 18 años o más,enigh
hogar,Es jefa o jefe del hogar,2022,Hombres,Con discapacidad,Campeche,30-44,Caminar,519.0,1241.0,10.0,ENIGH (INEGI),Personas de 18 años o más,enigh
hogar,Es jefa o jefe del hogar,2022,Hombres,Con discapacidad,Campeche,30-44,Hablar o comunicarse,443.0,1017.0,9.0,ENIGH (INEGI),Personas de 18 años o más,enigh
hogar,Es jefa o jefe del hogar,2022,Hombres,Con discapacidad,Campeche,30-44,Mental,93.0,633.0,5.0,ENIGH (INEGI),Personas de 18 años o más,enigh
hogar,Es jefa o jefe del hogar,2022,Hombres,Con discapacidad,Campeche,30-44,Oír,255.0,375.0,3.0,ENIGH (INEGI),Personas de 18 años o más,enigh
hogar,Es jefa o jefe del hogar,2022,Hombres,Con discapacidad,Campeche,30-44,Recordar o concentrarse,168.0,522.0,4.0,ENIGH (INEGI),Personas de 18 años o más,enigh
hogar,Es jefa o jefe del hogar,2022,Hombres,Con discapacidad,Campeche,30-44,Ver,674.0,1109.0,9.0,ENIGH (INEGI),Personas de 18 años o más,enigh
hogar,Es jefa o jefe del hogar,2022,Hombres,Con discapacidad,Campeche,45-59,Bañarse o vestirse,790.0,948.0,7.0,ENIGH (INEGI),Personas de 18 años o más,enigh
hogar,Es jefa o jefe del hogar,2022,Hombres,Con discapacidad,Campeche,45-59,Brazos o manos,1012.0,1659.0,13.0,ENIGH (INEGI),Personas de 18 años o más,enigh
hogar,Es jefa o jefe del hogar,2022,Hombres,Con discapacidad,Campeche,45-59,Caminar,3035.0,3901.0,30.0,ENIGH (INEGI),Personas de 18 años o más,enigh
hogar,Es jefa o jefe del hogar,2022,Hombres,Con discapacidad,Campeche,45-59,Hablar o comunicarse,144.0,399.0,3.0,ENIGH (INEGI),Personas de 18 años o más,enigh
hogar,Es jefa o jefe del hogar,2022,Hombres,Con discapacidad,Campeche,45-59,Mental,258.0,524.0,4.0,ENIGH (INEGI),Personas de 18 años o más,enigh
hogar,Es jefa o jefe del hogar,2022,Hombres,Con discapacidad,Campeche,45-59,Oír,916.0,916.0,7.0,ENIGH (INEGI),Personas de 18 años o más,enigh
hogar,Es jefa o jefe del hogar,2022,Hombres,Con discapacidad,Campeche,45-59,Recordar o concentrarse,177.0,335.0,2.0,ENIGH (INEGI),Personas de 18 años o más,enigh
hogar,Es jefa o jefe del hogar,2022,Hombres,Con discapacidad,Campeche,45-59,Ver,2192.0,2639.0,19.0,ENIGH (INEGI),Personas de 18 años o más,enigh
hogar,Es jefa o jefe del hogar,2022,Hombres,Con discapacidad,Campeche,60+,Bañarse o vestirse,1266.0,2171.0,16.0,ENIGH (INEGI),Personas de 18 años o más,enigh
hogar,Es jefa o jefe del hogar,2022,Hombres,Con discapacidad,Campeche,60+,Brazos o manos,1901.0,2836.0,22.0,ENIGH (INEGI),Personas de 18 años o más,enigh
hogar,Es jefa o jefe del hogar,2022,Hombres,Con discapacidad,Campeche,60+,Caminar,6179.0,8649.0,68.0,ENIGH (INEGI),Personas de 18 años o más,enigh
hogar,Es jefa o jefe del hogar,2022,Hombres,Con discapacidad,Campeche,60+,Hablar o comunicarse,1166.0,2037.0,16.0,ENIGH (INEGI),Personas de 18 años o más,enigh
hogar,Es jefa o jefe del hogar,2022,Hombres,Con discapacidad,Campeche,60+,Mental,608.0,1063.0,9.0,ENIGH (INEGI),Personas de 18 años o más,enigh
hogar,Es jefa o jefe del hogar,2022,Hombres,Con discapacidad,Campeche,60+,Oír,2472.0,3459.0,28.0,ENIGH (INEGI),Personas de 18 años o más,enigh
hogar,Es jefa o jefe del hogar,2022,Hombres,Con discapacidad,Campeche,60+,Recordar o concentrarse,1060.0,2161.0,18.0,ENIGH (INEGI),Personas de 18 años o más,enigh
hogar,Es jefa o jefe del hogar,2022,Hombres,Con discapacidad,Campeche,60+,Ver,4115.0,5582.0,46.0,ENIGH (INEGI),Personas de 18 años o más,enigh
hogar,Es jefa o jefe del hogar,2022,Hombres,Con discapacidad,Chiapas,18-29,Bañarse o vestirse,0.0,4067.0,6.0,ENIGH (INEGI),Personas de 18 años o más,enigh
hogar,Es jefa o jefe del hogar,2022,Hombres,Con discapacidad,Chiapas,18-29,Brazos o manos,0.0,3334.0,5.0,ENIGH (INEGI),Personas de 18 años o más,enigh
hogar,Es jefa o jefe del hogar,2022,Hombres,Con discapacidad,Chiapas,18-29,Caminar,705.0,5228.0,7.0,ENIGH (INEGI),Personas de 18 años o más,enigh
hogar,Es jefa o jefe del hogar,2022,Hombres,Con discapacidad,Chiapas,18-29,Hablar o comunicarse,0.0,2867.0,4.0,ENIGH (INEGI),Personas de 18 años o más,enigh
hogar,Es jefa o jefe del hogar,2022,Hombres,Con discapacidad,Chiapas,18-29,Mental,0.0,2867.0,4.0,ENIGH (INEGI),Personas de 18 años o más,enigh
hogar,Es jefa o jefe del hogar,2022,Hombres,Con discapacidad,Chiapas,18-29,Oír,0.0,2247.0,3.0,ENIGH (INEGI),Personas de 18 años o más,enigh
hogar,Es jefa o jefe del hogar,2022,Hombres,Con discapacidad,Chiapas,18-29,Recordar o concentrarse,0.0,2889.0,4.0,ENIGH (INEGI),Personas de 18 años o más,enigh
hogar,Es jefa o jefe del hogar,2022,Hombres,Con discapacidad,Chiapas,18-29,Ver,0.0,3499.0,5.0,ENIGH (INEGI),Personas de 18 años o más,enigh
hogar,Es jefa o jefe del hogar,2022,Hombres,Con discapacidad,Chiapas,30-44,Bañarse o vestirse,602.0,1353.0,2.0,ENIGH (INEGI),Personas de 18 años o más,enigh
hogar,Es jefa o jefe del hogar,2022,Hombres,Con discapacidad,Chiapas,30-44,Brazos o manos,602.0,1353.0,2.0,ENIGH (INEGI),Personas de 18 años o más,enigh
hogar,Es jefa o jefe del hogar,2022,Hombres,Con discapacidad,Chiapas,30-44,Caminar,1877.0,2550.0,4.0,ENIGH (INEGI),Personas de 18 años o más,enigh
hogar,Es jefa o jefe del hogar,2022,Hombres,Con discapacidad,Chiapas,30-44,Hablar o comunicarse,956.0,3152.0,4.0,ENIGH (INEGI),Personas de 18 años o más,enigh
hogar,Es jefa o jefe del hogar,2022,Hombres,Con discapacidad,Chiapas,30-44,Mental,816.0,3563.0,5.0,ENIGH (INEGI),Personas de 18 años o más,enigh
hogar,Es jefa o jefe del hogar,2022,Hombres,Con discapacidad,Chiapas,30-44,Oír,2501.0,5510.0,7.0,ENIGH (INEGI),Personas de 18 años o más,enigh
hogar,Es jefa o jefe del hogar,2022,Hombres,Con discapacidad,Chiapas,30-44,Recordar o concentrarse,2099.0,5206.0,7.0,ENIGH (INEGI),Personas de 18 años o más,enigh
hogar,Es jefa o jefe del hogar,2022,Hombres,Con discapacidad,Chiapas,30-44,Ver,3173.0,5174.0,8.0,ENIGH (INEGI),Personas de 18 años o más,enigh
hogar,Es jefa o jefe del hogar,2022,Hombres,Con discapacidad,Chiapas,45-59,Bañarse o vestirse,1342.0,2765.0,4.0,ENIGH (INEGI),Personas de 18 años o más,enigh
hogar,Es jefa o jefe del hogar,2022,Hombres,Con discapacidad,Chiapas,45-59,Brazos o manos,3428.0,4121.0,6.0,ENIGH (INEGI),Personas de 18 años o más,enigh
hogar,Es jefa o jefe del hogar,2022,Hombres,Con discapacidad,Chiapas,45-59,Caminar,12708.0,15099.0,20.0,ENIGH (INEGI),Personas de 18 años o más,enigh
hogar,Es jefa o jefe del hogar,2022,Hombres,Con discapacidad,Chiapas,45-59,Hablar o comunicarse,530.0,1953.0,3.0,ENIGH (INEGI),Personas de 18 años o más,enigh
hogar,Es jefa o jefe del hogar,2022,Hombres,Con discapacidad,Chiapas,45-59,Mental,1427.0,2120.0,3.0,ENIGH (INEGI),Personas de 18 años o más,enigh
hogar,Es jefa o jefe del hogar,2022,Hombres,Con discapacidad,Chiapas,45-59,Oír,2870.0,3599.0,5.0,ENIGH (INEGI),Personas de 18 años o más,enigh
hogar,Es jefa o jefe del hogar,2022,Hombres,Con discapacidad,Chiapas,45-59,Recordar o concentrarse,0.0,3394.0,5.0,ENIGH (INEGI),Personas de 18 años o más,enigh
hogar,Es jefa o jefe del hogar,2022,Hombres,Con discapacidad,Chiapas,45-59,Ver,6265.0,6994.0,11.0,ENIGH (INEGI),Personas de 18 años o más,enigh
hogar,Es jefa o jefe del hogar,2022,Hombres,Con discapacidad,Chiapas,60+,Bañarse o vestirse,7837.0,10011.0,14.0,ENIGH (INEGI),Personas de 18 años o más,enigh
hogar,Es jefa o jefe del hogar,2022,Hombres,Con discapacidad,Chiapas,60+,Brazos o manos,10356.0,13219.0,19.0,ENIGH (INEGI),Personas de 18 años o más,enigh
hogar,Es jefa o jefe del hogar,2022,Hombres,Con discapacidad,Chiapas,60+,Caminar,32435.0,41740.0,61.0,ENIGH (INEGI),Personas de 18 años o más,enigh
hogar,Es jefa o jefe del hogar,2022,Hombres,Con discapacidad,Chiapas,60+,Hablar o comunicarse,2901.0,5173.0,8.0,ENIGH (INEGI),Personas de 18 años o más,enigh
hogar,Es jefa o jefe del hogar,2022,Hombres,Con discapacidad,Chiapas,60+,Mental,3843.0,6677.0,11.0,ENIGH (INEGI),Personas de 18 años o más,enigh
hogar,Es jefa o jefe del hogar,2022,Hombres,Con discapacidad,Chiapas,60+,Oír,10628.0,14710.0,21.0,ENIGH (INEGI),Personas de 18 años o más,enigh
hogar,Es jefa o jefe del hogar,2022,Hombres,Con discapacidad,Chiapas,60+,Recordar o concentrarse,5685.0,8708.0,14.0,ENIGH (INEGI),Personas de 18 años o más,enigh
hogar,Es jefa o jefe del hogar,2022,Hombres,Con discapacidad,Chiapas,60+,Ver,25495.0,32377.0,47.0,ENIGH (INEGI),Personas de 18 años o más,enigh
hogar,Es jefa o jefe del hogar,2022,Hombres,Con discapacidad,Chihuahua,18-29,Bañarse o vestirse,0.0,1386.0,6.0,ENIGH (INEGI),Personas de 18 años o más,enigh
hogar,Es jefa o jefe del hogar,2022,Hombres,Con discapacidad,Chihuahua,18-29,Brazos o manos,361.0,2167.0,9.0,ENIGH (INEGI),Personas de 18 años o más,enigh
hogar,Es jefa o jefe del hogar,2022,Hombres,Con discapacidad,Chihuahua,18-29,Caminar,0.0,3226.0,12.0,ENIGH (INEGI),Personas de 18 años o más,enigh
hogar,Es jefa o jefe del hogar,2022,Hombres,Con discapacidad,Chihuahua,18-29,Hablar o comunicarse,98.0,2863.0,11.0,ENIGH (INEGI),Personas de 18 años o más,enigh
hogar,Es jefa o jefe del hogar,2022,Hombres,Con discapacidad,Chihuahua,18-29,Mental,0.0,2635.0,13.0,ENIGH (INEGI),Personas de 18 años o más,enigh
hogar,Es jefa o jefe del hogar,2022,Hombres,Con discapacidad,Chihuahua,18-29,Oír,361.0,1329.0,6.0,ENIGH (INEGI),Personas de 18 años o más,enigh
hogar,Es jefa o jefe del hogar,2022,Hombres,Con discapacidad,Chihuahua,18-29,Recordar o concentrarse,373.0,3976.0,15.0,ENIGH (INEGI),Personas de 18 años o más,enigh
hogar,Es jefa o jefe del hogar,2022,Hombres,Con discapacidad,Chihuahua,18-29,Ver,1144.0,4404.0,15.0,ENIGH (INEGI),Personas de 18 años o más,enigh
hogar,Es jefa o jefe del hogar,2022,Hombres,Con discapacidad,Chihuahua,30-44,Bañarse o vestirse,101.0,1384.0,6.0,ENIGH (INEGI),Personas de 18 años o más,enigh
hogar,Es jefa o jefe del hogar,2022,Hombres,Con discapacidad,Chihuahua,30-44,Brazos o manos,1219.0,2190.0,9.0,ENIGH (INEGI),Personas de 18 años o más,enigh
hogar,Es jefa o jefe del hogar,2022,Hombres,Con discapacidad,Chihuahua,30-44,Caminar,1449.0,5315.0,21.0,ENIGH (INEGI),Personas de 18 años o más,enigh
hogar,Es jefa o jefe del hogar,2022,Hombres,Con discapacidad,Chihuahua,30-44,Hablar o comunicarse,626.0,1894.0,8.0,ENIGH (INEGI),Personas de 18 años o más,enigh
hogar,Es jefa o jefe del hogar,2022,Hombres,Con discapacidad,Chihuahua,30-44,Mental,0.0,2055.0,9.0,ENIGH (INEGI),Personas de 18 años o más,enigh
hogar,Es jefa o jefe del hogar,2022,Hombres,Con discapacidad,Chihuahua,30-44,Oír,777.0,1671.0,7.0,ENIGH (INEGI),Personas de 18 años o más,enigh
hogar,Es jefa o jefe del hogar,2022,Hombres,Con discapacidad,Chihuahua,30-44,Recordar o concentrarse,635.0,2085.0,8.0,ENIGH (INEGI),Personas de 18 años o más,enigh
hogar,Es jefa o jefe del hogar,2022,Hombres,Con discapacidad,Chihuahua,30-44,Ver,1531.0,2045.0,7.0,ENIGH (INEGI),Personas de 18 años o más,enigh
hogar,Es jefa o jefe del hogar,2022,Hombres,Con discapacidad,Chihuahua,45-59,Bañarse o vestirse,2189.0,2823.0,14.0,ENIGH (INEGI),Personas de 18 años o más,enigh
hogar,Es jefa o jefe del hogar,2022,Hombres,Con discapacidad,Chihuahua,45-59,Brazos o manos,3281.0,4427.0,20.0,ENIGH (INEGI),Personas de 18 años o más,enigh
hogar,Es jefa o jefe del hogar,2022,Hombres,Con discapacidad,Chihuahua,45-59,Caminar,8408.0,11137.0,46.0,ENIGH (INEGI),Personas de 18 años o más,enigh
hogar,Es jefa o jefe del hogar,2022,Hombres,Con discapacidad,Chihuahua,45-59,Hablar o comunicarse,1004.0,2676.0,9.0,ENIGH (INEGI),Personas de 18 años o más,enigh
hogar,Es jefa o jefe del hogar,2022,Hombres,Con discapacidad,Chihuahua,45-59,Mental,1307.0,3240.0,13.0,ENIGH (INEGI),Personas de 18 años o más,enigh
hogar,Es jefa o jefe del hogar,2022,Hombres,Con discapacidad,Chihuahua,45-59,Oír,2811.0,3458.0,12.0,ENIGH (INEGI),Personas de 18 años o más,enigh
hogar,Es jefa o jefe del hogar,2022,Hombres,Con discapacidad,Chihuahua,45-59,Recordar o concentrarse,1237.0,1895.0,9.0,ENIGH (INEGI),Personas de 18 años o más,enigh
hogar,Es jefa o jefe del hogar,2022,Hombres,Con discapacidad,Chihuahua,45-59,Ver,5908.0,6416.0,26.0,ENIGH (INEGI),Personas de 18 años o más,enigh
hogar,Es jefa o jefe del hogar,2022,Hombres,Con discapacidad,Chihuahua,60+,Bañarse o vestirse,6580.0,9487.0,37.0,ENIGH (INEGI),Personas de 18 años o más,enigh
hogar,Es jefa o jefe del hogar,2022,Hombres,Con discapacidad,Chihuahua,60+,Brazos o manos,7005.0,9410.0,41.0,ENIGH (INEGI),Personas de 18 años o más,enigh
hogar,Es jefa o jefe del hogar,2022,Hombres,Con discapacidad,Chihuahua,60+,Caminar,22469.0,27626.0,124.0,ENIGH (INEGI),Personas de 18 años o más,enigh
hogar,Es jefa o jefe del hogar,2022,Hombres,Con discapacidad,Chihuahua,60+,Hablar o comunicarse,2979.0,4493.0,20.0,ENIGH (INEGI),Personas de 18 años o más,enigh
hogar,Es jefa o jefe del hogar,2022,Hombres,Con discapacidad,Chihuahua,60+,Mental,3896.0,5068.0,23.0,ENIGH (INEGI),Personas de 18 años o más,enigh
hogar,Es jefa o jefe del hogar,2022,Hombres,Con discapacidad,Chihuahua,60+,Oír,10130.0,13038.0,56.0,ENIGH (INEGI),Personas de 18 años o más,enigh
hogar,Es jefa o jefe del hogar,2022,Hombres,Con discapacidad,Chihuahua,60+,Recordar o concentrarse,5535.0,7398.0,32.0,ENIGH (INEGI),Personas de 18 años o más,enigh
hogar,Es jefa o jefe del hogar,2022,Hombres,Con discapacidad,Chihuahua,60+,Ver,12887.0,16247.0,73.0,ENIGH (INEGI),Personas de 18 años o más,enigh
hogar,Es jefa o jefe del hogar,2022,Hombres,Con discapacidad,Ciudad de México,18-29,Bañarse o vestirse,0.0,2477.0,2.0,ENIGH (INEGI),Personas de 18 años o más,enigh
hogar,Es jefa o jefe del hogar,2022,Hombres,Con discapacidad,Ciudad de México,18-29,Brazos o manos,1072.0,2203.0,2.0,ENIGH (INEGI),Personas de 18 años o más,enigh
hogar,Es jefa o jefe del hogar,2022,Hombres,Con discapacidad,Ciudad de México,18-29,Caminar,2930.0,4061.0,3.0,ENIGH (INEGI),Personas de 18 años o más,enigh
hogar,Es jefa o jefe del hogar,2022,Hombres,Con discapacidad,Ciudad de México,18-29,Hablar o comunicarse,2634.0,12791.0,11.0,ENIGH (INEGI),Personas de 18 años o más,enigh
hogar,Es jefa o jefe del hogar,2022,Hombres,Con discapacidad,Ciudad de México,18-29,Mental,0.0,1369.0,2.0,ENIGH (INEGI),Personas de 18 años o más,enigh
hogar,Es jefa o jefe del hogar,2022,Hombres,Con discapacidad,Ciudad de México,18-29,Oír,1072.0,2203.0,2.0,ENIGH (INEGI),Personas de 18 años o más,enigh
hogar,Es jefa o jefe del hogar,2022,Hombres,Con discapacidad,Ciudad de México,18-29,Recordar o concentrarse,0.0,4695.0,3.0,ENIGH (INEGI),Personas de 18 años o más,enigh
hogar,Es jefa o jefe del hogar,2022,Hombres,Con discapacidad,Ciudad de México,18-29,Ver,1072.0,2203.0,2.0,ENIGH (INEGI),Personas de 18 años o más,enigh
hogar,Es jefa o jefe del hogar,2022,Hombres,Con discapacidad,Ciudad de México,30-44,Bañarse o vestirse,1311.0,3997.0,5.0,ENIGH (INEGI),Personas de 18 años o más,enigh
hogar,Es jefa o jefe del hogar,2022,Hombres,Con discapacidad,Ciudad de México,30-44,Brazos o manos,24.0,1369.0,3.0,ENIGH (INEGI),Personas de 18 años o más,enigh
hogar,Es jefa o jefe del hogar,2022,Hombres,Con discapacidad,Ciudad de México,30-44,Caminar,0.0,5848.0,6.0,ENIGH (INEGI),Personas de 18 años o más,enigh
hogar,Es jefa o jefe del hogar,2022,Hombres,Con discapacidad,Ciudad de México,30-44,Hablar o comunicarse,5813.0,7136.0,5.0,ENIGH (INEGI),Personas de 18 años o más,enigh
hogar,Es jefa o jefe del hogar,2022,Hombres,Con discapacidad,Ciudad de México,30-44,Mental,3998.0,14330.0,12.0,ENIGH (INEGI),Personas de 18 años o más,enigh
hogar,Es jefa o jefe del hogar,2022,Hombres,Con discapacidad,Ciudad de México,30-44,Oír,1201.0,4728.0,7.0,ENIGH (INEGI),Personas de 18 años o más,enigh
hogar,Es jefa o jefe del hogar,2022,Hombres,Con discapacidad,Ciudad de México,30-44,Recordar o concentrarse,1311.0,4418.0,4.0,ENIGH (INEGI),Personas de 18 años o más,enigh
hogar,Es jefa o jefe del hogar,2022,Hombres,Con discapacidad,Ciudad de México,30-44,Ver,0.0,1380.0,3.0,ENIGH (INEGI),Personas de 18 años o más,enigh
hogar,Es jefa o jefe del hogar,2022,Hombres,Con discapacidad,Ciudad de México,45-59,Bañarse o vestirse,3122.0,4504.0,3.0,ENIGH (INEGI),Personas de 18 años o más,enigh
hogar,Es jefa o jefe del hogar,2022,Hombres,Con discapacidad,Ciudad de México,45-59,Brazos o manos,2955.0,4397.0,4.0,ENIGH (INEGI),Personas de 18 años o más,enigh
hogar,Es jefa o jefe del hogar,2022,Hombres,Con discapacidad,Ciudad de México,45-59,Caminar,1353.0,12234.0,10.0,ENIGH (INEGI),Personas de 18 años o más,enigh
hogar,Es jefa o jefe del hogar,2022,Hombres,Con discapacidad,Ciudad de México,45-59,Hablar o comunicarse,13234.0,22604.0,19.0,ENIGH (INEGI),Personas de 18 años o más,enigh
hogar,Es jefa o jefe del hogar,2022,Hombres,Con discapacidad,Ciudad de México,45-59,Mental,6634.0,10595.0,11.0,ENIGH (INEGI),Personas de 18 años o más,enigh
hogar,Es jefa o jefe del hogar,2022,Hombres,Con discapacidad,Ciudad de México,45-59,Oír,1555.0,7214.0,5.0,ENIGH (INEGI),Personas de 18 años o más,enigh
hogar,Es jefa o jefe del hogar,2022,Hombres,Con discapacidad,Ciudad de México,45-59,Recordar o concentrarse,4639.0,8938.0,7.0,ENIGH (INEGI),Personas de 18 años o más,enigh
hogar,Es jefa o jefe del hogar,2022,Hombres,Con discapacidad,Ciudad de México,45-59,Ver,4752.0,7621.0,7.0,ENIGH (INEGI),Personas de 18 años o más,enigh
hogar,Es jefa o jefe del hogar,2022,Hombres,Con discapacidad,Ciudad de México,60+,Bañarse o vestirse,17177.0,20924.0,18.0,ENIGH (INEGI),Personas de 18 años o más,enigh
hogar,Es jefa o jefe del hogar,2022,Hombres,Con discapacidad,Ciudad de México,60+,Brazos o manos,15947.0,21318.0,18.0,ENIGH (INEGI),Personas de 18 años o más,enigh
hogar,Es jefa o jefe del hogar,2022,Hombres,Con discapacidad,Ciudad de México,60+,Caminar,16791.0,22600.0,20.0,ENIGH (INEGI),Personas de 18 años o más,enigh
hogar,Es jefa o jefe del hogar,2022,Hombres,Con discapacidad,Ciudad de México,60+,Hablar o comunicarse,25484.0,36680.0,30.0,ENIGH (INEGI),Personas de 18 años o más,enigh
hogar,Es jefa o jefe del hogar,2022,Hombres,Con discapacidad,Ciudad de México,60+,Mental,53323.0,65433.0,53.0,ENIGH (INEGI),Personas de 18 años o más,enigh
hogar,Es jefa o jefe del hogar,2022,Hombres,Con discapacidad,Ciudad de México,60+,Oír,20678.0,30386.0,29.0,ENIGH (INEGI),Personas de 18 años o más,enigh
hogar,Es jefa o jefe del hogar,2022,Hombres,Con discapacidad,Ciudad de México,60+,Recordar o concentrarse,32318.0,39257.0,29.0,ENIGH (INEGI),Personas de 18 años o más,enigh
hogar,Es jefa o jefe del hogar,2022,Hombres,Con discapacidad,Ciudad de México,60+,Ver,9068.0,10528.0,13.0,ENIGH (INEGI),Personas de 18 años o más,enigh
hogar,Es jefa o jefe del hogar,2022,Hombres,Con discapacidad,Coahuila,18-29,Bañarse o vestirse,0.0,931.0,3.0,ENIGH (INEGI),Personas de 18 años o más,enigh
hogar,Es jefa o jefe del hogar,2022,Hombres,Con discapacidad,Coahuila,18-29,Brazos o manos,188.0,1244.0,5.0,ENIGH (INEGI),Personas de 18 años o más,enigh
hogar,Es jefa o jefe del hogar,2022,Hombres,Con discapacidad,Coahuila,18-29,Caminar,0.0,2037.0,8.0,ENIGH (INEGI),Personas de 18 años o más,enigh
hogar,Es jefa o jefe del hogar,2022,Hombres,Con discapacidad,Coahuila,18-29,Hablar o comunicarse,0.0,2267.0,10.0,ENIGH (INEGI),Personas de 18 años o más,enigh
hogar,Es jefa o jefe del hogar,2022,Hombres,Con discapacidad,Coahuila,18-29,Mental,0.0,3020.0,13.0,ENIGH (INEGI),Personas de 18 años o más,enigh
hogar,Es jefa o jefe del hogar,2022,Hombres,Con discapacidad,Coahuila,18-29,Oír,0.0,1732.0,7.0,ENIGH (INEGI),Personas de 18 años o más,enigh
hogar,Es jefa o jefe del hogar,2022,Hombres,Con discapacidad,Coahuila,18-29,Recordar o concentrarse,0.0,4158.0,17.0,ENIGH (INEGI),Personas de 18 años o más,enigh
hogar,Es jefa o jefe del hogar,2022,Hombres,Con discapacidad,Coahuila,18-29,Ver,905.0,4143.0,17.0,ENIGH (INEGI),Personas de 18 años o más,enigh
hogar,Es jefa o jefe del hogar,2022,Hombres,Con discapacidad,Coahuila,30-44,Bañarse o vestirse,0.0,1367.0,6.0,ENIGH (INEGI),Personas de 18 años o más,enigh
hogar,Es jefa o jefe del hogar,2022,Hombres,Con discapacidad,Coahuila,30-44,Brazos o manos,389.0,1123.0,5.0,ENIGH (INEGI),Personas de 18 años o más,enigh
hogar,Es jefa o jefe del hogar,2022,Hombres,Con discapacidad,Coahuila,30-44,Caminar,944.0,3631.0,18.0,ENIGH (INEGI),Personas de 18 años o más,enigh
hogar,Es jefa o jefe del hogar,2022,Hombres,Con discapacidad,Coahuila,30-44,Hablar o comunicarse,192.0,2333.0,10.0,ENIGH (INEGI),Personas de 18 años o más,enigh
hogar,Es jefa o jefe del hogar,2022,Hombres,Con discapacidad,Coahuila,30-44,Mental,0.0,2322.0,11.0,ENIGH (INEGI),Personas de 18 años o más,enigh
hogar,Es jefa o jefe del hogar,2022,Hombres,Con discapacidad,Coahuila,30-44,Oír,1082.0,2171.0,12.0,ENIGH (INEGI),Personas de 18 años o más,enigh
hogar,Es jefa o jefe del hogar,2022,Hombres,Con discapacidad,Coahuila,30-44,Recordar o concentrarse,0.0,2273.0,9.0,ENIGH (INEGI),Personas de 18 años o más,enigh
hogar,Es jefa o jefe del hogar,2022,Hombres,Con discapacidad,Coahuila,30-44,Ver,1852.0,2412.0,12.0,ENIGH (INEGI),Personas de 18 años o más,enigh
hogar,Es jefa o jefe del hogar,2022,Hombres,Con discapacidad,Coahuila,45-59,Bañarse o vestirse,1299.0,1511.0,7.0,ENIGH (INEGI),Personas de 18 años o más,enigh
hogar,Es jefa o jefe del hogar,2022,Hombres,Con discapacidad,Coahuila,45-59,Brazos o manos,5380.0,5592.0,18.0,ENIGH (INEGI),Personas de 18 años o más,enigh
hogar,Es jefa o jefe del hogar,2022,Hombres,Con discapacidad,Coahuila,45-59,Caminar,8228.0,9162.0,44.0,ENIGH (INEGI),Personas de 18 años o más,enigh
hogar,Es jefa o jefe del hogar,2022,Hombres,Con discapacidad,Coahuila,45-59,Hablar o comunicarse,1588.0,1800.0,8.0,ENIGH (INEGI),Personas de 18 años o más,enigh
hogar,Es jefa o jefe del hogar,2022,Hombres,Con discapacidad,Coahuila,45-59,Mental,5183.0,5732.0,15.0,ENIGH (INEGI),Personas de 18 años o más,enigh
hogar,Es jefa o jefe del hogar,2022,Hombres,Con discapacidad,Coahuila,45-59,Oír,2800.0,3114.0,15.0,ENIGH (INEGI),Personas de 18 años o más,enigh
hogar,Es jefa o jefe del hogar,2022,Hombres,Con discapacidad,Coahuila,45-59,Recordar o concentrarse,2917.0,3129.0,4.0,ENIGH (INEGI),Personas de 18 años o más,enigh
hogar,Es jefa o jefe del hogar,2022,Hombres,Con discapacidad,Coahuila,45-59,Ver,4121.0,5396.0,26.0,ENIGH (INEGI),Personas de 18 años o más,enigh
hogar,Es jefa o jefe del hogar,2022,Hombres,Con discapacidad,Coahuila,60+,Bañarse o vestirse,8812.0,9424.0,48.0,ENIGH (INEGI),Personas de 18 años o más,enigh
hogar,Es jefa o jefe del hogar,2022,Hombres,Con discapacidad,Coahuila,60+,Brazos o manos,9757.0,10049.0,50.0,ENIGH (INEGI),Personas de 18 años o más,enigh
hogar,Es jefa o jefe del hogar,2022,Hombres,Con discapacidad,Coahuila,60+,Caminar,20937.0,22579.0,115.0,ENIGH (INEGI),Personas de 18 años o más,enigh
hogar,Es jefa o jefe del hogar,2022,Hombres,Con discapacidad,Coahuila,60+,Hablar o comunicarse,2819.0,3577.0,23.0,ENIGH (INEGI),Personas de 18 años o más,enigh
hogar,Es jefa o jefe del hogar,2022,Hombres,Con discapacidad,Coahuila,60+,Mental,6433.0,6912.0,35.0,ENIGH (INEGI),Personas de 18 años o más,enigh
hogar,Es jefa o jefe del hogar,2022,Hombres,Con discapacidad,Coahuila,60+,Oír,9593.0,10519.0,55.0,ENIGH (INEGI),Personas de 18 años o más,enigh
hogar,Es jefa o jefe del hogar,2022,Hombres,Con discapacidad,Coahuila,60+,Recordar o concentrarse,5988.0,7175.0,36.0,ENIGH (INEGI),Personas de 18 años o más,enigh
hogar,Es jefa o jefe del hogar,2022,Hombres,Con discapacidad,Coahuila,60+,Ver,11769.0,13450.0,66.0,ENIGH (INEGI),Personas de 18 años o más,enigh
hogar,Es jefa o jefe del hogar,2022,Hombres,Con discapacidad,Colima,18-29,Bañarse o vestirse,0.0,458.0,4.0,ENIGH (INEGI),Personas de 18 años o más,enigh
hogar,Es jefa o jefe del hogar,2022,Hombres,Con discapacidad,Colima,18-29,Brazos o manos,0.0,368.0,4.0,ENIGH (INEGI),Personas de 18 años o más,enigh
hogar,Es jefa o jefe del hogar,2022,Hombres,Con discapacidad,Colima,18-29,Caminar,89.0,949.0,10.0,ENIGH (INEGI),Personas de 18 años o más,enigh
hogar,Es jefa o jefe del hogar,2022,Hombres,Con discapacidad,Colima,18-29,Hablar o comunicarse,0.0,680.0,7.0,ENIGH (INEGI),Personas de 18 años o más,enigh
hogar,Es jefa o jefe del hogar,2022,Hombres,Con discapacidad,Colima,18-29,Mental,0.0,823.0,9.0,ENIGH (INEGI),Personas de 18 años o más,enigh
hogar,Es jefa o jefe del hogar,2022,Hombres,Con discapacidad,Colima,18-29,Oír,0.0,102.0,1.0,ENIGH (INEGI),Personas de 18 años o más,enigh
hogar,Es jefa o jefe del hogar,2022,Hombres,Con discapacidad,Colima,18-29,Recordar o concentrarse,0.0,686.0,7.0,ENIGH (INEGI),Personas de 18 años o más,enigh
hogar,Es jefa o jefe del hogar,2022,Hombres,Con discapacidad,Colima,18-29,Ver,19.0,711.0,9.0,ENIGH (INEGI),Personas de 18 años o más,enigh
hogar,Es jefa o jefe del hogar,2022,Hombres,Con discapacidad,Colima,30-44,Bañarse o vestirse,0.0,93.0,2.0,ENIGH (INEGI),Personas de 18 años o más,enigh
hogar,Es jefa o jefe del hogar,2022,Hombres,Con discapacidad,Colima,30-44,Brazos o manos,0.0,213.0,5.0,ENIGH (INEGI),Personas de 18 años o más,enigh
hogar,Es jefa o jefe del hogar,2022,Hombres,Con discapacidad,Colima,30-44,Caminar,565.0,1011.0,14.0,ENIGH (INEGI),Personas de 18 años o más,enigh
hogar,Es jefa o jefe del hogar,2022,Hombres,Con discapacidad,Colima,30-44,Hablar o comunicarse,0.0,120.0,3.0,ENIGH (INEGI),Personas de 18 años o más,enigh
hogar,Es jefa o jefe del hogar,2022,Hombres,Con discapacidad,Colima,30-44,Mental,79.0,536.0,9.0,ENIGH (INEGI),Personas de 18 años o más,enigh
hogar,Es jefa o jefe del hogar,2022,Hombres,Con discapacidad,Colima,30-44,Oír,0.0,140.0,2.0,ENIGH (INEGI),Personas de 18 años o más,enigh
hogar,Es jefa o jefe del hogar,2022,Hombres,Con discapacidad,Colima,30-44,Recordar o concentrarse,151.0,684.0,10.0,ENIGH (INEGI),Personas de 18 años o más,enigh
hogar,Es jefa o jefe del hogar,2022,Hombres,Con discapacidad,Colima,30-44,Ver,271.0,398.0,6.0,ENIGH (INEGI),Personas de 18 años o más,enigh
hogar,Es jefa o jefe del hogar,2022,Hombres,Con discapacidad,Colima,45-59,Bañarse o vestirse,237.0,603.0,13.0,ENIGH (INEGI),Personas de 18 años o más,enigh
hogar,Es jefa o jefe del hogar,2022,Hombres,Con discapacidad,Colima,45-59,Brazos o manos,748.0,1385.0,22.0,ENIGH (INEGI),Personas de 18 años o más,enigh
hogar,Es jefa o jefe del hogar,2022,Hombres,Con discapacidad,Colima,45-59,Caminar,2463.0,3285.0,50.0,ENIGH (INEGI),Personas de 18 años o más,enigh
hogar,Es jefa o jefe del hogar,2022,Hombres,Con discapacidad,Colima,45-59,Hablar o comunicarse,111.0,672.0,9.0,ENIGH (INEGI),Personas de 18 años o más,enigh
hogar,Es jefa o jefe del hogar,2022,Hombres,Con discapacidad,Colima,45-59,Mental,153.0,971.0,15.0,ENIGH (INEGI),Personas de 18 años o más,enigh
hogar,Es jefa o jefe del hogar,2022,Hombres,Con discapacidad,Colima,45-59,Oír,542.0,747.0,11.0,ENIGH (INEGI),Personas de 18 años o más,enigh
hogar,Es jefa o jefe del hogar,2022,Hombres,Con discapacidad,Colima,45-59,Recordar o concentrarse,341.0,1061.0,14.0,ENIGH (INEGI),Personas de 18 años o más,enigh
hogar,Es jefa o jefe del hogar,2022,Hombres,Con discapacidad,Colima,45-59,Ver,1811.0,2346.0,33.0,ENIGH (INEGI),Personas de 18 años o más,enigh
hogar,Es jefa o jefe del hogar,2022,Hombres,Con discapacidad,Colima,60+,Bañarse o vestirse,1077.0,1391.0,23.0,ENIGH (INEGI),Personas de 18 años o más,enigh
hogar,Es jefa o jefe del hogar,2022,Hombres,Con discapacidad,Colima,60+,Brazos o manos,1559.0,1983.0,38.0,ENIGH (INEGI),Personas de 18 años o más,enigh
hogar,Es jefa o jefe del hogar,2022,Hombres,Con discapacidad,Colima,60+,Caminar,6201.0,7799.0,126.0,ENIGH (INEGI),Personas de 18 años o más,enigh
hogar,Es jefa o jefe del hogar,2022,Hombres,Con discapacidad,Colima,60+,Hablar o comunicarse,445.0,655.0,12.0,ENIGH (INEGI),Personas de 18 años o más,enigh
hogar,Es jefa o jefe del hogar,2022,Hombres,Con discapacidad,Colima,60+,Mental,748.0,1179.0,18.0,ENIGH (INEGI),Personas de 18 años o más,enigh
hogar,Es jefa o jefe del hogar,2022,Hombres,Con discapacidad,Colima,60+,Oír,3156.0,3716.0,49.0,ENIGH (INEGI),Personas de 18 años o más,enigh
hogar,Es jefa o jefe del hogar,2022,Hombres,Con discapacidad,Colima,60+,Recordar o concentrarse,1833.0,2070.0,30.0,ENIGH (INEGI),Personas de 18 años o más,enigh
hogar,Es jefa o jefe del hogar,2022,Hombres,Con discapacidad,Colima,60+,Ver,4154.0,5278.0,80.0,ENIGH (INEGI),Personas de 18 años o más,enigh
hogar,Es jefa o jefe del hogar,2022,Hombres,Con discapacidad,Durango,18-29,Bañarse o vestirse,0.0,802.0,4.0,ENIGH (INEGI),Personas de 18 años o más,enigh
hogar,Es jefa o jefe del hogar,2022,Hombres,Con discapacidad,Durango,18-29,Brazos o manos,0.0,566.0,3.0,ENIGH (INEGI),Personas de 18 años o más,enigh
hogar,Es jefa o jefe del hogar,2022,Hombres,Con discapacidad,Durango,18-29,Caminar,0.0,1415.0,8.0,ENIGH (INEGI),Personas de 18 años o más,enigh
hogar,Es jefa o jefe del hogar,2022,Hombres,Con discapacidad,Durango,18-29,Hablar o comunicarse,0.0,1063.0,7.0,ENIGH (INEGI),Personas de 18 años o más,enigh
hogar,Es jefa o jefe del hogar,2022,Hombres,Con discapacidad,Durango,18-29,Mental,0.0,1443.0,7.0,ENIGH (INEGI),Personas de 18 años o más,enigh
hogar,Es jefa o jefe del hogar,2022,Hombres,Con discapacidad,Durango,18-29,Oír,343.0,582.0,3.0,ENIGH (INEGI),Personas de 18 años o más,enigh
hogar,Es jefa o jefe del hogar,2022,Hombres,Con discapacidad,Durango,18-29,Recordar o concentrarse,0.0,1447.0,7.0,ENIGH (INEGI),Personas de 18 años o más,enigh
hogar,Es jefa o jefe del hogar,2022,Hombres,Con discapacidad,Durango,18-29,Ver,629.0,2542.0,11.0,ENIGH (INEGI),Personas de 18 años o más,enigh
hogar,Es jefa o jefe del hogar,2022,Hombres,Con discapacidad,Durango,30-44,Bañarse o vestirse,112.0,1199.0,5.0,ENIGH (INEGI),Personas de 18 años o más,enigh
hogar,Es jefa o jefe del hogar,2022,Hombres,Con discapacidad,Durango,30-44,Brazos o manos,233.0,1078.0,4.0,ENIGH (INEGI),Personas de 18 años o más,enigh
hogar,Es jefa o jefe del hogar,2022,Hombres,Con discapacidad,Durango,30-44,Caminar,1767.0,3341.0,17.0,ENIGH (INEGI),Personas de 18 años o más,enigh
hogar,Es jefa o jefe del hogar,2022,Hombres,Con discapacidad,Durango,30-44,Hablar o comunicarse,0.0,1020.0,5.0,ENIGH (INEGI),Personas de 18 años o más,enigh
hogar,Es jefa o jefe del hogar,2022,Hombres,Con discapacidad,Durango,30-44,Mental,124.0,1965.0,10.0,ENIGH (INEGI),Personas de 18 años o más,enigh
hogar,Es jefa o jefe del hogar,2022,Hombres,Con discapacidad,Durango,30-44,Oír,729.0,1083.0,6.0,ENIGH (INEGI),Personas de 18 años o más,enigh
hogar,Es jefa o jefe del hogar,2022,Hombres,Con discapacidad,Durango,30-44,Recordar o concentrarse,252.0,1495.0,7.0,ENIGH (INEGI),Personas de 18 años o más,enigh
hogar,Es jefa o jefe del hogar,2022,Hombres,Con discapacidad,Durango,30-44,Ver,666.0,2071.0,11.0,ENIGH (INEGI),Personas de 18 años o más,enigh
hogar,Es jefa o jefe del hogar,2022,Hombres,Con discapacidad,Durango,45-59,Bañarse o vestirse,269.0,748.0,4.0,ENIGH (INEGI),Personas de 18 años o más,enigh
hogar,Es jefa o jefe del hogar,2022,Hombres,Con discapacidad,Durango,45-59,Brazos o manos,2059.0,2632.0,16.0,ENIGH (INEGI),Personas de 18 años o más,enigh
hogar,Es jefa o jefe del hogar,2022,Hombres,Con discapacidad,Durango,45-59,Caminar,4202.0,5210.0,31.0,ENIGH (INEGI),Personas de 18 años o más,enigh
hogar,Es jefa o jefe del hogar,2022,Hombres,Con discapacidad,Durango,45-59,Hablar o comunicarse,395.0,1088.0,7.0,ENIGH (INEGI),Personas de 18 años o más,enigh
hogar,Es jefa o jefe del hogar,2022,Hombres,Con discapacidad,Durango,45-59,Mental,510.0,2190.0,13.0,ENIGH (INEGI),Personas de 18 años o más,enigh
hogar,Es jefa o jefe del hogar,2022,Hombres,Con discapacidad,Durango,45-59,Oír,1748.0,2081.0,11.0,ENIGH (INEGI),Personas de 18 años o más,enigh
hogar,Es jefa o jefe del hogar,2022,Hombres,Con discapacidad,Durango,45-59,Recordar o concentrarse,756.0,1325.0,7.0,ENIGH (INEGI),Personas de 18 años o más,enigh
hogar,Es jefa o jefe del hogar,2022,Hombres,Con discapacidad,Durango,45-59,Ver,3615.0,4570.0,24.0,ENIGH (INEGI),Personas de 18 años o más,enigh
hogar,Es jefa o jefe del hogar,2022,Hombres,Con discapacidad,Durango,60+,Bañarse o vestirse,4001.0,5058.0,28.0,ENIGH (INEGI),Personas de 18 años o más,enigh
hogar,Es jefa o jefe del hogar,2022,Hombres,Con discapacidad,Durango,60+,Brazos o manos,5581.0,6726.0,37.0,ENIGH (INEGI),Personas de 18 años o más,enigh
hogar,Es jefa o jefe del hogar,2022,Hombres,Con discapacidad,Durango,60+,Caminar,18763.0,21343.0,123.0,ENIGH (INEGI),Personas de 18 años o más,enigh
hogar,Es jefa o jefe del hogar,2022,Hombres,Con discapacidad,Durango,60+,Hablar o comunicarse,1271.0,2008.0,11.0,ENIGH (INEGI),Personas de 18 años o más,enigh
hogar,Es jefa o jefe del hogar,2022,Hombres,Con discapacidad,Durango,60+,Mental,1817.0,2641.0,15.0,ENIGH (INEGI),Personas de 18 años o más,enigh
hogar,Es jefa o jefe del hogar,2022,Hombres,Con discapacidad,Durango,60+,Oír,8522.0,10688.0,58.0,ENIGH (INEGI),Personas de 18 años o más,enigh
hogar,Es jefa o jefe del hogar,2022,Hombres,Con discapacidad,Durango,60+,Recordar o concentrarse,3484.0,5279.0,27.0,ENIGH (INEGI),Personas de 18 años o más,enigh
hogar,Es jefa o jefe del hogar,2022,Hombres,Con discapacidad,Durango,60+,Ver,9434.0,11056.0,59.0,ENIGH (INEGI),Personas de 18 años o más,enigh
hogar,Es jefa o jefe del hogar,2022,Hombres,Con discapacidad,Guanajuato,18-29,Bañarse o vestirse,0.0,264.0,1.0,ENIGH (INEGI),Personas de 18 años o más,enigh
hogar,Es jefa o jefe del hogar,2022,Hombres,Con discapacidad,Guanajuato,18-29,Brazos o manos,352.0,1248.0,4.0,ENIGH (INEGI),Personas de 18 años o más,enigh
hogar,Es jefa o jefe del hogar,2022,Hombres,Con discapacidad,Guanajuato,18-29,Caminar,310.0,4137.0,8.0,ENIGH (INEGI),Personas de 18 años o más,enigh
hogar,Es jefa o jefe del hogar,2022,Hombres,Con discapacidad,Guanajuato,18-29,Hablar o comunicarse,0.0,1256.0,4.0,ENIGH (INEGI),Personas de 18 años o más,enigh
hogar,Es jefa o jefe del hogar,2022,Hombres,Con discapacidad,Guanajuato,18-29,Mental,0.0,1317.0,4.0,ENIGH (INEGI),Personas de 18 años o más,enigh
hogar,Es jefa o jefe del hogar,2022,Hombres,Con discapacidad,Guanajuato,18-29,Oír,0.0,1147.0,2.0,ENIGH (INEGI),Personas de 18 años o más,enigh
hogar,Es jefa o jefe del hogar,2022,Hombres,Con discapacidad,Guanajuato,18-29,Recordar o concentrarse,1027.0,2169.0,3.0,ENIGH (INEGI),Personas de 18 años o más,enigh
hogar,Es jefa o jefe del hogar,2022,Hombres,Con discapacidad,Guanajuato,18-29,Ver,1080.0,4329.0,10.0,ENIGH (INEGI),Personas de 18 años o más,enigh
hogar,Es jefa o jefe del hogar,2022,Hombres,Con discapacidad,Guanajuato,30-44,Bañarse o vestirse,907.0,5380.0,10.0,ENIGH (INEGI),Personas de 18 años o más,enigh
hogar,Es jefa o jefe del hogar,2022,Hombres,Con discapacidad,Guanajuato,30-44,Brazos o manos,907.0,5706.0,9.0,ENIGH (INEGI),Personas de 18 años o más,enigh
hogar,Es jefa o jefe del hogar,2022,Hombres,Con discapacidad,Guanajuato,30-44,Caminar,3679.0,10638.0,19.0,ENIGH (INEGI),Personas de 18 años o más,enigh
hogar,Es jefa o jefe del hogar,2022,Hombres,Con discapacidad,Guanajuato,30-44,Hablar o comunicarse,715.0,6940.0,14.0,ENIGH (INEGI),Personas de 18 años o más,enigh
hogar,Es jefa o jefe del hogar,2022,Hombres,Con discapacidad,Guanajuato,30-44,Mental,354.0,7287.0,15.0,ENIGH (INEGI),Personas de 18 años o más,enigh
hogar,Es jefa o jefe del hogar,2022,Hombres,Con discapacidad,Guanajuato,30-44,Oír,552.0,2178.0,8.0,ENIGH (INEGI),Personas de 18 años o más,enigh
hogar,Es jefa o jefe del hogar,2022,Hombres,Con discapacidad,Guanajuato,30-44,Recordar o concentrarse,1737.0,7821.0,17.0,ENIGH (INEGI),Personas de 18 años o más,enigh
hogar,Es jefa o jefe del hogar,2022,Hombres,Con discapacidad,Guanajuato,30-44,Ver,2530.0,6021.0,11.0,ENIGH (INEGI),Personas de 18 años o más,enigh
hogar,Es jefa o jefe del hogar,2022,Hombres,Con discapacidad,Guanajuato,45-59,Bañarse o vestirse,880.0,1651.0,6.0,ENIGH (INEGI),Personas de 18 años o más,enigh
hogar,Es jefa o jefe del hogar,2022,Hombres,Con discapacidad,Guanajuato,45-59,Brazos o manos,5240.0,6276.0,15.0,ENIGH (INEGI),Personas de 18 años o más,enigh
hogar,Es jefa o jefe del hogar,2022,Hombres,Con discapacidad,Guanajuato,45-59,Caminar,16858.0,19308.0,41.0,ENIGH (INEGI),Personas de 18 años o más,enigh
hogar,Es jefa o jefe del hogar,2022,Hombres,Con discapacidad,Guanajuato,45-59,Hablar o comunicarse,724.0,1940.0,4.0,ENIGH (INEGI),Personas de 18 años o más,enigh
hogar,Es jefa o jefe del hogar,2022,Hombres,Con discapacidad,Guanajuato,45-59,Mental,1754.0,4359.0,7.0,ENIGH (INEGI),Personas de 18 años o más,enigh
hogar,Es jefa o jefe del hogar,2022,Hombres,Con discapacidad,Guanajuato,45-59,Oír,3691.0,5031.0,10.0,ENIGH (INEGI),Personas de 18 años o más,enigh
hogar,Es jefa o jefe del hogar,2022,Hombres,Con discapacidad,Guanajuato,45-59,Recordar o concentrarse,2587.0,4339.0,9.0,ENIGH (INEGI),Personas de 18 años o más,enigh
hogar,Es jefa o jefe del hogar,2022,Hombres,Con discapacidad,Guanajuato,45-59,Ver,7475.0,8847.0,21.0,ENIGH (INEGI),Personas de 18 años o más,enigh
hogar,Es jefa o jefe del hogar,2022,Hombres,Con discapacidad,Guanajuato,60+,Bañarse o vestirse,13974.0,15276.0,29.0,ENIGH (INEGI),Personas de 18 años o más,enigh
hogar,Es jefa o jefe del hogar,2022,Hombres,Con discapacidad,Guanajuato,60+,Brazos o manos,16278.0,18689.0,40.0,ENIGH (INEGI),Personas de 18 años o más,enigh
hogar,Es jefa o jefe del hogar,2022,Hombres,Con discapacidad,Guanajuato,60+,Caminar,55820.0,62426.0,118.0,ENIGH (INEGI),Personas de 18 años o más,enigh
hogar,Es jefa o jefe del hogar,2022,Hombres,Con discapacidad,Guanajuato,60+,Hablar o comunicarse,4214.0,6563.0,14.0,ENIGH (INEGI),Personas de 18 años o más,enigh
hogar,Es jefa o jefe del hogar,2022,Hombres,Con discapacidad,Guanajuato,60+,Mental,7405.0,8848.0,18.0,ENIGH (INEGI),Personas de 18 años o más,enigh
hogar,Es jefa o jefe del hogar,2022,Hombres,Con discapacidad,Guanajuato,60+,Oír,18182.0,20148.0,38.0,ENIGH (INEGI),Personas de 18 años o más,enigh
hogar,Es jefa o jefe del hogar,2022,Hombres,Con discapacidad,Guanajuato,60+,Recordar o concentrarse,12970.0,14199.0,29.0,ENIGH (INEGI),Personas de 18 años o más,enigh
hogar,Es jefa o jefe del hogar,2022,Hombres,Con discapacidad,Guanajuato,60+,Ver,23255.0,25556.0,52.0,ENIGH (INEGI),Personas de 18 años o más,enigh
hogar,Es jefa o jefe del hogar,2022,Hombres,Con discapacidad,Guerrero,18-29,Bañarse o vestirse,704.0,2371.0,6.0,ENIGH (INEGI),Personas de 18 años o más,enigh
hogar,Es jefa o jefe del hogar,2022,Hombres,Con discapacidad,Guerrero,18-29,Brazos o manos,704.0,1788.0,4.0,ENIGH (INEGI),Personas de 18 años o más,enigh
hogar,Es jefa o jefe del hogar,2022,Hombres,Con discapacidad,Guerrero,18-29,Caminar,382.0,4204.0,12.0,ENIGH (INEGI),Personas de 18 años o más,enigh
hogar,Es jefa o jefe del hogar,2022,Hombres,Con discapacidad,Guerrero,18-29,Hablar o comunicarse,341.0,5000.0,14.0,ENIGH (INEGI),Personas de 18 años o más,enigh
hogar,Es jefa o jefe del hogar,2022,Hombres,Con discapacidad,Guerrero,18-29,Mental,0.0,3033.0,9.0,ENIGH (INEGI),Personas de 18 años o más,enigh
hogar,Es jefa o jefe del hogar,2022,Hombres,Con discapacidad,Guerrero,18-29,Oír,341.0,2321.0,7.0,ENIGH (INEGI),Personas de 18 años o más,enigh
hogar,Es jefa o jefe del hogar,2022,Hombres,Con discapacidad,Guerrero,18-29,Recordar o concentrarse,367.0,4065.0,12.0,ENIGH (INEGI),Personas de 18 años o más,enigh
hogar,Es jefa o jefe del hogar,2022,Hombres,Con discapacidad,Guerrero,18-29,Ver,456.0,3885.0,11.0,ENIGH (INEGI),Personas de 18 años o más,enigh
hogar,Es jefa o jefe del hogar,2022,Hombres,Con discapacidad,Guerrero,30-44,Bañarse o vestirse,901.0,2740.0,7.0,ENIGH (INEGI),Personas de 18 años o más,enigh
hogar,Es jefa o jefe del hogar,2022,Hombres,Con discapacidad,Guerrero,30-44,Brazos o manos,2013.0,3653.0,8.0,ENIGH (INEGI),Personas de 18 años o más,enigh
hogar,Es jefa o jefe del hogar,2022,Hombres,Con discapacidad,Guerrero,30-44,Caminar,5686.0,12155.0,29.0,ENIGH (INEGI),Personas de 18 años o más,enigh
hogar,Es jefa o jefe del hogar,2022,Hombres,Con discapacidad,Guerrero,30-44,Hablar o comunicarse,411.0,3260.0,8.0,ENIGH (INEGI),Personas de 18 años o más,enigh
hogar,Es jefa o jefe del hogar,2022,Hombres,Con discapacidad,Guerrero,30-44,Mental,418.0,4187.0,11.0,ENIGH (INEGI),Personas de 18 años o más,enigh
hogar,Es jefa o jefe del hogar,2022,Hombres,Con discapacidad,Guerrero,30-44,Oír,590.0,2000.0,5.0,ENIGH (INEGI),Personas de 18 años o más,enigh
hogar,Es jefa o jefe del hogar,2022,Hombres,Con discapacidad,Guerrero,30-44,Recordar o concentrarse,0.0,3186.0,8.0,ENIGH (INEGI),Personas de 18 años o más,enigh
hogar,Es jefa o jefe del hogar,2022,Hombres,Con discapacidad,Guerrero,30-44,Ver,2015.0,4389.0,11.0,ENIGH (INEGI),Personas de 18 años o más,enigh
hogar,Es jefa o jefe del hogar,2022,Hombres,Con discapacidad,Guerrero,45-59,Bañarse o vestirse,2802.0,3801.0,8.0,ENIGH (INEGI),Personas de 18 años o más,enigh
hogar,Es jefa o jefe del hogar,2022,Hombres,Con discapacidad,Guerrero,45-59,Brazos o manos,3413.0,4665.0,11.0,ENIGH (INEGI),Personas de 18 años o más,enigh
hogar,Es jefa o jefe del hogar,2022,Hombres,Con discapacidad,Guerrero,45-59,Caminar,9729.0,13590.0,34.0,ENIGH (INEGI),Personas de 18 años o más,enigh
hogar,Es jefa o jefe del hogar,2022,Hombres,Con discapacidad,Guerrero,45-59,Hablar o comunicarse,1837.0,3717.0,10.0,ENIGH (INEGI),Personas de 18 años o más,enigh
hogar,Es jefa o jefe del hogar,2022,Hombres,Con discapacidad,Guerrero,45-59,Mental,3134.0,3988.0,9.0,ENIGH (INEGI),Personas de 18 años o más,enigh
hogar,Es jefa o jefe del hogar,2022,Hombres,Con discapacidad,Guerrero,45-59,Oír,2745.0,3768.0,12.0,ENIGH (INEGI),Personas de 18 años o más,enigh
hogar,Es jefa o jefe del hogar,2022,Hombres,Con discapacidad,Guerrero,45-59,Recordar o concentrarse,1597.0,3493.0,9.0,ENIGH (INEGI),Personas de 18 años o más,enigh
hogar,Es jefa o jefe del hogar,2022,Hombres,Con discapacidad,Guerrero,45-59,Ver,7075.0,9607.0,25.0,ENIGH (INEGI),Personas de 18 años o más,enigh
hogar,Es jefa o jefe del hogar,2022,Hombres,Con discapacidad,Guerrero,60+,Bañarse o vestirse,6073.0,9457.0,24.0,ENIGH (INEGI),Personas de 18 años o más,enigh
hogar,Es jefa o jefe del hogar,2022,Hombres,Con discapacidad,Guerrero,60+,Brazos o manos,13280.0,17528.0,44.0,ENIGH (INEGI),Personas de 18 años o más,enigh
hogar,Es jefa o jefe del hogar,2022,Hombres,Con discapacidad,Guerrero,60+,Caminar,35655.0,44569.0,112.0,ENIGH (INEGI),Personas de 18 años o más,enigh
hogar,Es jefa o jefe del hogar,2022,Hombres,Con discapacidad,Guerrero,60+,Hablar o comunicarse,3892.0,7176.0,18.0,ENIGH (INEGI),Personas de 18 años o más,enigh
hogar,Es jefa o jefe del hogar,2022,Hombres,Con discapacidad,Guerrero,60+,Mental,9369.0,11050.0,28.0,ENIGH (INEGI),Personas de 18 años o más,enigh
hogar,Es jefa o jefe del hogar,2022,Hombres,Con discapacidad,Guerrero,60+,Oír,14158.0,19018.0,50.0,ENIGH (INEGI),Personas de 18 años o más,enigh
hogar,Es jefa o jefe del hogar,2022,Hombres,Con discapacidad,Guerrero,60+,Recordar o concentrarse,10234.0,12949.0,32.0,ENIGH (INEGI),Personas de 18 años o más,enigh
hogar,Es jefa o jefe del hogar,2022,Hombres,Con discapacidad,Guerrero,60+,Ver,19755.0,23333.0,60.0,ENIGH (INEGI),Personas de 18 años o más,enigh
hogar,Es jefa o jefe del hogar,2022,Hombres,Con discapacidad,Hidalgo,18-29,Bañarse o vestirse,0.0,1271.0,3.0,ENIGH (INEGI),Personas de 18 años o más,enigh
hogar,Es jefa o jefe del hogar,2022,Hombres,Con discapacidad,Hidalgo,18-29,Brazos o manos,0.0,441.0,1.0,ENIGH (INEGI),Personas de 18 años o más,enigh
hogar,Es jefa o jefe del hogar,2022,Hombres,Con discapacidad,Hidalgo,18-29,Caminar,0.0,2988.0,7.0,ENIGH (INEGI),Personas de 18 años o más,enigh
hogar,Es jefa o jefe del hogar,2022,Hombres,Con discapacidad,Hidalgo,18-29,Hablar o comunicarse,0.0,2041.0,5.0,ENIGH (INEGI),Personas de 18 años o más,enigh
hogar,Es jefa o jefe del hogar,2022,Hombres,Con discapacidad,Hidalgo,18-29,Mental,0.0,1070.0,3.0,ENIGH (INEGI),Personas de 18 años o más,enigh
hogar,Es jefa o jefe del hogar,2022,Hombres,Con discapacidad,Hidalgo,18-29,Oír,0.0,1632.0,4.0,ENIGH (INEGI),Personas de 18 años o más,enigh
hogar,Es jefa o jefe del hogar,2022,Hombres,Con discapacidad,Hidalgo,18-29,Recordar o concentrarse,0.0,1630.0,4.0,ENIGH (INEGI),Personas de 18 años o más,enigh
hogar,Es jefa o jefe del hogar,2022,Hombres,Con discapacidad,Hidalgo,18-29,Ver,327.0,2735.0,6.0,ENIGH (INEGI),Personas de 18 años o más,enigh
hogar,Es jefa o jefe del hogar,2022,Hombres,Con discapacidad,Hidalgo,30-44,Bañarse o vestirse,758.0,1587.0,4.0,ENIGH (INEGI),Personas de 18 años o más,enigh
hogar,Es jefa o jefe del hogar,2022,Hombres,Con discapacidad,Hidalgo,30-44,Brazos o manos,758.0,1902.0,5.0,ENIGH (INEGI),Personas de 18 años o más,enigh
hogar,Es jefa o jefe del hogar,2022,Hombres,Con discapacidad,Hidalgo,30-44,Caminar,3886.0,5882.0,15.0,ENIGH (INEGI),Personas de 18 años o más,enigh
hogar,Es jefa o jefe del hogar,2022,Hombres,Con discapacidad,Hidalgo,30-44,Hablar o comunicarse,832.0,3586.0,9.0,ENIGH (INEGI),Personas de 18 años o más,enigh
hogar,Es jefa o jefe del hogar,2022,Hombres,Con discapacidad,Hidalgo,30-44,Mental,450.0,2350.0,6.0,ENIGH (INEGI),Personas de 18 años o más,enigh
hogar,Es jefa o jefe del hogar,2022,Hombres,Con discapacidad,Hidalgo,30-44,Oír,1188.0,2810.0,7.0,ENIGH (INEGI),Personas de 18 años o más,enigh
hogar,Es jefa o jefe del hogar,2022,Hombres,Con discapacidad,Hidalgo,30-44,Recordar o concentrarse,903.0,2262.0,6.0,ENIGH (INEGI),Personas de 18 años o más,enigh
hogar,Es jefa o jefe del hogar,2022,Hombres,Con discapacidad,Hidalgo,30-44,Ver,2395.0,4289.0,11.0,ENIGH (INEGI),Personas de 18 años o más,enigh
hogar,Es jefa o jefe del hogar,2022,Hombres,Con discapacidad,Hidalgo,45-59,Bañarse o vestirse,440.0,893.0,2.0,ENIGH (INEGI),Personas de 18 años o más,enigh
hogar,Es jefa o jefe del hogar,2022,Hombres,Con discapacidad,Hidalgo,45-59,Brazos o manos,1894.0,2347.0,5.0,ENIGH (INEGI),Personas de 18 años o más,enigh
hogar,Es jefa o jefe del hogar,2022,Hombres,Con discapacidad,Hidalgo,45-59,Caminar,7194.0,9206.0,21.0,ENIGH (INEGI),Personas de 18 años o más,enigh
hogar,Es jefa o jefe del hogar,2022,Hombres,Con discapacidad,Hidalgo,45-59,Hablar o comunicarse,599.0,1736.0,4.0,ENIGH (INEGI),Personas de 18 años o más,enigh
hogar,Es jefa o jefe del hogar,2022,Hombres,Con discapacidad,Hidalgo,45-59,Mental,799.0,1722.0,4.0,ENIGH (INEGI),Personas de 18 años o más,enigh
hogar,Es jefa o jefe del hogar,2022,Hombres,Con discapacidad,Hidalgo,45-59,Oír,2877.0,3956.0,10.0,ENIGH (INEGI),Personas de 18 años o más,enigh
hogar,Es jefa o jefe del hogar,2022,Hombres,Con discapacidad,Hidalgo,45-59,Recordar o concentrarse,2787.0,4122.0,9.0,ENIGH (INEGI),Personas de 18 años o más,enigh
hogar,Es jefa o jefe del hogar,2022,Hombres,Con discapacidad,Hidalgo,45-59,Ver,8506.0,10458.0,24.0,ENIGH (INEGI),Personas de 18 años o más,enigh
hogar,Es jefa o jefe del hogar,2022,Hombres,Con discapacidad,Hidalgo,60+,Bañarse o vestirse,4914.0,8541.0,21.0,ENIGH (INEGI),Personas de 18 años o más,enigh
hogar,Es jefa o jefe del hogar,2022,Hombres,Con discapacidad,Hidalgo,60+,Brazos o manos,3400.0,6484.0,16.0,ENIGH (INEGI),Personas de 18 años o más,enigh
hogar,Es jefa o jefe del hogar,2022,Hombres,Con discapacidad,Hidalgo,60+,Caminar,23115.0,31107.0,78.0,ENIGH (INEGI),Personas de 18 años o más,enigh
hogar,Es jefa o jefe del hogar,2022,Hombres,Con discapacidad,Hidalgo,60+,Hablar o comunicarse,2781.0,4723.0,12.0,ENIGH (INEGI),Personas de 18 años o más,enigh
hogar,Es jefa o jefe del hogar,2022,Hombres,Con discapacidad,Hidalgo,60+,Mental,2637.0,4728.0,12.0,ENIGH (INEGI),Personas de 18 años o más,enigh
hogar,Es jefa o jefe del hogar,2022,Hombres,Con discapacidad,Hidalgo,60+,Oír,12820.0,16763.0,40.0,ENIGH (INEGI),Personas de 18 años o más,enigh
hogar,Es jefa o jefe del hogar,2022,Hombres,Con discapacidad,Hidalgo,60+,Recordar o concentrarse,6147.0,8123.0,19.0,ENIGH (INEGI),Personas de 18 años o más,enigh
hogar,Es jefa o jefe del hogar,2022,Hombres,Con discapacidad,Hidalgo,60+,Ver,17125.0,20365.0,51.0,ENIGH (INEGI),Personas de 18 años o más,enigh
hogar,Es jefa o jefe del hogar,2022,Hombres,Con discapacidad,Jalisco,18-29,Bañarse o vestirse,0.0,1854.0,2.0,ENIGH (INEGI),Personas de 18 años o más,enigh
hogar,Es jefa o jefe del hogar,2022,Hombres,Con discapacidad,Jalisco,18-29,Brazos o manos,1039.0,1966.0,2.0,ENIGH (INEGI),Personas de 18 años o más,enigh
hogar,Es jefa o jefe del hogar,2022,Hombres,Con discapacidad,Jalisco,18-29,Caminar,1039.0,9075.0,10.0,ENIGH (INEGI),Personas de 18 años o más,enigh
hogar,Es jefa o jefe del hogar,2022,Hombres,Con discapacidad,Jalisco,18-29,Hablar o comunicarse,0.0,1971.0,2.0,ENIGH (INEGI),Personas de 18 años o más,enigh
hogar,Es jefa o jefe del hogar,2022,Hombres,Con discapacidad,Jalisco,18-29,Mental,0.0,4623.0,6.0,ENIGH (INEGI),Personas de 18 años o más,enigh
hogar,Es jefa o jefe del hogar,2022,Hombres,Con discapacidad,Jalisco,18-29,Oír,0.0,1971.0,2.0,ENIGH (INEGI),Personas de 18 años o más,enigh
hogar,Es jefa o jefe del hogar,2022,Hombres,Con discapacidad,Jalisco,18-29,Recordar o concentrarse,1039.0,5646.0,7.0,ENIGH (INEGI),Personas de 18 años o más,enigh
hogar,Es jefa o jefe del hogar,2022,Hombres,Con discapacidad,Jalisco,18-29,Ver,0.0,2502.0,2.0,ENIGH (INEGI),Personas de 18 años o más,enigh
hogar,Es jefa o jefe del hogar,2022,Hombres,Con discapacidad,Jalisco,30-44,Bañarse o vestirse,0.0,783.0,1.0,ENIGH (INEGI),Personas de 18 años o más,enigh
hogar,Es jefa o jefe del hogar,2022,Hombres,Con discapacidad,Jalisco,30-44,Brazos o manos,1547.0,3078.0,4.0,ENIGH (INEGI),Personas de 18 años o más,enigh
hogar,Es jefa o jefe del hogar,2022,Hombres,Con discapacidad,Jalisco,30-44,Caminar,2685.0,10160.0,12.0,ENIGH (INEGI),Personas de 18 años o más,enigh
hogar,Es jefa o jefe del hogar,2022,Hombres,Con discapacidad,Jalisco,30-44,Hablar o comunicarse,0.0,2254.0,2.0,ENIGH (INEGI),Personas de 18 años o más,enigh
hogar,Es jefa o jefe del hogar,2022,Hombres,Con discapacidad,Jalisco,30-44,Mental,412.0,2864.0,4.0,ENIGH (INEGI),Personas de 18 años o más,enigh
hogar,Es jefa o jefe del hogar,2022,Hombres,Con discapacidad,Jalisco,30-44,Oír,3104.0,3104.0,3.0,ENIGH (INEGI),Personas de 18 años o más,enigh
hogar,Es jefa o jefe del hogar,2022,Hombres,Con discapacidad,Jalisco,30-44,Recordar o concentrarse,412.0,4312.0,5.0,ENIGH (INEGI),Personas de 18 años o más,enigh
hogar,Es jefa o jefe del hogar,2022,Hombres,Con discapacidad,Jalisco,30-44,Ver,2791.0,5136.0,5.0,ENIGH (INEGI),Personas de 18 años o más,enigh
hogar,Es jefa o jefe del hogar,2022,Hombres,Con discapacidad,Jalisco,45-59,Bañarse o vestirse,2681.0,2681.0,3.0,ENIGH (INEGI),Personas de 18 años o más,enigh
hogar,Es jefa o jefe del hogar,2022,Hombres,Con discapacidad,Jalisco,45-59,Brazos o manos,6914.0,8503.0,11.0,ENIGH (INEGI),Personas de 18 años o más,enigh
hogar,Es jefa o jefe del hogar,2022,Hombres,Con discapacidad,Jalisco,45-59,Caminar,20587.0,30283.0,30.0,ENIGH (INEGI),Personas de 18 años o más,enigh
hogar,Es jefa o jefe del hogar,2022,Hombres,Con discapacidad,Jalisco,45-59,Hablar o comunicarse,1054.0,1962.0,2.0,ENIGH (INEGI),Personas de 18 años o más,enigh
hogar,Es jefa o jefe del hogar,2022,Hombres,Con discapacidad,Jalisco,45-59,Mental,1981.0,4824.0,5.0,ENIGH (INEGI),Personas de 18 años o más,enigh
hogar,Es jefa o jefe del hogar,2022,Hombres,Con discapacidad,Jalisco,45-59,Oír,3044.0,3044.0,3.0,ENIGH (INEGI),Personas de 18 años o más,enigh
hogar,Es jefa o jefe del hogar,2022,Hombres,Con discapacidad,Jalisco,45-59,Recordar o concentrarse,1545.0,2565.0,3.0,ENIGH (INEGI),Personas de 18 años o más,enigh
hogar,Es jefa o jefe del hogar,2022,Hombres,Con discapacidad,Jalisco,45-59,Ver,11480.0,13243.0,16.0,ENIGH (INEGI),Personas de 18 años o más,enigh
hogar,Es jefa o jefe del hogar,2022,Hombres,Con discapacidad,Jalisco,60+,Bañarse o vestirse,12950.0,20545.0,26.0,ENIGH (INEGI),Personas de 18 años o más,enigh
hogar,Es jefa o jefe del hogar,2022,Hombres,Con discapacidad,Jalisco,60+,Brazos o manos,16242.0,20403.0,26.0,ENIGH (INEGI),Personas de 18 años o más,enigh
hogar,Es jefa o jefe del hogar,2022,Hombres,Con discapacidad,Jalisco,60+,Caminar,75697.0,88525.0,107.0,ENIGH (INEGI),Personas de 18 años o más,enigh
hogar,Es jefa o jefe del hogar,2022,Hombres,Con discapacidad,Jalisco,60+,Hablar o comunicarse,5072.0,10359.0,12.0,ENIGH (INEGI),Personas de 18 años o más,enigh
hogar,Es jefa o jefe del hogar,2022,Hombres,Con discapacidad,Jalisco,60+,Mental,10763.0,14871.0,18.0,ENIGH (INEGI),Personas de 18 años o más,enigh
hogar,Es jefa o jefe del hogar,2022,Hombres,Con discapacidad,Jalisco,60+,Oír,36661.0,45747.0,53.0,ENIGH (INEGI),Personas de 18 años o más,enigh
hogar,Es jefa o jefe del hogar,2022,Hombres,Con discapacidad,Jalisco,60+,Recordar o concentrarse,20105.0,26005.0,31.0,ENIGH (INEGI),Personas de 18 años o más,enigh
hogar,Es jefa o jefe del hogar,2022,Hombres,Con discapacidad,Jalisco,60+,Ver,25682.0,30868.0,41.0,ENIGH (INEGI),Personas de 18 años o más,enigh
hogar,Es jefa o jefe del hogar,2022,Hombres,Con discapacidad,Michoacán,18-29,Bañarse o vestirse,0.0,2289.0,4.0,ENIGH (INEGI),Personas de 18 años o más,enigh
hogar,Es jefa o jefe del hogar,2022,Hombres,Con discapacidad,Michoacán,18-29,Brazos o manos,0.0,2632.0,4.0,ENIGH (INEGI),Personas de 18 años o más,enigh
hogar,Es jefa o jefe del hogar,2022,Hombres,Con discapacidad,Michoacán,18-29,Caminar,1228.0,5931.0,9.0,ENIGH (INEGI),Personas de 18 años o más,enigh
hogar,Es jefa o jefe del hogar,2022,Hombres,Con discapacidad,Michoacán,18-29,Hablar o comunicarse,0.0,6667.0,9.0,ENIGH (INEGI),Personas de 18 años o más,enigh
hogar,Es jefa o jefe del hogar,2022,Hombres,Con discapacidad,Michoacán,18-29,Mental,0.0,3832.0,5.0,ENIGH (INEGI),Personas de 18 años o más,enigh
hogar,Es jefa o jefe del hogar,2022,Hombres,Con discapacidad,Michoacán,18-29,Oír,579.0,3414.0,6.0,ENIGH (INEGI),Personas de 18 años o más,enigh
hogar,Es jefa o jefe del hogar,2022,Hombres,Con discapacidad,Michoacán,18-29,Recordar o concentrarse,0.0,1867.0,3.0,ENIGH (INEGI),Personas de 18 años o más,enigh
hogar,Es jefa o jefe del hogar,2022,Hombres,Con discapacidad,Michoacán,18-29,Ver,0.0,3011.0,5.0,ENIGH (INEGI),Personas de 18 años o más,enigh
hogar,Es jefa o jefe del hogar,2022,Hombres,Con discapacidad,Michoacán,30-44,Bañarse o vestirse,0.0,2957.0,4.0,ENIGH (INEGI),Personas de 18 años o más,enigh
hogar,Es jefa o jefe del hogar,2022,Hombres,Con discapacidad,Michoacán,30-44,Brazos o manos,2733.0,2733.0,4.0,ENIGH (INEGI),Personas de 18 años o más,enigh
hogar,Es jefa o jefe del hogar,2022,Hombres,Con discapacidad,Michoacán,30-44,Caminar,5975.0,10292.0,15.0,ENIGH (INEGI),Personas de 18 años o más,enigh
hogar,Es jefa o jefe del hogar,2022,Hombres,Con discapacidad,Michoacán,30-44,Hablar o comunicarse,0.0,1789.0,3.0,ENIGH (INEGI),Personas de 18 años o más,enigh
hogar,Es jefa o jefe del hogar,2022,Hombres,Con discapacidad,Michoacán,30-44,Mental,1270.0,4437.0,7.0,ENIGH (INEGI),Personas de 18 años o más,enigh
hogar,Es jefa o jefe del hogar,2022,Hombres,Con discapacidad,Michoacán,30-44,Oír,2122.0,2655.0,4.0,ENIGH (INEGI),Personas de 18 años o más,enigh
hogar,Es jefa o jefe del hogar,2022,Hombres,Con discapacidad,Michoacán,30-44,Recordar o concentrarse,1432.0,3672.0,6.0,ENIGH (INEGI),Personas de 18 años o más,enigh
hogar,Es jefa o jefe del hogar,2022,Hombres,Con discapacidad,Michoacán,30-44,Ver,2027.0,4066.0,6.0,ENIGH (INEGI),Personas de 18 años o más,enigh
hogar,Es jefa o jefe del hogar,2022,Hombres,Con discapacidad,Michoacán,45-59,Bañarse o vestirse,1771.0,3967.0,7.0,ENIGH (INEGI),Personas de 18 años o más,enigh
hogar,Es jefa o jefe del hogar,2022,Hombres,Con discapacidad,Michoacán,45-59,Brazos o manos,4928.0,7248.0,12.0,ENIGH (INEGI),Personas de 18 años o más,enigh
hogar,Es jefa o jefe del hogar,2022,Hombres,Con discapacidad,Michoacán,45-59,Caminar,16600.0,18658.0,30.0,ENIGH (INEGI),Personas de 18 años o más,enigh
hogar,Es jefa o jefe del hogar,2022,Hombres,Con discapacidad,Michoacán,45-59,Hablar o comunicarse,1820.0,4839.0,8.0,ENIGH (INEGI),Personas de 18 años o más,enigh
hogar,Es jefa o jefe del hogar,2022,Hombres,Con discapacidad,Michoacán,45-59,Mental,1721.0,5653.0,10.0,ENIGH (INEGI),Personas de 18 años o más,enigh
hogar,Es jefa o jefe del hogar,2022,Hombres,Con discapacidad,Michoacán,45-59,Oír,3374.0,4059.0,5.0,ENIGH (INEGI),Personas de 18 años o más,enigh
hogar,Es jefa o jefe del hogar,2022,Hombres,Con discapacidad,Michoacán,45-59,Recordar o concentrarse,3878.0,8668.0,15.0,ENIGH (INEGI),Personas de 18 años o más,enigh
hogar,Es jefa o jefe del hogar,2022,Hombres,Con discapacidad,Michoacán,45-59,Ver,10459.0,13161.0,21.0,ENIGH (INEGI),Personas de 18 años o más,enigh
hogar,Es jefa o jefe del hogar,2022,Hombres,Con discapacidad,Michoacán,60+,Bañarse o vestirse,10163.0,14204.0,22.0,ENIGH (INEGI),Personas de 18 años o más,enigh
hogar,Es jefa o jefe del hogar,2022,Hombres,Con discapacidad,Michoacán,60+,Brazos o manos,12137.0,18562.0,30.0,ENIGH (INEGI),Personas de 18 años o más,enigh
hogar,Es jefa o jefe del hogar,2022,Hombres,Con discapacidad,Michoacán,60+,Caminar,42870.0,56698.0,90.0,ENIGH (INEGI),Personas de 18 años o más,enigh
hogar,Es jefa o jefe del hogar,2022,Hombres,Con discapacidad,Michoacán,60+,Hablar o comunicarse,2425.0,5058.0,8.0,ENIGH (INEGI),Personas de 18 años o más,enigh
hogar,Es jefa o jefe del hogar,2022,Hombres,Con discapacidad,Michoacán,60+,Mental,11759.0,13067.0,20.0,ENIGH (INEGI),Personas de 18 años o más,enigh
hogar,Es jefa o jefe del hogar,2022,Hombres,Con discapacidad,Michoacán,60+,Oír,26458.0,31963.0,52.0,ENIGH (INEGI),Personas de 18 años o más,enigh
hogar,Es jefa o jefe del hogar,2022,Hombres,Con discapacidad,Michoacán,60+,Recordar o concentrarse,10664.0,13574.0,22.0,ENIGH (INEGI),Personas de 18 años o más,enigh
hogar,Es jefa o jefe del hogar,2022,Hombres,Con discapacidad,Michoacán,60+,Ver,28715.0,33957.0,54.0,ENIGH (INEGI),Personas de 18 años o más,enigh
hogar,Es jefa o jefe del hogar,2022,Hombres,Con discapacidad,Morelos,18-29,Bañarse o vestirse,0.0,787.0,3.0,ENIGH (INEGI),Personas de 18 años o más,enigh
hogar,Es jefa o jefe del hogar,2022,Hombres,Con discapacidad,Morelos,18-29,Brazos o manos,0.0,882.0,3.0,ENIGH (INEGI),Personas de 18 años o más,enigh
hogar,Es jefa o jefe del hogar,2022,Hombres,Con discapacidad,Morelos,18-29,Caminar,258.0,1102.0,4.0,ENIGH (INEGI),Personas de 18 años o más,enigh
hogar,Es jefa o jefe del hogar,2022,Hombres,Con discapacidad,Morelos,18-29,Hablar o comunicarse,0.0,1287.0,5.0,ENIGH (INEGI),Personas de 18 años o más,enigh
hogar,Es jefa o jefe del hogar,2022,Hombres,Con discapacidad,Morelos,18-29,Mental,0.0,1580.0,7.0,ENIGH (INEGI),Personas de 18 años o más,enigh
hogar,Es jefa o jefe del hogar,2022,Hombres,Con discapacidad,Morelos,18-29,Recordar o concentrarse,0.0,1303.0,6.0,ENIGH (INEGI),Personas de 18 años o más,enigh
hogar,Es jefa o jefe del hogar,2022,Hombres,Con discapacidad,Morelos,18-29,Ver,0.0,528.0,2.0,ENIGH (INEGI),Personas de 18 años o más,enigh
hogar,Es jefa o jefe del hogar,2022,Hombres,Con discapacidad,Morelos,30-44,Brazos o manos,199.0,199.0,1.0,ENIGH (INEGI),Personas de 18 años o más,enigh
hogar,Es jefa o jefe del hogar,2022,Hombres,Con discapacidad,Morelos,30-44,Caminar,1707.0,2965.0,12.0,ENIGH (INEGI),Personas de 18 años o más,enigh
hogar,Es jefa o jefe del hogar,2022,Hombres,Con discapacidad,Morelos,30-44,Hablar o comunicarse,0.0,306.0,1.0,ENIGH (INEGI),Personas de 18 años o más,enigh
hogar,Es jefa o jefe del hogar,2022,Hombres,Con discapacidad,Morelos,30-44,Mental,0.0,1158.0,4.0,ENIGH (INEGI),Personas de 18 años o más,enigh
hogar,Es jefa o jefe del hogar,2022,Hombres,Con discapacidad,Morelos,30-44,Oír,0.0,557.0,2.0,ENIGH (INEGI),Personas de 18 años o más,enigh
hogar,Es jefa o jefe del hogar,2022,Hombres,Con discapacidad,Morelos,30-44,Recordar o concentrarse,196.0,774.0,4.0,ENIGH (INEGI),Personas de 18 años o más,enigh
hogar,Es jefa o jefe del hogar,2022,Hombres,Con discapacidad,Morelos,30-44,Ver,1199.0,2228.0,9.0,ENIGH (INEGI),Personas de 18 años o más,enigh
hogar,Es jefa o jefe del hogar,2022,Hombres,Con discapacidad,Morelos,45-59,Bañarse o vestirse,307.0,1203.0,4.0,ENIGH (INEGI),Personas de 18 años o más,enigh
hogar,Es jefa o jefe del hogar,2022,Hombres,Con discapacidad,Morelos,45-59,Brazos o manos,593.0,1211.0,5.0,ENIGH (INEGI),Personas de 18 años o más,enigh
hogar,Es jefa o jefe del hogar,2022,Hombres,Con discapacidad,Morelos,45-59,Caminar,5003.0,7414.0,29.0,ENIGH (INEGI),Personas de 18 años o más,enigh
hogar,Es jefa o jefe del hogar,2022,Hombres,Con discapacidad,Morelos,45-59,Hablar o comunicarse,350.0,1109.0,5.0,ENIGH (INEGI),Personas de 18 años o más,enigh
hogar,Es jefa o jefe del hogar,2022,Hombres,Con discapacidad,Morelos,45-59,Mental,672.0,1211.0,5.0,ENIGH (INEGI),Personas de 18 años o más,enigh
hogar,Es jefa o jefe del hogar,2022,Hombres,Con discapacidad,Morelos,45-59,Oír,1158.0,2028.0,9.0,ENIGH (INEGI),Personas de 18 años o más,enigh
hogar,Es jefa o jefe del hogar,2022,Hombres,Con discapacidad,Morelos,45-59,Recordar o concentrarse,1150.0,1839.0,7.0,ENIGH (INEGI),Personas de 18 años o más,enigh
hogar,Es jefa o jefe del hogar,2022,Hombres,Con discapacidad,Morelos,45-59,Ver,3257.0,4530.0,17.0,ENIGH (INEGI),Personas de 18 años o más,enigh
hogar,Es jefa o jefe del hogar,2022,Hombres,Con discapacidad,Morelos,60+,Bañarse o vestirse,4066.0,5548.0,22.0,ENIGH (INEGI),Personas de 18 años o más,enigh
hogar,Es jefa o jefe del hogar,2022,Hombres,Con discapacidad,Morelos,60+,Brazos o manos,4216.0,4794.0,21.0,ENIGH (INEGI),Personas de 18 años o más,enigh
hogar,Es jefa o jefe del hogar,2022,Hombres,Con discapacidad,Morelos,60+,Caminar,18523.0,23092.0,97.0,ENIGH (INEGI),Personas de 18 años o más,enigh
hogar,Es jefa o jefe del hogar,2022,Hombres,Con discapacidad,Morelos,60+,Hablar o comunicarse,813.0,813.0,4.0,ENIGH (INEGI),Personas de 18 años o más,enigh
hogar,Es jefa o jefe del hogar,2022,Hombres,Con discapacidad,Morelos,60+,Mental,517.0,1186.0,6.0,ENIGH (INEGI),Personas de 18 años o más,enigh
hogar,Es jefa o jefe del hogar,2022,Hombres,Con discapacidad,Morelos,60+,Oír,8810.0,11204.0,46.0,ENIGH (INEGI),Personas de 18 años o más,enigh
hogar,Es jefa o jefe del hogar,2022,Hombres,Con discapacidad,Morelos,60+,Recordar o concentrarse,3283.0,4549.0,18.0,ENIGH (INEGI),Personas de 18 años o más,enigh
hogar,Es jefa o jefe del hogar,2022,Hombres,Con discapacidad,Morelos,60+,Ver,10158.0,11649.0,48.0,ENIGH (INEGI),Personas de 18 años o más,enigh
hogar,Es jefa o jefe del hogar,2022,Hombres,Con discapacidad,México,18-29,Bañarse o vestirse,0.0,5407.0,4.0,ENIGH (INEGI),Personas de 18 años o más,enigh
hogar,Es jefa o jefe del hogar,2022,Hombres,Con discapacidad,México,18-29,Caminar,0.0,11641.0,8.0,ENIGH (INEGI),Personas de 18 años o más,enigh
hogar,Es jefa o jefe del hogar,2022,Hombres,Con discapacidad,México,18-29,Hablar o comunicarse,0.0,7611.0,5.0,ENIGH (INEGI),Personas de 18 años o más,enigh
hogar,Es jefa o jefe del hogar,2022,Hombres,Con discapacidad,México,18-29,Mental,0.0,13168.0,9.0,ENIGH (INEGI),Personas de 18 años o más,enigh
hogar,Es jefa o jefe del hogar,2022,Hombres,Con discapacidad,México,18-29,Oír,0.0,3178.0,3.0,ENIGH (INEGI),Personas de 18 años o más,enigh
hogar,Es jefa o jefe del hogar,2022,Hombres,Con discapacidad,México,18-29,Recordar o concentrarse,0.0,9078.0,6.0,ENIGH (INEGI),Personas de 18 años o más,enigh
hogar,Es jefa o jefe del hogar,2022,Hombres,Con discapacidad,México,18-29,Ver,519.0,15380.0,11.0,ENIGH (INEGI),Personas de 18 años o más,enigh
hogar,Es jefa o jefe del hogar,2022,Hombres,Con discapacidad,México,30-44,Bañarse o vestirse,0.0,3439.0,6.0,ENIGH (INEGI),Personas de 18 años o más,enigh
hogar,Es jefa o jefe del hogar,2022,Hombres,Con discapacidad,México,30-44,Brazos o manos,5702.0,9694.0,9.0,ENIGH (INEGI),Personas de 18 años o más,enigh
hogar,Es jefa o jefe del hogar,2022,Hombres,Con discapacidad,México,30-44,Caminar,18150.0,27010.0,23.0,ENIGH (INEGI),Personas de 18 años o más,enigh
hogar,Es jefa o jefe del hogar,2022,Hombres,Con discapacidad,México,30-44,Hablar o comunicarse,0.0,8597.0,11.0,ENIGH (INEGI),Personas de 18 años o más,enigh
hogar,Es jefa o jefe del hogar,2022,Hombres,Con discapacidad,México,30-44,Mental,0.0,10342.0,11.0,ENIGH (INEGI),Personas de 18 años o más,enigh
hogar,Es jefa o jefe del hogar,2022,Hombres,Con discapacidad,México,30-44,Oír,7369.0,11419.0,7.0,ENIGH (INEGI),Personas de 18 años o más,enigh
hogar,Es jefa o jefe del hogar,2022,Hombres,Con discapacidad,México,30-44,Recordar o concentrarse,429.0,6369.0,10.0,ENIGH (INEGI),Personas de 18 años o más,enigh
hogar,Es jefa o jefe del hogar,2022,Hombres,Con discapacidad,México,30-44,Ver,2994.0,9758.0,10.0,ENIGH (INEGI),Personas de 18 años o más,enigh
hogar,Es jefa o jefe del hogar,2022,Hombres,Con discapacidad,México,45-59,Bañarse o vestirse,0.0,5617.0,2.0,ENIGH (INEGI),Personas de 18 años o más,enigh
hogar,Es jefa o jefe del hogar,2022,Hombres,Con discapacidad,México,45-59,Brazos o manos,2727.0,10997.0,7.0,ENIGH (INEGI),Personas de 18 años o más,enigh
hogar,Es jefa o jefe del hogar,2022,Hombres,Con discapacidad,México,45-59,Caminar,23676.0,41984.0,31.0,ENIGH (INEGI),Personas de 18 años o más,enigh
hogar,Es jefa o jefe del hogar,2022,Hombres,Con discapacidad,México,45-59,Hablar o comunicarse,0.0,10941.0,7.0,ENIGH (INEGI),Personas de 18 años o más,enigh
hogar,Es jefa o jefe del hogar,2022,Hombres,Con discapacidad,México,45-59,Mental,2475.0,14172.0,8.0,ENIGH (INEGI),Personas de 18 años o más,enigh
hogar,Es jefa o jefe del hogar,2022,Hombres,Con discapacidad,México,45-59,Oír,8374.0,12865.0,9.0,ENIGH (INEGI),Personas de 18 años o más,enigh
hogar,Es jefa o jefe del hogar,2022,Hombres,Con discapacidad,México,45-59,Recordar o concentrarse,5354.0,13446.0,8.0,ENIGH (INEGI),Personas de 18 años o más,enigh
hogar,Es jefa o jefe del hogar,2022,Hombres,Con discapacidad,México,45-59,Ver,26220.0,39428.0,25.0,ENIGH (INEGI),Personas de 18 años o más,enigh
hogar,Es jefa o jefe del hogar,2022,Hombres,Con discapacidad,México,60+,Bañarse o vestirse,24826.0,33426.0,27.0,ENIGH (INEGI),Personas de 18 años o más,enigh
hogar,Es jefa o jefe del hogar,2022,Hombres,Con discapacidad,México,60+,Brazos o manos,29500.0,37433.0,30.0,ENIGH (INEGI),Personas de 18 años o más,enigh
hogar,Es jefa o jefe del hogar,2022,Hombres,Con discapacidad,México,60+,Caminar,116785.0,144362.0,95.0,ENIGH (INEGI),Personas de 18 años o más,enigh
hogar,Es jefa o jefe del hogar,2022,Hombres,Con discapacidad,México,60+,Hablar o comunicarse,8111.0,13228.0,8.0,ENIGH (INEGI),Personas de 18 años o más,enigh
hogar,Es jefa o jefe del hogar,2022,Hombres,Con discapacidad,México,60+,Mental,10547.0,15654.0,12.0,ENIGH (INEGI),Personas de 18 años o más,enigh
hogar,Es jefa o jefe del hogar,2022,Hombres,Con discapacidad,México,60+,Oír,48530.0,59146.0,47.0,ENIGH (INEGI),Personas de 18 años o más,enigh
hogar,Es jefa o jefe del hogar,2022,Hombres,Con discapacidad,México,60+,Recordar o concentrarse,30739.0,39601.0,25.0,ENIGH (INEGI),Personas de 18 años o más,enigh
hogar,Es jefa o jefe del hogar,2022,Hombres,Con discapacidad,México,60+,Ver,71164.0,80835.0,63.0,ENIGH (INEGI),Personas de 18 años o más,enigh
hogar,Es jefa o jefe del hogar,2022,Hombres,Con discapacidad,Nayarit,18-29,Bañarse o vestirse,0.0,336.0,2.0,ENIGH (INEGI),Personas de 18 años o más,enigh
hogar,Es jefa o jefe del hogar,2022,Hombres,Con discapacidad,Nayarit,18-29,Brazos o manos,0.0,336.0,2.0,ENIGH (INEGI),Personas de 18 años o más,enigh
hogar,Es jefa o jefe del hogar,2022,Hombres,Con discapacidad,Nayarit,18-29,Caminar,188.0,1244.0,7.0,ENIGH (INEGI),Personas de 18 años o más,enigh
hogar,Es jefa o jefe del hogar,2022,Hombres,Con discapacidad,Nayarit,18-29,Hablar o comunicarse,0.0,173.0,1.0,ENIGH (INEGI),Personas de 18 años o más,enigh
hogar,Es jefa o jefe del hogar,2022,Hombres,Con discapacidad,Nayarit,18-29,Mental,0.0,860.0,5.0,ENIGH (INEGI),Personas de 18 años o más,enigh
hogar,Es jefa o jefe del hogar,2022,Hombres,Con discapacidad,Nayarit,18-29,Oír,0.0,171.0,1.0,ENIGH (INEGI),Personas de 18 años o más,enigh
hogar,Es jefa o jefe del hogar,2022,Hombres,Con discapacidad,Nayarit,18-29,Recordar o concentrarse,0.0,217.0,1.0,ENIGH (INEGI),Personas de 18 años o más,enigh
hogar,Es jefa o jefe del hogar,2022,Hombres,Con discapacidad,Nayarit,18-29,Ver,245.0,610.0,3.0,ENIGH (INEGI),Personas de 18 años o más,enigh
hogar,Es jefa o jefe del hogar,2022,Hombres,Con discapacidad,Nayarit,30-44,Bañarse o vestirse,201.0,1321.0,7.0,ENIGH (INEGI),Personas de 18 años o más,enigh
hogar,Es jefa o jefe del hogar,2022,Hombres,Con discapacidad,Nayarit,30-44,Brazos o manos,473.0,856.0,5.0,ENIGH (INEGI),Personas de 18 años o más,enigh
hogar,Es jefa o jefe del hogar,2022,Hombres,Con discapacidad,Nayarit,30-44,Caminar,638.0,2146.0,12.0,ENIGH (INEGI),Personas de 18 años o más,enigh
hogar,Es jefa o jefe del hogar,2022,Hombres,Con discapacidad,Nayarit,30-44,Hablar o comunicarse,0.0,1529.0,8.0,ENIGH (INEGI),Personas de 18 años o más,enigh
hogar,Es jefa o jefe del hogar,2022,Hombres,Con discapacidad,Nayarit,30-44,Mental,180.0,1532.0,8.0,ENIGH (INEGI),Personas de 18 años o más,enigh
hogar,Es jefa o jefe del hogar,2022,Hombres,Con discapacidad,Nayarit,30-44,Oír,447.0,835.0,5.0,ENIGH (INEGI),Personas de 18 años o más,enigh
hogar,Es jefa o jefe del hogar,2022,Hombres,Con discapacidad,Nayarit,30-44,Recordar o concentrarse,347.0,1691.0,9.0,ENIGH (INEGI),Personas de 18 años o más,enigh
hogar,Es jefa o jefe del hogar,2022,Hombres,Con discapacidad,Nayarit,30-44,Ver,859.0,1260.0,7.0,ENIGH (INEGI),Personas de 18 años o más,enigh
hogar,Es jefa o jefe del hogar,2022,Hombres,Con discapacidad,Nayarit,45-59,Bañarse o vestirse,391.0,1129.0,6.0,ENIGH (INEGI),Personas de 18 años o más,enigh
hogar,Es jefa o jefe del hogar,2022,Hombres,Con discapacidad,Nayarit,45-59,Brazos o manos,826.0,1361.0,8.0,ENIGH (INEGI),Personas de 18 años o más,enigh
hogar,Es jefa o jefe del hogar,2022,Hombres,Con discapacidad,Nayarit,45-59,Caminar,2708.0,4322.0,24.0,ENIGH (INEGI),Personas de 18 años o más,enigh
hogar,Es jefa o jefe del hogar,2022,Hombres,Con discapacidad,Nayarit,45-59,Hablar o comunicarse,356.0,1403.0,8.0,ENIGH (INEGI),Personas de 18 años o más,enigh
hogar,Es jefa o jefe del hogar,2022,Hombres,Con discapacidad,Nayarit,45-59,Mental,377.0,1912.0,11.0,ENIGH (INEGI),Personas de 18 años o más,enigh
hogar,Es jefa o jefe del hogar,2022,Hombres,Con discapacidad,Nayarit,45-59,Oír,702.0,1216.0,7.0,ENIGH (INEGI),Personas de 18 años o más,enigh
hogar,Es jefa o jefe del hogar,2022,Hombres,Con discapacidad,Nayarit,45-59,Recordar o concentrarse,0.0,874.0,5.0,ENIGH (INEGI),Personas de 18 años o más,enigh
hogar,Es jefa o jefe del hogar,2022,Hombres,Con discapacidad,Nayarit,45-59,Ver,2419.0,3567.0,20.0,ENIGH (INEGI),Personas de 18 años o más,enigh
hogar,Es jefa o jefe del hogar,2022,Hombres,Con discapacidad,Nayarit,60+,Bañarse o vestirse,1786.0,2487.0,14.0,ENIGH (INEGI),Personas de 18 años o más,enigh
hogar,Es jefa o jefe del hogar,2022,Hombres,Con discapacidad,Nayarit,60+,Brazos o manos,2861.0,4070.0,22.0,ENIGH (INEGI),Personas de 18 años o más,enigh
hogar,Es jefa o jefe del hogar,2022,Hombres,Con discapacidad,Nayarit,60+,Caminar,9602.0,12080.0,68.0,ENIGH (INEGI),Personas de 18 años o más,enigh
hogar,Es jefa o jefe del hogar,2022,Hombres,Con discapacidad,Nayarit,60+,Hablar o comunicarse,732.0,907.0,5.0,ENIGH (INEGI),Personas de 18 años o más,enigh
hogar,Es jefa o jefe del hogar,2022,Hombres,Con discapacidad,Nayarit,60+,Mental,740.0,1698.0,10.0,ENIGH (INEGI),Personas de 18 años o más,enigh
hogar,Es jefa o jefe del hogar,2022,Hombres,Con discapacidad,Nayarit,60+,Oír,5744.0,6291.0,34.0,ENIGH (INEGI),Personas de 18 años o más,enigh
hogar,Es jefa o jefe del hogar,2022,Hombres,Con discapacidad,Nayarit,60+,Recordar o concentrarse,1758.0,2184.0,13.0,ENIGH (INEGI),Personas de 18 años o más,enigh
hogar,Es jefa o jefe del hogar,2022,Hombres,Con discapacidad,Nayarit,60+,Ver,5398.0,6801.0,38.0,ENIGH (INEGI),Personas de 18 años o más,enigh
hogar,Es jefa o jefe del hogar,2022,Hombres,Con discapacidad,Nuevo León,18-29,Bañarse o vestirse,0.0,2566.0,5.0,ENIGH (INEGI),Personas de 18 años o más,enigh
hogar,Es jefa o jefe del hogar,2022,Hombres,Con discapacidad,Nuevo León,18-29,Brazos o manos,0.0,2274.0,4.0,ENIGH (INEGI),Personas de 18 años o más,enigh
hogar,Es jefa o jefe del hogar,2022,Hombres,Con discapacidad,Nuevo León,18-29,Caminar,65.0,4332.0,6.0,ENIGH (INEGI),Personas de 18 años o más,enigh
hogar,Es jefa o jefe del hogar,2022,Hombres,Con discapacidad,Nuevo León,18-29,Hablar o comunicarse,130.0,2361.0,6.0,ENIGH (INEGI),Personas de 18 años o más,enigh
hogar,Es jefa o jefe del hogar,2022,Hombres,Con discapacidad,Nuevo León,18-29,Mental,0.0,2896.0,7.0,ENIGH (INEGI),Personas de 18 años o más,enigh
hogar,Es jefa o jefe del hogar,2022,Hombres,Con discapacidad,Nuevo León,18-29,Oír,130.0,2321.0,4.0,ENIGH (INEGI),Personas de 18 años o más,enigh
hogar,Es jefa o jefe del hogar,2022,Hombres,Con discapacidad,Nuevo León,18-29,Recordar o concentrarse,0.0,3710.0,8.0,ENIGH (INEGI),Personas de 18 años o más,enigh
hogar,Es jefa o jefe del hogar,2022,Hombres,Con discapacidad,Nuevo León,18-29,Ver,0.0,4870.0,7.0,ENIGH (INEGI),Personas de 18 años o más,enigh
hogar,Es jefa o jefe del hogar,2022,Hombres,Con discapacidad,Nuevo León,30-44,Bañarse o vestirse,0.0,1473.0,2.0,ENIGH (INEGI),Personas de 18 años o más,enigh
hogar,Es jefa o jefe del hogar,2022,Hombres,Con discapacidad,Nuevo León,30-44,Brazos o manos,0.0,59.0,1.0,ENIGH (INEGI),Personas de 18 años o más,enigh
hogar,Es jefa o jefe del hogar,2022,Hombres,Con discapacidad,Nuevo León,30-44,Caminar,4175.0,6637.0,12.0,ENIGH (INEGI),Personas de 18 años o más,enigh
hogar,Es jefa o jefe del hogar,2022,Hombres,Con discapacidad,Nuevo León,30-44,Hablar o comunicarse,0.0,2816.0,7.0,ENIGH (INEGI),Personas de 18 años o más,enigh
hogar,Es jefa o jefe del hogar,2022,Hombres,Con discapacidad,Nuevo León,30-44,Mental,0.0,4893.0,9.0,ENIGH (INEGI),Personas de 18 años o más,enigh
hogar,Es jefa o jefe del hogar,2022,Hombres,Con discapacidad,Nuevo León,30-44,Oír,0.0,691.0,1.0,ENIGH (INEGI),Personas de 18 años o más,enigh
hogar,Es jefa o jefe del hogar,2022,Hombres,Con discapacidad,Nuevo León,30-44,Recordar o concentrarse,0.0,2926.0,7.0,ENIGH (INEGI),Personas de 18 años o más,enigh
hogar,Es jefa o jefe del hogar,2022,Hombres,Con discapacidad,Nuevo León,30-44,Ver,107.0,1367.0,5.0,ENIGH (INEGI),Personas de 18 años o más,enigh
hogar,Es jefa o jefe del hogar,2022,Hombres,Con discapacidad,Nuevo León,45-59,Bañarse o vestirse,247.0,3366.0,8.0,ENIGH (INEGI),Personas de 18 años o más,enigh
hogar,Es jefa o jefe del hogar,2022,Hombres,Con discapacidad,Nuevo León,45-59,Brazos o manos,2325.0,4420.0,13.0,ENIGH (INEGI),Personas de 18 años o más,enigh
hogar,Es jefa o jefe del hogar,2022,Hombres,Con discapacidad,Nuevo León,45-59,Caminar,13841.0,18445.0,41.0,ENIGH (INEGI),Personas de 18 años o más,enigh
hogar,Es jefa o jefe del hogar,2022,Hombres,Con discapacidad,Nuevo León,45-59,Hablar o comunicarse,73.0,3809.0,6.0,ENIGH (INEGI),Personas de 18 años o más,enigh
hogar,Es jefa o jefe del hogar,2022,Hombres,Con discapacidad,Nuevo León,45-59,Mental,715.0,3540.0,7.0,ENIGH (INEGI),Personas de 18 años o más,enigh
hogar,Es jefa o jefe del hogar,2022,Hombres,Con discapacidad,Nuevo León,45-59,Oír,1406.0,3390.0,15.0,ENIGH (INEGI),Personas de 18 años o más,enigh
hogar,Es jefa o jefe del hogar,2022,Hombres,Con discapacidad,Nuevo León,45-59,Recordar o concentrarse,255.0,3384.0,8.0,ENIGH (INEGI),Personas de 18 años o más,enigh
hogar,Es jefa o jefe del hogar,2022,Hombres,Con discapacidad,Nuevo León,45-59,Ver,8348.0,10412.0,30.0,ENIGH (INEGI),Personas de 18 años o más,enigh
hogar,Es jefa o jefe del hogar,2022,Hombres,Con discapacidad,Nuevo León,60+,Bañarse o vestirse,8550.0,12224.0,26.0,ENIGH (INEGI),Personas de 18 años o más,enigh
hogar,Es jefa o jefe del hogar,2022,Hombres,Con discapacidad,Nuevo León,60+,Brazos o manos,13721.0,18985.0,44.0,ENIGH (INEGI),Personas de 18 años o más,enigh
hogar,Es jefa o jefe del hogar,2022,Hombres,Con discapacidad,Nuevo León,60+,Caminar,46874.0,55003.0,130.0,ENIGH (INEGI),Personas de 18 años o más,enigh
hogar,Es jefa o jefe del hogar,2022,Hombres,Con discapacidad,Nuevo León,60+,Hablar o comunicarse,3555.0,4966.0,17.0,ENIGH (INEGI),Personas de 18 años o más,enigh
hogar,Es jefa o jefe del hogar,2022,Hombres,Con discapacidad,Nuevo León,60+,Mental,2249.0,4546.0,19.0,ENIGH (INEGI),Personas de 18 años o más,enigh
hogar,Es jefa o jefe del hogar,2022,Hombres,Con discapacidad,Nuevo León,60+,Oír,23980.0,30229.0,67.0,ENIGH (INEGI),Personas de 18 años o más,enigh
hogar,Es jefa o jefe del hogar,2022,Hombres,Con discapacidad,Nuevo León,60+,Recordar o concentrarse,10043.0,13710.0,39.0,ENIGH (INEGI),Personas de 18 años o más,enigh
hogar,Es jefa o jefe del hogar,2022,Hombres,Con discapacidad,Nuevo León,60+,Ver,21567.0,27149.0,78.0,ENIGH (INEGI),Personas de 18 años o más,enigh
hogar,Es jefa o jefe del hogar,2022,Hombres,Con discapacidad,Oaxaca,18-29,Bañarse o vestirse,0.0,333.0,1.0,ENIGH (INEGI),Personas de 18 años o más,enigh
hogar,Es jefa o jefe del hogar,2022,Hombres,Con discapacidad,Oaxaca,18-29,Brazos o manos,0.0,731.0,2.0,ENIGH (INEGI),Personas de 18 años o más,enigh
hogar,Es jefa o jefe del hogar,2022,Hombres,Con discapacidad,Oaxaca,18-29,Caminar,929.0,1958.0,5.0,ENIGH (INEGI),Personas de 18 años o más,enigh
hogar,Es jefa o jefe del hogar,2022,Hombres,Con discapacidad,Oaxaca,18-29,Hablar o comunicarse,0.0,4001.0,8.0,ENIGH (INEGI),Personas de 18 años o más,enigh
hogar,Es jefa o jefe del hogar,2022,Hombres,Con discapacidad,Oaxaca,18-29,Mental,0.0,1511.0,3.0,ENIGH (INEGI),Personas de 18 años o más,enigh
hogar,Es jefa o jefe del hogar,2022,Hombres,Con discapacidad,Oaxaca,18-29,Oír,0.0,1381.0,3.0,ENIGH (INEGI),Personas de 18 años o más,enigh
hogar,Es jefa o jefe del hogar,2022,Hombres,Con discapacidad,Oaxaca,18-29,Recordar o concentrarse,436.0,1947.0,4.0,ENIGH (INEGI),Personas de 18 años o más,enigh
hogar,Es jefa o jefe del hogar,2022,Hombres,Con discapacidad,Oaxaca,18-29,Ver,0.0,3702.0,8.0,ENIGH (INEGI),Personas de 18 años o más,enigh
hogar,Es jefa o jefe del hogar,2022,Hombres,Con discapacidad,Oaxaca,30-44,Bañarse o vestirse,0.0,757.0,2.0,ENIGH (INEGI),Personas de 18 años o más,enigh
hogar,Es jefa o jefe del hogar,2022,Hombres,Con discapacidad,Oaxaca,30-44,Brazos o manos,2067.0,2338.0,6.0,ENIGH (INEGI),Personas de 18 años o más,enigh
hogar,Es jefa o jefe del hogar,2022,Hombres,Con discapacidad,Oaxaca,30-44,Caminar,2087.0,4068.0,9.0,ENIGH (INEGI),Personas de 18 años o más,enigh
hogar,Es jefa o jefe del hogar,2022,Hombres,Con discapacidad,Oaxaca,30-44,Hablar o comunicarse,457.0,2747.0,7.0,ENIGH (INEGI),Personas de 18 años o más,enigh
hogar,Es jefa o jefe del hogar,2022,Hombres,Con discapacidad,Oaxaca,30-44,Mental,0.0,3123.0,8.0,ENIGH (INEGI),Personas de 18 años o más,enigh
hogar,Es jefa o jefe del hogar,2022,Hombres,Con discapacidad,Oaxaca,30-44,Oír,1334.0,1334.0,3.0,ENIGH (INEGI),Personas de 18 años o más,enigh
hogar,Es jefa o jefe del hogar,2022,Hombres,Con discapacidad,Oaxaca,30-44,Recordar o concentrarse,738.0,3243.0,8.0,ENIGH (INEGI),Personas de 18 años o más,enigh
hogar,Es jefa o jefe del hogar,2022,Hombres,Con discapacidad,Oaxaca,30-44,Ver,3628.0,6662.0,14.0,ENIGH (INEGI),Personas de 18 años o más,enigh
hogar,Es jefa o jefe del hogar,2022,Hombres,Con discapacidad,Oaxaca,45-59,Bañarse o vestirse,1679.0,2545.0,7.0,ENIGH (INEGI),Personas de 18 años o más,enigh
hogar,Es jefa o jefe del hogar,2022,Hombres,Con discapacidad,Oaxaca,45-59,Brazos o manos,3652.0,5494.0,13.0,ENIGH (INEGI),Personas de 18 años o más,enigh
hogar,Es jefa o jefe del hogar,2022,Hombres,Con discapacidad,Oaxaca,45-59,Caminar,9610.0,13221.0,31.0,ENIGH (INEGI),Personas de 18 años o más,enigh
hogar,Es jefa o jefe del hogar,2022,Hombres,Con discapacidad,Oaxaca,45-59,Hablar o comunicarse,241.0,2505.0,7.0,ENIGH (INEGI),Personas de 18 años o más,enigh
hogar,Es jefa o jefe del hogar,2022,Hombres,Con discapacidad,Oaxaca,45-59,Mental,0.0,1744.0,5.0,ENIGH (INEGI),Personas de 18 años o más,enigh
hogar,Es jefa o jefe del hogar,2022,Hombres,Con discapacidad,Oaxaca,45-59,Oír,2732.0,5217.0,13.0,ENIGH (INEGI),Personas de 18 años o más,enigh
hogar,Es jefa o jefe del hogar,2022,Hombres,Con discapacidad,Oaxaca,45-59,Recordar o concentrarse,0.0,1981.0,5.0,ENIGH (INEGI),Personas de 18 años o más,enigh
hogar,Es jefa o jefe del hogar,2022,Hombres,Con discapacidad,Oaxaca,45-59,Ver,10793.0,13784.0,30.0,ENIGH (INEGI),Personas de 18 años o más,enigh
hogar,Es jefa o jefe del hogar,2022,Hombres,Con discapacidad,Oaxaca,60+,Bañarse o vestirse,5281.0,7967.0,17.0,ENIGH (INEGI),Personas de 18 años o más,enigh
hogar,Es jefa o jefe del hogar,2022,Hombres,Con discapacidad,Oaxaca,60+,Brazos o manos,15537.0,20350.0,43.0,ENIGH (INEGI),Personas de 18 años o más,enigh
hogar,Es jefa o jefe del hogar,2022,Hombres,Con discapacidad,Oaxaca,60+,Caminar,42806.0,51840.0,117.0,ENIGH (INEGI),Personas de 18 años o más,enigh
hogar,Es jefa o jefe del hogar,2022,Hombres,Con discapacidad,Oaxaca,60+,Hablar o comunicarse,2944.0,5714.0,13.0,ENIGH (INEGI),Personas de 18 años o más,enigh
hogar,Es jefa o jefe del hogar,2022,Hombres,Con discapacidad,Oaxaca,60+,Mental,4128.0,6922.0,15.0,ENIGH (INEGI),Personas de 18 años o más,enigh
hogar,Es jefa o jefe del hogar,2022,Hombres,Con discapacidad,Oaxaca,60+,Oír,20031.0,30186.0,69.0,ENIGH (INEGI),Personas de 18 años o más,enigh
hogar,Es jefa o jefe del hogar,2022,Hombres,Con discapacidad,Oaxaca,60+,Recordar o concentrarse,11964.0,14721.0,33.0,ENIGH (INEGI),Personas de 18 años o más,enigh
hogar,Es jefa o jefe del hogar,2022,Hombres,Con discapacidad,Oaxaca,60+,Ver,33141.0,37875.0,83.0,ENIGH (INEGI),Personas de 18 años o más,enigh
hogar,Es jefa o jefe del hogar,2022,Hombres,Con discapacidad,Puebla,18-29,Bañarse o vestirse,0.0,1515.0,2.0,ENIGH (INEGI),Personas de 18 años o más,enigh
hogar,Es jefa o jefe del hogar,2022,Hombres,Con discapacidad,Puebla,18-29,Brazos o manos,0.0,2251.0,3.0,ENIGH (INEGI),Personas de 18 años o más,enigh
hogar,Es jefa o jefe del hogar,2022,Hombres,Con discapacidad,Puebla,18-29,Caminar,1739.0,3889.0,5.0,ENIGH (INEGI),Personas de 18 años o más,enigh
hogar,Es jefa o jefe del hogar,2022,Hombres,Con discapacidad,Puebla,18-29,Hablar o comunicarse,0.0,3191.0,4.0,ENIGH (INEGI),Personas de 18 años o más,enigh
hogar,Es jefa o jefe del hogar,2022,Hombres,Con discapacidad,Puebla,18-29,Mental,0.0,4002.0,5.0,ENIGH (INEGI),Personas de 18 años o más,enigh
hogar,Es jefa o jefe del hogar,2022,Hombres,Con discapacidad,Puebla,18-29,Recordar o concentrarse,0.0,4809.0,6.0,ENIGH (INEGI),Personas de 18 años o más,enigh
hogar,Es jefa o jefe del hogar,2022,Hombres,Con discapacidad,Puebla,18-29,Ver,1462.0,8118.0,10.0,ENIGH (INEGI),Personas de 18 años o más,enigh
hogar,Es jefa o jefe del hogar,2022,Hombres,Con discapacidad,Puebla,30-44,Bañarse o vestirse,0.0,2575.0,4.0,ENIGH (INEGI),Personas de 18 años o más,enigh
hogar,Es jefa o jefe del hogar,2022,Hombres,Con discapacidad,Puebla,30-44,Brazos o manos,1726.0,5220.0,7.0,ENIGH (INEGI),Personas de 18 años o más,enigh
hogar,Es jefa o jefe del hogar,2022,Hombres,Con discapacidad,Puebla,30-44,Caminar,3561.0,8668.0,11.0,ENIGH (INEGI),Personas de 18 años o más,enigh
hogar,Es jefa o jefe del hogar,2022,Hombres,Con discapacidad,Puebla,30-44,Hablar o comunicarse,701.0,2657.0,4.0,ENIGH (INEGI),Personas de 18 años o más,enigh
hogar,Es jefa o jefe del hogar,2022,Hombres,Con discapacidad,Puebla,30-44,Mental,0.0,2627.0,4.0,ENIGH (INEGI),Personas de 18 años o más,enigh
hogar,Es jefa o jefe del hogar,2022,Hombres,Con discapacidad,Puebla,30-44,Oír,3617.0,4118.0,6.0,ENIGH (INEGI),Personas de 18 años o más,enigh
hogar,Es jefa o jefe del hogar,2022,Hombres,Con discapacidad,Puebla,30-44,Recordar o concentrarse,0.0,3907.0,6.0,ENIGH (INEGI),Personas de 18 años o más,enigh
hogar,Es jefa o jefe del hogar,2022,Hombres,Con discapacidad,Puebla,30-44,Ver,3870.0,6609.0,8.0,ENIGH (INEGI),Personas de 18 años o más,enigh
hogar,Es jefa o jefe del hogar,2022,Hombres,Con discapacidad,Puebla,45-59,Bañarse o vestirse,2536.0,4119.0,5.0,ENIGH (INEGI),Personas de 18 años o más,enigh
hogar,Es jefa o jefe del hogar,2022,Hombres,Con discapacidad,Puebla,45-59,Brazos o manos,6493.0,7530.0,8.0,ENIGH (INEGI),Personas de 18 años o más,enigh
hogar,Es jefa o jefe del hogar,2022,Hombres,Con discapacidad,Puebla,45-59,Caminar,13169.0,14756.0,19.0,ENIGH (INEGI),Personas de 18 años o más,enigh
hogar,Es jefa o jefe del hogar,2022,Hombres,Con discapacidad,Puebla,45-59,Hablar o comunicarse,2678.0,6633.0,9.0,ENIGH (INEGI),Personas de 18 años o más,enigh
hogar,Es jefa o jefe del hogar,2022,Hombres,Con discapacidad,Puebla,45-59,Mental,0.0,3767.0,5.0,ENIGH (INEGI),Personas de 18 años o más,enigh
hogar,Es jefa o jefe del hogar,2022,Hombres,Con discapacidad,Puebla,45-59,Oír,4140.0,6901.0,10.0,ENIGH (INEGI),Personas de 18 años o más,enigh
hogar,Es jefa o jefe del hogar,2022,Hombres,Con discapacidad,Puebla,45-59,Recordar o concentrarse,2805.0,5200.0,6.0,ENIGH (INEGI),Personas de 18 años o más,enigh
hogar,Es jefa o jefe del hogar,2022,Hombres,Con discapacidad,Puebla,45-59,Ver,13561.0,15080.0,19.0,ENIGH (INEGI),Personas de 18 años o más,enigh
hogar,Es jefa o jefe del hogar,2022,Hombres,Con discapacidad,Puebla,60+,Bañarse o vestirse,10084.0,15582.0,21.0,ENIGH (INEGI),Personas de 18 años o más,enigh
hogar,Es jefa o jefe del hogar,2022,Hombres,Con discapacidad,Puebla,60+,Brazos o manos,10119.0,14943.0,21.0,ENIGH (INEGI),Personas de 18 años o más,enigh
hogar,Es jefa o jefe del hogar,2022,Hombres,Con discapacidad,Puebla,60+,Caminar,43397.0,57094.0,75.0,ENIGH (INEGI),Personas de 18 años o más,enigh
hogar,Es jefa o jefe del hogar,2022,Hombres,Con discapacidad,Puebla,60+,Hablar o comunicarse,4546.0,8193.0,10.0,ENIGH (INEGI),Personas de 18 años o más,enigh
hogar,Es jefa o jefe del hogar,2022,Hombres,Con discapacidad,Puebla,60+,Mental,5168.0,7139.0,10.0,ENIGH (INEGI),Personas de 18 años o más,enigh
hogar,Es jefa o jefe del hogar,2022,Hombres,Con discapacidad,Puebla,60+,Oír,24409.0,34630.0,46.0,ENIGH (INEGI),Personas de 18 años o más,enigh
hogar,Es jefa o jefe del hogar,2022,Hombres,Con discapacidad,Puebla,60+,Recordar o concentrarse,13267.0,20508.0,27.0,ENIGH (INEGI),Personas de 18 años o más,enigh
hogar,Es jefa o jefe del hogar,2022,Hombres,Con discapacidad,Puebla,60+,Ver,27387.0,33043.0,43.0,ENIGH (INEGI),Personas de 18 años o más,enigh
hogar,Es jefa o jefe del hogar,2022,Hombres,Con discapacidad,Querétaro,18-29,Bañarse o vestirse,0.0,1129.0,5.0,ENIGH (INEGI),Personas de 18 años o más,enigh
hogar,Es jefa o jefe del hogar,2022,Hombres,Con discapacidad,Querétaro,18-29,Brazos o manos,0.0,2274.0,10.0,ENIGH (INEGI),Personas de 18 años o más,enigh
hogar,Es jefa o jefe del hogar,2022,Hombres,Con discapacidad,Querétaro,18-29,Caminar,455.0,2387.0,12.0,ENIGH (INEGI),Personas de 18 años o más,enigh
hogar,Es jefa o jefe del hogar,2022,Hombres,Con discapacidad,Querétaro,18-29,Hablar o comunicarse,0.0,962.0,5.0,ENIGH (INEGI),Personas de 18 años o más,enigh
hogar,Es jefa o jefe del hogar,2022,Hombres,Con discapacidad,Querétaro,18-29,Mental,0.0,1110.0,5.0,ENIGH (INEGI),Personas de 18 años o más,enigh
hogar,Es jefa o jefe del hogar,2022,Hombres,Con discapacidad,Querétaro,18-29,Oír,0.0,813.0,3.0,ENIGH (INEGI),Personas de 18 años o más,enigh
hogar,Es jefa o jefe del hogar,2022,Hombres,Con discapacidad,Querétaro,18-29,Recordar o concentrarse,209.0,1842.0,11.0,ENIGH (INEGI),Personas de 18 años o más,enigh
hogar,Es jefa o jefe del hogar,2022,Hombres,Con discapacidad,Querétaro,18-29,Ver,249.0,1932.0,10.0,ENIGH (INEGI),Personas de 18 años o más,enigh
hogar,Es jefa o jefe del hogar,2022,Hombres,Con discapacidad,Querétaro,30-44,Bañarse o vestirse,296.0,1286.0,7.0,ENIGH (INEGI),Personas de 18 años o más,enigh
hogar,Es jefa o jefe del hogar,2022,Hombres,Con discapacidad,Querétaro,30-44,Brazos o manos,313.0,1417.0,10.0,ENIGH (INEGI),Personas de 18 años o más,enigh
hogar,Es jefa o jefe del hogar,2022,Hombres,Con discapacidad,Querétaro,30-44,Caminar,1945.0,3627.0,19.0,ENIGH (INEGI),Personas de 18 años o más,enigh
hogar,Es jefa o jefe del hogar,2022,Hombres,Con discapacidad,Querétaro,30-44,Hablar o comunicarse,248.0,1133.0,7.0,ENIGH (INEGI),Personas de 18 años o más,enigh
hogar,Es jefa o jefe del hogar,2022,Hombres,Con discapacidad,Querétaro,30-44,Mental,0.0,1551.0,11.0,ENIGH (INEGI),Personas de 18 años o más,enigh
hogar,Es jefa o jefe del hogar,2022,Hombres,Con discapacidad,Querétaro,30-44,Oír,308.0,586.0,6.0,ENIGH (INEGI),Personas de 18 años o más,enigh
hogar,Es jefa o jefe del hogar,2022,Hombres,Con discapacidad,Querétaro,30-44,Recordar o concentrarse,556.0,1917.0,12.0,ENIGH (INEGI),Personas de 18 años o más,enigh
hogar,Es jefa o jefe del hogar,2022,Hombres,Con discapacidad,Querétaro,30-44,Ver,1184.0,2491.0,12.0,ENIGH (INEGI),Personas de 18 años o más,enigh
hogar,Es jefa o jefe del hogar,2022,Hombres,Con discapacidad,Querétaro,45-59,Bañarse o vestirse,403.0,829.0,7.0,ENIGH (INEGI),Personas de 18 años o más,enigh
hogar,Es jefa o jefe del hogar,2022,Hombres,Con discapacidad,Querétaro,45-59,Brazos o manos,1595.0,2124.0,16.0,ENIGH (INEGI),Personas de 18 años o más,enigh
hogar,Es jefa o jefe del hogar,2022,Hombres,Con discapacidad,Querétaro,45-59,Caminar,5553.0,6177.0,40.0,ENIGH (INEGI),Personas de 18 años o más,enigh
hogar,Es jefa o jefe del hogar,2022,Hombres,Con discapacidad,Querétaro,45-59,Hablar o comunicarse,248.0,1211.0,9.0,ENIGH (INEGI),Personas de 18 años o más,enigh
hogar,Es jefa o jefe del hogar,2022,Hombres,Con discapacidad,Querétaro,45-59,Mental,614.0,1407.0,9.0,ENIGH (INEGI),Personas de 18 años o más,enigh
hogar,Es jefa o jefe del hogar,2022,Hombres,Con discapacidad,Querétaro,45-59,Oír,944.0,1177.0,8.0,ENIGH (INEGI),Personas de 18 años o más,enigh
hogar,Es jefa o jefe del hogar,2022,Hombres,Con discapacidad,Querétaro,45-59,Recordar o concentrarse,865.0,1598.0,11.0,ENIGH (INEGI),Personas de 18 años o más,enigh
hogar,Es jefa o jefe del hogar,2022,Hombres,Con discapacidad,Querétaro,45-59,Ver,4001.0,4775.0,27.0,ENIGH (INEGI),Personas de 18 años o más,enigh
hogar,Es jefa o jefe del hogar,2022,Hombres,Con discapacidad,Querétaro,60+,Bañarse o vestirse,3127.0,4553.0,25.0,ENIGH (INEGI),Personas de 18 años o más,enigh
hogar,Es jefa o jefe del hogar,2022,Hombres,Con discapacidad,Querétaro,60+,Brazos o manos,4815.0,6608.0,35.0,ENIGH (INEGI),Personas de 18 años o más,enigh
hogar,Es jefa o jefe del hogar,2022,Hombres,Con discapacidad,Querétaro,60+,Caminar,17756.0,22696.0,138.0,ENIGH (INEGI),Personas de 18 años o más,enigh
hogar,Es jefa o jefe del hogar,2022,Hombres,Con discapacidad,Querétaro,60+,Hablar o comunicarse,2298.0,2795.0,16.0,ENIGH (INEGI),Personas de 18 años o más,enigh
hogar,Es jefa o jefe del hogar,2022,Hombres,Con discapacidad,Querétaro,60+,Mental,2212.0,3269.0,18.0,ENIGH (INEGI),Personas de 18 años o más,enigh
hogar,Es jefa o jefe del hogar,2022,Hombres,Con discapacidad,Querétaro,60+,Oír,7395.0,9485.0,58.0,ENIGH (INEGI),Personas de 18 años o más,enigh
hogar,Es jefa o jefe del hogar,2022,Hombres,Con discapacidad,Querétaro,60+,Recordar o concentrarse,3942.0,4967.0,28.0,ENIGH (INEGI),Personas de 18 años o más,enigh
hogar,Es jefa o jefe del hogar,2022,Hombres,Con discapacidad,Querétaro,60+,Ver,8699.0,11187.0,68.0,ENIGH (INEGI),Personas de 18 años o más,enigh
hogar,Es jefa o jefe del hogar,2022,Hombres,Con discapacidad,Quintana Roo,18-29,Bañarse o vestirse,0.0,128.0,1.0,ENIGH (INEGI),Personas de 18 años o más,enigh
hogar,Es jefa o jefe del hogar,2022,Hombres,Con discapacidad,Quintana Roo,18-29,Caminar,0.0,515.0,3.0,ENIGH (INEGI),Personas de 18 años o más,enigh
hogar,Es jefa o jefe del hogar,2022,Hombres,Con discapacidad,Quintana Roo,18-29,Hablar o comunicarse,0.0,197.0,1.0,ENIGH (INEGI),Personas de 18 años o más,enigh
hogar,Es jefa o jefe del hogar,2022,Hombres,Con discapacidad,Quintana Roo,18-29,Mental,0.0,211.0,1.0,ENIGH (INEGI),Personas de 18 años o más,enigh
hogar,Es jefa o jefe del hogar,2022,Hombres,Con discapacidad,Quintana Roo,18-29,Recordar o concentrarse,0.0,618.0,1.0,ENIGH (INEGI),Personas de 18 años o más,enigh
hogar,Es jefa o jefe del hogar,2022,Hombres,Con discapacidad,Quintana Roo,18-29,Ver,0.0,937.0,4.0,ENIGH (INEGI),Personas de 18 años o más,enigh
hogar,Es jefa o jefe del hogar,2022,Hombres,Con discapacidad,Quintana Roo,30-44,Bañarse o vestirse,0.0,210.0,1.0,ENIGH (INEGI),Personas de 18 años o más,enigh
hogar,Es jefa o jefe del hogar,2022,Hombres,Con discapacidad,Quintana Roo,30-44,Brazos o manos,488.0,488.0,2.0,ENIGH (INEGI),Personas de 18 años o más,enigh
hogar,Es jefa o jefe del hogar,2022,Hombres,Con discapacidad,Quintana Roo,30-44,Caminar,944.0,2005.0,7.0,ENIGH (INEGI),Personas de 18 años o más,enigh
hogar,Es jefa o jefe del hogar,2022,Hombres,Con discapacidad,Quintana Roo,30-44,Hablar o comunicarse,366.0,733.0,4.0,ENIGH (INEGI),Personas de 18 años o más,enigh
hogar,Es jefa o jefe del hogar,2022,Hombres,Con discapacidad,Quintana Roo,30-44,Mental,230.0,451.0,2.0,ENIGH (INEGI),Personas de 18 años o más,enigh
hogar,Es jefa o jefe del hogar,2022,Hombres,Con discapacidad,Quintana Roo,30-44,Oír,0.0,160.0,1.0,ENIGH (INEGI),Personas de 18 años o más,enigh
hogar,Es jefa o jefe del hogar,2022,Hombres,Con discapacidad,Quintana Roo,30-44,Recordar o concentrarse,286.0,286.0,1.0,ENIGH (INEGI),Personas de 18 años o más,enigh
hogar,Es jefa o jefe del hogar,2022,Hombres,Con discapacidad,Quintana Roo,30-44,Ver,730.0,1405.0,7.0,ENIGH (INEGI),Personas de 18 años o más,enigh
hogar,Es jefa o jefe del hogar,2022,Hombres,Con discapacidad,Quintana Roo,45-59,Bañarse o vestirse,749.0,987.0,4.0,ENIGH (INEGI),Personas de 18 años o más,enigh
hogar,Es jefa o jefe del hogar,2022,Hombres,Con discapacidad,Quintana Roo,45-59,Brazos o manos,1922.0,1922.0,8.0,ENIGH (INEGI),Personas de 18 años o más,enigh
hogar,Es jefa o jefe del hogar,2022,Hombres,Con discapacidad,Quintana Roo,45-59,Caminar,3557.0,3907.0,16.0,ENIGH (INEGI),Personas de 18 años o más,enigh
hogar,Es jefa o jefe del hogar,2022,Hombres,Con discapacidad,Quintana Roo,45-59,Hablar o comunicarse,523.0,1055.0,5.0,ENIGH (INEGI),Personas de 18 años o más,enigh
hogar,Es jefa o jefe del hogar,2022,Hombres,Con discapacidad,Quintana Roo,45-59,Mental,523.0,665.0,3.0,ENIGH (INEGI),Personas de 18 años o más,enigh
hogar,Es jefa o jefe del hogar,2022,Hombres,Con discapacidad,Quintana Roo,45-59,Oír,1686.0,2263.0,7.0,ENIGH (INEGI),Personas de 18 años o más,enigh
hogar,Es jefa o jefe del hogar,2022,Hombres,Con discapacidad,Quintana Roo,45-59,Recordar o concentrarse,752.0,894.0,3.0,ENIGH (INEGI),Personas de 18 años o más,enigh
hogar,Es jefa o jefe del hogar,2022,Hombres,Con discapacidad,Quintana Roo,45-59,Ver,2463.0,3285.0,12.0,ENIGH (INEGI),Personas de 18 años o más,enigh
hogar,Es jefa o jefe del hogar,2022,Hombres,Con discapacidad,Quintana Roo,60+,Bañarse o vestirse,2454.0,4554.0,19.0,ENIGH (INEGI),Personas de 18 años o más,enigh
hogar,Es jefa o jefe del hogar,2022,Hombres,Con discapacidad,Quintana Roo,60+,Brazos o manos,3042.0,5242.0,23.0,ENIGH (INEGI),Personas de 18 años o más,enigh
hogar,Es jefa o jefe del hogar,2022,Hombres,Con discapacidad,Quintana Roo,60+,Caminar,9333.0,13424.0,60.0,ENIGH (INEGI),Personas de 18 años o más,enigh
hogar,Es jefa o jefe del hogar,2022,Hombres,Con discapacidad,Quintana Roo,60+,Hablar o comunicarse,331.0,902.0,5.0,ENIGH (INEGI),Personas de 18 años o más,enigh
hogar,Es jefa o jefe del hogar,2022,Hombres,Con discapacidad,Quintana Roo,60+,Mental,481.0,2202.0,10.0,ENIGH (INEGI),Personas de 18 años o más,enigh
hogar,Es jefa o jefe del hogar,2022,Hombres,Con discapacidad,Quintana Roo,60+,Oír,1687.0,2220.0,10.0,ENIGH (INEGI),Personas de 18 años o más,enigh
hogar,Es jefa o jefe del hogar,2022,Hombres,Con discapacidad,Quintana Roo,60+,Recordar o concentrarse,490.0,1526.0,8.0,ENIGH (INEGI),Personas de 18 años o más,enigh
hogar,Es jefa o jefe del hogar,2022,Hombres,Con discapacidad,Quintana Roo,60+,Ver,3865.0,5069.0,22.0,ENIGH (INEGI),Personas de 18 años o más,enigh
hogar,Es jefa o jefe del hogar,2022,Hombres,Con discapacidad,San Luis Potosí,18-29,Bañarse o vestirse,0.0,2360.0,7.0,ENIGH (INEGI),Personas de 18 años o más,enigh
hogar,Es jefa o jefe del hogar,2022,Hombres,Con discapacidad,San Luis Potosí,18-29,Brazos o manos,0.0,1411.0,5.0,ENIGH (INEGI),Personas de 18 años o más,enigh
hogar,Es jefa o jefe del hogar,2022,Hombres,Con discapacidad,San Luis Potosí,18-29,Caminar,390.0,2078.0,7.0,ENIGH (INEGI),Personas de 18 años o más,enigh
hogar,Es jefa o jefe del hogar,2022,Hombres,Con discapacidad,San Luis Potosí,18-29,Hablar o comunicarse,0.0,3420.0,11.0,ENIGH (INEGI),Personas de 18 años o más,enigh
hogar,Es jefa o jefe del hogar,2022,Hombres,Con discapacidad,San Luis Potosí,18-29,Mental,0.0,2455.0,7.0,ENIGH (INEGI),Personas de 18 años o más,enigh
hogar,Es jefa o jefe del hogar,2022,Hombres,Con discapacidad,San Luis Potosí,18-29,Oír,0.0,1186.0,4.0,ENIGH (INEGI),Personas de 18 años o más,enigh
hogar,Es jefa o jefe del hogar,2022,Hombres,Con discapacidad,San Luis Potosí,18-29,Recordar o concentrarse,0.0,2791.0,10.0,ENIGH (INEGI),Personas de 18 años o más,enigh
hogar,Es jefa o jefe del hogar,2022,Hombres,Con discapacidad,San Luis Potosí,18-29,Ver,674.0,2011.0,7.0,ENIGH (INEGI),Personas de 18 años o más,enigh
hogar,Es jefa o jefe del hogar,2022,Hombres,Con discapacidad,San Luis Potosí,30-44,Bañarse o vestirse,243.0,1285.0,5.0,ENIGH (INEGI),Personas de 18 años o más,enigh
hogar,Es jefa o jefe del hogar,2022,Hombres,Con discapacidad,San Luis Potosí,30-44,Brazos o manos,477.0,1090.0,4.0,ENIGH (INEGI),Personas de 18 años o más,enigh
hogar,Es jefa o jefe del hogar,2022,Hombres,Con discapacidad,San Luis Potosí,30-44,Caminar,740.0,4400.0,14.0,ENIGH (INEGI),Personas de 18 años o más,enigh
hogar,Es jefa o jefe del hogar,2022,Hombres,Con discapacidad,San Luis Potosí,30-44,Hablar o comunicarse,0.0,1328.0,4.0,ENIGH (INEGI),Personas de 18 años o más,enigh
hogar,Es jefa o jefe del hogar,2022,Hombres,Con discapacidad,San Luis Potosí,30-44,Mental,0.0,1277.0,5.0,ENIGH (INEGI),Personas de 18 años o más,enigh
hogar,Es jefa o jefe del hogar,2022,Hombres,Con discapacidad,San Luis Potosí,30-44,Oír,767.0,1347.0,4.0,ENIGH (INEGI),Personas de 18 años o más,enigh
hogar,Es jefa o jefe del hogar,2022,Hombres,Con discapacidad,San Luis Potosí,30-44,Recordar o concentrarse,195.0,2003.0,7.0,ENIGH (INEGI),Personas de 18 años o más,enigh
hogar,Es jefa o jefe del hogar,2022,Hombres,Con discapacidad,San Luis Potosí,30-44,Ver,1578.0,3749.0,13.0,ENIGH (INEGI),Personas de 18 años o más,enigh
hogar,Es jefa o jefe del hogar,2022,Hombres,Con discapacidad,San Luis Potosí,45-59,Bañarse o vestirse,241.0,876.0,3.0,ENIGH (INEGI),Personas de 18 años o más,enigh
hogar,Es jefa o jefe del hogar,2022,Hombres,Con discapacidad,San Luis Potosí,45-59,Brazos o manos,1354.0,2539.0,10.0,ENIGH (INEGI),Personas de 18 años o más,enigh
hogar,Es jefa o jefe del hogar,2022,Hombres,Con discapacidad,San Luis Potosí,45-59,Caminar,7670.0,9916.0,31.0,ENIGH (INEGI),Personas de 18 años o más,enigh
hogar,Es jefa o jefe del hogar,2022,Hombres,Con discapacidad,San Luis Potosí,45-59,Hablar o comunicarse,0.0,1142.0,4.0,ENIGH (INEGI),Personas de 18 años o más,enigh
hogar,Es jefa o jefe del hogar,2022,Hombres,Con discapacidad,San Luis Potosí,45-59,Mental,0.0,635.0,2.0,ENIGH (INEGI),Personas de 18 años o más,enigh
hogar,Es jefa o jefe del hogar,2022,Hombres,Con discapacidad,San Luis Potosí,45-59,Oír,1857.0,2368.0,9.0,ENIGH (INEGI),Personas de 18 años o más,enigh
hogar,Es jefa o jefe del hogar,2022,Hombres,Con discapacidad,San Luis Potosí,45-59,Recordar o concentrarse,398.0,647.0,3.0,ENIGH (INEGI),Personas de 18 años o más,enigh
hogar,Es jefa o jefe del hogar,2022,Hombres,Con discapacidad,San Luis Potosí,45-59,Ver,2387.0,4901.0,18.0,ENIGH (INEGI),Personas de 18 años o más,enigh
hogar,Es jefa o jefe del hogar,2022,Hombres,Con discapacidad,San Luis Potosí,60+,Bañarse o vestirse,4714.0,8551.0,29.0,ENIGH (INEGI),Personas de 18 años o más,enigh
hogar,Es jefa o jefe del hogar,2022,Hombres,Con discapacidad,San Luis Potosí,60+,Brazos o manos,6331.0,10447.0,38.0,ENIGH (INEGI),Personas de 18 años o más,enigh
hogar,Es jefa o jefe del hogar,2022,Hombres,Con discapacidad,San Luis Potosí,60+,Caminar,22579.0,29799.0,106.0,ENIGH (INEGI),Personas de 18 años o más,enigh
hogar,Es jefa o jefe del hogar,2022,Hombres,Con discapacidad,San Luis Potosí,60+,Hablar o comunicarse,1813.0,4135.0,15.0,ENIGH (INEGI),Personas de 18 años o más,enigh
hogar,Es jefa o jefe del hogar,2022,Hombres,Con discapacidad,San Luis Potosí,60+,Mental,2095.0,4388.0,17.0,ENIGH (INEGI),Personas de 18 años o más,enigh
hogar,Es jefa o jefe del hogar,2022,Hombres,Con discapacidad,San Luis Potosí,60+,Oír,12586.0,16666.0,61.0,ENIGH (INEGI),Personas de 18 años o más,enigh
hogar,Es jefa o jefe del hogar,2022,Hombres,Con discapacidad,San Luis Potosí,60+,Recordar o concentrarse,6778.0,9045.0,34.0,ENIGH (INEGI),Personas de 18 años o más,enigh
hogar,Es jefa o jefe del hogar,2022,Hombres,Con discapacidad,San Luis Potosí,60+,Ver,17265.0,21216.0,77.0,ENIGH (INEGI),Personas de 18 años o más,enigh
hogar,Es jefa o jefe del hogar,2022,Hombres,Con discapacidad,Sinaloa,18-29,Bañarse o vestirse,0.0,1267.0,6.0,ENIGH (INEGI),Personas de 18 años o más,enigh
hogar,Es jefa o jefe del hogar,2022,Hombres,Con discapacidad,Sinaloa,18-29,Brazos o manos,484.0,1955.0,7.0,ENIGH (INEGI),Personas de 18 años o más,enigh
hogar,Es jefa o jefe del hogar,2022,Hombres,Con discapacidad,Sinaloa,18-29,Caminar,0.0,1725.0,8.0,ENIGH (INEGI),Personas de 18 años o más,enigh
hogar,Es jefa o jefe del hogar,2022,Hombres,Con discapacidad,Sinaloa,18-29,Hablar o comunicarse,0.0,2246.0,9.0,ENIGH (INEGI),Personas de 18 años o más,enigh
hogar,Es jefa o jefe del hogar,2022,Hombres,Con discapacidad,Sinaloa,18-29,Mental,0.0,1802.0,7.0,ENIGH (INEGI),Personas de 18 años o más,enigh
hogar,Es jefa o jefe del hogar,2022,Hombres,Con discapacidad,Sinaloa,18-29,Oír,0.0,796.0,4.0,ENIGH (INEGI),Personas de 18 años o más,enigh
hogar,Es jefa o jefe del hogar,2022,Hombres,Con discapacidad,Sinaloa,18-29,Recordar o concentrarse,0.0,1533.0,7.0,ENIGH (INEGI),Personas de 18 años o más,enigh
hogar,Es jefa o jefe del hogar,2022,Hombres,Con discapacidad,Sinaloa,18-29,Ver,0.0,1830.0,7.0,ENIGH (INEGI),Personas de 18 años o más,enigh
hogar,Es jefa o jefe del hogar,2022,Hombres,Con discapacidad,Sinaloa,30-44,Bañarse o vestirse,239.0,1425.0,6.0,ENIGH (INEGI),Personas de 18 años o más,enigh
hogar,Es jefa o jefe del hogar,2022,Hombres,Con discapacidad,Sinaloa,30-44,Brazos o manos,1664.0,3192.0,12.0,ENIGH (INEGI),Personas de 18 años o más,enigh
hogar,Es jefa o jefe del hogar,2022,Hombres,Con discapacidad,Sinaloa,30-44,Caminar,2426.0,6682.0,22.0,ENIGH (INEGI),Personas de 18 años o más,enigh
hogar,Es jefa o jefe del hogar,2022,Hombres,Con discapacidad,Sinaloa,30-44,Hablar o comunicarse,0.0,1307.0,5.0,ENIGH (INEGI),Personas de 18 años o más,enigh
hogar,Es jefa o jefe del hogar,2022,Hombres,Con discapacidad,Sinaloa,30-44,Mental,0.0,2639.0,9.0,ENIGH (INEGI),Personas de 18 años o más,enigh
hogar,Es jefa o jefe del hogar,2022,Hombres,Con discapacidad,Sinaloa,30-44,Oír,0.0,1089.0,4.0,ENIGH (INEGI),Personas de 18 años o más,enigh
hogar,Es jefa o jefe del hogar,2022,Hombres,Con discapacidad,Sinaloa,30-44,Recordar o concentrarse,508.0,2998.0,11.0,ENIGH (INEGI),Personas de 18 años o más,enigh
hogar,Es jefa o jefe del hogar,2022,Hombres,Con discapacidad,Sinaloa,30-44,Ver,1790.0,3384.0,12.0,ENIGH (INEGI),Personas de 18 años o más,enigh
hogar,Es jefa o jefe del hogar,2022,Hombres,Con discapacidad,Sinaloa,45-59,Bañarse o vestirse,223.0,2561.0,9.0,ENIGH (INEGI),Personas de 18 años o más,enigh
hogar,Es jefa o jefe del hogar,2022,Hombres,Con discapacidad,Sinaloa,45-59,Brazos o manos,1083.0,2287.0,8.0,ENIGH (INEGI),Personas de 18 años o más,enigh
hogar,Es jefa o jefe del hogar,2022,Hombres,Con discapacidad,Sinaloa,45-59,Caminar,5447.0,7607.0,31.0,ENIGH (INEGI),Personas de 18 años o más,enigh
hogar,Es jefa o jefe del hogar,2022,Hombres,Con discapacidad,Sinaloa,45-59,Hablar o comunicarse,0.0,2313.0,9.0,ENIGH (INEGI),Personas de 18 años o más,enigh
hogar,Es jefa o jefe del hogar,2022,Hombres,Con discapacidad,Sinaloa,45-59,Mental,158.0,4393.0,17.0,ENIGH (INEGI),Personas de 18 años o más,enigh
hogar,Es jefa o jefe del hogar,2022,Hombres,Con discapacidad,Sinaloa,45-59,Oír,1110.0,1831.0,8.0,ENIGH (INEGI),Personas de 18 años o más,enigh
hogar,Es jefa o jefe del hogar,2022,Hombres,Con discapacidad,Sinaloa,45-59,Recordar o concentrarse,397.0,3371.0,14.0,ENIGH (INEGI),Personas de 18 años o más,enigh
hogar,Es jefa o jefe del hogar,2022,Hombres,Con discapacidad,Sinaloa,45-59,Ver,5691.0,6955.0,26.0,ENIGH (INEGI),Personas de 18 años o más,enigh
hogar,Es jefa o jefe del hogar,2022,Hombres,Con discapacidad,Sinaloa,60+,Bañarse o vestirse,6377.0,8261.0,29.0,ENIGH (INEGI),Personas de 18 años o más,enigh
hogar,Es jefa o jefe del hogar,2022,Hombres,Con discapacidad,Sinaloa,60+,Brazos o manos,5978.0,8556.0,34.0,ENIGH (INEGI),Personas de 18 años o más,enigh
hogar,Es jefa o jefe del hogar,2022,Hombres,Con discapacidad,Sinaloa,60+,Caminar,25114.0,30679.0,120.0,ENIGH (INEGI),Personas de 18 años o más,enigh
hogar,Es jefa o jefe del hogar,2022,Hombres,Con discapacidad,Sinaloa,60+,Hablar o comunicarse,1514.0,3329.0,14.0,ENIGH (INEGI),Personas de 18 años o más,enigh
hogar,Es jefa o jefe del hogar,2022,Hombres,Con discapacidad,Sinaloa,60+,Mental,2117.0,4381.0,17.0,ENIGH (INEGI),Personas de 18 años o más,enigh
hogar,Es jefa o jefe del hogar,2022,Hombres,Con discapacidad,Sinaloa,60+,Oír,7885.0,11260.0,43.0,ENIGH (INEGI),Personas de 18 años o más,enigh
hogar,Es jefa o jefe del hogar,2022,Hombres,Con discapacidad,Sinaloa,60+,Recordar o concentrarse,4008.0,6897.0,27.0,ENIGH (INEGI),Personas de 18 años o más,enigh
hogar,Es jefa o jefe del hogar,2022,Hombres,Con discapacidad,Sinaloa,60+,Ver,14463.0,18644.0,67.0,ENIGH (INEGI),Personas de 18 años o más,enigh
hogar,Es jefa o jefe del hogar,2022,Hombres,Con discapacidad,Sonora,18-29,Bañarse o vestirse,0.0,788.0,2.0,ENIGH (INEGI),Personas de 18 años o más,enigh
hogar,Es jefa o jefe del hogar,2022,Hombres,Con discapacidad,Sonora,18-29,Brazos o manos,0.0,1206.0,3.0,ENIGH (INEGI),Personas de 18 años o más,enigh
hogar,Es jefa o jefe del hogar,2022,Hombres,Con discapacidad,Sonora,18-29,Caminar,1317.0,3474.0,10.0,ENIGH (INEGI),Personas de 18 años o más,enigh
hogar,Es jefa o jefe del hogar,2022,Hombres,Con discapacidad,Sonora,18-29,Hablar o comunicarse,174.0,2158.0,7.0,ENIGH (INEGI),Personas de 18 años o más,enigh
hogar,Es jefa o jefe del hogar,2022,Hombres,Con discapacidad,Sonora,18-29,Mental,435.0,2652.0,7.0,ENIGH (INEGI),Personas de 18 años o más,enigh
hogar,Es jefa o jefe del hogar,2022,Hombres,Con discapacidad,Sonora,18-29,Oír,422.0,3955.0,10.0,ENIGH (INEGI),Personas de 18 años o más,enigh
hogar,Es jefa o jefe del hogar,2022,Hombres,Con discapacidad,Sonora,18-29,Recordar o concentrarse,0.0,471.0,2.0,ENIGH (INEGI),Personas de 18 años o más,enigh
hogar,Es jefa o jefe del hogar,2022,Hombres,Con discapacidad,Sonora,18-29,Ver,0.0,2100.0,6.0,ENIGH (INEGI),Personas de 18 años o más,enigh
hogar,Es jefa o jefe del hogar,2022,Hombres,Con discapacidad,Sonora,30-44,Bañarse o vestirse,644.0,3103.0,9.0,ENIGH (INEGI),Personas de 18 años o más,enigh
hogar,Es jefa o jefe del hogar,2022,Hombres,Con discapacidad,Sonora,30-44,Brazos o manos,182.0,1366.0,5.0,ENIGH (INEGI),Personas de 18 años o más,enigh
hogar,Es jefa o jefe del hogar,2022,Hombres,Con discapacidad,Sonora,30-44,Caminar,1721.0,4391.0,12.0,ENIGH (INEGI),Personas de 18 años o más,enigh
hogar,Es jefa o jefe del hogar,2022,Hombres,Con discapacidad,Sonora,30-44,Hablar o comunicarse,265.0,2611.0,10.0,ENIGH (INEGI),Personas de 18 años o más,enigh
hogar,Es jefa o jefe del hogar,2022,Hombres,Con discapacidad,Sonora,30-44,Mental,523.0,5142.0,13.0,ENIGH (INEGI),Personas de 18 años o más,enigh
hogar,Es jefa o jefe del hogar,2022,Hombres,Con discapacidad,Sonora,30-44,Oír,182.0,2260.0,8.0,ENIGH (INEGI),Personas de 18 años o más,enigh
hogar,Es jefa o jefe del hogar,2022,Hombres,Con discapacidad,Sonora,30-44,Recordar o concentrarse,469.0,2533.0,7.0,ENIGH (INEGI),Personas de 18 años o más,enigh
hogar,Es jefa o jefe del hogar,2022,Hombres,Con discapacidad,Sonora,30-44,Ver,840.0,3321.0,9.0,ENIGH (INEGI),Personas de 18 años o más,enigh
hogar,Es jefa o jefe del hogar,2022,Hombres,Con discapacidad,Sonora,45-59,Bañarse o vestirse,1665.0,2213.0,7.0,ENIGH (INEGI),Personas de 18 años o más,enigh
hogar,Es jefa o jefe del hogar,2022,Hombres,Con discapacidad,Sonora,45-59,Brazos o manos,1534.0,2676.0,8.0,ENIGH (INEGI),Personas de 18 años o más,enigh
hogar,Es jefa o jefe del hogar,2022,Hombres,Con discapacidad,Sonora,45-59,Caminar,983.0,2108.0,5.0,ENIGH (INEGI),Personas de 18 años o más,enigh
hogar,Es jefa o jefe del hogar,2022,Hombres,Con discapacidad,Sonora,45-59,Hablar o comunicarse,4783.0,6526.0,20.0,ENIGH (INEGI),Personas de 18 años o más,enigh
hogar,Es jefa o jefe del hogar,2022,Hombres,Con discapacidad,Sonora,45-59,Mental,7174.0,9770.0,31.0,ENIGH (INEGI),Personas de 18 años o más,enigh
hogar,Es jefa o jefe del hogar,2022,Hombres,Con discapacidad,Sonora,45-59,Oír,1279.0,1511.0,6.0,ENIGH (INEGI),Personas de 18 años o más,enigh
hogar,Es jefa o jefe del hogar,2022,Hombres,Con discapacidad,Sonora,45-59,Recordar o concentrarse,1785.0,1913.0,5.0,ENIGH (INEGI),Personas de 18 años o más,enigh
hogar,Es jefa o jefe del hogar,2022,Hombres,Con discapacidad,Sonora,45-59,Ver,500.0,1032.0,4.0,ENIGH (INEGI),Personas de 18 años o más,enigh
hogar,Es jefa o jefe del hogar,2022,Hombres,Con discapacidad,Sonora,60+,Bañarse o vestirse,8640.0,10459.0,33.0,ENIGH (INEGI),Personas de 18 años o más,enigh
hogar,Es jefa o jefe del hogar,2022,Hombres,Con discapacidad,Sonora,60+,Brazos o manos,8080.0,10447.0,31.0,ENIGH (INEGI),Personas de 18 años o más,enigh
hogar,Es jefa o jefe del hogar,2022,Hombres,Con discapacidad,Sonora,60+,Caminar,5821.0,8604.0,24.0,ENIGH (INEGI),Personas de 18 años o más,enigh
hogar,Es jefa o jefe del hogar,2022,Hombres,Con discapacidad,Sonora,60+,Hablar o comunicarse,12066.0,16506.0,55.0,ENIGH (INEGI),Personas de 18 años o más,enigh
hogar,Es jefa o jefe del hogar,2022,Hombres,Con discapacidad,Sonora,60+,Mental,24989.0,31014.0,89.0,ENIGH (INEGI),Personas de 18 años o más,enigh
hogar,Es jefa o jefe del hogar,2022,Hombres,Con discapacidad,Sonora,60+,Oír,7705.0,10255.0,28.0,ENIGH (INEGI),Personas de 18 años o más,enigh
hogar,Es jefa o jefe del hogar,2022,Hombres,Con discapacidad,Sonora,60+,Recordar o concentrarse,7614.0,9672.0,35.0,ENIGH (INEGI),Personas de 18 años o más,enigh
hogar,Es jefa o jefe del hogar,2022,Hombres,Con discapacidad,Sonora,60+,Ver,3466.0,5424.0,15.0,ENIGH (INEGI),Personas de 18 años o más,enigh
hogar,Es jefa o jefe del hogar,2022,Hombres,Con discapacidad,Tabasco,18-29,Bañarse o vestirse,0.0,492.0,2.0,ENIGH (INEGI),Personas de 18 años o más,enigh
hogar,Es jefa o jefe del hogar,2022,Hombres,Con discapacidad,Tabasco,18-29,Brazos o manos,720.0,1462.0,4.0,ENIGH (INEGI),Personas de 18 años o más,enigh
hogar,Es jefa o jefe del hogar,2022,Hombres,Con discapacidad,Tabasco,18-29,Caminar,328.0,1066.0,3.0,ENIGH (INEGI),Personas de 18 años o más,enigh
hogar,Es jefa o jefe del hogar,2022,Hombres,Con discapacidad,Tabasco,18-29,Hablar o comunicarse,0.0,2722.0,9.0,ENIGH (INEGI),Personas de 18 años o más,enigh
hogar,Es jefa o jefe del hogar,2022,Hombres,Con discapacidad,Tabasco,18-29,Mental,0.0,1689.0,6.0,ENIGH (INEGI),Personas de 18 años o más,enigh
hogar,Es jefa o jefe del hogar,2022,Hombres,Con discapacidad,Tabasco,18-29,Oír,0.0,693.0,2.0,ENIGH (INEGI),Personas de 18 años o más,enigh
hogar,Es jefa o jefe del hogar,2022,Hombres,Con discapacidad,Tabasco,18-29,Recordar o concentrarse,0.0,1805.0,6.0,ENIGH (INEGI),Personas de 18 años o más,enigh
hogar,Es jefa o jefe del hogar,2022,Hombres,Con discapacidad,Tabasco,18-29,Ver,319.0,2238.0,7.0,ENIGH (INEGI),Personas de 18 años o más,enigh
hogar,Es jefa o jefe del hogar,2022,Hombres,Con discapacidad,Tabasco,30-44,Bañarse o vestirse,0.0,644.0,2.0,ENIGH (INEGI),Personas de 18 años o más,enigh
hogar,Es jefa o jefe del hogar,2022,Hombres,Con discapacidad,Tabasco,30-44,Brazos o manos,1302.0,2310.0,7.0,ENIGH (INEGI),Personas de 18 años o más,enigh
hogar,Es jefa o jefe del hogar,2022,Hombres,Con discapacidad,Tabasco,30-44,Caminar,4379.0,5649.0,17.0,ENIGH (INEGI),Personas de 18 años o más,enigh
hogar,Es jefa o jefe del hogar,2022,Hombres,Con discapacidad,Tabasco,30-44,Hablar o comunicarse,382.0,1457.0,4.0,ENIGH (INEGI),Personas de 18 años o más,enigh
hogar,Es jefa o jefe del hogar,2022,Hombres,Con discapacidad,Tabasco,30-44,Mental,926.0,1947.0,6.0,ENIGH (INEGI),Personas de 18 años o más,enigh
hogar,Es jefa o jefe del hogar,2022,Hombres,Con discapacidad,Tabasco,30-44,Oír,1217.0,1526.0,4.0,ENIGH (INEGI),Personas de 18 años o más,enigh
hogar,Es jefa o jefe del hogar,2022,Hombres,Con discapacidad,Tabasco,30-44,Recordar o concentrarse,379.0,1632.0,5.0,ENIGH (INEGI),Personas de 18 años o más,enigh
hogar,Es jefa o jefe del hogar,2022,Hombres,Con discapacidad,Tabasco,30-44,Ver,2599.0,4611.0,14.0,ENIGH (INEGI),Personas de 18 años o más,enigh
hogar,Es jefa o jefe del hogar,2022,Hombres,Con discapacidad,Tabasco,45-59,Bañarse o vestirse,1567.0,1567.0,5.0,ENIGH (INEGI),Personas de 18 años o más,enigh
hogar,Es jefa o jefe del hogar,2022,Hombres,Con discapacidad,Tabasco,45-59,Brazos o manos,2511.0,3899.0,11.0,ENIGH (INEGI),Personas de 18 años o más,enigh
hogar,Es jefa o jefe del hogar,2022,Hombres,Con discapacidad,Tabasco,45-59,Caminar,9775.0,12283.0,36.0,ENIGH (INEGI),Personas de 18 años o más,enigh
hogar,Es jefa o jefe del hogar,2022,Hombres,Con discapacidad,Tabasco,45-59,Hablar o comunicarse,385.0,3067.0,9.0,ENIGH (INEGI),Personas de 18 años o más,enigh
hogar,Es jefa o jefe del hogar,2022,Hombres,Con discapacidad,Tabasco,45-59,Mental,647.0,1561.0,5.0,ENIGH (INEGI),Personas de 18 años o más,enigh
hogar,Es jefa o jefe del hogar,2022,Hombres,Con discapacidad,Tabasco,45-59,Oír,2256.0,2822.0,8.0,ENIGH (INEGI),Personas de 18 años o más,enigh
hogar,Es jefa o jefe del hogar,2022,Hombres,Con discapacidad,Tabasco,45-59,Recordar o concentrarse,1623.0,2010.0,6.0,ENIGH (INEGI),Personas de 18 años o más,enigh
hogar,Es jefa o jefe del hogar,2022,Hombres,Con discapacidad,Tabasco,45-59,Ver,6383.0,7307.0,22.0,ENIGH (INEGI),Personas de 18 años o más,enigh
hogar,Es jefa o jefe del hogar,2022,Hombres,Con discapacidad,Tabasco,60+,Bañarse o vestirse,6081.0,8100.0,25.0,ENIGH (INEGI),Personas de 18 años o más,enigh
hogar,Es jefa o jefe del hogar,2022,Hombres,Con discapacidad,Tabasco,60+,Brazos o manos,5990.0,7703.0,23.0,ENIGH (INEGI),Personas de 18 años o más,enigh
hogar,Es jefa o jefe del hogar,2022,Hombres,Con discapacidad,Tabasco,60+,Caminar,21774.0,24800.0,76.0,ENIGH (INEGI),Personas de 18 años o más,enigh
hogar,Es jefa o jefe del hogar,2022,Hombres,Con discapacidad,Tabasco,60+,Hablar o comunicarse,1352.0,2306.0,7.0,ENIGH (INEGI),Personas de 18 años o más,enigh
hogar,Es jefa o jefe del hogar,2022,Hombres,Con discapacidad,Tabasco,60+,Mental,2358.0,3388.0,10.0,ENIGH (INEGI),Personas de 18 años o más,enigh
hogar,Es jefa o jefe del hogar,2022,Hombres,Con discapacidad,Tabasco,60+,Oír,6385.0,8603.0,27.0,ENIGH (INEGI),Personas de 18 años o más,enigh
hogar,Es jefa o jefe del hogar,2022,Hombres,Con discapacidad,Tabasco,60+,Recordar o concentrarse,1561.0,3880.0,12.0,ENIGH (INEGI),Personas de 18 años o más,enigh
hogar,Es jefa o jefe del hogar,2022,Hombres,Con discapacidad,Tabasco,60+,Ver,13049.0,15711.0,48.0,ENIGH (INEGI),Personas de 18 años o más,enigh
hogar,Es jefa o jefe del hogar,2022,Hombres,Con discapacidad,Tamaulipas,18-29,Bañarse o vestirse,0.0,913.0,2.0,ENIGH (INEGI),Personas de 18 años o más,enigh
hogar,Es jefa o jefe del hogar,2022,Hombres,Con discapacidad,Tamaulipas,18-29,Brazos o manos,728.0,1641.0,3.0,ENIGH (INEGI),Personas de 18 años o más,enigh
hogar,Es jefa o jefe del hogar,2022,Hombres,Con discapacidad,Tamaulipas,18-29,Caminar,1359.0,3748.0,7.0,ENIGH (INEGI),Personas de 18 años o más,enigh
hogar,Es jefa o jefe del hogar,2022,Hombres,Con discapacidad,Tamaulipas,18-29,Hablar o comunicarse,0.0,718.0,2.0,ENIGH (INEGI),Personas de 18 años o más,enigh
hogar,Es jefa o jefe del hogar,2022,Hombres,Con discapacidad,Tamaulipas,18-29,Oír,0.0,674.0,2.0,ENIGH (INEGI),Personas de 18 años o más,enigh
hogar,Es jefa o jefe del hogar,2022,Hombres,Con discapacidad,Tamaulipas,18-29,Recordar o concentrarse,0.0,736.0,2.0,ENIGH (INEGI),Personas de 18 años o más,enigh
hogar,Es jefa o jefe del hogar,2022,Hombres,Con discapacidad,Tamaulipas,18-29,Ver,0.0,1341.0,3.0,ENIGH (INEGI),Personas de 18 años o más,enigh
hogar,Es jefa o jefe del hogar,2022,Hombres,Con discapacidad,Tamaulipas,30-44,Bañarse o vestirse,505.0,1505.0,3.0,ENIGH (INEGI),Personas de 18 años o más,enigh
hogar,Es jefa o jefe del hogar,2022,Hombres,Con discapacidad,Tamaulipas,30-44,Brazos o manos,635.0,1273.0,2.0,ENIGH (INEGI),Personas de 18 años o más,enigh
hogar,Es jefa o jefe del hogar,2022,Hombres,Con discapacidad,Tamaulipas,30-44,Caminar,1746.0,6758.0,12.0,ENIGH (INEGI),Personas de 18 años o más,enigh
hogar,Es jefa o jefe del hogar,2022,Hombres,Con discapacidad,Tamaulipas,30-44,Hablar o comunicarse,0.0,1637.0,3.0,ENIGH (INEGI),Personas de 18 años o más,enigh
hogar,Es jefa o jefe del hogar,2022,Hombres,Con discapacidad,Tamaulipas,30-44,Mental,0.0,1000.0,2.0,ENIGH (INEGI),Personas de 18 años o más,enigh
hogar,Es jefa o jefe del hogar,2022,Hombres,Con discapacidad,Tamaulipas,30-44,Oír,0.0,1236.0,2.0,ENIGH (INEGI),Personas de 18 años o más,enigh
hogar,Es jefa o jefe del hogar,2022,Hombres,Con discapacidad,Tamaulipas,30-44,Recordar o concentrarse,0.0,1275.0,3.0,ENIGH (INEGI),Personas de 18 años o más,enigh
hogar,Es jefa o jefe del hogar,2022,Hombres,Con discapacidad,Tamaulipas,30-44,Ver,2313.0,2869.0,6.0,ENIGH (INEGI),Personas de 18 años o más,enigh
hogar,Es jefa o jefe del hogar,2022,Hombres,Con discapacidad,Tamaulipas,45-59,Bañarse o vestirse,918.0,1493.0,3.0,ENIGH (INEGI),Personas de 18 años o más,enigh
hogar,Es jefa o jefe del hogar,2022,Hombres,Con discapacidad,Tamaulipas,45-59,Brazos o manos,1614.0,3820.0,7.0,ENIGH (INEGI),Personas de 18 años o más,enigh
hogar,Es jefa o jefe del hogar,2022,Hombres,Con discapacidad,Tamaulipas,45-59,Caminar,3751.0,7588.0,16.0,ENIGH (INEGI),Personas de 18 años o más,enigh
hogar,Es jefa o jefe del hogar,2022,Hombres,Con discapacidad,Tamaulipas,45-59,Hablar o comunicarse,0.0,1639.0,4.0,ENIGH (INEGI),Personas de 18 años o más,enigh
hogar,Es jefa o jefe del hogar,2022,Hombres,Con discapacidad,Tamaulipas,45-59,Mental,0.0,2653.0,5.0,ENIGH (INEGI),Personas de 18 años o más,enigh
hogar,Es jefa o jefe del hogar,2022,Hombres,Con discapacidad,Tamaulipas,45-59,Oír,1593.0,2330.0,6.0,ENIGH (INEGI),Personas de 18 años o más,enigh
hogar,Es jefa o jefe del hogar,2022,Hombres,Con discapacidad,Tamaulipas,45-59,Recordar o concentrarse,0.0,3219.0,6.0,ENIGH (INEGI),Personas de 18 años o más,enigh
hogar,Es jefa o jefe del hogar,2022,Hombres,Con discapacidad,Tamaulipas,45-59,Ver,5046.0,7420.0,15.0,ENIGH (INEGI),Personas de 18 años o más,enigh
hogar,Es jefa o jefe del hogar,2022,Hombres,Con discapacidad,Tamaulipas,60+,Bañarse o vestirse,5612.0,7817.0,18.0,ENIGH (INEGI),Personas de 18 años o más,enigh
hogar,Es jefa o jefe del hogar,2022,Hombres,Con discapacidad,Tamaulipas,60+,Brazos o manos,6326.0,8531.0,21.0,ENIGH (INEGI),Personas de 18 años o más,enigh
hogar,Es jefa o jefe del hogar,2022,Hombres,Con discapacidad,Tamaulipas,60+,Caminar,24331.0,30175.0,73.0,ENIGH (INEGI),Personas de 18 años o más,enigh
hogar,Es jefa o jefe del hogar,2022,Hombres,Con discapacidad,Tamaulipas,60+,Hablar o comunicarse,2201.0,4179.0,10.0,ENIGH (INEGI),Personas de 18 años o más,enigh
hogar,Es jefa o jefe del hogar,2022,Hombres,Con discapacidad,Tamaulipas,60+,Mental,3141.0,4787.0,11.0,ENIGH (INEGI),Personas de 18 años o más,enigh
hogar,Es jefa o jefe del hogar,2022,Hombres,Con discapacidad,Tamaulipas,60+,Oír,9836.0,12191.0,33.0,ENIGH (INEGI),Personas de 18 años o más,enigh
hogar,Es jefa o jefe del hogar,2022,Hombres,Con discapacidad,Tamaulipas,60+,Recordar o concentrarse,4898.0,6346.0,15.0,ENIGH (INEGI),Personas de 18 años o más,enigh
hogar,Es jefa o jefe del hogar,2022,Hombres,Con discapacidad,Tamaulipas,60+,Ver,17760.0,21594.0,51.0,ENIGH (INEGI),Personas de 18 años o más,enigh
hogar,Es jefa o jefe del hogar,2022,Hombres,Con discapacidad,Tlaxcala,18-29,Bañarse o vestirse,0.0,787.0,5.0,ENIGH (INEGI),Personas de 18 años o más,enigh
hogar,Es jefa o jefe del hogar,2022,Hombres,Con discapacidad,Tlaxcala,18-29,Brazos o manos,0.0,284.0,2.0,ENIGH (INEGI),Personas de 18 años o más,enigh
hogar,Es jefa o jefe del hogar,2022,Hombres,Con discapacidad,Tlaxcala,18-29,Caminar,0.0,581.0,4.0,ENIGH (INEGI),Personas de 18 años o más,enigh
hogar,Es jefa o jefe del hogar,2022,Hombres,Con discapacidad,Tlaxcala,18-29,Hablar o comunicarse,0.0,739.0,5.0,ENIGH (INEGI),Personas de 18 años o más,enigh
hogar,Es jefa o jefe del hogar,2022,Hombres,Con discapacidad,Tlaxcala,18-29,Mental,0.0,629.0,4.0,ENIGH (INEGI),Personas de 18 años o más,enigh
hogar,Es jefa o jefe del hogar,2022,Hombres,Con discapacidad,Tlaxcala,18-29,Oír,158.0,583.0,4.0,ENIGH (INEGI),Personas de 18 años o más,enigh
hogar,Es jefa o jefe del hogar,2022,Hombres,Con discapacidad,Tlaxcala,18-29,Recordar o concentrarse,0.0,284.0,2.0,ENIGH (INEGI),Personas de 18 años o más,enigh
hogar,Es jefa o jefe del hogar,2022,Hombres,Con discapacidad,Tlaxcala,18-29,Ver,294.0,1068.0,7.0,ENIGH (INEGI),Personas de 18 años o más,enigh
hogar,Es jefa o jefe del hogar,2022,Hombres,Con discapacidad,Tlaxcala,30-44,Bañarse o vestirse,201.0,837.0,5.0,ENIGH (INEGI),Personas de 18 años o más,enigh
hogar,Es jefa o jefe del hogar,2022,Hombres,Con discapacidad,Tlaxcala,30-44,Brazos o manos,0.0,585.0,4.0,ENIGH (INEGI),Personas de 18 años o más,enigh
hogar,Es jefa o jefe del hogar,2022,Hombres,Con discapacidad,Tlaxcala,30-44,Caminar,505.0,1700.0,11.0,ENIGH (INEGI),Personas de 18 años o más,enigh
hogar,Es jefa o jefe del hogar,2022,Hombres,Con discapacidad,Tlaxcala,30-44,Hablar o comunicarse,276.0,1090.0,7.0,ENIGH (INEGI),Personas de 18 años o más,enigh
hogar,Es jefa o jefe del hogar,2022,Hombres,Con discapacidad,Tlaxcala,30-44,Mental,0.0,780.0,5.0,ENIGH (INEGI),Personas de 18 años o más,enigh
hogar,Es jefa o jefe del hogar,2022,Hombres,Con discapacidad,Tlaxcala,30-44,Oír,307.0,567.0,4.0,ENIGH (INEGI),Personas de 18 años o más,enigh
hogar,Es jefa o jefe del hogar,2022,Hombres,Con discapacidad,Tlaxcala,30-44,Recordar o concentrarse,0.0,474.0,3.0,ENIGH (INEGI),Personas de 18 años o más,enigh
hogar,Es jefa o jefe del hogar,2022,Hombres,Con discapacidad,Tlaxcala,30-44,Ver,336.0,1014.0,6.0,ENIGH (INEGI),Personas de 18 años o más,enigh
hogar,Es jefa o jefe del hogar,2022,Hombres,Con discapacidad,Tlaxcala,45-59,Bañarse o vestirse,481.0,634.0,4.0,ENIGH (INEGI),Personas de 18 años o más,enigh
hogar,Es jefa o jefe del hogar,2022,Hombres,Con discapacidad,Tlaxcala,45-59,Brazos o manos,659.0,659.0,4.0,ENIGH (INEGI),Personas de 18 años o más,enigh
hogar,Es jefa o jefe del hogar,2022,Hombres,Con discapacidad,Tlaxcala,45-59,Caminar,1876.0,2705.0,17.0,ENIGH (INEGI),Personas de 18 años o más,enigh
hogar,Es jefa o jefe del hogar,2022,Hombres,Con discapacidad,Tlaxcala,45-59,Hablar o comunicarse,156.0,309.0,2.0,ENIGH (INEGI),Personas de 18 años o más,enigh
hogar,Es jefa o jefe del hogar,2022,Hombres,Con discapacidad,Tlaxcala,45-59,Mental,293.0,446.0,3.0,ENIGH (INEGI),Personas de 18 años o más,enigh
hogar,Es jefa o jefe del hogar,2022,Hombres,Con discapacidad,Tlaxcala,45-59,Oír,716.0,857.0,5.0,ENIGH (INEGI),Personas de 18 años o más,enigh
hogar,Es jefa o jefe del hogar,2022,Hombres,Con discapacidad,Tlaxcala,45-59,Recordar o concentrarse,304.0,304.0,2.0,ENIGH (INEGI),Personas de 18 años o más,enigh
hogar,Es jefa o jefe del hogar,2022,Hombres,Con discapacidad,Tlaxcala,45-59,Ver,1917.0,2205.0,14.0,ENIGH (INEGI),Personas de 18 años o más,enigh
hogar,Es jefa o jefe del hogar,2022,Hombres,Con discapacidad,Tlaxcala,60+,Bañarse o vestirse,2801.0,4053.0,25.0,ENIGH (INEGI),Personas de 18 años o más,enigh
hogar,Es jefa o jefe del hogar,2022,Hombres,Con discapacidad,Tlaxcala,60+,Brazos o manos,2365.0,3329.0,21.0,ENIGH (INEGI),Personas de 18 años o más,enigh
hogar,Es jefa o jefe del hogar,2022,Hombres,Con discapacidad,Tlaxcala,60+,Caminar,8751.0,10948.0,71.0,ENIGH (INEGI),Personas de 18 años o más,enigh
hogar,Es jefa o jefe del hogar,2022,Hombres,Con discapacidad,Tlaxcala,60+,Hablar o comunicarse,1448.0,2241.0,14.0,ENIGH (INEGI),Personas de 18 años o más,enigh
hogar,Es jefa o jefe del hogar,2022,Hombres,Con discapacidad,Tlaxcala,60+,Mental,1598.0,2371.0,16.0,ENIGH (INEGI),Personas de 18 años o más,enigh
hogar,Es jefa o jefe del hogar,2022,Hombres,Con discapacidad,Tlaxcala,60+,Oír,5564.0,6865.0,45.0,ENIGH (INEGI),Personas de 18 años o más,enigh
hogar,Es jefa o jefe del hogar,2022,Hombres,Con discapacidad,Tlaxcala,60+,Recordar o concentrarse,2741.0,4020.0,26.0,ENIGH (INEGI),Personas de 18 años o más,enigh
hogar,Es jefa o jefe del hogar,2022,Hombres,Con discapacidad,Tlaxcala,60+,Ver,4117.0,6162.0,40.0,ENIGH (INEGI),Personas de 18 años o más,enigh
hogar,Es jefa o jefe del hogar,2022,Hombres,Con discapacidad,Veracruz,18-29,Bañarse o vestirse,0.0,5058.0,7.0,ENIGH (INEGI),Personas de 18 años o más,enigh
hogar,Es jefa o jefe del hogar,2022,Hombres,Con discapacidad,Veracruz,18-29,Brazos o manos,1268.0,4540.0,5.0,ENIGH (INEGI),Personas de 18 años o más,enigh
hogar,Es jefa o jefe del hogar,2022,Hombres,Con discapacidad,Veracruz,18-29,Caminar,664.0,7405.0,9.0,ENIGH (INEGI),Personas de 18 años o más,enigh
hogar,Es jefa o jefe del hogar,2022,Hombres,Con discapacidad,Veracruz,18-29,Hablar o comunicarse,0.0,11222.0,13.0,ENIGH (INEGI),Personas de 18 años o más,enigh
hogar,Es jefa o jefe del hogar,2022,Hombres,Con discapacidad,Veracruz,18-29,Mental,0.0,11980.0,13.0,ENIGH (INEGI),Personas de 18 años o más,enigh
hogar,Es jefa o jefe del hogar,2022,Hombres,Con discapacidad,Veracruz,18-29,Oír,1262.0,6414.0,6.0,ENIGH (INEGI),Personas de 18 años o más,enigh
hogar,Es jefa o jefe del hogar,2022,Hombres,Con discapacidad,Veracruz,18-29,Recordar o concentrarse,0.0,10113.0,12.0,ENIGH (INEGI),Personas de 18 años o más,enigh
hogar,Es jefa o jefe del hogar,2022,Hombres,Con discapacidad,Veracruz,18-29,Ver,891.0,4727.0,6.0,ENIGH (INEGI),Personas de 18 años o más,enigh
hogar,Es jefa o jefe del hogar,2022,Hombres,Con discapacidad,Veracruz,30-44,Bañarse o vestirse,0.0,2381.0,3.0,ENIGH (INEGI),Personas de 18 años o más,enigh
hogar,Es jefa o jefe del hogar,2022,Hombres,Con discapacidad,Veracruz,30-44,Brazos o manos,2898.0,6646.0,9.0,ENIGH (INEGI),Personas de 18 años o más,enigh
hogar,Es jefa o jefe del hogar,2022,Hombres,Con discapacidad,Veracruz,30-44,Caminar,5957.0,10139.0,13.0,ENIGH (INEGI),Personas de 18 años o más,enigh
hogar,Es jefa o jefe del hogar,2022,Hombres,Con discapacidad,Veracruz,30-44,Hablar o comunicarse,0.0,4178.0,6.0,ENIGH (INEGI),Personas de 18 años o más,enigh
hogar,Es jefa o jefe del hogar,2022,Hombres,Con discapacidad,Veracruz,30-44,Mental,0.0,4323.0,5.0,ENIGH (INEGI),Personas de 18 años o más,enigh
hogar,Es jefa o jefe del hogar,2022,Hombres,Con discapacidad,Veracruz,30-44,Oír,3065.0,5160.0,7.0,ENIGH (INEGI),Personas de 18 años o más,enigh
hogar,Es jefa o jefe del hogar,2022,Hombres,Con discapacidad,Veracruz,30-44,Recordar o concentrarse,1742.0,7282.0,10.0,ENIGH (INEGI),Personas de 18 años o más,enigh
hogar,Es jefa o jefe del hogar,2022,Hombres,Con discapacidad,Veracruz,30-44,Ver,2822.0,4242.0,5.0,ENIGH (INEGI),Personas de 18 años o más,enigh
hogar,Es jefa o jefe del hogar,2022,Hombres,Con discapacidad,Veracruz,45-59,Bañarse o vestirse,3089.0,3655.0,4.0,ENIGH (INEGI),Personas de 18 años o más,enigh
hogar,Es jefa o jefe del hogar,2022,Hombres,Con discapacidad,Veracruz,45-59,Brazos o manos,6032.0,6032.0,7.0,ENIGH (INEGI),Personas de 18 años o más,enigh
hogar,Es jefa o jefe del hogar,2022,Hombres,Con discapacidad,Veracruz,45-59,Caminar,17935.0,22305.0,26.0,ENIGH (INEGI),Personas de 18 años o más,enigh
hogar,Es jefa o jefe del hogar,2022,Hombres,Con discapacidad,Veracruz,45-59,Hablar o comunicarse,1262.0,3066.0,3.0,ENIGH (INEGI),Personas de 18 años o más,enigh
hogar,Es jefa o jefe del hogar,2022,Hombres,Con discapacidad,Veracruz,45-59,Mental,3848.0,10434.0,12.0,ENIGH (INEGI),Personas de 18 años o más,enigh
hogar,Es jefa o jefe del hogar,2022,Hombres,Con discapacidad,Veracruz,45-59,Oír,10792.0,12508.0,13.0,ENIGH (INEGI),Personas de 18 años o más,enigh
hogar,Es jefa o jefe del hogar,2022,Hombres,Con discapacidad,Veracruz,45-59,Recordar o concentrarse,673.0,2529.0,3.0,ENIGH (INEGI),Personas de 18 años o más,enigh
hogar,Es jefa o jefe del hogar,2022,Hombres,Con discapacidad,Veracruz,45-59,Ver,14916.0,16677.0,20.0,ENIGH (INEGI),Personas de 18 años o más,enigh
hogar,Es jefa o jefe del hogar,2022,Hombres,Con discapacidad,Veracruz,60+,Bañarse o vestirse,12845.0,25182.0,31.0,ENIGH (INEGI),Personas de 18 años o más,enigh
hogar,Es jefa o jefe del hogar,2022,Hombres,Con discapacidad,Veracruz,60+,Brazos o manos,12453.0,21758.0,25.0,ENIGH (INEGI),Personas de 18 años o más,enigh
hogar,Es jefa o jefe del hogar,2022,Hombres,Con discapacidad,Veracruz,60+,Caminar,57459.0,78519.0,91.0,ENIGH (INEGI),Personas de 18 años o más,enigh
hogar,Es jefa o jefe del hogar,2022,Hombres,Con discapacidad,Veracruz,60+,Hablar o comunicarse,3180.0,8078.0,10.0,ENIGH (INEGI),Personas de 18 años o más,enigh
hogar,Es jefa o jefe del hogar,2022,Hombres,Con discapacidad,Veracruz,60+,Mental,5747.0,14033.0,16.0,ENIGH (INEGI),Personas de 18 años o más,enigh
hogar,Es jefa o jefe del hogar,2022,Hombres,Con discapacidad,Veracruz,60+,Oír,28796.0,42487.0,51.0,ENIGH (INEGI),Personas de 18 años o más,enigh
hogar,Es jefa o jefe del hogar,2022,Hombres,Con discapacidad,Veracruz,60+,Recordar o concentrarse,13171.0,24690.0,29.0,ENIGH (INEGI),Personas de 18 años o más,enigh
hogar,Es jefa o jefe del hogar,2022,Hombres,Con discapacidad,Veracruz,60+,Ver,39974.0,55705.0,69.0,ENIGH (INEGI),Personas de 18 años o más,enigh
hogar,Es jefa o jefe del hogar,2022,Hombres,Con discapacidad,Yucatán,18-29,Bañarse o vestirse,0.0,1045.0,4.0,ENIGH (INEGI),Personas de 18 años o más,enigh
hogar,Es jefa o jefe del hogar,2022,Hombres,Con discapacidad,Yucatán,18-29,Brazos o manos,90.0,1612.0,6.0,ENIGH (INEGI),Personas de 18 años o más,enigh
hogar,Es jefa o jefe del hogar,2022,Hombres,Con discapacidad,Yucatán,18-29,Caminar,0.0,1707.0,7.0,ENIGH (INEGI),Personas de 18 años o más,enigh
hogar,Es jefa o jefe del hogar,2022,Hombres,Con discapacidad,Yucatán,18-29,Hablar o comunicarse,0.0,2503.0,11.0,ENIGH (INEGI),Personas de 18 años o más,enigh
hogar,Es jefa o jefe del hogar,2022,Hombres,Con discapacidad,Yucatán,18-29,Mental,0.0,2494.0,11.0,ENIGH (INEGI),Personas de 18 años o más,enigh
hogar,Es jefa o jefe del hogar,2022,Hombres,Con discapacidad,Yucatán,18-29,Oír,83.0,759.0,4.0,ENIGH (INEGI),Personas de 18 años o más,enigh
hogar,Es jefa o jefe del hogar,2022,Hombres,Con discapacidad,Yucatán,18-29,Recordar o concentrarse,0.0,1469.0,6.0,ENIGH (INEGI),Personas de 18 años o más,enigh
hogar,Es jefa o jefe del hogar,2022,Hombres,Con discapacidad,Yucatán,18-29,Ver,83.0,2634.0,9.0,ENIGH (INEGI),Personas de 18 años o más,enigh
hogar,Es jefa o jefe del hogar,2022,Hombres,Con discapacidad,Yucatán,30-44,Bañarse o vestirse,0.0,219.0,1.0,ENIGH (INEGI),Personas de 18 años o más,enigh
hogar,Es jefa o jefe del hogar,2022,Hombres,Con discapacidad,Yucatán,30-44,Brazos o manos,0.0,563.0,2.0,ENIGH (INEGI),Personas de 18 años o más,enigh
hogar,Es jefa o jefe del hogar,2022,Hombres,Con discapacidad,Yucatán,30-44,Caminar,1135.0,2771.0,13.0,ENIGH (INEGI),Personas de 18 años o más,enigh
hogar,Es jefa o jefe del hogar,2022,Hombres,Con discapacidad,Yucatán,30-44,Hablar o comunicarse,105.0,1147.0,6.0,ENIGH (INEGI),Personas de 18 años o más,enigh
hogar,Es jefa o jefe del hogar,2022,Hombres,Con discapacidad,Yucatán,30-44,Mental,351.0,2148.0,9.0,ENIGH (INEGI),Personas de 18 años o más,enigh
hogar,Es jefa o jefe del hogar,2022,Hombres,Con discapacidad,Yucatán,30-44,Oír,994.0,1440.0,7.0,ENIGH (INEGI),Personas de 18 años o más,enigh
hogar,Es jefa o jefe del hogar,2022,Hombres,Con discapacidad,Yucatán,30-44,Recordar o concentrarse,406.0,1807.0,7.0,ENIGH (INEGI),Personas de 18 años o más,enigh
hogar,Es jefa o jefe del hogar,2022,Hombres,Con discapacidad,Yucatán,30-44,Ver,1287.0,1287.0,4.0,ENIGH (INEGI),Personas de 18 años o más,enigh
hogar,Es jefa o jefe del hogar,2022,Hombres,Con discapacidad,Yucatán,45-59,Bañarse o vestirse,1010.0,2029.0,8.0,ENIGH (INEGI),Personas de 18 años o más,enigh
hogar,Es jefa o jefe del hogar,2022,Hombres,Con discapacidad,Yucatán,45-59,Brazos o manos,2546.0,2787.0,14.0,ENIGH (INEGI),Personas de 18 años o más,enigh
hogar,Es jefa o jefe del hogar,2022,Hombres,Con discapacidad,Yucatán,45-59,Caminar,6976.0,9883.0,42.0,ENIGH (INEGI),Personas de 18 años o más,enigh
hogar,Es jefa o jefe del hogar,2022,Hombres,Con discapacidad,Yucatán,45-59,Hablar o comunicarse,836.0,2412.0,10.0,ENIGH (INEGI),Personas de 18 años o más,enigh
hogar,Es jefa o jefe del hogar,2022,Hombres,Con discapacidad,Yucatán,45-59,Mental,982.0,2338.0,10.0,ENIGH (INEGI),Personas de 18 años o más,enigh
hogar,Es jefa o jefe del hogar,2022,Hombres,Con discapacidad,Yucatán,45-59,Oír,3134.0,4566.0,17.0,ENIGH (INEGI),Personas de 18 años o más,enigh
hogar,Es jefa o jefe del hogar,2022,Hombres,Con discapacidad,Yucatán,45-59,Recordar o concentrarse,1118.0,1951.0,9.0,ENIGH (INEGI),Personas de 18 años o más,enigh
hogar,Es jefa o jefe del hogar,2022,Hombres,Con discapacidad,Yucatán,45-59,Ver,5200.0,6219.0,26.0,ENIGH (INEGI),Personas de 18 años o más,enigh
hogar,Es jefa o jefe del hogar,2022,Hombres,Con discapacidad,Yucatán,60+,Bañarse o vestirse,4048.0,6807.0,37.0,ENIGH (INEGI),Personas de 18 años o más,enigh
hogar,Es jefa o jefe del hogar,2022,Hombres,Con discapacidad,Yucatán,60+,Brazos o manos,4864.0,7372.0,37.0,ENIGH (INEGI),Personas de 18 años o más,enigh
hogar,Es jefa o jefe del hogar,2022,Hombres,Con discapacidad,Yucatán,60+,Caminar,19791.0,25364.0,120.0,ENIGH (INEGI),Personas de 18 años o más,enigh
hogar,Es jefa o jefe del hogar,2022,Hombres,Con discapacidad,Yucatán,60+,Hablar o comunicarse,682.0,1526.0,8.0,ENIGH (INEGI),Personas de 18 años o más,enigh
hogar,Es jefa o jefe del hogar,2022,Hombres,Con discapacidad,Yucatán,60+,Mental,899.0,3472.0,17.0,ENIGH (INEGI),Personas de 18 años o más,enigh
hogar,Es jefa o jefe del hogar,2022,Hombres,Con discapacidad,Yucatán,60+,Oír,8783.0,12671.0,51.0,ENIGH (INEGI),Personas de 18 años o más,enigh
hogar,Es jefa o jefe del hogar,2022,Hombres,Con discapacidad,Yucatán,60+,Recordar o concentrarse,5751.0,7890.0,36.0,ENIGH (INEGI),Personas de 18 años o más,enigh
hogar,Es jefa o jefe del hogar,2022,Hombres,Con discapacidad,Yucatán,60+,Ver,11544.0,15045.0,70.0,ENIGH (INEGI),Personas de 18 años o más,enigh
hogar,Es jefa o jefe del hogar,2022,Hombres,Con discapacidad,Zacatecas,18-29,Bañarse o vestirse,0.0,332.0,2.0,ENIGH (INEGI),Personas de 18 años o más,enigh
hogar,Es jefa o jefe del hogar,2022,Hombres,Con discapacidad,Zacatecas,18-29,Brazos o manos,207.0,360.0,2.0,ENIGH (INEGI),Personas de 18 años o más,enigh
hogar,Es jefa o jefe del hogar,2022,Hombres,Con discapacidad,Zacatecas,18-29,Caminar,407.0,814.0,4.0,ENIGH (INEGI),Personas de 18 años o más,enigh
hogar,Es jefa o jefe del hogar,2022,Hombres,Con discapacidad,Zacatecas,18-29,Hablar o comunicarse,0.0,1144.0,6.0,ENIGH (INEGI),Personas de 18 años o más,enigh
hogar,Es jefa o jefe del hogar,2022,Hombres,Con discapacidad,Zacatecas,18-29,Mental,0.0,1051.0,6.0,ENIGH (INEGI),Personas de 18 años o más,enigh
hogar,Es jefa o jefe del hogar,2022,Hombres,Con discapacidad,Zacatecas,18-29,Oír,207.0,621.0,3.0,ENIGH (INEGI),Personas de 18 años o más,enigh
hogar,Es jefa o jefe del hogar,2022,Hombres,Con discapacidad,Zacatecas,18-29,Recordar o concentrarse,0.0,672.0,4.0,ENIGH (INEGI),Personas de 18 años o más,enigh
hogar,Es jefa o jefe del hogar,2022,Hombres,Con discapacidad,Zacatecas,18-29,Ver,583.0,1654.0,9.0,ENIGH (INEGI),Personas de 18 años o más,enigh
hogar,Es jefa o jefe del hogar,2022,Hombres,Con discapacidad,Zacatecas,30-44,Bañarse o vestirse,613.0,803.0,4.0,ENIGH (INEGI),Personas de 18 años o más,enigh
hogar,Es jefa o jefe del hogar,2022,Hombres,Con discapacidad,Zacatecas,30-44,Brazos o manos,627.0,1144.0,6.0,ENIGH (INEGI),Personas de 18 años o más,enigh
hogar,Es jefa o jefe del hogar,2022,Hombres,Con discapacidad,Zacatecas,30-44,Caminar,717.0,1637.0,9.0,ENIGH (INEGI),Personas de 18 años o más,enigh
hogar,Es jefa o jefe del hogar,2022,Hombres,Con discapacidad,Zacatecas,30-44,Hablar o comunicarse,0.0,732.0,4.0,ENIGH (INEGI),Personas de 18 años o más,enigh
hogar,Es jefa o jefe del hogar,2022,Hombres,Con discapacidad,Zacatecas,30-44,Mental,411.0,1147.0,6.0,ENIGH (INEGI),Personas de 18 años o más,enigh
hogar,Es jefa o jefe del hogar,2022,Hombres,Con discapacidad,Zacatecas,30-44,Oír,190.0,553.0,3.0,ENIGH (INEGI),Personas de 18 años o más,enigh
hogar,Es jefa o jefe del hogar,2022,Hombres,Con discapacidad,Zacatecas,30-44,Recordar o concentrarse,190.0,732.0,4.0,ENIGH (INEGI),Personas de 18 años o más,enigh
hogar,Es jefa o jefe del hogar,2022,Hombres,Con discapacidad,Zacatecas,30-44,Ver,1265.0,2109.0,12.0,ENIGH (INEGI),Personas de 18 años o más,enigh
hogar,Es jefa o jefe del hogar,2022,Hombres,Con discapacidad,Zacatecas,45-59,Bañarse o vestirse,342.0,484.0,3.0,ENIGH (INEGI),Personas de 18 años o más,enigh
hogar,Es jefa o jefe del hogar,2022,Hombres,Con discapacidad,Zacatecas,45-59,Brazos o manos,1030.0,1787.0,10.0,ENIGH (INEGI),Personas de 18 años o más,enigh
hogar,Es jefa o jefe del hogar,2022,Hombres,Con discapacidad,Zacatecas,45-59,Caminar,5101.0,6226.0,32.0,ENIGH (INEGI),Personas de 18 años o más,enigh
hogar,Es jefa o jefe del hogar,2022,Hombres,Con discapacidad,Zacatecas,45-59,Hablar o comunicarse,542.0,1302.0,7.0,ENIGH (INEGI),Personas de 18 años o más,enigh
hogar,Es jefa o jefe del hogar,2022,Hombres,Con discapacidad,Zacatecas,45-59,Mental,351.0,1016.0,5.0,ENIGH (INEGI),Personas de 18 años o más,enigh
hogar,Es jefa o jefe del hogar,2022,Hombres,Con discapacidad,Zacatecas,45-59,Oír,1811.0,1974.0,11.0,ENIGH (INEGI),Personas de 18 años o más,enigh
hogar,Es jefa o jefe del hogar,2022,Hombres,Con discapacidad,Zacatecas,45-59,Recordar o concentrarse,758.0,1184.0,6.0,ENIGH (INEGI),Personas de 18 años o más,enigh
hogar,Es jefa o jefe del hogar,2022,Hombres,Con discapacidad,Zacatecas,45-59,Ver,4111.0,4404.0,24.0,ENIGH (INEGI),Personas de 18 años o más,enigh
hogar,Es jefa o jefe del hogar,2022,Hombres,Con discapacidad,Zacatecas,60+,Bañarse o vestirse,4025.0,4940.0,28.0,ENIGH (INEGI),Personas de 18 años o más,enigh
hogar,Es jefa o jefe del hogar,2022,Hombres,Con discapacidad,Zacatecas,60+,Brazos o manos,7742.0,8130.0,47.0,ENIGH (INEGI),Personas de 18 años o más,enigh
hogar,Es jefa o jefe del hogar,2022,Hombres,Con discapacidad,Zacatecas,60+,Caminar,21352.0,24523.0,140.0,ENIGH (INEGI),Personas de 18 años o más,enigh
hogar,Es jefa o jefe del hogar,2022,Hombres,Con discapacidad,Zacatecas,60+,Hablar o comunicarse,1776.0,2622.0,16.0,ENIGH (INEGI),Personas de 18 años o más,enigh
hogar,Es jefa o jefe del hogar,2022,Hombres,Con discapacidad,Zacatecas,60+,Mental,1904.0,2931.0,17.0,ENIGH (INEGI),Personas de 18 años o más,enigh
hogar,Es jefa o jefe del hogar,2022,Hombres,Con discapacidad,Zacatecas,60+,Oír,6807.0,8390.0,49.0,ENIGH (INEGI),Personas de 18 años o más,enigh
hogar,Es jefa o jefe del hogar,2022,Hombres,Con discapacidad,Zacatecas,60+,Recordar o concentrarse,3653.0,4200.0,25.0,ENIGH (INEGI),Personas de 18 años o más,enigh
hogar,Es jefa o jefe del hogar,2022,Hombres,Con discapacidad,Zacatecas,60+,Ver,9836.0,11123.0,65.0,ENIGH (INEGI),Personas de 18 años o más,enigh
hogar,Es jefa o jefe del hogar,2022,Mujeres,Con discapacidad,Aguascalientes,18-29,Bañarse o vestirse,0.0,559.0,3.0,ENIGH (INEGI),Personas de 18 años o más,enigh
hogar,Es jefa o jefe del hogar,2022,Mujeres,Con discapacidad,Aguascalientes,18-29,Brazos o manos,193.0,909.0,5.0,ENIGH (INEGI),Personas de 18 años o más,enigh
hogar,Es jefa o jefe del hogar,2022,Mujeres,Con discapacidad,Aguascalientes,18-29,Caminar,193.0,1475.0,10.0,ENIGH (INEGI),Personas de 18 años o más,enigh
hogar,Es jefa o jefe del hogar,2022,Mujeres,Con discapacidad,Aguascalientes,18-29,Hablar o comunicarse,0.0,374.0,2.0,ENIGH (INEGI),Personas de 18 años o más,enigh
hogar,Es jefa o jefe del hogar,2022,Mujeres,Con discapacidad,Aguascalientes,18-29,Mental,0.0,600.0,3.0,ENIGH (INEGI),Personas de 18 años o más,enigh
hogar,Es jefa o jefe del hogar,2022,Mujeres,Con discapacidad,Aguascalientes,18-29,Recordar o concentrarse,496.0,1096.0,5.0,ENIGH (INEGI),Personas de 18 años o más,enigh
hogar,Es jefa o jefe del hogar,2022,Mujeres,Con discapacidad,Aguascalientes,18-29,Ver,60.0,1881.0,14.0,ENIGH (INEGI),Personas de 18 años o más,enigh
hogar,Es jefa o jefe del hogar,2022,Mujeres,Con discapacidad,Aguascalientes,30-44,Bañarse o vestirse,0.0,478.0,5.0,ENIGH (INEGI),Personas de 18 años o más,enigh
hogar,Es jefa o jefe del hogar,2022,Mujeres,Con discapacidad,Aguascalientes,30-44,Brazos o manos,0.0,1033.0,8.0,ENIGH (INEGI),Personas de 18 años o más,enigh
hogar,Es jefa o jefe del hogar,2022,Mujeres,Con discapacidad,Aguascalientes,30-44,Caminar,426.0,2430.0,19.0,ENIGH (INEGI),Personas de 18 años o más,enigh
hogar,Es jefa o jefe del hogar,2022,Mujeres,Con discapacidad,Aguascalientes,30-44,Hablar o comunicarse,0.0,582.0,7.0,ENIGH (INEGI),Personas de 18 años o más,enigh
hogar,Es jefa o jefe del hogar,2022,Mujeres,Con discapacidad,Aguascalientes,30-44,Mental,0.0,900.0,8.0,ENIGH (INEGI),Personas de 18 años o más,enigh
hogar,Es jefa o jefe del hogar,2022,Mujeres,Con discapacidad,Aguascalientes,30-44,Oír,196.0,1306.0,9.0,ENIGH (INEGI),Personas de 18 años o más,enigh
hogar,Es jefa o jefe del hogar,2022,Mujeres,Con discapacidad,Aguascalientes,30-44,Recordar o concentrarse,229.0,1354.0,9.0,ENIGH (INEGI),Personas de 18 años o más,enigh
hogar,Es jefa o jefe del hogar,2022,Mujeres,Con discapacidad,Aguascalientes,30-44,Ver,287.0,2832.0,21.0,ENIGH (INEGI),Personas de 18 años o más,enigh
hogar,Es jefa o jefe del hogar,2022,Mujeres,Con discapacidad,Aguascalientes,45-59,Bañarse o vestirse,0.0,733.0,3.0,ENIGH (INEGI),Personas de 18 años o más,enigh
hogar,Es jefa o jefe del hogar,2022,Mujeres,Con discapacidad,Aguascalientes,45-59,Brazos o manos,306.0,2557.0,16.0,ENIGH (INEGI),Personas de 18 años o más,enigh
hogar,Es jefa o jefe del hogar,2022,Mujeres,Con discapacidad,Aguascalientes,45-59,Caminar,2830.0,8149.0,53.0,ENIGH (INEGI),Personas de 18 años o más,enigh
hogar,Es jefa o jefe del hogar,2022,Mujeres,Con discapacidad,Aguascalientes,45-59,Hablar o comunicarse,185.0,844.0,7.0,ENIGH (INEGI),Personas de 18 años o más,enigh
hogar,Es jefa o jefe del hogar,2022,Mujeres,Con discapacidad,Aguascalientes,45-59,Mental,768.0,1997.0,11.0,ENIGH (INEGI),Personas de 18 años o más,enigh
hogar,Es jefa o jefe del hogar,2022,Mujeres,Con discapacidad,Aguascalientes,45-59,Oír,392.0,1571.0,12.0,ENIGH (INEGI),Personas de 18 años o más,enigh
hogar,Es jefa o jefe del hogar,2022,Mujeres,Con discapacidad,Aguascalientes,45-59,Recordar o concentrarse,418.0,2123.0,13.0,ENIGH (INEGI),Personas de 18 años o más,enigh
hogar,Es jefa o jefe del hogar,2022,Mujeres,Con discapacidad,Aguascalientes,45-59,Ver,2080.0,5665.0,37.0,ENIGH (INEGI),Personas de 18 años o más,enigh
hogar,Es jefa o jefe del hogar,2022,Mujeres,Con discapacidad,Aguascalientes,60+,Bañarse o vestirse,1152.0,4991.0,36.0,ENIGH (INEGI),Personas de 18 años o más,enigh
hogar,Es jefa o jefe del hogar,2022,Mujeres,Con discapacidad,Aguascalientes,60+,Brazos o manos,2487.0,6410.0,47.0,ENIGH (INEGI),Personas de 18 años o más,enigh
hogar,Es jefa o jefe del hogar,2022,Mujeres,Con discapacidad,Aguascalientes,60+,Caminar,10940.0,21690.0,155.0,ENIGH (INEGI),Personas de 18 años o más,enigh
hogar,Es jefa o jefe del hogar,2022,Mujeres,Con discapacidad,Aguascalientes,60+,Hablar o comunicarse,433.0,2605.0,17.0,ENIGH (INEGI),Personas de 18 años o más,enigh
hogar,Es jefa o jefe del hogar,2022,Mujeres,Con discapacidad,Aguascalientes,60+,Mental,634.0,3755.0,26.0,ENIGH (INEGI),Personas de 18 años o más,enigh
hogar,Es jefa o jefe del hogar,2022,Mujeres,Con discapacidad,Aguascalientes,60+,Oír,2106.0,5041.0,41.0,ENIGH (INEGI),Personas de 18 años o más,enigh
hogar,Es jefa o jefe del hogar,2022,Mujeres,Con discapacidad,Aguascalientes,60+,Recordar o concentrarse,2146.0,6984.0,50.0,ENIGH (INEGI),Personas de 18 años o más,enigh
hogar,Es jefa o jefe del hogar,2022,Mujeres,Con discapacidad,Aguascalientes,60+,Ver,3406.0,8096.0,63.0,ENIGH (INEGI),Personas de 18 años o más,enigh
hogar,Es jefa o jefe del hogar,2022,Mujeres,Con discapacidad,Baja California,18-29,Bañarse o vestirse,0.0,726.0,3.0,ENIGH (INEGI),Personas de 18 años o más,enigh
hogar,Es jefa o jefe del hogar,2022,Mujeres,Con discapacidad,Baja California,18-29,Brazos o manos,0.0,479.0,2.0,ENIGH (INEGI),Personas de 18 años o más,enigh
hogar,Es jefa o jefe del hogar,2022,Mujeres,Con discapacidad,Baja California,18-29,Caminar,1156.0,4564.0,18.0,ENIGH (INEGI),Personas de 18 años o más,enigh
hogar,Es jefa o jefe del hogar,2022,Mujeres,Con discapacidad,Baja California,18-29,Hablar o comunicarse,0.0,3127.0,9.0,ENIGH (INEGI),Personas de 18 años o más,enigh
hogar,Es jefa o jefe del hogar,2022,Mujeres,Con discapacidad,Baja California,18-29,Mental,573.0,1933.0,8.0,ENIGH (INEGI),Personas de 18 años o más,enigh
hogar,Es jefa o jefe del hogar,2022,Mujeres,Con discapacidad,Baja California,18-29,Oír,0.0,1252.0,3.0,ENIGH (INEGI),Personas de 18 años o más,enigh
hogar,Es jefa o jefe del hogar,2022,Mujeres,Con discapacidad,Baja California,18-29,Recordar o concentrarse,0.0,2116.0,8.0,ENIGH (INEGI),Personas de 18 años o más,enigh
hogar,Es jefa o jefe del hogar,2022,Mujeres,Con discapacidad,Baja California,18-29,Ver,0.0,2285.0,8.0,ENIGH (INEGI),Personas de 18 años o más,enigh
hogar,Es jefa o jefe del hogar,2022,Mujeres,Con discapacidad,Baja California,30-44,Bañarse o vestirse,480.0,3464.0,8.0,ENIGH (INEGI),Personas de 18 años o más,enigh
hogar,Es jefa o jefe del hogar,2022,Mujeres,Con discapacidad,Baja California,30-44,Brazos o manos,1060.0,3628.0,11.0,ENIGH (INEGI),Personas de 18 años o más,enigh
hogar,Es jefa o jefe del hogar,2022,Mujeres,Con discapacidad,Baja California,30-44,Caminar,57.0,3556.0,15.0,ENIGH (INEGI),Personas de 18 años o más,enigh
hogar,Es jefa o jefe del hogar,2022,Mujeres,Con discapacidad,Baja California,30-44,Hablar o comunicarse,78.0,1903.0,7.0,ENIGH (INEGI),Personas de 18 años o más,enigh
hogar,Es jefa o jefe del hogar,2022,Mujeres,Con discapacidad,Baja California,30-44,Mental,0.0,1829.0,6.0,ENIGH (INEGI),Personas de 18 años o más,enigh
hogar,Es jefa o jefe del hogar,2022,Mujeres,Con discapacidad,Baja California,30-44,Oír,749.0,2837.0,11.0,ENIGH (INEGI),Personas de 18 años o más,enigh
hogar,Es jefa o jefe del hogar,2022,Mujeres,Con discapacidad,Baja California,30-44,Recordar o concentrarse,546.0,1822.0,8.0,ENIGH (INEGI),Personas de 18 años o más,enigh
hogar,Es jefa o jefe del hogar,2022,Mujeres,Con discapacidad,Baja California,30-44,Ver,2984.0,4282.0,14.0,ENIGH (INEGI),Personas de 18 años o más,enigh
hogar,Es jefa o jefe del hogar,2022,Mujeres,Con discapacidad,Baja California,45-59,Bañarse o vestirse,646.0,1214.0,3.0,ENIGH (INEGI),Personas de 18 años o más,enigh
hogar,Es jefa o jefe del hogar,2022,Mujeres,Con discapacidad,Baja California,45-59,Brazos o manos,1589.0,5733.0,19.0,ENIGH (INEGI),Personas de 18 años o más,enigh
hogar,Es jefa o jefe del hogar,2022,Mujeres,Con discapacidad,Baja California,45-59,Caminar,3348.0,9477.0,38.0,ENIGH (INEGI),Personas de 18 años o más,enigh
hogar,Es jefa o jefe del hogar,2022,Mujeres,Con discapacidad,Baja California,45-59,Hablar o comunicarse,1245.0,2355.0,7.0,ENIGH (INEGI),Personas de 18 años o más,enigh
hogar,Es jefa o jefe del hogar,2022,Mujeres,Con discapacidad,Baja California,45-59,Mental,680.0,2739.0,12.0,ENIGH (INEGI),Personas de 18 años o más,enigh
hogar,Es jefa o jefe del hogar,2022,Mujeres,Con discapacidad,Baja California,45-59,Oír,606.0,3247.0,9.0,ENIGH (INEGI),Personas de 18 años o más,enigh
hogar,Es jefa o jefe del hogar,2022,Mujeres,Con discapacidad,Baja California,45-59,Recordar o concentrarse,100.0,1172.0,6.0,ENIGH (INEGI),Personas de 18 años o más,enigh
hogar,Es jefa o jefe del hogar,2022,Mujeres,Con discapacidad,Baja California,45-59,Ver,2481.0,7740.0,30.0,ENIGH (INEGI),Personas de 18 años o más,enigh
hogar,Es jefa o jefe del hogar,2022,Mujeres,Con discapacidad,Baja California,60+,Bañarse o vestirse,6244.0,18006.0,48.0,ENIGH (INEGI),Personas de 18 años o más,enigh
hogar,Es jefa o jefe del hogar,2022,Mujeres,Con discapacidad,Baja California,60+,Brazos o manos,6123.0,15516.0,53.0,ENIGH (INEGI),Personas de 18 años o más,enigh
hogar,Es jefa o jefe del hogar,2022,Mujeres,Con discapacidad,Baja California,60+,Caminar,17948.0,38292.0,117.0,ENIGH (INEGI),Personas de 18 años o más,enigh
hogar,Es jefa o jefe del hogar,2022,Mujeres,Con discapacidad,Baja California,60+,Hablar o comunicarse,1908.0,7450.0,18.0,ENIGH (INEGI),Personas de 18 años o más,enigh
hogar,Es jefa o jefe del hogar,2022,Mujeres,Con discapacidad,Baja California,60+,Mental,5093.0,13237.0,37.0,ENIGH (INEGI),Personas de 18 años o más,enigh
hogar,Es jefa o jefe del hogar,2022,Mujeres,Con discapacidad,Baja California,60+,Oír,5364.0,11484.0,35.0,ENIGH (INEGI),Personas de 18 años o más,enigh
hogar,Es jefa o jefe del hogar,2022,Mujeres,Con discapacidad,Baja California,60+,Recordar o concentrarse,3375.0,8348.0,30.0,ENIGH (INEGI),Personas de 18 años o más,enigh
hogar,Es jefa o jefe del hogar,2022,Mujeres,Con discapacidad,Baja California,60+,Ver,8085.0,19605.0,68.0,ENIGH (INEGI),Personas de 18 años o más,enigh
hogar,Es jefa o jefe del hogar,2022,Mujeres,Con discapacidad,Baja California Sur,18-29,Caminar,0.0,321.0,3.0,ENIGH (INEGI),Personas de 18 años o más,enigh
hogar,Es jefa o jefe del hogar,2022,Mujeres,Con discapacidad,Baja California Sur,18-29,Hablar o comunicarse,0.0,190.0,2.0,ENIGH (INEGI),Personas de 18 años o más,enigh
hogar,Es jefa o jefe del hogar,2022,Mujeres,Con discapacidad,Baja California Sur,18-29,Mental,0.0,269.0,2.0,ENIGH (INEGI),Personas de 18 años o más,enigh
hogar,Es jefa o jefe del hogar,2022,Mujeres,Con discapacidad,Baja California Sur,18-29,Oír,0.0,233.0,2.0,ENIGH (INEGI),Personas de 18 años o más,enigh
hogar,Es jefa o jefe del hogar,2022,Mujeres,Con discapacidad,Baja California Sur,18-29,Recordar o concentrarse,128.0,165.0,2.0,ENIGH (INEGI),Personas de 18 años o más,enigh
hogar,Es jefa o jefe del hogar,2022,Mujeres,Con discapacidad,Baja California Sur,18-29,Ver,121.0,1007.0,11.0,ENIGH (INEGI),Personas de 18 años o más,enigh
hogar,Es jefa o jefe del hogar,2022,Mujeres,Con discapacidad,Baja California Sur,30-44,Bañarse o vestirse,45.0,191.0,2.0,ENIGH (INEGI),Personas de 18 años o más,enigh
hogar,Es jefa o jefe del hogar,2022,Mujeres,Con discapacidad,Baja California Sur,30-44,Brazos o manos,45.0,289.0,3.0,ENIGH (INEGI),Personas de 18 años o más,enigh
hogar,Es jefa o jefe del hogar,2022,Mujeres,Con discapacidad,Baja California Sur,30-44,Caminar,409.0,1688.0,14.0,ENIGH (INEGI),Personas de 18 años o más,enigh
hogar,Es jefa o jefe del hogar,2022,Mujeres,Con discapacidad,Baja California Sur,30-44,Hablar o comunicarse,45.0,658.0,7.0,ENIGH (INEGI),Personas de 18 años o más,enigh
hogar,Es jefa o jefe del hogar,2022,Mujeres,Con discapacidad,Baja California Sur,30-44,Mental,45.0,363.0,4.0,ENIGH (INEGI),Personas de 18 años o más,enigh
hogar,Es jefa o jefe del hogar,2022,Mujeres,Con discapacidad,Baja California Sur,30-44,Oír,0.0,294.0,2.0,ENIGH (INEGI),Personas de 18 años o más,enigh
hogar,Es jefa o jefe del hogar,2022,Mujeres,Con discapacidad,Baja California Sur,30-44,Recordar o concentrarse,207.0,666.0,7.0,ENIGH (INEGI),Personas de 18 años o más,enigh
hogar,Es jefa o jefe del hogar,2022,Mujeres,Con discapacidad,Baja California Sur,30-44,Ver,120.0,1002.0,12.0,ENIGH (INEGI),Personas de 18 años o más,enigh
hogar,Es jefa o jefe del hogar,2022,Mujeres,Con discapacidad,Baja California Sur,45-59,Bañarse o vestirse,153.0,381.0,4.0,ENIGH (INEGI),Personas de 18 años o más,enigh
hogar,Es jefa o jefe del hogar,2022,Mujeres,Con discapacidad,Baja California Sur,45-59,Brazos o manos,612.0,1195.0,12.0,ENIGH (INEGI),Personas de 18 años o más,enigh
hogar,Es jefa o jefe del hogar,2022,Mujeres,Con discapacidad,Baja California Sur,45-59,Caminar,2068.0,3251.0,34.0,ENIGH (INEGI),Personas de 18 años o más,enigh
hogar,Es jefa o jefe del hogar,2022,Mujeres,Con discapacidad,Baja California Sur,45-59,Hablar o comunicarse,270.0,561.0,5.0,ENIGH (INEGI),Personas de 18 años o más,enigh
hogar,Es jefa o jefe del hogar,2022,Mujeres,Con discapacidad,Baja California Sur,45-59,Mental,121.0,477.0,5.0,ENIGH (INEGI),Personas de 18 años o más,enigh
hogar,Es jefa o jefe del hogar,2022,Mujeres,Con discapacidad,Baja California Sur,45-59,Oír,224.0,613.0,8.0,ENIGH (INEGI),Personas de 18 años o más,enigh
hogar,Es jefa o jefe del hogar,2022,Mujeres,Con discapacidad,Baja California Sur,45-59,Recordar o concentrarse,674.0,1055.0,10.0,ENIGH (INEGI),Personas de 18 años o más,enigh
hogar,Es jefa o jefe del hogar,2022,Mujeres,Con discapacidad,Baja California Sur,45-59,Ver,1588.0,2758.0,27.0,ENIGH (INEGI),Personas de 18 años o más,enigh
hogar,Es jefa o jefe del hogar,2022,Mujeres,Con discapacidad,Baja California Sur,60+,Bañarse o vestirse,1264.0,2637.0,31.0,ENIGH (INEGI),Personas de 18 años o más,enigh
hogar,Es jefa o jefe del hogar,2022,Mujeres,Con discapacidad,Baja California Sur,60+,Brazos o manos,1491.0,2616.0,37.0,ENIGH (INEGI),Personas de 18 años o más,enigh
hogar,Es jefa o jefe del hogar,2022,Mujeres,Con discapacidad,Baja California Sur,60+,Caminar,5249.0,9707.0,116.0,ENIGH (INEGI),Personas de 18 años o más,enigh
hogar,Es jefa o jefe del hogar,2022,Mujeres,Con discapacidad,Baja California Sur,60+,Hablar o comunicarse,271.0,587.0,8.0,ENIGH (INEGI),Personas de 18 años o más,enigh
hogar,Es jefa o jefe del hogar,2022,Mujeres,Con discapacidad,Baja California Sur,60+,Mental,789.0,1806.0,21.0,ENIGH (INEGI),Personas de 18 años o más,enigh
hogar,Es jefa o jefe del hogar,2022,Mujeres,Con discapacidad,Baja California Sur,60+,Oír,1338.0,3204.0,38.0,ENIGH (INEGI),Personas de 18 años o más,enigh
hogar,Es jefa o jefe del hogar,2022,Mujeres,Con discapacidad,Baja California Sur,60+,Recordar o concentrarse,1228.0,3183.0,34.0,ENIGH (INEGI),Personas de 18 años o más,enigh
hogar,Es jefa o jefe del hogar,2022,Mujeres,Con discapacidad,Baja California Sur,60+,Ver,2402.0,4405.0,54.0,ENIGH (INEGI),Personas de 18 años o más,enigh
hogar,Es jefa o jefe del hogar,2022,Mujeres,Con discapacidad,Campeche,18-29,Bañarse o vestirse,0.0,111.0,1.0,ENIGH (INEGI),Personas de 18 años o más,enigh
hogar,Es jefa o jefe del hogar,2022,Mujeres,Con discapacidad,Campeche,18-29,Brazos o manos,0.0,265.0,2.0,ENIGH (INEGI),Personas de 18 años o más,enigh
hogar,Es jefa o jefe del hogar,2022,Mujeres,Con discapacidad,Campeche,18-29,Caminar,0.0,249.0,2.0,ENIGH (INEGI),Personas de 18 años o más,enigh
hogar,Es jefa o jefe del hogar,2022,Mujeres,Con discapacidad,Campeche,18-29,Hablar o comunicarse,151.0,386.0,3.0,ENIGH (INEGI),Personas de 18 años o más,enigh
hogar,Es jefa o jefe del hogar,2022,Mujeres,Con discapacidad,Campeche,18-29,Mental,0.0,328.0,3.0,ENIGH (INEGI),Personas de 18 años o más,enigh
hogar,Es jefa o jefe del hogar,2022,Mujeres,Con discapacidad,Campeche,18-29,Oír,151.0,151.0,1.0,ENIGH (INEGI),Personas de 18 años o más,enigh
hogar,Es jefa o jefe del hogar,2022,Mujeres,Con discapacidad,Campeche,18-29,Recordar o concentrarse,0.0,217.0,2.0,ENIGH (INEGI),Personas de 18 años o más,enigh
hogar,Es jefa o jefe del hogar,2022,Mujeres,Con discapacidad,Campeche,18-29,Ver,0.0,848.0,7.0,ENIGH (INEGI),Personas de 18 años o más,enigh
hogar,Es jefa o jefe del hogar,2022,Mujeres,Con discapacidad,Campeche,30-44,Bañarse o vestirse,111.0,462.0,4.0,ENIGH (INEGI),Personas de 18 años o más,enigh
hogar,Es jefa o jefe del hogar,2022,Mujeres,Con discapacidad,Campeche,30-44,Brazos o manos,111.0,468.0,4.0,ENIGH (INEGI),Personas de 18 años o más,enigh
hogar,Es jefa o jefe del hogar,2022,Mujeres,Con discapacidad,Campeche,30-44,Caminar,357.0,1492.0,12.0,ENIGH (INEGI),Personas de 18 años o más,enigh
hogar,Es jefa o jefe del hogar,2022,Mujeres,Con discapacidad,Campeche,30-44,Hablar o comunicarse,0.0,232.0,2.0,ENIGH (INEGI),Personas de 18 años o más,enigh
hogar,Es jefa o jefe del hogar,2022,Mujeres,Con discapacidad,Campeche,30-44,Mental,0.0,109.0,1.0,ENIGH (INEGI),Personas de 18 años o más,enigh
hogar,Es jefa o jefe del hogar,2022,Mujeres,Con discapacidad,Campeche,30-44,Oír,0.0,76.0,1.0,ENIGH (INEGI),Personas de 18 años o más,enigh
hogar,Es jefa o jefe del hogar,2022,Mujeres,Con discapacidad,Campeche,30-44,Recordar o concentrarse,0.0,434.0,3.0,ENIGH (INEGI),Personas de 18 años o más,enigh
hogar,Es jefa o jefe del hogar,2022,Mujeres,Con discapacidad,Campeche,30-44,Ver,257.0,386.0,3.0,ENIGH (INEGI),Personas de 18 años o más,enigh
hogar,Es jefa o jefe del hogar,2022,Mujeres,Con discapacidad,Campeche,45-59,Bañarse o vestirse,374.0,557.0,5.0,ENIGH (INEGI),Personas de 18 años o más,enigh
hogar,Es jefa o jefe del hogar,2022,Mujeres,Con discapacidad,Campeche,45-59,Brazos o manos,254.0,1196.0,10.0,ENIGH (INEGI),Personas de 18 años o más,enigh
hogar,Es jefa o jefe del hogar,2022,Mujeres,Con discapacidad,Campeche,45-59,Caminar,1908.0,4823.0,39.0,ENIGH (INEGI),Personas de 18 años o más,enigh
hogar,Es jefa o jefe del hogar,2022,Mujeres,Con discapacidad,Campeche,45-59,Hablar o comunicarse,0.0,221.0,2.0,ENIGH (INEGI),Personas de 18 años o más,enigh
hogar,Es jefa o jefe del hogar,2022,Mujeres,Con discapacidad,Campeche,45-59,Mental,120.0,963.0,8.0,ENIGH (INEGI),Personas de 18 años o más,enigh
hogar,Es jefa o jefe del hogar,2022,Mujeres,Con discapacidad,Campeche,45-59,Oír,105.0,626.0,5.0,ENIGH (INEGI),Personas de 18 años o más,enigh
hogar,Es jefa o jefe del hogar,2022,Mujeres,Con discapacidad,Campeche,45-59,Recordar o concentrarse,264.0,1045.0,9.0,ENIGH (INEGI),Personas de 18 años o más,enigh
hogar,Es jefa o jefe del hogar,2022,Mujeres,Con discapacidad,Campeche,45-59,Ver,1332.0,2175.0,17.0,ENIGH (INEGI),Personas de 18 años o más,enigh
hogar,Es jefa o jefe del hogar,2022,Mujeres,Con discapacidad,Campeche,60+,Bañarse o vestirse,1321.0,3247.0,28.0,ENIGH (INEGI),Personas de 18 años o más,enigh
hogar,Es jefa o jefe del hogar,2022,Mujeres,Con discapacidad,Campeche,60+,Brazos o manos,1538.0,3405.0,30.0,ENIGH (INEGI),Personas de 18 años o más,enigh
hogar,Es jefa o jefe del hogar,2022,Mujeres,Con discapacidad,Campeche,60+,Caminar,5742.0,11411.0,97.0,ENIGH (INEGI),Personas de 18 años o más,enigh
hogar,Es jefa o jefe del hogar,2022,Mujeres,Con discapacidad,Campeche,60+,Hablar o comunicarse,158.0,714.0,6.0,ENIGH (INEGI),Personas de 18 años o más,enigh
hogar,Es jefa o jefe del hogar,2022,Mujeres,Con discapacidad,Campeche,60+,Mental,1369.0,2886.0,26.0,ENIGH (INEGI),Personas de 18 años o más,enigh
hogar,Es jefa o jefe del hogar,2022,Mujeres,Con discapacidad,Campeche,60+,Oír,696.0,1856.0,16.0,ENIGH (INEGI),Personas de 18 años o más,enigh
hogar,Es jefa o jefe del hogar,2022,Mujeres,Con discapacidad,Campeche,60+,Recordar o concentrarse,1111.0,3372.0,30.0,ENIGH (INEGI),Personas de 18 años o más,enigh
hogar,Es jefa o jefe del hogar,2022,Mujeres,Con discapacidad,Campeche,60+,Ver,2363.0,5540.0,48.0,ENIGH (INEGI),Personas de 18 años o más,enigh
hogar,Es jefa o jefe del hogar,2022,Mujeres,Con discapacidad,Chiapas,18-29,Bañarse o vestirse,0.0,800.0,1.0,ENIGH (INEGI),Personas de 18 años o más,enigh
hogar,Es jefa o jefe del hogar,2022,Mujeres,Con discapacidad,Chiapas,18-29,Hablar o comunicarse,0.0,1968.0,3.0,ENIGH (INEGI),Personas de 18 años o más,enigh
hogar,Es jefa o jefe del hogar,2022,Mujeres,Con discapacidad,Chiapas,18-29,Mental,0.0,800.0,1.0,ENIGH (INEGI),Personas de 18 años o más,enigh
hogar,Es jefa o jefe del hogar,2022,Mujeres,Con discapacidad,Chiapas,18-29,Oír,0.0,2027.0,3.0,ENIGH (INEGI),Personas de 18 años o más,enigh
hogar,Es jefa o jefe del hogar,2022,Mujeres,Con discapacidad,Chiapas,18-29,Recordar o concentrarse,0.0,800.0,1.0,ENIGH (INEGI),Personas de 18 años o más,enigh
hogar,Es jefa o jefe del hogar,2022,Mujeres,Con discapacidad,Chiapas,18-29,Ver,0.0,2546.0,4.0,ENIGH (INEGI),Personas de 18 años o más,enigh
hogar,Es jefa o jefe del hogar,2022,Mujeres,Con discapacidad,Chiapas,30-44,Bañarse o vestirse,523.0,3042.0,5.0,ENIGH (INEGI),Personas de 18 años o más,enigh
hogar,Es jefa o jefe del hogar,2022,Mujeres,Con discapacidad,Chiapas,30-44,Brazos o manos,523.0,2555.0,4.0,ENIGH (INEGI),Personas de 18 años o más,enigh
hogar,Es jefa o jefe del hogar,2022,Mujeres,Con discapacidad,Chiapas,30-44,Caminar,1001.0,7089.0,11.0,ENIGH (INEGI),Personas de 18 años o más,enigh
hogar,Es jefa o jefe del hogar,2022,Mujeres,Con discapacidad,Chiapas,30-44,Hablar o comunicarse,0.0,2930.0,4.0,ENIGH (INEGI),Personas de 18 años o más,enigh
hogar,Es jefa o jefe del hogar,2022,Mujeres,Con discapacidad,Chiapas,30-44,Mental,1274.0,7996.0,12.0,ENIGH (INEGI),Personas de 18 años o más,enigh
hogar,Es jefa o jefe del hogar,2022,Mujeres,Con discapacidad,Chiapas,30-44,Oír,0.0,1303.0,2.0,ENIGH (INEGI),Personas de 18 años o más,enigh
hogar,Es jefa o jefe del hogar,2022,Mujeres,Con discapacidad,Chiapas,30-44,Recordar o concentrarse,1274.0,5034.0,8.0,ENIGH (INEGI),Personas de 18 años o más,enigh
hogar,Es jefa o jefe del hogar,2022,Mujeres,Con discapacidad,Chiapas,30-44,Ver,2466.0,6913.0,10.0,ENIGH (INEGI),Personas de 18 años o más,enigh
hogar,Es jefa o jefe del hogar,2022,Mujeres,Con discapacidad,Chiapas,45-59,Bañarse o vestirse,732.0,5041.0,7.0,ENIGH (INEGI),Personas de 18 años o más,enigh
hogar,Es jefa o jefe del hogar,2022,Mujeres,Con discapacidad,Chiapas,45-59,Brazos o manos,2631.0,8123.0,10.0,ENIGH (INEGI),Personas de 18 años o más,enigh
hogar,Es jefa o jefe del hogar,2022,Mujeres,Con discapacidad,Chiapas,45-59,Caminar,6182.0,19258.0,28.0,ENIGH (INEGI),Personas de 18 años o más,enigh
hogar,Es jefa o jefe del hogar,2022,Mujeres,Con discapacidad,Chiapas,45-59,Hablar o comunicarse,0.0,3158.0,4.0,ENIGH (INEGI),Personas de 18 años o más,enigh
hogar,Es jefa o jefe del hogar,2022,Mujeres,Con discapacidad,Chiapas,45-59,Mental,1242.0,5532.0,7.0,ENIGH (INEGI),Personas de 18 años o más,enigh
hogar,Es jefa o jefe del hogar,2022,Mujeres,Con discapacidad,Chiapas,45-59,Oír,1134.0,3117.0,5.0,ENIGH (INEGI),Personas de 18 años o más,enigh
hogar,Es jefa o jefe del hogar,2022,Mujeres,Con discapacidad,Chiapas,45-59,Recordar o concentrarse,1810.0,4925.0,7.0,ENIGH (INEGI),Personas de 18 años o más,enigh
hogar,Es jefa o jefe del hogar,2022,Mujeres,Con discapacidad,Chiapas,45-59,Ver,5080.0,15992.0,21.0,ENIGH (INEGI),Personas de 18 años o más,enigh
hogar,Es jefa o jefe del hogar,2022,Mujeres,Con discapacidad,Chiapas,60+,Bañarse o vestirse,6808.0,18293.0,28.0,ENIGH (INEGI),Personas de 18 años o más,enigh
hogar,Es jefa o jefe del hogar,2022,Mujeres,Con discapacidad,Chiapas,60+,Brazos o manos,11260.0,22221.0,35.0,ENIGH (INEGI),Personas de 18 años o más,enigh
hogar,Es jefa o jefe del hogar,2022,Mujeres,Con discapacidad,Chiapas,60+,Caminar,26158.0,69939.0,107.0,ENIGH (INEGI),Personas de 18 años o más,enigh
hogar,Es jefa o jefe del hogar,2022,Mujeres,Con discapacidad,Chiapas,60+,Hablar o comunicarse,2073.0,6249.0,9.0,ENIGH (INEGI),Personas de 18 años o más,enigh
hogar,Es jefa o jefe del hogar,2022,Mujeres,Con discapacidad,Chiapas,60+,Mental,5623.0,15264.0,22.0,ENIGH (INEGI),Personas de 18 años o más,enigh
hogar,Es jefa o jefe del hogar,2022,Mujeres,Con discapacidad,Chiapas,60+,Oír,7990.0,18877.0,28.0,ENIGH (INEGI),Personas de 18 años o más,enigh
hogar,Es jefa o jefe del hogar,2022,Mujeres,Con discapacidad,Chiapas,60+,Recordar o concentrarse,5077.0,11910.0,18.0,ENIGH (INEGI),Personas de 18 años o más,enigh
hogar,Es jefa o jefe del hogar,2022,Mujeres,Con discapacidad,Chiapas,60+,Ver,15225.0,37360.0,55.0,ENIGH (INEGI),Personas de 18 años o más,enigh
hogar,Es jefa o jefe del hogar,2022,Mujeres,Con discapacidad,Chihuahua,18-29,Bañarse o vestirse,0.0,591.0,1.0,ENIGH (INEGI),Personas de 18 años o más,enigh
hogar,Es jefa o jefe del hogar,2022,Mujeres,Con discapacidad,Chihuahua,18-29,Brazos o manos,0.0,906.0,2.0,ENIGH (INEGI),Personas de 18 años o más,enigh
hogar,Es jefa o jefe del hogar,2022,Mujeres,Con discapacidad,Chihuahua,18-29,Caminar,312.0,4176.0,13.0,ENIGH (INEGI),Personas de 18 años o más,enigh
hogar,Es jefa o jefe del hogar,2022,Mujeres,Con discapacidad,Chihuahua,18-29,Hablar o comunicarse,0.0,2068.0,7.0,ENIGH (INEGI),Personas de 18 años o más,enigh
hogar,Es jefa o jefe del hogar,2022,Mujeres,Con discapacidad,Chihuahua,18-29,Mental,230.0,1792.0,5.0,ENIGH (INEGI),Personas de 18 años o más,enigh
hogar,Es jefa o jefe del hogar,2022,Mujeres,Con discapacidad,Chihuahua,18-29,Oír,230.0,954.0,4.0,ENIGH (INEGI),Personas de 18 años o más,enigh
hogar,Es jefa o jefe del hogar,2022,Mujeres,Con discapacidad,Chihuahua,18-29,Recordar o concentrarse,0.0,1839.0,5.0,ENIGH (INEGI),Personas de 18 años o más,enigh
hogar,Es jefa o jefe del hogar,2022,Mujeres,Con discapacidad,Chihuahua,18-29,Ver,0.0,3225.0,10.0,ENIGH (INEGI),Personas de 18 años o más,enigh
hogar,Es jefa o jefe del hogar,2022,Mujeres,Con discapacidad,Chihuahua,30-44,Bañarse o vestirse,0.0,991.0,4.0,ENIGH (INEGI),Personas de 18 años o más,enigh
hogar,Es jefa o jefe del hogar,2022,Mujeres,Con discapacidad,Chihuahua,30-44,Brazos o manos,1085.0,1977.0,7.0,ENIGH (INEGI),Personas de 18 años o más,enigh
hogar,Es jefa o jefe del hogar,2022,Mujeres,Con discapacidad,Chihuahua,30-44,Caminar,1675.0,4212.0,17.0,ENIGH (INEGI),Personas de 18 años o más,enigh
hogar,Es jefa o jefe del hogar,2022,Mujeres,Con discapacidad,Chihuahua,30-44,Hablar o comunicarse,0.0,822.0,3.0,ENIGH (INEGI),Personas de 18 años o más,enigh
hogar,Es jefa o jefe del hogar,2022,Mujeres,Con discapacidad,Chihuahua,30-44,Mental,0.0,1201.0,4.0,ENIGH (INEGI),Personas de 18 años o más,enigh
hogar,Es jefa o jefe del hogar,2022,Mujeres,Con discapacidad,Chihuahua,30-44,Oír,0.0,1407.0,5.0,ENIGH (INEGI),Personas de 18 años o más,enigh
hogar,Es jefa o jefe del hogar,2022,Mujeres,Con discapacidad,Chihuahua,30-44,Recordar o concentrarse,0.0,443.0,5.0,ENIGH (INEGI),Personas de 18 años o más,enigh
hogar,Es jefa o jefe del hogar,2022,Mujeres,Con discapacidad,Chihuahua,30-44,Ver,1794.0,5214.0,15.0,ENIGH (INEGI),Personas de 18 años o más,enigh
hogar,Es jefa o jefe del hogar,2022,Mujeres,Con discapacidad,Chihuahua,45-59,Bañarse o vestirse,1166.0,1409.0,5.0,ENIGH (INEGI),Personas de 18 años o más,enigh
hogar,Es jefa o jefe del hogar,2022,Mujeres,Con discapacidad,Chihuahua,45-59,Brazos o manos,1699.0,3367.0,10.0,ENIGH (INEGI),Personas de 18 años o más,enigh
hogar,Es jefa o jefe del hogar,2022,Mujeres,Con discapacidad,Chihuahua,45-59,Caminar,5610.0,14645.0,50.0,ENIGH (INEGI),Personas de 18 años o más,enigh
hogar,Es jefa o jefe del hogar,2022,Mujeres,Con discapacidad,Chihuahua,45-59,Hablar o comunicarse,642.0,1522.0,6.0,ENIGH (INEGI),Personas de 18 años o más,enigh
hogar,Es jefa o jefe del hogar,2022,Mujeres,Con discapacidad,Chihuahua,45-59,Mental,405.0,1470.0,6.0,ENIGH (INEGI),Personas de 18 años o más,enigh
hogar,Es jefa o jefe del hogar,2022,Mujeres,Con discapacidad,Chihuahua,45-59,Oír,590.0,2398.0,11.0,ENIGH (INEGI),Personas de 18 años o más,enigh
hogar,Es jefa o jefe del hogar,2022,Mujeres,Con discapacidad,Chihuahua,45-59,Recordar o concentrarse,0.0,1449.0,5.0,ENIGH (INEGI),Personas de 18 años o más,enigh
hogar,Es jefa o jefe del hogar,2022,Mujeres,Con discapacidad,Chihuahua,45-59,Ver,4075.0,8888.0,36.0,ENIGH (INEGI),Personas de 18 años o más,enigh
hogar,Es jefa o jefe del hogar,2022,Mujeres,Con discapacidad,Chihuahua,60+,Bañarse o vestirse,6033.0,13955.0,60.0,ENIGH (INEGI),Personas de 18 años o más,enigh
hogar,Es jefa o jefe del hogar,2022,Mujeres,Con discapacidad,Chihuahua,60+,Brazos o manos,8336.0,15236.0,59.0,ENIGH (INEGI),Personas de 18 años o más,enigh
hogar,Es jefa o jefe del hogar,2022,Mujeres,Con discapacidad,Chihuahua,60+,Caminar,24345.0,46219.0,179.0,ENIGH (INEGI),Personas de 18 años o más,enigh
hogar,Es jefa o jefe del hogar,2022,Mujeres,Con discapacidad,Chihuahua,60+,Hablar o comunicarse,1843.0,3599.0,14.0,ENIGH (INEGI),Personas de 18 años o más,enigh
hogar,Es jefa o jefe del hogar,2022,Mujeres,Con discapacidad,Chihuahua,60+,Mental,3578.0,8676.0,35.0,ENIGH (INEGI),Personas de 18 años o más,enigh
hogar,Es jefa o jefe del hogar,2022,Mujeres,Con discapacidad,Chihuahua,60+,Oír,5630.0,10442.0,44.0,ENIGH (INEGI),Personas de 18 años o más,enigh
hogar,Es jefa o jefe del hogar,2022,Mujeres,Con discapacidad,Chihuahua,60+,Recordar o concentrarse,5291.0,10187.0,46.0,ENIGH (INEGI),Personas de 18 años o más,enigh
hogar,Es jefa o jefe del hogar,2022,Mujeres,Con discapacidad,Chihuahua,60+,Ver,15446.0,25788.0,106.0,ENIGH (INEGI),Personas de 18 años o más,enigh
hogar,Es jefa o jefe del hogar,2022,Mujeres,Con discapacidad,Ciudad de México,18-29,Bañarse o vestirse,0.0,62.0,2.0,ENIGH (INEGI),Personas de 18 años o más,enigh
hogar,Es jefa o jefe del hogar,2022,Mujeres,Con discapacidad,Ciudad de México,18-29,Brazos o manos,0.0,62.0,2.0,ENIGH (INEGI),Personas de 18 años o más,enigh
hogar,Es jefa o jefe del hogar,2022,Mujeres,Con discapacidad,Ciudad de México,18-29,Caminar,0.0,3012.0,7.0,ENIGH (INEGI),Personas de 18 años o más,enigh
hogar,Es jefa o jefe del hogar,2022,Mujeres,Con discapacidad,Ciudad de México,18-29,Hablar o comunicarse,0.0,7916.0,7.0,ENIGH (INEGI),Personas de 18 años o más,enigh
hogar,Es jefa o jefe del hogar,2022,Mujeres,Con discapacidad,Ciudad de México,18-29,Mental,0.0,62.0,2.0,ENIGH (INEGI),Personas de 18 años o más,enigh
hogar,Es jefa o jefe del hogar,2022,Mujeres,Con discapacidad,Ciudad de México,18-29,Oír,0.0,2812.0,5.0,ENIGH (INEGI),Personas de 18 años o más,enigh
hogar,Es jefa o jefe del hogar,2022,Mujeres,Con discapacidad,Ciudad de México,18-29,Recordar o concentrarse,0.0,76.0,2.0,ENIGH (INEGI),Personas de 18 años o más,enigh
hogar,Es jefa o jefe del hogar,2022,Mujeres,Con discapacidad,Ciudad de México,18-29,Ver,1410.0,1538.0,5.0,ENIGH (INEGI),Personas de 18 años o más,enigh
hogar,Es jefa o jefe del hogar,2022,Mujeres,Con discapacidad,Ciudad de México,30-44,Bañarse o vestirse,0.0,3220.0,2.0,ENIGH (INEGI),Personas de 18 años o más,enigh
hogar,Es jefa o jefe del hogar,2022,Mujeres,Con discapacidad,Ciudad de México,30-44,Brazos o manos,0.0,5328.0,3.0,ENIGH (INEGI),Personas de 18 años o más,enigh
hogar,Es jefa o jefe del hogar,2022,Mujeres,Con discapacidad,Ciudad de México,30-44,Caminar,29.0,6797.0,6.0,ENIGH (INEGI),Personas de 18 años o más,enigh
hogar,Es jefa o jefe del hogar,2022,Mujeres,Con discapacidad,Ciudad de México,30-44,Hablar o comunicarse,31.0,8240.0,12.0,ENIGH (INEGI),Personas de 18 años o más,enigh
hogar,Es jefa o jefe del hogar,2022,Mujeres,Con discapacidad,Ciudad de México,30-44,Mental,1385.0,7932.0,7.0,ENIGH (INEGI),Personas de 18 años o más,enigh
hogar,Es jefa o jefe del hogar,2022,Mujeres,Con discapacidad,Ciudad de México,30-44,Oír,0.0,2427.0,2.0,ENIGH (INEGI),Personas de 18 años o más,enigh
hogar,Es jefa o jefe del hogar,2022,Mujeres,Con discapacidad,Ciudad de México,30-44,Recordar o concentrarse,0.0,46.0,1.0,ENIGH (INEGI),Personas de 18 años o más,enigh
hogar,Es jefa o jefe del hogar,2022,Mujeres,Con discapacidad,Ciudad de México,30-44,Ver,0.0,5424.0,5.0,ENIGH (INEGI),Personas de 18 años o más,enigh
hogar,Es jefa o jefe del hogar,2022,Mujeres,Con discapacidad,Ciudad de México,45-59,Bañarse o vestirse,1201.0,7468.0,7.0,ENIGH (INEGI),Personas de 18 años o más,enigh
hogar,Es jefa o jefe del hogar,2022,Mujeres,Con discapacidad,Ciudad de México,45-59,Brazos o manos,1410.0,4093.0,4.0,ENIGH (INEGI),Personas de 18 años o más,enigh
hogar,Es jefa o jefe del hogar,2022,Mujeres,Con discapacidad,Ciudad de México,45-59,Caminar,4152.0,9165.0,7.0,ENIGH (INEGI),Personas de 18 años o más,enigh
hogar,Es jefa o jefe del hogar,2022,Mujeres,Con discapacidad,Ciudad de México,45-59,Hablar o comunicarse,5402.0,15489.0,14.0,ENIGH (INEGI),Personas de 18 años o más,enigh
hogar,Es jefa o jefe del hogar,2022,Mujeres,Con discapacidad,Ciudad de México,45-59,Mental,12496.0,30662.0,26.0,ENIGH (INEGI),Personas de 18 años o más,enigh
hogar,Es jefa o jefe del hogar,2022,Mujeres,Con discapacidad,Ciudad de México,45-59,Oír,56.0,4551.0,5.0,ENIGH (INEGI),Personas de 18 años o más,enigh
hogar,Es jefa o jefe del hogar,2022,Mujeres,Con discapacidad,Ciudad de México,45-59,Recordar o concentrarse,3740.0,13228.0,12.0,ENIGH (INEGI),Personas de 18 años o más,enigh
hogar,Es jefa o jefe del hogar,2022,Mujeres,Con discapacidad,Ciudad de México,45-59,Ver,1201.0,5089.0,4.0,ENIGH (INEGI),Personas de 18 años o más,enigh
hogar,Es jefa o jefe del hogar,2022,Mujeres,Con discapacidad,Ciudad de México,60+,Bañarse o vestirse,34292.0,61667.0,48.0,ENIGH (INEGI),Personas de 18 años o más,enigh
hogar,Es jefa o jefe del hogar,2022,Mujeres,Con discapacidad,Ciudad de México,60+,Brazos o manos,31172.0,51940.0,41.0,ENIGH (INEGI),Personas de 18 años o más,enigh
hogar,Es jefa o jefe del hogar,2022,Mujeres,Con discapacidad,Ciudad de México,60+,Caminar,27585.0,57027.0,45.0,ENIGH (INEGI),Personas de 18 años o más,enigh
hogar,Es jefa o jefe del hogar,2022,Mujeres,Con discapacidad,Ciudad de México,60+,Hablar o comunicarse,43051.0,69583.0,58.0,ENIGH (INEGI),Personas de 18 años o más,enigh
hogar,Es jefa o jefe del hogar,2022,Mujeres,Con discapacidad,Ciudad de México,60+,Mental,93636.0,158812.0,128.0,ENIGH (INEGI),Personas de 18 años o más,enigh
hogar,Es jefa o jefe del hogar,2022,Mujeres,Con discapacidad,Ciudad de México,60+,Oír,30481.0,55686.0,43.0,ENIGH (INEGI),Personas de 18 años o más,enigh
hogar,Es jefa o jefe del hogar,2022,Mujeres,Con discapacidad,Ciudad de México,60+,Recordar o concentrarse,26988.0,49461.0,37.0,ENIGH (INEGI),Personas de 18 años o más,enigh
hogar,Es jefa o jefe del hogar,2022,Mujeres,Con discapacidad,Ciudad de México,60+,Ver,11255.0,22008.0,21.0,ENIGH (INEGI),Personas de 18 años o más,enigh
hogar,Es jefa o jefe del hogar,2022,Mujeres,Con discapacidad,Coahuila,18-29,Bañarse o vestirse,0.0,241.0,1.0,ENIGH (INEGI),Personas de 18 años o más,enigh
hogar,Es jefa o jefe del hogar,2022,Mujeres,Con discapacidad,Coahuila,18-29,Brazos o manos,0.0,258.0,1.0,ENIGH (INEGI),Personas de 18 años o más,enigh
hogar,Es jefa o jefe del hogar,2022,Mujeres,Con discapacidad,Coahuila,18-29,Caminar,0.0,431.0,2.0,ENIGH (INEGI),Personas de 18 años o más,enigh
hogar,Es jefa o jefe del hogar,2022,Mujeres,Con discapacidad,Coahuila,18-29,Hablar o comunicarse,0.0,624.0,3.0,ENIGH (INEGI),Personas de 18 años o más,enigh
hogar,Es jefa o jefe del hogar,2022,Mujeres,Con discapacidad,Coahuila,18-29,Mental,0.0,602.0,2.0,ENIGH (INEGI),Personas de 18 años o más,enigh
hogar,Es jefa o jefe del hogar,2022,Mujeres,Con discapacidad,Coahuila,18-29,Oír,0.0,537.0,2.0,ENIGH (INEGI),Personas de 18 años o más,enigh
hogar,Es jefa o jefe del hogar,2022,Mujeres,Con discapacidad,Coahuila,18-29,Recordar o concentrarse,0.0,834.0,4.0,ENIGH (INEGI),Personas de 18 años o más,enigh
hogar,Es jefa o jefe del hogar,2022,Mujeres,Con discapacidad,Coahuila,18-29,Ver,630.0,3677.0,17.0,ENIGH (INEGI),Personas de 18 años o más,enigh
hogar,Es jefa o jefe del hogar,2022,Mujeres,Con discapacidad,Coahuila,30-44,Bañarse o vestirse,235.0,1316.0,7.0,ENIGH (INEGI),Personas de 18 años o más,enigh
hogar,Es jefa o jefe del hogar,2022,Mujeres,Con discapacidad,Coahuila,30-44,Brazos o manos,235.0,1444.0,7.0,ENIGH (INEGI),Personas de 18 años o más,enigh
hogar,Es jefa o jefe del hogar,2022,Mujeres,Con discapacidad,Coahuila,30-44,Caminar,737.0,3112.0,15.0,ENIGH (INEGI),Personas de 18 años o más,enigh
hogar,Es jefa o jefe del hogar,2022,Mujeres,Con discapacidad,Coahuila,30-44,Hablar o comunicarse,0.0,1564.0,8.0,ENIGH (INEGI),Personas de 18 años o más,enigh
hogar,Es jefa o jefe del hogar,2022,Mujeres,Con discapacidad,Coahuila,30-44,Mental,637.0,2316.0,11.0,ENIGH (INEGI),Personas de 18 años o más,enigh
hogar,Es jefa o jefe del hogar,2022,Mujeres,Con discapacidad,Coahuila,30-44,Oír,186.0,1269.0,8.0,ENIGH (INEGI),Personas de 18 años o más,enigh
hogar,Es jefa o jefe del hogar,2022,Mujeres,Con discapacidad,Coahuila,30-44,Recordar o concentrarse,0.0,1851.0,8.0,ENIGH (INEGI),Personas de 18 años o más,enigh
hogar,Es jefa o jefe del hogar,2022,Mujeres,Con discapacidad,Coahuila,30-44,Ver,605.0,1764.0,9.0,ENIGH (INEGI),Personas de 18 años o más,enigh
hogar,Es jefa o jefe del hogar,2022,Mujeres,Con discapacidad,Coahuila,45-59,Bañarse o vestirse,176.0,2137.0,10.0,ENIGH (INEGI),Personas de 18 años o más,enigh
hogar,Es jefa o jefe del hogar,2022,Mujeres,Con discapacidad,Coahuila,45-59,Brazos o manos,1684.0,4341.0,18.0,ENIGH (INEGI),Personas de 18 años o más,enigh
hogar,Es jefa o jefe del hogar,2022,Mujeres,Con discapacidad,Coahuila,45-59,Caminar,3707.0,11992.0,55.0,ENIGH (INEGI),Personas de 18 años o más,enigh
hogar,Es jefa o jefe del hogar,2022,Mujeres,Con discapacidad,Coahuila,45-59,Hablar o comunicarse,302.0,1621.0,9.0,ENIGH (INEGI),Personas de 18 años o más,enigh
hogar,Es jefa o jefe del hogar,2022,Mujeres,Con discapacidad,Coahuila,45-59,Mental,405.0,2923.0,16.0,ENIGH (INEGI),Personas de 18 años o más,enigh
hogar,Es jefa o jefe del hogar,2022,Mujeres,Con discapacidad,Coahuila,45-59,Oír,519.0,2755.0,14.0,ENIGH (INEGI),Personas de 18 años o más,enigh
hogar,Es jefa o jefe del hogar,2022,Mujeres,Con discapacidad,Coahuila,45-59,Recordar o concentrarse,89.0,1655.0,8.0,ENIGH (INEGI),Personas de 18 años o más,enigh
hogar,Es jefa o jefe del hogar,2022,Mujeres,Con discapacidad,Coahuila,45-59,Ver,3726.0,8247.0,38.0,ENIGH (INEGI),Personas de 18 años o más,enigh
hogar,Es jefa o jefe del hogar,2022,Mujeres,Con discapacidad,Coahuila,60+,Bañarse o vestirse,4575.0,12543.0,60.0,ENIGH (INEGI),Personas de 18 años o más,enigh
hogar,Es jefa o jefe del hogar,2022,Mujeres,Con discapacidad,Coahuila,60+,Brazos o manos,4114.0,11357.0,55.0,ENIGH (INEGI),Personas de 18 años o más,enigh
hogar,Es jefa o jefe del hogar,2022,Mujeres,Con discapacidad,Coahuila,60+,Caminar,18348.0,40893.0,191.0,ENIGH (INEGI),Personas de 18 años o más,enigh
hogar,Es jefa o jefe del hogar,2022,Mujeres,Con discapacidad,Coahuila,60+,Hablar o comunicarse,1345.0,4866.0,22.0,ENIGH (INEGI),Personas de 18 años o más,enigh
hogar,Es jefa o jefe del hogar,2022,Mujeres,Con discapacidad,Coahuila,60+,Mental,2998.0,8335.0,46.0,ENIGH (INEGI),Personas de 18 años o más,enigh
hogar,Es jefa o jefe del hogar,2022,Mujeres,Con discapacidad,Coahuila,60+,Oír,4037.0,10007.0,47.0,ENIGH (INEGI),Personas de 18 años o más,enigh
hogar,Es jefa o jefe del hogar,2022,Mujeres,Con discapacidad,Coahuila,60+,Recordar o concentrarse,4016.0,8839.0,41.0,ENIGH (INEGI),Personas de 18 años o más,enigh
hogar,Es jefa o jefe del hogar,2022,Mujeres,Con discapacidad,Coahuila,60+,Ver,9565.0,20860.0,104.0,ENIGH (INEGI),Personas de 18 años o más,enigh
hogar,Es jefa o jefe del hogar,2022,Mujeres,Con discapacidad,Colima,18-29,Brazos o manos,0.0,23.0,1.0,ENIGH (INEGI),Personas de 18 años o más,enigh
hogar,Es jefa o jefe del hogar,2022,Mujeres,Con discapacidad,Colima,18-29,Caminar,0.0,233.0,4.0,ENIGH (INEGI),Personas de 18 años o más,enigh
hogar,Es jefa o jefe del hogar,2022,Mujeres,Con discapacidad,Colima,18-29,Hablar o comunicarse,0.0,178.0,3.0,ENIGH (INEGI),Personas de 18 años o más,enigh
hogar,Es jefa o jefe del hogar,2022,Mujeres,Con discapacidad,Colima,18-29,Mental,0.0,178.0,3.0,ENIGH (INEGI),Personas de 18 años o más,enigh
hogar,Es jefa o jefe del hogar,2022,Mujeres,Con discapacidad,Colima,18-29,Recordar o concentrarse,0.0,153.0,2.0,ENIGH (INEGI),Personas de 18 años o más,enigh
hogar,Es jefa o jefe del hogar,2022,Mujeres,Con discapacidad,Colima,18-29,Ver,0.0,149.0,3.0,ENIGH (INEGI),Personas de 18 años o más,enigh
hogar,Es jefa o jefe del hogar,2022,Mujeres,Con discapacidad,Colima,30-44,Bañarse o vestirse,0.0,43.0,2.0,ENIGH (INEGI),Personas de 18 años o más,enigh
hogar,Es jefa o jefe del hogar,2022,Mujeres,Con discapacidad,Colima,30-44,Brazos o manos,137.0,473.0,6.0,ENIGH (INEGI),Personas de 18 años o más,enigh
hogar,Es jefa o jefe del hogar,2022,Mujeres,Con discapacidad,Colima,30-44,Caminar,0.0,1044.0,12.0,ENIGH (INEGI),Personas de 18 años o más,enigh
hogar,Es jefa o jefe del hogar,2022,Mujeres,Con discapacidad,Colima,30-44,Hablar o comunicarse,110.0,450.0,5.0,ENIGH (INEGI),Personas de 18 años o más,enigh
hogar,Es jefa o jefe del hogar,2022,Mujeres,Con discapacidad,Colima,30-44,Mental,130.0,529.0,8.0,ENIGH (INEGI),Personas de 18 años o más,enigh
hogar,Es jefa o jefe del hogar,2022,Mujeres,Con discapacidad,Colima,30-44,Oír,145.0,462.0,5.0,ENIGH (INEGI),Personas de 18 años o más,enigh
hogar,Es jefa o jefe del hogar,2022,Mujeres,Con discapacidad,Colima,30-44,Recordar o concentrarse,401.0,1075.0,14.0,ENIGH (INEGI),Personas de 18 años o más,enigh
hogar,Es jefa o jefe del hogar,2022,Mujeres,Con discapacidad,Colima,30-44,Ver,444.0,954.0,10.0,ENIGH (INEGI),Personas de 18 años o más,enigh
hogar,Es jefa o jefe del hogar,2022,Mujeres,Con discapacidad,Colima,45-59,Bañarse o vestirse,266.0,504.0,9.0,ENIGH (INEGI),Personas de 18 años o más,enigh
hogar,Es jefa o jefe del hogar,2022,Mujeres,Con discapacidad,Colima,45-59,Brazos o manos,514.0,999.0,16.0,ENIGH (INEGI),Personas de 18 años o más,enigh
hogar,Es jefa o jefe del hogar,2022,Mujeres,Con discapacidad,Colima,45-59,Caminar,1015.0,2811.0,44.0,ENIGH (INEGI),Personas de 18 años o más,enigh
hogar,Es jefa o jefe del hogar,2022,Mujeres,Con discapacidad,Colima,45-59,Hablar o comunicarse,109.0,394.0,6.0,ENIGH (INEGI),Personas de 18 años o más,enigh
hogar,Es jefa o jefe del hogar,2022,Mujeres,Con discapacidad,Colima,45-59,Mental,128.0,357.0,7.0,ENIGH (INEGI),Personas de 18 años o más,enigh
hogar,Es jefa o jefe del hogar,2022,Mujeres,Con discapacidad,Colima,45-59,Oír,230.0,589.0,7.0,ENIGH (INEGI),Personas de 18 años o más,enigh
hogar,Es jefa o jefe del hogar,2022,Mujeres,Con discapacidad,Colima,45-59,Recordar o concentrarse,233.0,494.0,9.0,ENIGH (INEGI),Personas de 18 años o más,enigh
hogar,Es jefa o jefe del hogar,2022,Mujeres,Con discapacidad,Colima,45-59,Ver,968.0,1889.0,30.0,ENIGH (INEGI),Personas de 18 años o más,enigh
hogar,Es jefa o jefe del hogar,2022,Mujeres,Con discapacidad,Colima,60+,Bañarse o vestirse,1307.0,3041.0,47.0,ENIGH (INEGI),Personas de 18 años o más,enigh
hogar,Es jefa o jefe del hogar,2022,Mujeres,Con discapacidad,Colima,60+,Brazos o manos,1183.0,3058.0,46.0,ENIGH (INEGI),Personas de 18 años o más,enigh
hogar,Es jefa o jefe del hogar,2022,Mujeres,Con discapacidad,Colima,60+,Caminar,6023.0,10497.0,157.0,ENIGH (INEGI),Personas de 18 años o más,enigh
hogar,Es jefa o jefe del hogar,2022,Mujeres,Con discapacidad,Colima,60+,Hablar o comunicarse,291.0,1141.0,13.0,ENIGH (INEGI),Personas de 18 años o más,enigh
hogar,Es jefa o jefe del hogar,2022,Mujeres,Con discapacidad,Colima,60+,Mental,651.0,1446.0,20.0,ENIGH (INEGI),Personas de 18 años o más,enigh
hogar,Es jefa o jefe del hogar,2022,Mujeres,Con discapacidad,Colima,60+,Oír,1903.0,3089.0,43.0,ENIGH (INEGI),Personas de 18 años o más,enigh
hogar,Es jefa o jefe del hogar,2022,Mujeres,Con discapacidad,Colima,60+,Recordar o concentrarse,1149.0,2325.0,42.0,ENIGH (INEGI),Personas de 18 años o más,enigh
hogar,Es jefa o jefe del hogar,2022,Mujeres,Con discapacidad,Colima,60+,Ver,2286.0,4332.0,71.0,ENIGH (INEGI),Personas de 18 años o más,enigh
hogar,Es jefa o jefe del hogar,2022,Mujeres,Con discapacidad,Durango,18-29,Bañarse o vestirse,0.0,685.0,3.0,ENIGH (INEGI),Personas de 18 años o más,enigh
hogar,Es jefa o jefe del hogar,2022,Mujeres,Con discapacidad,Durango,18-29,Brazos o manos,0.0,1138.0,5.0,ENIGH (INEGI),Personas de 18 años o más,enigh
hogar,Es jefa o jefe del hogar,2022,Mujeres,Con discapacidad,Durango,18-29,Caminar,0.0,2183.0,11.0,ENIGH (INEGI),Personas de 18 años o más,enigh
hogar,Es jefa o jefe del hogar,2022,Mujeres,Con discapacidad,Durango,18-29,Hablar o comunicarse,0.0,1376.0,7.0,ENIGH (INEGI),Personas de 18 años o más,enigh
hogar,Es jefa o jefe del hogar,2022,Mujeres,Con discapacidad,Durango,18-29,Mental,0.0,2204.0,10.0,ENIGH (INEGI),Personas de 18 años o más,enigh
hogar,Es jefa o jefe del hogar,2022,Mujeres,Con discapacidad,Durango,18-29,Oír,0.0,1700.0,9.0,ENIGH (INEGI),Personas de 18 años o más,enigh
hogar,Es jefa o jefe del hogar,2022,Mujeres,Con discapacidad,Durango,18-29,Recordar o concentrarse,0.0,1426.0,6.0,ENIGH (INEGI),Personas de 18 años o más,enigh
hogar,Es jefa o jefe del hogar,2022,Mujeres,Con discapacidad,Durango,18-29,Ver,0.0,2508.0,12.0,ENIGH (INEGI),Personas de 18 años o más,enigh
hogar,Es jefa o jefe del hogar,2022,Mujeres,Con discapacidad,Durango,30-44,Bañarse o vestirse,0.0,779.0,4.0,ENIGH (INEGI),Personas de 18 años o más,enigh
hogar,Es jefa o jefe del hogar,2022,Mujeres,Con discapacidad,Durango,30-44,Brazos o manos,0.0,1001.0,5.0,ENIGH (INEGI),Personas de 18 años o más,enigh
hogar,Es jefa o jefe del hogar,2022,Mujeres,Con discapacidad,Durango,30-44,Caminar,0.0,1983.0,10.0,ENIGH (INEGI),Personas de 18 años o más,enigh
hogar,Es jefa o jefe del hogar,2022,Mujeres,Con discapacidad,Durango,30-44,Hablar o comunicarse,0.0,495.0,3.0,ENIGH (INEGI),Personas de 18 años o más,enigh
hogar,Es jefa o jefe del hogar,2022,Mujeres,Con discapacidad,Durango,30-44,Mental,0.0,385.0,2.0,ENIGH (INEGI),Personas de 18 años o más,enigh
hogar,Es jefa o jefe del hogar,2022,Mujeres,Con discapacidad,Durango,30-44,Oír,664.0,770.0,4.0,ENIGH (INEGI),Personas de 18 años o más,enigh
hogar,Es jefa o jefe del hogar,2022,Mujeres,Con discapacidad,Durango,30-44,Recordar o concentrarse,286.0,1258.0,6.0,ENIGH (INEGI),Personas de 18 años o más,enigh
hogar,Es jefa o jefe del hogar,2022,Mujeres,Con discapacidad,Durango,30-44,Ver,532.0,2861.0,12.0,ENIGH (INEGI),Personas de 18 años o más,enigh
hogar,Es jefa o jefe del hogar,2022,Mujeres,Con discapacidad,Durango,45-59,Bañarse o vestirse,507.0,2540.0,13.0,ENIGH (INEGI),Personas de 18 años o más,enigh
hogar,Es jefa o jefe del hogar,2022,Mujeres,Con discapacidad,Durango,45-59,Brazos o manos,1396.0,4561.0,24.0,ENIGH (INEGI),Personas de 18 años o más,enigh
hogar,Es jefa o jefe del hogar,2022,Mujeres,Con discapacidad,Durango,45-59,Caminar,3874.0,8422.0,45.0,ENIGH (INEGI),Personas de 18 años o más,enigh
hogar,Es jefa o jefe del hogar,2022,Mujeres,Con discapacidad,Durango,45-59,Hablar o comunicarse,244.0,1436.0,8.0,ENIGH (INEGI),Personas de 18 años o más,enigh
hogar,Es jefa o jefe del hogar,2022,Mujeres,Con discapacidad,Durango,45-59,Mental,1404.0,4055.0,17.0,ENIGH (INEGI),Personas de 18 años o más,enigh
hogar,Es jefa o jefe del hogar,2022,Mujeres,Con discapacidad,Durango,45-59,Oír,1088.0,2676.0,14.0,ENIGH (INEGI),Personas de 18 años o más,enigh
hogar,Es jefa o jefe del hogar,2022,Mujeres,Con discapacidad,Durango,45-59,Recordar o concentrarse,1121.0,3355.0,16.0,ENIGH (INEGI),Personas de 18 años o más,enigh
hogar,Es jefa o jefe del hogar,2022,Mujeres,Con discapacidad,Durango,45-59,Ver,3237.0,7023.0,35.0,ENIGH (INEGI),Personas de 18 años o más,enigh
hogar,Es jefa o jefe del hogar,2022,Mujeres,Con discapacidad,Durango,60+,Bañarse o vestirse,3605.0,7263.0,36.0,ENIGH (INEGI),Personas de 18 años o más,enigh
hogar,Es jefa o jefe del hogar,2022,Mujeres,Con discapacidad,Durango,60+,Brazos o manos,3573.0,9234.0,44.0,ENIGH (INEGI),Personas de 18 años o más,enigh
hogar,Es jefa o jefe del hogar,2022,Mujeres,Con discapacidad,Durango,60+,Caminar,15853.0,31708.0,164.0,ENIGH (INEGI),Personas de 18 años o más,enigh
hogar,Es jefa o jefe del hogar,2022,Mujeres,Con discapacidad,Durango,60+,Hablar o comunicarse,832.0,2726.0,13.0,ENIGH (INEGI),Personas de 18 años o más,enigh
hogar,Es jefa o jefe del hogar,2022,Mujeres,Con discapacidad,Durango,60+,Mental,1777.0,4887.0,25.0,ENIGH (INEGI),Personas de 18 años o más,enigh
hogar,Es jefa o jefe del hogar,2022,Mujeres,Con discapacidad,Durango,60+,Oír,3831.0,8234.0,47.0,ENIGH (INEGI),Personas de 18 años o más,enigh
hogar,Es jefa o jefe del hogar,2022,Mujeres,Con discapacidad,Durango,60+,Recordar o concentrarse,2203.0,6717.0,36.0,ENIGH (INEGI),Personas de 18 años o más,enigh
hogar,Es jefa o jefe del hogar,2022,Mujeres,Con discapacidad,Durango,60+,Ver,6225.0,12766.0,75.0,ENIGH (INEGI),Personas de 18 años o más,enigh
hogar,Es jefa o jefe del hogar,2022,Mujeres,Con discapacidad,Guanajuato,18-29,Bañarse o vestirse,0.0,205.0,1.0,ENIGH (INEGI),Personas de 18 años o más,enigh
hogar,Es jefa o jefe del hogar,2022,Mujeres,Con discapacidad,Guanajuato,18-29,Brazos o manos,0.0,257.0,1.0,ENIGH (INEGI),Personas de 18 años o más,enigh
hogar,Es jefa o jefe del hogar,2022,Mujeres,Con discapacidad,Guanajuato,18-29,Caminar,0.0,2145.0,4.0,ENIGH (INEGI),Personas de 18 años o más,enigh
hogar,Es jefa o jefe del hogar,2022,Mujeres,Con discapacidad,Guanajuato,18-29,Hablar o comunicarse,0.0,2661.0,6.0,ENIGH (INEGI),Personas de 18 años o más,enigh
hogar,Es jefa o jefe del hogar,2022,Mujeres,Con discapacidad,Guanajuato,18-29,Mental,0.0,2276.0,5.0,ENIGH (INEGI),Personas de 18 años o más,enigh
hogar,Es jefa o jefe del hogar,2022,Mujeres,Con discapacidad,Guanajuato,18-29,Oír,0.0,1906.0,4.0,ENIGH (INEGI),Personas de 18 años o más,enigh
hogar,Es jefa o jefe del hogar,2022,Mujeres,Con discapacidad,Guanajuato,18-29,Recordar o concentrarse,0.0,3943.0,8.0,ENIGH (INEGI),Personas de 18 años o más,enigh
hogar,Es jefa o jefe del hogar,2022,Mujeres,Con discapacidad,Guanajuato,18-29,Ver,272.0,3418.0,7.0,ENIGH (INEGI),Personas de 18 años o más,enigh
hogar,Es jefa o jefe del hogar,2022,Mujeres,Con discapacidad,Guanajuato,30-44,Bañarse o vestirse,1524.0,2941.0,7.0,ENIGH (INEGI),Personas de 18 años o más,enigh
hogar,Es jefa o jefe del hogar,2022,Mujeres,Con discapacidad,Guanajuato,30-44,Brazos o manos,1003.0,1830.0,6.0,ENIGH (INEGI),Personas de 18 años o más,enigh
hogar,Es jefa o jefe del hogar,2022,Mujeres,Con discapacidad,Guanajuato,30-44,Caminar,2402.0,9046.0,19.0,ENIGH (INEGI),Personas de 18 años o más,enigh
hogar,Es jefa o jefe del hogar,2022,Mujeres,Con discapacidad,Guanajuato,30-44,Hablar o comunicarse,0.0,2115.0,4.0,ENIGH (INEGI),Personas de 18 años o más,enigh
hogar,Es jefa o jefe del hogar,2022,Mujeres,Con discapacidad,Guanajuato,30-44,Mental,575.0,1782.0,6.0,ENIGH (INEGI),Personas de 18 años o más,enigh
hogar,Es jefa o jefe del hogar,2022,Mujeres,Con discapacidad,Guanajuato,30-44,Oír,748.0,1798.0,3.0,ENIGH (INEGI),Personas de 18 años o más,enigh
hogar,Es jefa o jefe del hogar,2022,Mujeres,Con discapacidad,Guanajuato,30-44,Recordar o concentrarse,0.0,1323.0,5.0,ENIGH (INEGI),Personas de 18 años o más,enigh
hogar,Es jefa o jefe del hogar,2022,Mujeres,Con discapacidad,Guanajuato,30-44,Ver,2071.0,4742.0,12.0,ENIGH (INEGI),Personas de 18 años o más,enigh
hogar,Es jefa o jefe del hogar,2022,Mujeres,Con discapacidad,Guanajuato,45-59,Bañarse o vestirse,352.0,2758.0,4.0,ENIGH (INEGI),Personas de 18 años o más,enigh
hogar,Es jefa o jefe del hogar,2022,Mujeres,Con discapacidad,Guanajuato,45-59,Brazos o manos,3570.0,9240.0,16.0,ENIGH (INEGI),Personas de 18 años o más,enigh
hogar,Es jefa o jefe del hogar,2022,Mujeres,Con discapacidad,Guanajuato,45-59,Caminar,11216.0,29816.0,51.0,ENIGH (INEGI),Personas de 18 años o más,enigh
hogar,Es jefa o jefe del hogar,2022,Mujeres,Con discapacidad,Guanajuato,45-59,Hablar o comunicarse,0.0,2665.0,3.0,ENIGH (INEGI),Personas de 18 años o más,enigh
hogar,Es jefa o jefe del hogar,2022,Mujeres,Con discapacidad,Guanajuato,45-59,Mental,2374.0,5464.0,10.0,ENIGH (INEGI),Personas de 18 años o más,enigh
hogar,Es jefa o jefe del hogar,2022,Mujeres,Con discapacidad,Guanajuato,45-59,Oír,1174.0,5558.0,9.0,ENIGH (INEGI),Personas de 18 años o más,enigh
hogar,Es jefa o jefe del hogar,2022,Mujeres,Con discapacidad,Guanajuato,45-59,Recordar o concentrarse,850.0,4972.0,7.0,ENIGH (INEGI),Personas de 18 años o más,enigh
hogar,Es jefa o jefe del hogar,2022,Mujeres,Con discapacidad,Guanajuato,45-59,Ver,8830.0,15174.0,26.0,ENIGH (INEGI),Personas de 18 años o más,enigh
hogar,Es jefa o jefe del hogar,2022,Mujeres,Con discapacidad,Guanajuato,60+,Bañarse o vestirse,10465.0,27333.0,52.0,ENIGH (INEGI),Personas de 18 años o más,enigh
hogar,Es jefa o jefe del hogar,2022,Mujeres,Con discapacidad,Guanajuato,60+,Brazos o manos,13916.0,30412.0,56.0,ENIGH (INEGI),Personas de 18 años o más,enigh
hogar,Es jefa o jefe del hogar,2022,Mujeres,Con discapacidad,Guanajuato,60+,Caminar,38319.0,90888.0,167.0,ENIGH (INEGI),Personas de 18 años o más,enigh
hogar,Es jefa o jefe del hogar,2022,Mujeres,Con discapacidad,Guanajuato,60+,Hablar o comunicarse,2287.0,8018.0,19.0,ENIGH (INEGI),Personas de 18 años o más,enigh
hogar,Es jefa o jefe del hogar,2022,Mujeres,Con discapacidad,Guanajuato,60+,Mental,4987.0,12353.0,27.0,ENIGH (INEGI),Personas de 18 años o más,enigh
hogar,Es jefa o jefe del hogar,2022,Mujeres,Con discapacidad,Guanajuato,60+,Oír,8613.0,20602.0,40.0,ENIGH (INEGI),Personas de 18 años o más,enigh
hogar,Es jefa o jefe del hogar,2022,Mujeres,Con discapacidad,Guanajuato,60+,Recordar o concentrarse,7914.0,20923.0,41.0,ENIGH (INEGI),Personas de 18 años o más,enigh
hogar,Es jefa o jefe del hogar,2022,Mujeres,Con discapacidad,Guanajuato,60+,Ver,18977.0,37199.0,80.0,ENIGH (INEGI),Personas de 18 años o más,enigh
hogar,Es jefa o jefe del hogar,2022,Mujeres,Con discapacidad,Guerrero,18-29,Bañarse o vestirse,0.0,1642.0,3.0,ENIGH (INEGI),Personas de 18 años o más,enigh
hogar,Es jefa o jefe del hogar,2022,Mujeres,Con discapacidad,Guerrero,18-29,Brazos o manos,475.0,2987.0,7.0,ENIGH (INEGI),Personas de 18 años o más,enigh
hogar,Es jefa o jefe del hogar,2022,Mujeres,Con discapacidad,Guerrero,18-29,Caminar,0.0,6233.0,14.0,ENIGH (INEGI),Personas de 18 años o más,enigh
hogar,Es jefa o jefe del hogar,2022,Mujeres,Con discapacidad,Guerrero,18-29,Hablar o comunicarse,0.0,2684.0,7.0,ENIGH (INEGI),Personas de 18 años o más,enigh
hogar,Es jefa o jefe del hogar,2022,Mujeres,Con discapacidad,Guerrero,18-29,Mental,0.0,3100.0,9.0,ENIGH (INEGI),Personas de 18 años o más,enigh
hogar,Es jefa o jefe del hogar,2022,Mujeres,Con discapacidad,Guerrero,18-29,Oír,0.0,1339.0,4.0,ENIGH (INEGI),Personas de 18 años o más,enigh
hogar,Es jefa o jefe del hogar,2022,Mujeres,Con discapacidad,Guerrero,18-29,Recordar o concentrarse,0.0,2633.0,7.0,ENIGH (INEGI),Personas de 18 años o más,enigh
hogar,Es jefa o jefe del hogar,2022,Mujeres,Con discapacidad,Guerrero,18-29,Ver,288.0,4303.0,10.0,ENIGH (INEGI),Personas de 18 años o más,enigh
hogar,Es jefa o jefe del hogar,2022,Mujeres,Con discapacidad,Guerrero,30-44,Bañarse o vestirse,704.0,3691.0,9.0,ENIGH (INEGI),Personas de 18 años o más,enigh
hogar,Es jefa o jefe del hogar,2022,Mujeres,Con discapacidad,Guerrero,30-44,Brazos o manos,989.0,5380.0,12.0,ENIGH (INEGI),Personas de 18 años o más,enigh
hogar,Es jefa o jefe del hogar,2022,Mujeres,Con discapacidad,Guerrero,30-44,Caminar,1785.0,8503.0,21.0,ENIGH (INEGI),Personas de 18 años o más,enigh
hogar,Es jefa o jefe del hogar,2022,Mujeres,Con discapacidad,Guerrero,30-44,Hablar o comunicarse,800.0,4542.0,12.0,ENIGH (INEGI),Personas de 18 años o más,enigh
hogar,Es jefa o jefe del hogar,2022,Mujeres,Con discapacidad,Guerrero,30-44,Mental,673.0,3862.0,10.0,ENIGH (INEGI),Personas de 18 años o más,enigh
hogar,Es jefa o jefe del hogar,2022,Mujeres,Con discapacidad,Guerrero,30-44,Oír,1114.0,4715.0,11.0,ENIGH (INEGI),Personas de 18 años o más,enigh
hogar,Es jefa o jefe del hogar,2022,Mujeres,Con discapacidad,Guerrero,30-44,Recordar o concentrarse,378.0,3278.0,9.0,ENIGH (INEGI),Personas de 18 años o más,enigh
hogar,Es jefa o jefe del hogar,2022,Mujeres,Con discapacidad,Guerrero,30-44,Ver,890.0,3309.0,9.0,ENIGH (INEGI),Personas de 18 años o más,enigh
hogar,Es jefa o jefe del hogar,2022,Mujeres,Con discapacidad,Guerrero,45-59,Bañarse o vestirse,1336.0,3329.0,9.0,ENIGH (INEGI),Personas de 18 años o más,enigh
hogar,Es jefa o jefe del hogar,2022,Mujeres,Con discapacidad,Guerrero,45-59,Brazos o manos,3996.0,8362.0,21.0,ENIGH (INEGI),Personas de 18 años o más,enigh
hogar,Es jefa o jefe del hogar,2022,Mujeres,Con discapacidad,Guerrero,45-59,Caminar,6076.0,16007.0,40.0,ENIGH (INEGI),Personas de 18 años o más,enigh
hogar,Es jefa o jefe del hogar,2022,Mujeres,Con discapacidad,Guerrero,45-59,Hablar o comunicarse,416.0,2871.0,7.0,ENIGH (INEGI),Personas de 18 años o más,enigh
hogar,Es jefa o jefe del hogar,2022,Mujeres,Con discapacidad,Guerrero,45-59,Mental,321.0,2952.0,8.0,ENIGH (INEGI),Personas de 18 años o más,enigh
hogar,Es jefa o jefe del hogar,2022,Mujeres,Con discapacidad,Guerrero,45-59,Oír,416.0,2460.0,6.0,ENIGH (INEGI),Personas de 18 años o más,enigh
hogar,Es jefa o jefe del hogar,2022,Mujeres,Con discapacidad,Guerrero,45-59,Recordar o concentrarse,421.0,2424.0,7.0,ENIGH (INEGI),Personas de 18 años o más,enigh
hogar,Es jefa o jefe del hogar,2022,Mujeres,Con discapacidad,Guerrero,45-59,Ver,5182.0,10233.0,25.0,ENIGH (INEGI),Personas de 18 años o más,enigh
hogar,Es jefa o jefe del hogar,2022,Mujeres,Con discapacidad,Guerrero,60+,Bañarse o vestirse,8511.0,17423.0,42.0,ENIGH (INEGI),Personas de 18 años o más,enigh
hogar,Es jefa o jefe del hogar,2022,Mujeres,Con discapacidad,Guerrero,60+,Brazos o manos,10819.0,21790.0,54.0,ENIGH (INEGI),Personas de 18 años o más,enigh
hogar,Es jefa o jefe del hogar,2022,Mujeres,Con discapacidad,Guerrero,60+,Caminar,36042.0,68262.0,171.0,ENIGH (INEGI),Personas de 18 años o más,enigh
hogar,Es jefa o jefe del hogar,2022,Mujeres,Con discapacidad,Guerrero,60+,Hablar o comunicarse,5032.0,8447.0,22.0,ENIGH (INEGI),Personas de 18 años o más,enigh
hogar,Es jefa o jefe del hogar,2022,Mujeres,Con discapacidad,Guerrero,60+,Mental,10428.0,20004.0,50.0,ENIGH (INEGI),Personas de 18 años o más,enigh
hogar,Es jefa o jefe del hogar,2022,Mujeres,Con discapacidad,Guerrero,60+,Oír,10028.0,19476.0,49.0,ENIGH (INEGI),Personas de 18 años o más,enigh
hogar,Es jefa o jefe del hogar,2022,Mujeres,Con discapacidad,Guerrero,60+,Recordar o concentrarse,7739.0,15140.0,40.0,ENIGH (INEGI),Personas de 18 años o más,enigh
hogar,Es jefa o jefe del hogar,2022,Mujeres,Con discapacidad,Guerrero,60+,Ver,17266.0,34928.0,86.0,ENIGH (INEGI),Personas de 18 años o más,enigh
hogar,Es jefa o jefe del hogar,2022,Mujeres,Con discapacidad,Hidalgo,18-29,Bañarse o vestirse,0.0,1021.0,3.0,ENIGH (INEGI),Personas de 18 años o más,enigh
hogar,Es jefa o jefe del hogar,2022,Mujeres,Con discapacidad,Hidalgo,18-29,Brazos o manos,0.0,613.0,2.0,ENIGH (INEGI),Personas de 18 años o más,enigh
hogar,Es jefa o jefe del hogar,2022,Mujeres,Con discapacidad,Hidalgo,18-29,Caminar,389.0,1793.0,5.0,ENIGH (INEGI),Personas de 18 años o más,enigh
hogar,Es jefa o jefe del hogar,2022,Mujeres,Con discapacidad,Hidalgo,18-29,Hablar o comunicarse,0.0,1509.0,4.0,ENIGH (INEGI),Personas de 18 años o más,enigh
hogar,Es jefa o jefe del hogar,2022,Mujeres,Con discapacidad,Hidalgo,18-29,Mental,0.0,1961.0,5.0,ENIGH (INEGI),Personas de 18 años o más,enigh
hogar,Es jefa o jefe del hogar,2022,Mujeres,Con discapacidad,Hidalgo,18-29,Oír,0.0,470.0,1.0,ENIGH (INEGI),Personas de 18 años o más,enigh
hogar,Es jefa o jefe del hogar,2022,Mujeres,Con discapacidad,Hidalgo,18-29,Recordar o concentrarse,0.0,3449.0,8.0,ENIGH (INEGI),Personas de 18 años o más,enigh
hogar,Es jefa o jefe del hogar,2022,Mujeres,Con discapacidad,Hidalgo,18-29,Ver,0.0,5206.0,13.0,ENIGH (INEGI),Personas de 18 años o más,enigh
hogar,Es jefa o jefe del hogar,2022,Mujeres,Con discapacidad,Hidalgo,30-44,Bañarse o vestirse,0.0,1157.0,3.0,ENIGH (INEGI),Personas de 18 años o más,enigh
hogar,Es jefa o jefe del hogar,2022,Mujeres,Con discapacidad,Hidalgo,30-44,Brazos o manos,412.0,1073.0,3.0,ENIGH (INEGI),Personas de 18 años o más,enigh
hogar,Es jefa o jefe del hogar,2022,Mujeres,Con discapacidad,Hidalgo,30-44,Caminar,395.0,3313.0,8.0,ENIGH (INEGI),Personas de 18 años o más,enigh
hogar,Es jefa o jefe del hogar,2022,Mujeres,Con discapacidad,Hidalgo,30-44,Hablar o comunicarse,0.0,1291.0,3.0,ENIGH (INEGI),Personas de 18 años o más,enigh
hogar,Es jefa o jefe del hogar,2022,Mujeres,Con discapacidad,Hidalgo,30-44,Mental,0.0,4692.0,11.0,ENIGH (INEGI),Personas de 18 años o más,enigh
hogar,Es jefa o jefe del hogar,2022,Mujeres,Con discapacidad,Hidalgo,30-44,Oír,0.0,304.0,1.0,ENIGH (INEGI),Personas de 18 años o más,enigh
hogar,Es jefa o jefe del hogar,2022,Mujeres,Con discapacidad,Hidalgo,30-44,Recordar o concentrarse,0.0,2081.0,5.0,ENIGH (INEGI),Personas de 18 años o más,enigh
hogar,Es jefa o jefe del hogar,2022,Mujeres,Con discapacidad,Hidalgo,30-44,Ver,1951.0,4771.0,11.0,ENIGH (INEGI),Personas de 18 años o más,enigh
hogar,Es jefa o jefe del hogar,2022,Mujeres,Con discapacidad,Hidalgo,45-59,Bañarse o vestirse,440.0,723.0,2.0,ENIGH (INEGI),Personas de 18 años o más,enigh
hogar,Es jefa o jefe del hogar,2022,Mujeres,Con discapacidad,Hidalgo,45-59,Brazos o manos,4571.0,5848.0,12.0,ENIGH (INEGI),Personas de 18 años o más,enigh
hogar,Es jefa o jefe del hogar,2022,Mujeres,Con discapacidad,Hidalgo,45-59,Caminar,3818.0,9713.0,22.0,ENIGH (INEGI),Personas de 18 años o más,enigh
hogar,Es jefa o jefe del hogar,2022,Mujeres,Con discapacidad,Hidalgo,45-59,Mental,409.0,1170.0,3.0,ENIGH (INEGI),Personas de 18 años o más,enigh
hogar,Es jefa o jefe del hogar,2022,Mujeres,Con discapacidad,Hidalgo,45-59,Oír,468.0,2522.0,5.0,ENIGH (INEGI),Personas de 18 años o más,enigh
hogar,Es jefa o jefe del hogar,2022,Mujeres,Con discapacidad,Hidalgo,45-59,Recordar o concentrarse,1522.0,4333.0,10.0,ENIGH (INEGI),Personas de 18 años o más,enigh
hogar,Es jefa o jefe del hogar,2022,Mujeres,Con discapacidad,Hidalgo,45-59,Ver,6818.0,14870.0,31.0,ENIGH (INEGI),Personas de 18 años o más,enigh
hogar,Es jefa o jefe del hogar,2022,Mujeres,Con discapacidad,Hidalgo,60+,Bañarse o vestirse,6487.0,15068.0,35.0,ENIGH (INEGI),Personas de 18 años o más,enigh
hogar,Es jefa o jefe del hogar,2022,Mujeres,Con discapacidad,Hidalgo,60+,Brazos o manos,4747.0,16380.0,39.0,ENIGH (INEGI),Personas de 18 años o más,enigh
hogar,Es jefa o jefe del hogar,2022,Mujeres,Con discapacidad,Hidalgo,60+,Caminar,23563.0,50306.0,118.0,ENIGH (INEGI),Personas de 18 años o más,enigh
hogar,Es jefa o jefe del hogar,2022,Mujeres,Con discapacidad,Hidalgo,60+,Hablar o comunicarse,1372.0,4080.0,9.0,ENIGH (INEGI),Personas de 18 años o más,enigh
hogar,Es jefa o jefe del hogar,2022,Mujeres,Con discapacidad,Hidalgo,60+,Mental,2531.0,8319.0,18.0,ENIGH (INEGI),Personas de 18 años o más,enigh
hogar,Es jefa o jefe del hogar,2022,Mujeres,Con discapacidad,Hidalgo,60+,Oír,7304.0,20814.0,50.0,ENIGH (INEGI),Personas de 18 años o más,enigh
hogar,Es jefa o jefe del hogar,2022,Mujeres,Con discapacidad,Hidalgo,60+,Recordar o concentrarse,8645.0,17711.0,42.0,ENIGH (INEGI),Personas de 18 años o más,enigh
hogar,Es jefa o jefe del hogar,2022,Mujeres,Con discapacidad,Hidalgo,60+,Ver,14217.0,31061.0,74.0,ENIGH (INEGI),Personas de 18 años o más,enigh
hogar,Es jefa o jefe del hogar,2022,Mujeres,Con discapacidad,Jalisco,18-29,Bañarse o vestirse,0.0,1226.0,2.0,ENIGH (INEGI),Personas de 18 años o más,enigh
hogar,Es jefa o jefe del hogar,2022,Mujeres,Con discapacidad,Jalisco,18-29,Brazos o manos,0.0,1899.0,2.0,ENIGH (INEGI),Personas de 18 años o más,enigh
hogar,Es jefa o jefe del hogar,2022,Mujeres,Con discapacidad,Jalisco,18-29,Caminar,0.0,4764.0,6.0,ENIGH (INEGI),Personas de 18 años o más,enigh
hogar,Es jefa o jefe del hogar,2022,Mujeres,Con discapacidad,Jalisco,18-29,Hablar o comunicarse,0.0,4840.0,5.0,ENIGH (INEGI),Personas de 18 años o más,enigh
hogar,Es jefa o jefe del hogar,2022,Mujeres,Con discapacidad,Jalisco,18-29,Mental,0.0,2801.0,3.0,ENIGH (INEGI),Personas de 18 años o más,enigh
hogar,Es jefa o jefe del hogar,2022,Mujeres,Con discapacidad,Jalisco,18-29,Oír,0.0,588.0,1.0,ENIGH (INEGI),Personas de 18 años o más,enigh
hogar,Es jefa o jefe del hogar,2022,Mujeres,Con discapacidad,Jalisco,18-29,Recordar o concentrarse,0.0,2031.0,2.0,ENIGH (INEGI),Personas de 18 años o más,enigh
hogar,Es jefa o jefe del hogar,2022,Mujeres,Con discapacidad,Jalisco,18-29,Ver,0.0,2778.0,4.0,ENIGH (INEGI),Personas de 18 años o más,enigh
hogar,Es jefa o jefe del hogar,2022,Mujeres,Con discapacidad,Jalisco,30-44,Bañarse o vestirse,0.0,4670.0,4.0,ENIGH (INEGI),Personas de 18 años o más,enigh
hogar,Es jefa o jefe del hogar,2022,Mujeres,Con discapacidad,Jalisco,30-44,Brazos o manos,0.0,3792.0,6.0,ENIGH (INEGI),Personas de 18 años o más,enigh
hogar,Es jefa o jefe del hogar,2022,Mujeres,Con discapacidad,Jalisco,30-44,Caminar,567.0,11067.0,13.0,ENIGH (INEGI),Personas de 18 años o más,enigh
hogar,Es jefa o jefe del hogar,2022,Mujeres,Con discapacidad,Jalisco,30-44,Hablar o comunicarse,446.0,5160.0,6.0,ENIGH (INEGI),Personas de 18 años o más,enigh
hogar,Es jefa o jefe del hogar,2022,Mujeres,Con discapacidad,Jalisco,30-44,Mental,0.0,5863.0,8.0,ENIGH (INEGI),Personas de 18 años o más,enigh
hogar,Es jefa o jefe del hogar,2022,Mujeres,Con discapacidad,Jalisco,30-44,Oír,446.0,1268.0,3.0,ENIGH (INEGI),Personas de 18 años o más,enigh
hogar,Es jefa o jefe del hogar,2022,Mujeres,Con discapacidad,Jalisco,30-44,Recordar o concentrarse,0.0,7624.0,8.0,ENIGH (INEGI),Personas de 18 años o más,enigh
hogar,Es jefa o jefe del hogar,2022,Mujeres,Con discapacidad,Jalisco,30-44,Ver,0.0,5547.0,7.0,ENIGH (INEGI),Personas de 18 años o más,enigh
hogar,Es jefa o jefe del hogar,2022,Mujeres,Con discapacidad,Jalisco,45-59,Bañarse o vestirse,0.0,952.0,2.0,ENIGH (INEGI),Personas de 18 años o más,enigh
hogar,Es jefa o jefe del hogar,2022,Mujeres,Con discapacidad,Jalisco,45-59,Brazos o manos,5396.0,9367.0,11.0,ENIGH (INEGI),Personas de 18 años o más,enigh
hogar,Es jefa o jefe del hogar,2022,Mujeres,Con discapacidad,Jalisco,45-59,Caminar,14386.0,29897.0,35.0,ENIGH (INEGI),Personas de 18 años o más,enigh
hogar,Es jefa o jefe del hogar,2022,Mujeres,Con discapacidad,Jalisco,45-59,Hablar o comunicarse,0.0,503.0,1.0,ENIGH (INEGI),Personas de 18 años o más,enigh
hogar,Es jefa o jefe del hogar,2022,Mujeres,Con discapacidad,Jalisco,45-59,Mental,1159.0,4919.0,5.0,ENIGH (INEGI),Personas de 18 años o más,enigh
hogar,Es jefa o jefe del hogar,2022,Mujeres,Con discapacidad,Jalisco,45-59,Oír,2964.0,4693.0,5.0,ENIGH (INEGI),Personas de 18 años o más,enigh
hogar,Es jefa o jefe del hogar,2022,Mujeres,Con discapacidad,Jalisco,45-59,Recordar o concentrarse,0.0,5248.0,5.0,ENIGH (INEGI),Personas de 18 años o más,enigh
hogar,Es jefa o jefe del hogar,2022,Mujeres,Con discapacidad,Jalisco,45-59,Ver,9476.0,19329.0,20.0,ENIGH (INEGI),Personas de 18 años o más,enigh
hogar,Es jefa o jefe del hogar,2022,Mujeres,Con discapacidad,Jalisco,60+,Bañarse o vestirse,9621.0,31584.0,37.0,ENIGH (INEGI),Personas de 18 años o más,enigh
hogar,Es jefa o jefe del hogar,2022,Mujeres,Con discapacidad,Jalisco,60+,Brazos o manos,20720.0,46000.0,52.0,ENIGH (INEGI),Personas de 18 años o más,enigh
hogar,Es jefa o jefe del hogar,2022,Mujeres,Con discapacidad,Jalisco,60+,Caminar,74161.0,135754.0,161.0,ENIGH (INEGI),Personas de 18 años o más,enigh
hogar,Es jefa o jefe del hogar,2022,Mujeres,Con discapacidad,Jalisco,60+,Hablar o comunicarse,2137.0,7557.0,9.0,ENIGH (INEGI),Personas de 18 años o más,enigh
hogar,Es jefa o jefe del hogar,2022,Mujeres,Con discapacidad,Jalisco,60+,Mental,6974.0,22574.0,26.0,ENIGH (INEGI),Personas de 18 años o más,enigh
hogar,Es jefa o jefe del hogar,2022,Mujeres,Con discapacidad,Jalisco,60+,Oír,15831.0,31863.0,35.0,ENIGH (INEGI),Personas de 18 años o más,enigh
hogar,Es jefa o jefe del hogar,2022,Mujeres,Con discapacidad,Jalisco,60+,Recordar o concentrarse,14083.0,36198.0,40.0,ENIGH (INEGI),Personas de 18 años o más,enigh
hogar,Es jefa o jefe del hogar,2022,Mujeres,Con discapacidad,Jalisco,60+,Ver,26952.0,56621.0,63.0,ENIGH (INEGI),Personas de 18 años o más,enigh
hogar,Es jefa o jefe del hogar,2022,Mujeres,Con discapacidad,Michoacán,18-29,Bañarse o vestirse,0.0,1329.0,2.0,ENIGH (INEGI),Personas de 18 años o más,enigh
hogar,Es jefa o jefe del hogar,2022,Mujeres,Con discapacidad,Michoacán,18-29,Brazos o manos,525.0,1976.0,3.0,ENIGH (INEGI),Personas de 18 años o más,enigh
hogar,Es jefa o jefe del hogar,2022,Mujeres,Con discapacidad,Michoacán,18-29,Caminar,0.0,3588.0,6.0,ENIGH (INEGI),Personas de 18 años o más,enigh
hogar,Es jefa o jefe del hogar,2022,Mujeres,Con discapacidad,Michoacán,18-29,Hablar o comunicarse,0.0,1199.0,2.0,ENIGH (INEGI),Personas de 18 años o más,enigh
hogar,Es jefa o jefe del hogar,2022,Mujeres,Con discapacidad,Michoacán,18-29,Mental,0.0,3467.0,5.0,ENIGH (INEGI),Personas de 18 años o más,enigh
hogar,Es jefa o jefe del hogar,2022,Mujeres,Con discapacidad,Michoacán,18-29,Oír,0.0,579.0,1.0,ENIGH (INEGI),Personas de 18 años o más,enigh
hogar,Es jefa o jefe del hogar,2022,Mujeres,Con discapacidad,Michoacán,18-29,Recordar o concentrarse,0.0,2287.0,3.0,ENIGH (INEGI),Personas de 18 años o más,enigh
hogar,Es jefa o jefe del hogar,2022,Mujeres,Con discapacidad,Michoacán,18-29,Ver,0.0,4241.0,7.0,ENIGH (INEGI),Personas de 18 años o más,enigh
hogar,Es jefa o jefe del hogar,2022,Mujeres,Con discapacidad,Michoacán,30-44,Bañarse o vestirse,0.0,1848.0,3.0,ENIGH (INEGI),Personas de 18 años o más,enigh
hogar,Es jefa o jefe del hogar,2022,Mujeres,Con discapacidad,Michoacán,30-44,Brazos o manos,0.0,2356.0,4.0,ENIGH (INEGI),Personas de 18 años o más,enigh
hogar,Es jefa o jefe del hogar,2022,Mujeres,Con discapacidad,Michoacán,30-44,Caminar,2375.0,8195.0,13.0,ENIGH (INEGI),Personas de 18 años o más,enigh
hogar,Es jefa o jefe del hogar,2022,Mujeres,Con discapacidad,Michoacán,30-44,Hablar o comunicarse,0.0,4812.0,7.0,ENIGH (INEGI),Personas de 18 años o más,enigh
hogar,Es jefa o jefe del hogar,2022,Mujeres,Con discapacidad,Michoacán,30-44,Mental,927.0,3272.0,5.0,ENIGH (INEGI),Personas de 18 años o más,enigh
hogar,Es jefa o jefe del hogar,2022,Mujeres,Con discapacidad,Michoacán,30-44,Oír,503.0,3593.0,6.0,ENIGH (INEGI),Personas de 18 años o más,enigh
hogar,Es jefa o jefe del hogar,2022,Mujeres,Con discapacidad,Michoacán,30-44,Recordar o concentrarse,1506.0,5107.0,8.0,ENIGH (INEGI),Personas de 18 años o más,enigh
hogar,Es jefa o jefe del hogar,2022,Mujeres,Con discapacidad,Michoacán,30-44,Ver,1339.0,4540.0,7.0,ENIGH (INEGI),Personas de 18 años o más,enigh
hogar,Es jefa o jefe del hogar,2022,Mujeres,Con discapacidad,Michoacán,45-59,Bañarse o vestirse,927.0,5499.0,8.0,ENIGH (INEGI),Personas de 18 años o más,enigh
hogar,Es jefa o jefe del hogar,2022,Mujeres,Con discapacidad,Michoacán,45-59,Brazos o manos,2978.0,8935.0,13.0,ENIGH (INEGI),Personas de 18 años o más,enigh
hogar,Es jefa o jefe del hogar,2022,Mujeres,Con discapacidad,Michoacán,45-59,Caminar,4873.0,21688.0,34.0,ENIGH (INEGI),Personas de 18 años o más,enigh
hogar,Es jefa o jefe del hogar,2022,Mujeres,Con discapacidad,Michoacán,45-59,Hablar o comunicarse,412.0,3269.0,5.0,ENIGH (INEGI),Personas de 18 años o más,enigh
hogar,Es jefa o jefe del hogar,2022,Mujeres,Con discapacidad,Michoacán,45-59,Mental,1428.0,7261.0,11.0,ENIGH (INEGI),Personas de 18 años o más,enigh
hogar,Es jefa o jefe del hogar,2022,Mujeres,Con discapacidad,Michoacán,45-59,Oír,1506.0,6265.0,11.0,ENIGH (INEGI),Personas de 18 años o más,enigh
hogar,Es jefa o jefe del hogar,2022,Mujeres,Con discapacidad,Michoacán,45-59,Recordar o concentrarse,1420.0,10062.0,15.0,ENIGH (INEGI),Personas de 18 años o más,enigh
hogar,Es jefa o jefe del hogar,2022,Mujeres,Con discapacidad,Michoacán,45-59,Ver,3768.0,15362.0,23.0,ENIGH (INEGI),Personas de 18 años o más,enigh
hogar,Es jefa o jefe del hogar,2022,Mujeres,Con discapacidad,Michoacán,60+,Bañarse o vestirse,13579.0,30249.0,51.0,ENIGH (INEGI),Personas de 18 años o más,enigh
hogar,Es jefa o jefe del hogar,2022,Mujeres,Con discapacidad,Michoacán,60+,Brazos o manos,17661.0,30877.0,50.0,ENIGH (INEGI),Personas de 18 años o más,enigh
hogar,Es jefa o jefe del hogar,2022,Mujeres,Con discapacidad,Michoacán,60+,Caminar,49144.0,91288.0,149.0,ENIGH (INEGI),Personas de 18 años o más,enigh
hogar,Es jefa o jefe del hogar,2022,Mujeres,Con discapacidad,Michoacán,60+,Hablar o comunicarse,3744.0,8350.0,13.0,ENIGH (INEGI),Personas de 18 años o más,enigh
hogar,Es jefa o jefe del hogar,2022,Mujeres,Con discapacidad,Michoacán,60+,Mental,9006.0,18210.0,30.0,ENIGH (INEGI),Personas de 18 años o más,enigh
hogar,Es jefa o jefe del hogar,2022,Mujeres,Con discapacidad,Michoacán,60+,Oír,15548.0,26521.0,43.0,ENIGH (INEGI),Personas de 18 años o más,enigh
hogar,Es jefa o jefe del hogar,2022,Mujeres,Con discapacidad,Michoacán,60+,Recordar o concentrarse,12952.0,29161.0,47.0,ENIGH (INEGI),Personas de 18 años o más,enigh
hogar,Es jefa o jefe del hogar,2022,Mujeres,Con discapacidad,Michoacán,60+,Ver,24804.0,57666.0,91.0,ENIGH (INEGI),Personas de 18 años o más,enigh
hogar,Es jefa o jefe del hogar,2022,Mujeres,Con discapacidad,Morelos,18-29,Bañarse o vestirse,0.0,363.0,1.0,ENIGH (INEGI),Personas de 18 años o más,enigh
hogar,Es jefa o jefe del hogar,2022,Mujeres,Con discapacidad,Morelos,18-29,Brazos o manos,0.0,569.0,2.0,ENIGH (INEGI),Personas de 18 años o más,enigh
hogar,Es jefa o jefe del hogar,2022,Mujeres,Con discapacidad,Morelos,18-29,Caminar,0.0,742.0,3.0,ENIGH (INEGI),Personas de 18 años o más,enigh
hogar,Es jefa o jefe del hogar,2022,Mujeres,Con discapacidad,Morelos,18-29,Hablar o comunicarse,0.0,935.0,3.0,ENIGH (INEGI),Personas de 18 años o más,enigh
hogar,Es jefa o jefe del hogar,2022,Mujeres,Con discapacidad,Morelos,18-29,Mental,0.0,747.0,3.0,ENIGH (INEGI),Personas de 18 años o más,enigh
hogar,Es jefa o jefe del hogar,2022,Mujeres,Con discapacidad,Morelos,18-29,Oír,0.0,700.0,3.0,ENIGH (INEGI),Personas de 18 años o más,enigh
hogar,Es jefa o jefe del hogar,2022,Mujeres,Con discapacidad,Morelos,18-29,Recordar o concentrarse,0.0,923.0,3.0,ENIGH (INEGI),Personas de 18 años o más,enigh
hogar,Es jefa o jefe del hogar,2022,Mujeres,Con discapacidad,Morelos,18-29,Ver,300.0,2479.0,10.0,ENIGH (INEGI),Personas de 18 años o más,enigh
hogar,Es jefa o jefe del hogar,2022,Mujeres,Con discapacidad,Morelos,30-44,Bañarse o vestirse,0.0,711.0,4.0,ENIGH (INEGI),Personas de 18 años o más,enigh
hogar,Es jefa o jefe del hogar,2022,Mujeres,Con discapacidad,Morelos,30-44,Brazos o manos,271.0,670.0,4.0,ENIGH (INEGI),Personas de 18 años o más,enigh
hogar,Es jefa o jefe del hogar,2022,Mujeres,Con discapacidad,Morelos,30-44,Caminar,569.0,3258.0,15.0,ENIGH (INEGI),Personas de 18 años o más,enigh
hogar,Es jefa o jefe del hogar,2022,Mujeres,Con discapacidad,Morelos,30-44,Hablar o comunicarse,0.0,428.0,3.0,ENIGH (INEGI),Personas de 18 años o más,enigh
hogar,Es jefa o jefe del hogar,2022,Mujeres,Con discapacidad,Morelos,30-44,Mental,0.0,1066.0,6.0,ENIGH (INEGI),Personas de 18 años o más,enigh
hogar,Es jefa o jefe del hogar,2022,Mujeres,Con discapacidad,Morelos,30-44,Oír,261.0,1007.0,4.0,ENIGH (INEGI),Personas de 18 años o más,enigh
hogar,Es jefa o jefe del hogar,2022,Mujeres,Con discapacidad,Morelos,30-44,Recordar o concentrarse,360.0,1402.0,7.0,ENIGH (INEGI),Personas de 18 años o más,enigh
hogar,Es jefa o jefe del hogar,2022,Mujeres,Con discapacidad,Morelos,30-44,Ver,1182.0,2554.0,11.0,ENIGH (INEGI),Personas de 18 años o más,enigh
hogar,Es jefa o jefe del hogar,2022,Mujeres,Con discapacidad,Morelos,45-59,Bañarse o vestirse,819.0,1126.0,5.0,ENIGH (INEGI),Personas de 18 años o más,enigh
hogar,Es jefa o jefe del hogar,2022,Mujeres,Con discapacidad,Morelos,45-59,Brazos o manos,2530.0,3484.0,13.0,ENIGH (INEGI),Personas de 18 años o más,enigh
hogar,Es jefa o jefe del hogar,2022,Mujeres,Con discapacidad,Morelos,45-59,Caminar,5001.0,6894.0,30.0,ENIGH (INEGI),Personas de 18 años o más,enigh
hogar,Es jefa o jefe del hogar,2022,Mujeres,Con discapacidad,Morelos,45-59,Hablar o comunicarse,221.0,221.0,1.0,ENIGH (INEGI),Personas de 18 años o más,enigh
hogar,Es jefa o jefe del hogar,2022,Mujeres,Con discapacidad,Morelos,45-59,Mental,588.0,1082.0,5.0,ENIGH (INEGI),Personas de 18 años o más,enigh
hogar,Es jefa o jefe del hogar,2022,Mujeres,Con discapacidad,Morelos,45-59,Oír,0.0,772.0,3.0,ENIGH (INEGI),Personas de 18 años o más,enigh
hogar,Es jefa o jefe del hogar,2022,Mujeres,Con discapacidad,Morelos,45-59,Recordar o concentrarse,824.0,2474.0,11.0,ENIGH (INEGI),Personas de 18 años o más,enigh
hogar,Es jefa o jefe del hogar,2022,Mujeres,Con discapacidad,Morelos,45-59,Ver,4166.0,7578.0,30.0,ENIGH (INEGI),Personas de 18 años o más,enigh
hogar,Es jefa o jefe del hogar,2022,Mujeres,Con discapacidad,Morelos,60+,Bañarse o vestirse,5611.0,10687.0,45.0,ENIGH (INEGI),Personas de 18 años o más,enigh
hogar,Es jefa o jefe del hogar,2022,Mujeres,Con discapacidad,Morelos,60+,Brazos o manos,6528.0,11519.0,50.0,ENIGH (INEGI),Personas de 18 años o más,enigh
hogar,Es jefa o jefe del hogar,2022,Mujeres,Con discapacidad,Morelos,60+,Caminar,21109.0,35833.0,151.0,ENIGH (INEGI),Personas de 18 años o más,enigh
hogar,Es jefa o jefe del hogar,2022,Mujeres,Con discapacidad,Morelos,60+,Hablar o comunicarse,754.0,2180.0,10.0,ENIGH (INEGI),Personas de 18 años o más,enigh
hogar,Es jefa o jefe del hogar,2022,Mujeres,Con discapacidad,Morelos,60+,Mental,1728.0,3839.0,17.0,ENIGH (INEGI),Personas de 18 años o más,enigh
hogar,Es jefa o jefe del hogar,2022,Mujeres,Con discapacidad,Morelos,60+,Oír,5946.0,10422.0,41.0,ENIGH (INEGI),Personas de 18 años o más,enigh
hogar,Es jefa o jefe del hogar,2022,Mujeres,Con discapacidad,Morelos,60+,Recordar o concentrarse,5022.0,8987.0,36.0,ENIGH (INEGI),Personas de 18 años o más,enigh
hogar,Es jefa o jefe del hogar,2022,Mujeres,Con discapacidad,Morelos,60+,Ver,11000.0,20018.0,84.0,ENIGH (INEGI),Personas de 18 años o más,enigh
hogar,Es jefa o jefe del hogar,2022,Mujeres,Con discapacidad,México,18-29,Bañarse o vestirse,0.0,7018.0,6.0,ENIGH (INEGI),Personas de 18 años o más,enigh
hogar,Es jefa o jefe del hogar,2022,Mujeres,Con discapacidad,México,18-29,Brazos o manos,0.0,4897.0,4.0,ENIGH (INEGI),Personas de 18 años o más,enigh
hogar,Es jefa o jefe del hogar,2022,Mujeres,Con discapacidad,México,18-29,Caminar,0.0,16725.0,14.0,ENIGH (INEGI),Personas de 18 años o más,enigh
hogar,Es jefa o jefe del hogar,2022,Mujeres,Con discapacidad,México,18-29,Hablar o comunicarse,0.0,9748.0,9.0,ENIGH (INEGI),Personas de 18 años o más,enigh
hogar,Es jefa o jefe del hogar,2022,Mujeres,Con discapacidad,México,18-29,Mental,0.0,9391.0,8.0,ENIGH (INEGI),Personas de 18 años o más,enigh
hogar,Es jefa o jefe del hogar,2022,Mujeres,Con discapacidad,México,18-29,Oír,600.0,5371.0,4.0,ENIGH (INEGI),Personas de 18 años o más,enigh
hogar,Es jefa o jefe del hogar,2022,Mujeres,Con discapacidad,México,18-29,Recordar o concentrarse,1729.0,13460.0,11.0,ENIGH (INEGI),Personas de 18 años o más,enigh
hogar,Es jefa o jefe del hogar,2022,Mujeres,Con discapacidad,México,18-29,Ver,1916.0,22343.0,15.0,ENIGH (INEGI),Personas de 18 años o más,enigh
hogar,Es jefa o jefe del hogar,2022,Mujeres,Con discapacidad,México,30-44,Bañarse o vestirse,0.0,6379.0,4.0,ENIGH (INEGI),Personas de 18 años o más,enigh
hogar,Es jefa o jefe del hogar,2022,Mujeres,Con discapacidad,México,30-44,Brazos o manos,0.0,5940.0,3.0,ENIGH (INEGI),Personas de 18 años o más,enigh
hogar,Es jefa o jefe del hogar,2022,Mujeres,Con discapacidad,México,30-44,Caminar,1015.0,14107.0,16.0,ENIGH (INEGI),Personas de 18 años o más,enigh
hogar,Es jefa o jefe del hogar,2022,Mujeres,Con discapacidad,México,30-44,Hablar o comunicarse,0.0,7066.0,5.0,ENIGH (INEGI),Personas de 18 años o más,enigh
hogar,Es jefa o jefe del hogar,2022,Mujeres,Con discapacidad,México,30-44,Mental,0.0,3887.0,3.0,ENIGH (INEGI),Personas de 18 años o más,enigh
hogar,Es jefa o jefe del hogar,2022,Mujeres,Con discapacidad,México,30-44,Oír,0.0,9313.0,5.0,ENIGH (INEGI),Personas de 18 años o más,enigh
hogar,Es jefa o jefe del hogar,2022,Mujeres,Con discapacidad,México,30-44,Recordar o concentrarse,0.0,5717.0,4.0,ENIGH (INEGI),Personas de 18 años o más,enigh
hogar,Es jefa o jefe del hogar,2022,Mujeres,Con discapacidad,México,30-44,Ver,3192.0,20283.0,18.0,ENIGH (INEGI),Personas de 18 años o más,enigh
hogar,Es jefa o jefe del hogar,2022,Mujeres,Con discapacidad,México,45-59,Bañarse o vestirse,2095.0,8899.0,9.0,ENIGH (INEGI),Personas de 18 años o más,enigh
hogar,Es jefa o jefe del hogar,2022,Mujeres,Con discapacidad,México,45-59,Brazos o manos,5687.0,18371.0,11.0,ENIGH (INEGI),Personas de 18 años o más,enigh
hogar,Es jefa o jefe del hogar,2022,Mujeres,Con discapacidad,México,45-59,Caminar,32217.0,65263.0,42.0,ENIGH (INEGI),Personas de 18 años o más,enigh
hogar,Es jefa o jefe del hogar,2022,Mujeres,Con discapacidad,México,45-59,Hablar o comunicarse,0.0,2600.0,2.0,ENIGH (INEGI),Personas de 18 años o más,enigh
hogar,Es jefa o jefe del hogar,2022,Mujeres,Con discapacidad,México,45-59,Mental,2739.0,9506.0,6.0,ENIGH (INEGI),Personas de 18 años o más,enigh
hogar,Es jefa o jefe del hogar,2022,Mujeres,Con discapacidad,México,45-59,Oír,4869.0,18736.0,14.0,ENIGH (INEGI),Personas de 18 años o más,enigh
hogar,Es jefa o jefe del hogar,2022,Mujeres,Con discapacidad,México,45-59,Recordar o concentrarse,7252.0,15986.0,9.0,ENIGH (INEGI),Personas de 18 años o más,enigh
hogar,Es jefa o jefe del hogar,2022,Mujeres,Con discapacidad,México,45-59,Ver,26152.0,66448.0,48.0,ENIGH (INEGI),Personas de 18 años o más,enigh
hogar,Es jefa o jefe del hogar,2022,Mujeres,Con discapacidad,México,60+,Bañarse o vestirse,26450.0,54797.0,43.0,ENIGH (INEGI),Personas de 18 años o más,enigh
hogar,Es jefa o jefe del hogar,2022,Mujeres,Con discapacidad,México,60+,Brazos o manos,36361.0,62396.0,49.0,ENIGH (INEGI),Personas de 18 años o más,enigh
hogar,Es jefa o jefe del hogar,2022,Mujeres,Con discapacidad,México,60+,Caminar,109405.0,207940.0,152.0,ENIGH (INEGI),Personas de 18 años o más,enigh
hogar,Es jefa o jefe del hogar,2022,Mujeres,Con discapacidad,México,60+,Hablar o comunicarse,6398.0,14821.0,14.0,ENIGH (INEGI),Personas de 18 años o más,enigh
hogar,Es jefa o jefe del hogar,2022,Mujeres,Con discapacidad,México,60+,Mental,30136.0,47468.0,30.0,ENIGH (INEGI),Personas de 18 años o más,enigh
hogar,Es jefa o jefe del hogar,2022,Mujeres,Con discapacidad,México,60+,Oír,34740.0,57319.0,46.0,ENIGH (INEGI),Personas de 18 años o más,enigh
hogar,Es jefa o jefe del hogar,2022,Mujeres,Con discapacidad,México,60+,Recordar o concentrarse,26002.0,62628.0,42.0,ENIGH (INEGI),Personas de 18 años o más,enigh
hogar,Es jefa o jefe del hogar,2022,Mujeres,Con discapacidad,México,60+,Ver,69126.0,113404.0,80.0,ENIGH (INEGI),Personas de 18 años o más,enigh
hogar,Es jefa o jefe del hogar,2022,Mujeres,Con discapacidad,Nayarit,18-29,Caminar,0.0,383.0,2.0,ENIGH (INEGI),Personas de 18 años o más,enigh
hogar,Es jefa o jefe del hogar,2022,Mujeres,Con discapacidad,Nayarit,18-29,Hablar o comunicarse,0.0,174.0,1.0,ENIGH (INEGI),Personas de 18 años o más,enigh
hogar,Es jefa o jefe del hogar,2022,Mujeres,Con discapacidad,Nayarit,18-29,Mental,0.0,174.0,1.0,ENIGH (INEGI),Personas de 18 años o más,enigh
hogar,Es jefa o jefe del hogar,2022,Mujeres,Con discapacidad,Nayarit,18-29,Recordar o concentrarse,0.0,174.0,1.0,ENIGH (INEGI),Personas de 18 años o más,enigh
hogar,Es jefa o jefe del hogar,2022,Mujeres,Con discapacidad,Nayarit,18-29,Ver,0.0,1198.0,6.0,ENIGH (INEGI),Personas de 18 años o más,enigh
hogar,Es jefa o jefe del hogar,2022,Mujeres,Con discapacidad,Nayarit,30-44,Bañarse o vestirse,0.0,194.0,1.0,ENIGH (INEGI),Personas de 18 años o más,enigh
hogar,Es jefa o jefe del hogar,2022,Mujeres,Con discapacidad,Nayarit,30-44,Caminar,723.0,2504.0,13.0,ENIGH (INEGI),Personas de 18 años o más,enigh
hogar,Es jefa o jefe del hogar,2022,Mujeres,Con discapacidad,Nayarit,30-44,Hablar o comunicarse,0.0,349.0,2.0,ENIGH (INEGI),Personas de 18 años o más,enigh
hogar,Es jefa o jefe del hogar,2022,Mujeres,Con discapacidad,Nayarit,30-44,Mental,203.0,552.0,3.0,ENIGH (INEGI),Personas de 18 años o más,enigh
hogar,Es jefa o jefe del hogar,2022,Mujeres,Con discapacidad,Nayarit,30-44,Oír,0.0,243.0,1.0,ENIGH (INEGI),Personas de 18 años o más,enigh
hogar,Es jefa o jefe del hogar,2022,Mujeres,Con discapacidad,Nayarit,30-44,Recordar o concentrarse,173.0,592.0,4.0,ENIGH (INEGI),Personas de 18 años o más,enigh
hogar,Es jefa o jefe del hogar,2022,Mujeres,Con discapacidad,Nayarit,30-44,Ver,0.0,952.0,5.0,ENIGH (INEGI),Personas de 18 años o más,enigh
hogar,Es jefa o jefe del hogar,2022,Mujeres,Con discapacidad,Nayarit,45-59,Bañarse o vestirse,570.0,1290.0,7.0,ENIGH (INEGI),Personas de 18 años o más,enigh
hogar,Es jefa o jefe del hogar,2022,Mujeres,Con discapacidad,Nayarit,45-59,Brazos o manos,685.0,1941.0,11.0,ENIGH (INEGI),Personas de 18 años o más,enigh
hogar,Es jefa o jefe del hogar,2022,Mujeres,Con discapacidad,Nayarit,45-59,Caminar,3069.0,6363.0,35.0,ENIGH (INEGI),Personas de 18 años o más,enigh
hogar,Es jefa o jefe del hogar,2022,Mujeres,Con discapacidad,Nayarit,45-59,Hablar o comunicarse,0.0,545.0,3.0,ENIGH (INEGI),Personas de 18 años o más,enigh
hogar,Es jefa o jefe del hogar,2022,Mujeres,Con discapacidad,Nayarit,45-59,Mental,368.0,558.0,3.0,ENIGH (INEGI),Personas de 18 años o más,enigh
hogar,Es jefa o jefe del hogar,2022,Mujeres,Con discapacidad,Nayarit,45-59,Oír,198.0,346.0,2.0,ENIGH (INEGI),Personas de 18 años o más,enigh
hogar,Es jefa o jefe del hogar,2022,Mujeres,Con discapacidad,Nayarit,45-59,Recordar o concentrarse,217.0,1130.0,7.0,ENIGH (INEGI),Personas de 18 años o más,enigh
hogar,Es jefa o jefe del hogar,2022,Mujeres,Con discapacidad,Nayarit,45-59,Ver,1582.0,4571.0,26.0,ENIGH (INEGI),Personas de 18 años o más,enigh
hogar,Es jefa o jefe del hogar,2022,Mujeres,Con discapacidad,Nayarit,60+,Bañarse o vestirse,1725.0,3812.0,22.0,ENIGH (INEGI),Personas de 18 años o más,enigh
hogar,Es jefa o jefe del hogar,2022,Mujeres,Con discapacidad,Nayarit,60+,Brazos o manos,2632.0,4674.0,27.0,ENIGH (INEGI),Personas de 18 años o más,enigh
hogar,Es jefa o jefe del hogar,2022,Mujeres,Con discapacidad,Nayarit,60+,Caminar,9937.0,16827.0,98.0,ENIGH (INEGI),Personas de 18 años o más,enigh
hogar,Es jefa o jefe del hogar,2022,Mujeres,Con discapacidad,Nayarit,60+,Hablar o comunicarse,0.0,1659.0,10.0,ENIGH (INEGI),Personas de 18 años o más,enigh
hogar,Es jefa o jefe del hogar,2022,Mujeres,Con discapacidad,Nayarit,60+,Mental,670.0,1978.0,12.0,ENIGH (INEGI),Personas de 18 años o más,enigh
hogar,Es jefa o jefe del hogar,2022,Mujeres,Con discapacidad,Nayarit,60+,Oír,1788.0,4216.0,25.0,ENIGH (INEGI),Personas de 18 años o más,enigh
hogar,Es jefa o jefe del hogar,2022,Mujeres,Con discapacidad,Nayarit,60+,Recordar o concentrarse,1629.0,2726.0,17.0,ENIGH (INEGI),Personas de 18 años o más,enigh
hogar,Es jefa o jefe del hogar,2022,Mujeres,Con discapacidad,Nayarit,60+,Ver,5807.0,10402.0,61.0,ENIGH (INEGI),Personas de 18 años o más,enigh
hogar,Es jefa o jefe del hogar,2022,Mujeres,Con discapacidad,Nuevo León,18-29,Bañarse o vestirse,0.0,1030.0,5.0,ENIGH (INEGI),Personas de 18 años o más,enigh
hogar,Es jefa o jefe del hogar,2022,Mujeres,Con discapacidad,Nuevo León,18-29,Brazos o manos,0.0,2061.0,6.0,ENIGH (INEGI),Personas de 18 años o más,enigh
hogar,Es jefa o jefe del hogar,2022,Mujeres,Con discapacidad,Nuevo León,18-29,Caminar,0.0,5283.0,13.0,ENIGH (INEGI),Personas de 18 años o más,enigh
hogar,Es jefa o jefe del hogar,2022,Mujeres,Con discapacidad,Nuevo León,18-29,Hablar o comunicarse,0.0,2686.0,9.0,ENIGH (INEGI),Personas de 18 años o más,enigh
hogar,Es jefa o jefe del hogar,2022,Mujeres,Con discapacidad,Nuevo León,18-29,Mental,0.0,2636.0,9.0,ENIGH (INEGI),Personas de 18 años o más,enigh
hogar,Es jefa o jefe del hogar,2022,Mujeres,Con discapacidad,Nuevo León,18-29,Oír,0.0,3149.0,8.0,ENIGH (INEGI),Personas de 18 años o más,enigh
hogar,Es jefa o jefe del hogar,2022,Mujeres,Con discapacidad,Nuevo León,18-29,Recordar o concentrarse,0.0,1814.0,7.0,ENIGH (INEGI),Personas de 18 años o más,enigh
hogar,Es jefa o jefe del hogar,2022,Mujeres,Con discapacidad,Nuevo León,18-29,Ver,65.0,3118.0,12.0,ENIGH (INEGI),Personas de 18 años o más,enigh
hogar,Es jefa o jefe del hogar,2022,Mujeres,Con discapacidad,Nuevo León,30-44,Bañarse o vestirse,0.0,163.0,2.0,ENIGH (INEGI),Personas de 18 años o más,enigh
hogar,Es jefa o jefe del hogar,2022,Mujeres,Con discapacidad,Nuevo León,30-44,Brazos o manos,881.0,954.0,2.0,ENIGH (INEGI),Personas de 18 años o más,enigh
hogar,Es jefa o jefe del hogar,2022,Mujeres,Con discapacidad,Nuevo León,30-44,Caminar,62.0,2988.0,10.0,ENIGH (INEGI),Personas de 18 años o más,enigh
hogar,Es jefa o jefe del hogar,2022,Mujeres,Con discapacidad,Nuevo León,30-44,Hablar o comunicarse,0.0,1123.0,6.0,ENIGH (INEGI),Personas de 18 años o más,enigh
hogar,Es jefa o jefe del hogar,2022,Mujeres,Con discapacidad,Nuevo León,30-44,Mental,0.0,1766.0,6.0,ENIGH (INEGI),Personas de 18 años o más,enigh
hogar,Es jefa o jefe del hogar,2022,Mujeres,Con discapacidad,Nuevo León,30-44,Oír,0.0,699.0,1.0,ENIGH (INEGI),Personas de 18 años o más,enigh
hogar,Es jefa o jefe del hogar,2022,Mujeres,Con discapacidad,Nuevo León,30-44,Recordar o concentrarse,0.0,2216.0,4.0,ENIGH (INEGI),Personas de 18 años o más,enigh
hogar,Es jefa o jefe del hogar,2022,Mujeres,Con discapacidad,Nuevo León,30-44,Ver,801.0,4759.0,9.0,ENIGH (INEGI),Personas de 18 años o más,enigh
hogar,Es jefa o jefe del hogar,2022,Mujeres,Con discapacidad,Nuevo León,45-59,Bañarse o vestirse,913.0,2859.0,6.0,ENIGH (INEGI),Personas de 18 años o más,enigh
hogar,Es jefa o jefe del hogar,2022,Mujeres,Con discapacidad,Nuevo León,45-59,Brazos o manos,1894.0,7318.0,14.0,ENIGH (INEGI),Personas de 18 años o más,enigh
hogar,Es jefa o jefe del hogar,2022,Mujeres,Con discapacidad,Nuevo León,45-59,Caminar,4063.0,20342.0,46.0,ENIGH (INEGI),Personas de 18 años o más,enigh
hogar,Es jefa o jefe del hogar,2022,Mujeres,Con discapacidad,Nuevo León,45-59,Hablar o comunicarse,40.0,922.0,4.0,ENIGH (INEGI),Personas de 18 años o más,enigh
hogar,Es jefa o jefe del hogar,2022,Mujeres,Con discapacidad,Nuevo León,45-59,Mental,860.0,2765.0,10.0,ENIGH (INEGI),Personas de 18 años o más,enigh
hogar,Es jefa o jefe del hogar,2022,Mujeres,Con discapacidad,Nuevo León,45-59,Oír,5343.0,7280.0,8.0,ENIGH (INEGI),Personas de 18 años o más,enigh
hogar,Es jefa o jefe del hogar,2022,Mujeres,Con discapacidad,Nuevo León,45-59,Recordar o concentrarse,888.0,6193.0,10.0,ENIGH (INEGI),Personas de 18 años o más,enigh
hogar,Es jefa o jefe del hogar,2022,Mujeres,Con discapacidad,Nuevo León,45-59,Ver,5142.0,16645.0,29.0,ENIGH (INEGI),Personas de 18 años o más,enigh
hogar,Es jefa o jefe del hogar,2022,Mujeres,Con discapacidad,Nuevo León,60+,Bañarse o vestirse,9428.0,17298.0,42.0,ENIGH (INEGI),Personas de 18 años o más,enigh
hogar,Es jefa o jefe del hogar,2022,Mujeres,Con discapacidad,Nuevo León,60+,Brazos o manos,10093.0,21279.0,65.0,ENIGH (INEGI),Personas de 18 años o más,enigh
hogar,Es jefa o jefe del hogar,2022,Mujeres,Con discapacidad,Nuevo León,60+,Caminar,42507.0,82461.0,183.0,ENIGH (INEGI),Personas de 18 años o más,enigh
hogar,Es jefa o jefe del hogar,2022,Mujeres,Con discapacidad,Nuevo León,60+,Hablar o comunicarse,3274.0,9323.0,18.0,ENIGH (INEGI),Personas de 18 años o más,enigh
hogar,Es jefa o jefe del hogar,2022,Mujeres,Con discapacidad,Nuevo León,60+,Mental,7214.0,12607.0,28.0,ENIGH (INEGI),Personas de 18 años o más,enigh
hogar,Es jefa o jefe del hogar,2022,Mujeres,Con discapacidad,Nuevo León,60+,Oír,18130.0,27393.0,60.0,ENIGH (INEGI),Personas de 18 años o más,enigh
hogar,Es jefa o jefe del hogar,2022,Mujeres,Con discapacidad,Nuevo León,60+,Recordar o concentrarse,7723.0,16110.0,39.0,ENIGH (INEGI),Personas de 18 años o más,enigh
hogar,Es jefa o jefe del hogar,2022,Mujeres,Con discapacidad,Nuevo León,60+,Ver,16625.0,34788.0,89.0,ENIGH (INEGI),Personas de 18 años o más,enigh
hogar,Es jefa o jefe del hogar,2022,Mujeres,Con discapacidad,Oaxaca,18-29,Brazos o manos,0.0,695.0,1.0,ENIGH (INEGI),Personas de 18 años o más,enigh
hogar,Es jefa o jefe del hogar,2022,Mujeres,Con discapacidad,Oaxaca,18-29,Caminar,0.0,3567.0,7.0,ENIGH (INEGI),Personas de 18 años o más,enigh
hogar,Es jefa o jefe del hogar,2022,Mujeres,Con discapacidad,Oaxaca,18-29,Hablar o comunicarse,0.0,2842.0,6.0,ENIGH (INEGI),Personas de 18 años o más,enigh
hogar,Es jefa o jefe del hogar,2022,Mujeres,Con discapacidad,Oaxaca,18-29,Mental,0.0,2679.0,5.0,ENIGH (INEGI),Personas de 18 años o más,enigh
hogar,Es jefa o jefe del hogar,2022,Mujeres,Con discapacidad,Oaxaca,18-29,Oír,0.0,437.0,1.0,ENIGH (INEGI),Personas de 18 años o más,enigh
hogar,Es jefa o jefe del hogar,2022,Mujeres,Con discapacidad,Oaxaca,18-29,Recordar o concentrarse,0.0,442.0,1.0,ENIGH (INEGI),Personas de 18 años o más,enigh
hogar,Es jefa o jefe del hogar,2022,Mujeres,Con discapacidad,Oaxaca,18-29,Ver,0.0,3133.0,7.0,ENIGH (INEGI),Personas de 18 años o más,enigh
hogar,Es jefa o jefe del hogar,2022,Mujeres,Con discapacidad,Oaxaca,30-44,Bañarse o vestirse,411.0,3092.0,6.0,ENIGH (INEGI),Personas de 18 años o más,enigh
hogar,Es jefa o jefe del hogar,2022,Mujeres,Con discapacidad,Oaxaca,30-44,Brazos o manos,444.0,2153.0,5.0,ENIGH (INEGI),Personas de 18 años o más,enigh
hogar,Es jefa o jefe del hogar,2022,Mujeres,Con discapacidad,Oaxaca,30-44,Caminar,1751.0,6298.0,14.0,ENIGH (INEGI),Personas de 18 años o más,enigh
hogar,Es jefa o jefe del hogar,2022,Mujeres,Con discapacidad,Oaxaca,30-44,Hablar o comunicarse,0.0,4113.0,10.0,ENIGH (INEGI),Personas de 18 años o más,enigh
hogar,Es jefa o jefe del hogar,2022,Mujeres,Con discapacidad,Oaxaca,30-44,Mental,0.0,3111.0,6.0,ENIGH (INEGI),Personas de 18 años o más,enigh
hogar,Es jefa o jefe del hogar,2022,Mujeres,Con discapacidad,Oaxaca,30-44,Oír,447.0,4035.0,9.0,ENIGH (INEGI),Personas de 18 años o más,enigh
hogar,Es jefa o jefe del hogar,2022,Mujeres,Con discapacidad,Oaxaca,30-44,Recordar o concentrarse,1034.0,5544.0,11.0,ENIGH (INEGI),Personas de 18 años o más,enigh
hogar,Es jefa o jefe del hogar,2022,Mujeres,Con discapacidad,Oaxaca,30-44,Ver,464.0,4489.0,10.0,ENIGH (INEGI),Personas de 18 años o más,enigh
hogar,Es jefa o jefe del hogar,2022,Mujeres,Con discapacidad,Oaxaca,45-59,Bañarse o vestirse,381.0,1141.0,3.0,ENIGH (INEGI),Personas de 18 años o más,enigh
hogar,Es jefa o jefe del hogar,2022,Mujeres,Con discapacidad,Oaxaca,45-59,Brazos o manos,1911.0,7147.0,15.0,ENIGH (INEGI),Personas de 18 años o más,enigh
hogar,Es jefa o jefe del hogar,2022,Mujeres,Con discapacidad,Oaxaca,45-59,Caminar,5245.0,16483.0,37.0,ENIGH (INEGI),Personas de 18 años o más,enigh
hogar,Es jefa o jefe del hogar,2022,Mujeres,Con discapacidad,Oaxaca,45-59,Hablar o comunicarse,0.0,2546.0,6.0,ENIGH (INEGI),Personas de 18 años o más,enigh
hogar,Es jefa o jefe del hogar,2022,Mujeres,Con discapacidad,Oaxaca,45-59,Mental,1251.0,3473.0,7.0,ENIGH (INEGI),Personas de 18 años o más,enigh
hogar,Es jefa o jefe del hogar,2022,Mujeres,Con discapacidad,Oaxaca,45-59,Oír,723.0,4061.0,9.0,ENIGH (INEGI),Personas de 18 años o más,enigh
hogar,Es jefa o jefe del hogar,2022,Mujeres,Con discapacidad,Oaxaca,45-59,Recordar o concentrarse,0.0,2378.0,6.0,ENIGH (INEGI),Personas de 18 años o más,enigh
hogar,Es jefa o jefe del hogar,2022,Mujeres,Con discapacidad,Oaxaca,45-59,Ver,4035.0,11214.0,25.0,ENIGH (INEGI),Personas de 18 años o más,enigh
hogar,Es jefa o jefe del hogar,2022,Mujeres,Con discapacidad,Oaxaca,60+,Bañarse o vestirse,4422.0,15249.0,37.0,ENIGH (INEGI),Personas de 18 años o más,enigh
hogar,Es jefa o jefe del hogar,2022,Mujeres,Con discapacidad,Oaxaca,60+,Brazos o manos,8628.0,17954.0,42.0,ENIGH (INEGI),Personas de 18 años o más,enigh
hogar,Es jefa o jefe del hogar,2022,Mujeres,Con discapacidad,Oaxaca,60+,Caminar,32599.0,78759.0,181.0,ENIGH (INEGI),Personas de 18 años o más,enigh
hogar,Es jefa o jefe del hogar,2022,Mujeres,Con discapacidad,Oaxaca,60+,Hablar o comunicarse,3127.0,10255.0,24.0,ENIGH (INEGI),Personas de 18 años o más,enigh
hogar,Es jefa o jefe del hogar,2022,Mujeres,Con discapacidad,Oaxaca,60+,Mental,2901.0,9336.0,20.0,ENIGH (INEGI),Personas de 18 años o más,enigh
hogar,Es jefa o jefe del hogar,2022,Mujeres,Con discapacidad,Oaxaca,60+,Oír,13522.0,33721.0,78.0,ENIGH (INEGI),Personas de 18 años o más,enigh
hogar,Es jefa o jefe del hogar,2022,Mujeres,Con discapacidad,Oaxaca,60+,Recordar o concentrarse,8127.0,21375.0,48.0,ENIGH (INEGI),Personas de 18 años o más,enigh
hogar,Es jefa o jefe del hogar,2022,Mujeres,Con discapacidad,Oaxaca,60+,Ver,21682.0,52318.0,121.0,ENIGH (INEGI),Personas de 18 años o más,enigh
hogar,Es jefa o jefe del hogar,2022,Mujeres,Con discapacidad,Puebla,18-29,Bañarse o vestirse,0.0,1524.0,2.0,ENIGH (INEGI),Personas de 18 años o más,enigh
hogar,Es jefa o jefe del hogar,2022,Mujeres,Con discapacidad,Puebla,18-29,Brazos o manos,0.0,2869.0,4.0,ENIGH (INEGI),Personas de 18 años o más,enigh
hogar,Es jefa o jefe del hogar,2022,Mujeres,Con discapacidad,Puebla,18-29,Caminar,0.0,3697.0,5.0,ENIGH (INEGI),Personas de 18 años o más,enigh
hogar,Es jefa o jefe del hogar,2022,Mujeres,Con discapacidad,Puebla,18-29,Hablar o comunicarse,0.0,1524.0,2.0,ENIGH (INEGI),Personas de 18 años o más,enigh
hogar,Es jefa o jefe del hogar,2022,Mujeres,Con discapacidad,Puebla,18-29,Mental,848.0,5019.0,7.0,ENIGH (INEGI),Personas de 18 años o más,enigh
hogar,Es jefa o jefe del hogar,2022,Mujeres,Con discapacidad,Puebla,18-29,Oír,0.0,1668.0,2.0,ENIGH (INEGI),Personas de 18 años o más,enigh
hogar,Es jefa o jefe del hogar,2022,Mujeres,Con discapacidad,Puebla,18-29,Recordar o concentrarse,0.0,1524.0,2.0,ENIGH (INEGI),Personas de 18 años o más,enigh
hogar,Es jefa o jefe del hogar,2022,Mujeres,Con discapacidad,Puebla,18-29,Ver,0.0,2278.0,3.0,ENIGH (INEGI),Personas de 18 años o más,enigh
hogar,Es jefa o jefe del hogar,2022,Mujeres,Con discapacidad,Puebla,30-44,Bañarse o vestirse,0.0,4815.0,6.0,ENIGH (INEGI),Personas de 18 años o más,enigh
hogar,Es jefa o jefe del hogar,2022,Mujeres,Con discapacidad,Puebla,30-44,Brazos o manos,0.0,7798.0,8.0,ENIGH (INEGI),Personas de 18 años o más,enigh
hogar,Es jefa o jefe del hogar,2022,Mujeres,Con discapacidad,Puebla,30-44,Caminar,1606.0,14471.0,16.0,ENIGH (INEGI),Personas de 18 años o más,enigh
hogar,Es jefa o jefe del hogar,2022,Mujeres,Con discapacidad,Puebla,30-44,Hablar o comunicarse,0.0,2235.0,3.0,ENIGH (INEGI),Personas de 18 años o más,enigh
hogar,Es jefa o jefe del hogar,2022,Mujeres,Con discapacidad,Puebla,30-44,Mental,1918.0,8654.0,10.0,ENIGH (INEGI),Personas de 18 años o más,enigh
hogar,Es jefa o jefe del hogar,2022,Mujeres,Con discapacidad,Puebla,30-44,Oír,0.0,788.0,1.0,ENIGH (INEGI),Personas de 18 años o más,enigh
hogar,Es jefa o jefe del hogar,2022,Mujeres,Con discapacidad,Puebla,30-44,Recordar o concentrarse,2301.0,9200.0,11.0,ENIGH (INEGI),Personas de 18 años o más,enigh
hogar,Es jefa o jefe del hogar,2022,Mujeres,Con discapacidad,Puebla,30-44,Ver,3629.0,7658.0,8.0,ENIGH (INEGI),Personas de 18 años o más,enigh
hogar,Es jefa o jefe del hogar,2022,Mujeres,Con discapacidad,Puebla,45-59,Bañarse o vestirse,1672.0,5987.0,6.0,ENIGH (INEGI),Personas de 18 años o más,enigh
hogar,Es jefa o jefe del hogar,2022,Mujeres,Con discapacidad,Puebla,45-59,Brazos o manos,3149.0,10030.0,12.0,ENIGH (INEGI),Personas de 18 años o más,enigh
hogar,Es jefa o jefe del hogar,2022,Mujeres,Con discapacidad,Puebla,45-59,Caminar,10849.0,19428.0,24.0,ENIGH (INEGI),Personas de 18 años o más,enigh
hogar,Es jefa o jefe del hogar,2022,Mujeres,Con discapacidad,Puebla,45-59,Hablar o comunicarse,0.0,975.0,1.0,ENIGH (INEGI),Personas de 18 años o más,enigh
hogar,Es jefa o jefe del hogar,2022,Mujeres,Con discapacidad,Puebla,45-59,Mental,1562.0,3229.0,4.0,ENIGH (INEGI),Personas de 18 años o más,enigh
hogar,Es jefa o jefe del hogar,2022,Mujeres,Con discapacidad,Puebla,45-59,Oír,1688.0,4318.0,6.0,ENIGH (INEGI),Personas de 18 años o más,enigh
hogar,Es jefa o jefe del hogar,2022,Mujeres,Con discapacidad,Puebla,45-59,Recordar o concentrarse,5411.0,7597.0,9.0,ENIGH (INEGI),Personas de 18 años o más,enigh
hogar,Es jefa o jefe del hogar,2022,Mujeres,Con discapacidad,Puebla,45-59,Ver,11995.0,26950.0,31.0,ENIGH (INEGI),Personas de 18 años o más,enigh
hogar,Es jefa o jefe del hogar,2022,Mujeres,Con discapacidad,Puebla,60+,Bañarse o vestirse,11223.0,20998.0,28.0,ENIGH (INEGI),Personas de 18 años o más,enigh
hogar,Es jefa o jefe del hogar,2022,Mujeres,Con discapacidad,Puebla,60+,Brazos o manos,12994.0,22655.0,30.0,ENIGH (INEGI),Personas de 18 años o más,enigh
hogar,Es jefa o jefe del hogar,2022,Mujeres,Con discapacidad,Puebla,60+,Caminar,44877.0,83449.0,109.0,ENIGH (INEGI),Personas de 18 años o más,enigh
hogar,Es jefa o jefe del hogar,2022,Mujeres,Con discapacidad,Puebla,60+,Hablar o comunicarse,3634.0,5848.0,8.0,ENIGH (INEGI),Personas de 18 años o más,enigh
hogar,Es jefa o jefe del hogar,2022,Mujeres,Con discapacidad,Puebla,60+,Mental,5532.0,7799.0,11.0,ENIGH (INEGI),Personas de 18 años o más,enigh
hogar,Es jefa o jefe del hogar,2022,Mujeres,Con discapacidad,Puebla,60+,Oír,21603.0,38739.0,49.0,ENIGH (INEGI),Personas de 18 años o más,enigh
hogar,Es jefa o jefe del hogar,2022,Mujeres,Con discapacidad,Puebla,60+,Recordar o concentrarse,16300.0,26945.0,36.0,ENIGH (INEGI),Personas de 18 años o más,enigh
hogar,Es jefa o jefe del hogar,2022,Mujeres,Con discapacidad,Puebla,60+,Ver,24544.0,49467.0,63.0,ENIGH (INEGI),Personas de 18 años o más,enigh
hogar,Es jefa o jefe del hogar,2022,Mujeres,Con discapacidad,Querétaro,18-29,Bañarse o vestirse,0.0,966.0,7.0,ENIGH (INEGI),Personas de 18 años o más,enigh
hogar,Es jefa o jefe del hogar,2022,Mujeres,Con discapacidad,Querétaro,18-29,Brazos o manos,0.0,977.0,7.0,ENIGH (INEGI),Personas de 18 años o más,enigh
hogar,Es jefa o jefe del hogar,2022,Mujeres,Con discapacidad,Querétaro,18-29,Caminar,0.0,1803.0,12.0,ENIGH (INEGI),Personas de 18 años o más,enigh
hogar,Es jefa o jefe del hogar,2022,Mujeres,Con discapacidad,Querétaro,18-29,Hablar o comunicarse,0.0,1641.0,8.0,ENIGH (INEGI),Personas de 18 años o más,enigh
hogar,Es jefa o jefe del hogar,2022,Mujeres,Con discapacidad,Querétaro,18-29,Mental,0.0,1004.0,6.0,ENIGH (INEGI),Personas de 18 años o más,enigh
hogar,Es jefa o jefe del hogar,2022,Mujeres,Con discapacidad,Querétaro,18-29,Oír,0.0,734.0,4.0,ENIGH (INEGI),Personas de 18 años o más,enigh
hogar,Es jefa o jefe del hogar,2022,Mujeres,Con discapacidad,Querétaro,18-29,Recordar o concentrarse,0.0,1510.0,8.0,ENIGH (INEGI),Personas de 18 años o más,enigh
hogar,Es jefa o jefe del hogar,2022,Mujeres,Con discapacidad,Querétaro,18-29,Ver,0.0,1288.0,7.0,ENIGH (INEGI),Personas de 18 años o más,enigh
hogar,Es jefa o jefe del hogar,2022,Mujeres,Con discapacidad,Querétaro,30-44,Bañarse o vestirse,311.0,767.0,5.0,ENIGH (INEGI),Personas de 18 años o más,enigh
hogar,Es jefa o jefe del hogar,2022,Mujeres,Con discapacidad,Querétaro,30-44,Brazos o manos,77.0,692.0,4.0,ENIGH (INEGI),Personas de 18 años o más,enigh
hogar,Es jefa o jefe del hogar,2022,Mujeres,Con discapacidad,Querétaro,30-44,Caminar,1125.0,4020.0,21.0,ENIGH (INEGI),Personas de 18 años o más,enigh
hogar,Es jefa o jefe del hogar,2022,Mujeres,Con discapacidad,Querétaro,30-44,Hablar o comunicarse,0.0,610.0,5.0,ENIGH (INEGI),Personas de 18 años o más,enigh
hogar,Es jefa o jefe del hogar,2022,Mujeres,Con discapacidad,Querétaro,30-44,Mental,311.0,1094.0,7.0,ENIGH (INEGI),Personas de 18 años o más,enigh
hogar,Es jefa o jefe del hogar,2022,Mujeres,Con discapacidad,Querétaro,30-44,Oír,311.0,1254.0,8.0,ENIGH (INEGI),Personas de 18 años o más,enigh
hogar,Es jefa o jefe del hogar,2022,Mujeres,Con discapacidad,Querétaro,30-44,Recordar o concentrarse,376.0,1327.0,11.0,ENIGH (INEGI),Personas de 18 años o más,enigh
hogar,Es jefa o jefe del hogar,2022,Mujeres,Con discapacidad,Querétaro,30-44,Ver,1667.0,3862.0,19.0,ENIGH (INEGI),Personas de 18 años o más,enigh
hogar,Es jefa o jefe del hogar,2022,Mujeres,Con discapacidad,Querétaro,45-59,Bañarse o vestirse,836.0,1735.0,7.0,ENIGH (INEGI),Personas de 18 años o más,enigh
hogar,Es jefa o jefe del hogar,2022,Mujeres,Con discapacidad,Querétaro,45-59,Brazos o manos,1589.0,3887.0,18.0,ENIGH (INEGI),Personas de 18 años o más,enigh
hogar,Es jefa o jefe del hogar,2022,Mujeres,Con discapacidad,Querétaro,45-59,Caminar,3920.0,8788.0,43.0,ENIGH (INEGI),Personas de 18 años o más,enigh
hogar,Es jefa o jefe del hogar,2022,Mujeres,Con discapacidad,Querétaro,45-59,Hablar o comunicarse,126.0,1054.0,6.0,ENIGH (INEGI),Personas de 18 años o más,enigh
hogar,Es jefa o jefe del hogar,2022,Mujeres,Con discapacidad,Querétaro,45-59,Mental,103.0,1641.0,8.0,ENIGH (INEGI),Personas de 18 años o más,enigh
hogar,Es jefa o jefe del hogar,2022,Mujeres,Con discapacidad,Querétaro,45-59,Oír,367.0,1423.0,8.0,ENIGH (INEGI),Personas de 18 años o más,enigh
hogar,Es jefa o jefe del hogar,2022,Mujeres,Con discapacidad,Querétaro,45-59,Recordar o concentrarse,408.0,2228.0,12.0,ENIGH (INEGI),Personas de 18 años o más,enigh
hogar,Es jefa o jefe del hogar,2022,Mujeres,Con discapacidad,Querétaro,45-59,Ver,2827.0,6973.0,33.0,ENIGH (INEGI),Personas de 18 años o más,enigh
hogar,Es jefa o jefe del hogar,2022,Mujeres,Con discapacidad,Querétaro,60+,Bañarse o vestirse,3720.0,10101.0,57.0,ENIGH (INEGI),Personas de 18 años o más,enigh
hogar,Es jefa o jefe del hogar,2022,Mujeres,Con discapacidad,Querétaro,60+,Brazos o manos,6224.0,12657.0,74.0,ENIGH (INEGI),Personas de 18 años o más,enigh
hogar,Es jefa o jefe del hogar,2022,Mujeres,Con discapacidad,Querétaro,60+,Caminar,13013.0,29364.0,164.0,ENIGH (INEGI),Personas de 18 años o más,enigh
hogar,Es jefa o jefe del hogar,2022,Mujeres,Con discapacidad,Querétaro,60+,Hablar o comunicarse,1093.0,3153.0,19.0,ENIGH (INEGI),Personas de 18 años o más,enigh
hogar,Es jefa o jefe del hogar,2022,Mujeres,Con discapacidad,Querétaro,60+,Mental,1830.0,5855.0,33.0,ENIGH (INEGI),Personas de 18 años o más,enigh
hogar,Es jefa o jefe del hogar,2022,Mujeres,Con discapacidad,Querétaro,60+,Oír,3928.0,8839.0,53.0,ENIGH (INEGI),Personas de 18 años o más,enigh
hogar,Es jefa o jefe del hogar,2022,Mujeres,Con discapacidad,Querétaro,60+,Recordar o concentrarse,3716.0,9268.0,55.0,ENIGH (INEGI),Personas de 18 años o más,enigh
hogar,Es jefa o jefe del hogar,2022,Mujeres,Con discapacidad,Querétaro,60+,Ver,7253.0,16845.0,104.0,ENIGH (INEGI),Personas de 18 años o más,enigh
hogar,Es jefa o jefe del hogar,2022,Mujeres,Con discapacidad,Quintana Roo,18-29,Brazos o manos,0.0,271.0,1.0,ENIGH (INEGI),Personas de 18 años o más,enigh
hogar,Es jefa o jefe del hogar,2022,Mujeres,Con discapacidad,Quintana Roo,18-29,Caminar,0.0,246.0,1.0,ENIGH (INEGI),Personas de 18 años o más,enigh
hogar,Es jefa o jefe del hogar,2022,Mujeres,Con discapacidad,Quintana Roo,18-29,Hablar o comunicarse,0.0,253.0,1.0,ENIGH (INEGI),Personas de 18 años o más,enigh
hogar,Es jefa o jefe del hogar,2022,Mujeres,Con discapacidad,Quintana Roo,18-29,Mental,0.0,484.0,2.0,ENIGH (INEGI),Personas de 18 años o más,enigh
hogar,Es jefa o jefe del hogar,2022,Mujeres,Con discapacidad,Quintana Roo,18-29,Recordar o concentrarse,0.0,253.0,1.0,ENIGH (INEGI),Personas de 18 años o más,enigh
hogar,Es jefa o jefe del hogar,2022,Mujeres,Con discapacidad,Quintana Roo,18-29,Ver,0.0,161.0,1.0,ENIGH (INEGI),Personas de 18 años o más,enigh
hogar,Es jefa o jefe del hogar,2022,Mujeres,Con discapacidad,Quintana Roo,30-44,Bañarse o vestirse,270.0,448.0,2.0,ENIGH (INEGI),Personas de 18 años o más,enigh
hogar,Es jefa o jefe del hogar,2022,Mujeres,Con discapacidad,Quintana Roo,30-44,Brazos o manos,888.0,888.0,2.0,ENIGH (INEGI),Personas de 18 años o más,enigh
hogar,Es jefa o jefe del hogar,2022,Mujeres,Con discapacidad,Quintana Roo,30-44,Caminar,1810.0,2862.0,9.0,ENIGH (INEGI),Personas de 18 años o más,enigh
hogar,Es jefa o jefe del hogar,2022,Mujeres,Con discapacidad,Quintana Roo,30-44,Hablar o comunicarse,0.0,570.0,3.0,ENIGH (INEGI),Personas de 18 años o más,enigh
hogar,Es jefa o jefe del hogar,2022,Mujeres,Con discapacidad,Quintana Roo,30-44,Mental,0.0,660.0,3.0,ENIGH (INEGI),Personas de 18 años o más,enigh
hogar,Es jefa o jefe del hogar,2022,Mujeres,Con discapacidad,Quintana Roo,30-44,Oír,192.0,483.0,2.0,ENIGH (INEGI),Personas de 18 años o más,enigh
hogar,Es jefa o jefe del hogar,2022,Mujeres,Con discapacidad,Quintana Roo,30-44,Recordar o concentrarse,618.0,1278.0,4.0,ENIGH (INEGI),Personas de 18 años o más,enigh
hogar,Es jefa o jefe del hogar,2022,Mujeres,Con discapacidad,Quintana Roo,30-44,Ver,133.0,1090.0,5.0,ENIGH (INEGI),Personas de 18 años o más,enigh
hogar,Es jefa o jefe del hogar,2022,Mujeres,Con discapacidad,Quintana Roo,45-59,Bañarse o vestirse,1469.0,2379.0,9.0,ENIGH (INEGI),Personas de 18 años o más,enigh
hogar,Es jefa o jefe del hogar,2022,Mujeres,Con discapacidad,Quintana Roo,45-59,Brazos o manos,1779.0,3139.0,12.0,ENIGH (INEGI),Personas de 18 años o más,enigh
hogar,Es jefa o jefe del hogar,2022,Mujeres,Con discapacidad,Quintana Roo,45-59,Caminar,4457.0,7672.0,33.0,ENIGH (INEGI),Personas de 18 años o más,enigh
hogar,Es jefa o jefe del hogar,2022,Mujeres,Con discapacidad,Quintana Roo,45-59,Hablar o comunicarse,0.0,2006.0,7.0,ENIGH (INEGI),Personas de 18 años o más,enigh
hogar,Es jefa o jefe del hogar,2022,Mujeres,Con discapacidad,Quintana Roo,45-59,Mental,229.0,775.0,4.0,ENIGH (INEGI),Personas de 18 años o más,enigh
hogar,Es jefa o jefe del hogar,2022,Mujeres,Con discapacidad,Quintana Roo,45-59,Oír,689.0,1337.0,6.0,ENIGH (INEGI),Personas de 18 años o más,enigh
hogar,Es jefa o jefe del hogar,2022,Mujeres,Con discapacidad,Quintana Roo,45-59,Recordar o concentrarse,577.0,1260.0,5.0,ENIGH (INEGI),Personas de 18 años o más,enigh
hogar,Es jefa o jefe del hogar,2022,Mujeres,Con discapacidad,Quintana Roo,45-59,Ver,2671.0,4268.0,18.0,ENIGH (INEGI),Personas de 18 años o más,enigh
hogar,Es jefa o jefe del hogar,2022,Mujeres,Con discapacidad,Quintana Roo,60+,Bañarse o vestirse,2255.0,4974.0,22.0,ENIGH (INEGI),Personas de 18 años o más,enigh
hogar,Es jefa o jefe del hogar,2022,Mujeres,Con discapacidad,Quintana Roo,60+,Brazos o manos,2244.0,4890.0,21.0,ENIGH (INEGI),Personas de 18 años o más,enigh
hogar,Es jefa o jefe del hogar,2022,Mujeres,Con discapacidad,Quintana Roo,60+,Caminar,8141.0,19190.0,81.0,ENIGH (INEGI),Personas de 18 años o más,enigh
hogar,Es jefa o jefe del hogar,2022,Mujeres,Con discapacidad,Quintana Roo,60+,Hablar o comunicarse,808.0,1453.0,7.0,ENIGH (INEGI),Personas de 18 años o más,enigh
hogar,Es jefa o jefe del hogar,2022,Mujeres,Con discapacidad,Quintana Roo,60+,Mental,1076.0,2929.0,13.0,ENIGH (INEGI),Personas de 18 años o más,enigh
hogar,Es jefa o jefe del hogar,2022,Mujeres,Con discapacidad,Quintana Roo,60+,Oír,1010.0,3117.0,12.0,ENIGH (INEGI),Personas de 18 años o más,enigh
hogar,Es jefa o jefe del hogar,2022,Mujeres,Con discapacidad,Quintana Roo,60+,Recordar o concentrarse,2133.0,4377.0,17.0,ENIGH (INEGI),Personas de 18 años o más,enigh
hogar,Es jefa o jefe del hogar,2022,Mujeres,Con discapacidad,Quintana Roo,60+,Ver,4225.0,10088.0,39.0,ENIGH (INEGI),Personas de 18 años o más,enigh
hogar,Es jefa o jefe del hogar,2022,Mujeres,Con discapacidad,San Luis Potosí,18-29,Bañarse o vestirse,0.0,1234.0,4.0,ENIGH (INEGI),Personas de 18 años o más,enigh
hogar,Es jefa o jefe del hogar,2022,Mujeres,Con discapacidad,San Luis Potosí,18-29,Brazos o manos,0.0,1296.0,5.0,ENIGH (INEGI),Personas de 18 años o más,enigh
hogar,Es jefa o jefe del hogar,2022,Mujeres,Con discapacidad,San Luis Potosí,18-29,Caminar,211.0,1977.0,6.0,ENIGH (INEGI),Personas de 18 años o más,enigh
hogar,Es jefa o jefe del hogar,2022,Mujeres,Con discapacidad,San Luis Potosí,18-29,Hablar o comunicarse,0.0,1317.0,5.0,ENIGH (INEGI),Personas de 18 años o más,enigh
hogar,Es jefa o jefe del hogar,2022,Mujeres,Con discapacidad,San Luis Potosí,18-29,Mental,0.0,1447.0,6.0,ENIGH (INEGI),Personas de 18 años o más,enigh
hogar,Es jefa o jefe del hogar,2022,Mujeres,Con discapacidad,San Luis Potosí,18-29,Oír,382.0,1263.0,4.0,ENIGH (INEGI),Personas de 18 años o más,enigh
hogar,Es jefa o jefe del hogar,2022,Mujeres,Con discapacidad,San Luis Potosí,18-29,Recordar o concentrarse,0.0,2001.0,7.0,ENIGH (INEGI),Personas de 18 años o más,enigh
hogar,Es jefa o jefe del hogar,2022,Mujeres,Con discapacidad,San Luis Potosí,18-29,Ver,0.0,1748.0,6.0,ENIGH (INEGI),Personas de 18 años o más,enigh
hogar,Es jefa o jefe del hogar,2022,Mujeres,Con discapacidad,San Luis Potosí,30-44,Bañarse o vestirse,0.0,993.0,4.0,ENIGH (INEGI),Personas de 18 años o más,enigh
hogar,Es jefa o jefe del hogar,2022,Mujeres,Con discapacidad,San Luis Potosí,30-44,Brazos o manos,0.0,1651.0,6.0,ENIGH (INEGI),Personas de 18 años o más,enigh
hogar,Es jefa o jefe del hogar,2022,Mujeres,Con discapacidad,San Luis Potosí,30-44,Caminar,1497.0,4066.0,13.0,ENIGH (INEGI),Personas de 18 años o más,enigh
hogar,Es jefa o jefe del hogar,2022,Mujeres,Con discapacidad,San Luis Potosí,30-44,Hablar o comunicarse,0.0,2755.0,10.0,ENIGH (INEGI),Personas de 18 años o más,enigh
hogar,Es jefa o jefe del hogar,2022,Mujeres,Con discapacidad,San Luis Potosí,30-44,Mental,0.0,2176.0,8.0,ENIGH (INEGI),Personas de 18 años o más,enigh
hogar,Es jefa o jefe del hogar,2022,Mujeres,Con discapacidad,San Luis Potosí,30-44,Oír,0.0,299.0,1.0,ENIGH (INEGI),Personas de 18 años o más,enigh
hogar,Es jefa o jefe del hogar,2022,Mujeres,Con discapacidad,San Luis Potosí,30-44,Recordar o concentrarse,516.0,2679.0,11.0,ENIGH (INEGI),Personas de 18 años o más,enigh
hogar,Es jefa o jefe del hogar,2022,Mujeres,Con discapacidad,San Luis Potosí,30-44,Ver,797.0,2203.0,8.0,ENIGH (INEGI),Personas de 18 años o más,enigh
hogar,Es jefa o jefe del hogar,2022,Mujeres,Con discapacidad,San Luis Potosí,45-59,Bañarse o vestirse,162.0,2566.0,8.0,ENIGH (INEGI),Personas de 18 años o más,enigh
hogar,Es jefa o jefe del hogar,2022,Mujeres,Con discapacidad,San Luis Potosí,45-59,Brazos o manos,1776.0,4747.0,15.0,ENIGH (INEGI),Personas de 18 años o más,enigh
hogar,Es jefa o jefe del hogar,2022,Mujeres,Con discapacidad,San Luis Potosí,45-59,Caminar,4517.0,11504.0,40.0,ENIGH (INEGI),Personas de 18 años o más,enigh
hogar,Es jefa o jefe del hogar,2022,Mujeres,Con discapacidad,San Luis Potosí,45-59,Hablar o comunicarse,0.0,871.0,3.0,ENIGH (INEGI),Personas de 18 años o más,enigh
hogar,Es jefa o jefe del hogar,2022,Mujeres,Con discapacidad,San Luis Potosí,45-59,Mental,772.0,2586.0,8.0,ENIGH (INEGI),Personas de 18 años o más,enigh
hogar,Es jefa o jefe del hogar,2022,Mujeres,Con discapacidad,San Luis Potosí,45-59,Oír,608.0,2502.0,8.0,ENIGH (INEGI),Personas de 18 años o más,enigh
hogar,Es jefa o jefe del hogar,2022,Mujeres,Con discapacidad,San Luis Potosí,45-59,Recordar o concentrarse,1883.0,3773.0,12.0,ENIGH (INEGI),Personas de 18 años o más,enigh
hogar,Es jefa o jefe del hogar,2022,Mujeres,Con discapacidad,San Luis Potosí,45-59,Ver,3471.0,6529.0,24.0,ENIGH (INEGI),Personas de 18 años o más,enigh
hogar,Es jefa o jefe del hogar,2022,Mujeres,Con discapacidad,San Luis Potosí,60+,Bañarse o vestirse,4975.0,13331.0,43.0,ENIGH (INEGI),Personas de 18 años o más,enigh
hogar,Es jefa o jefe del hogar,2022,Mujeres,Con discapacidad,San Luis Potosí,60+,Brazos o manos,8158.0,14270.0,48.0,ENIGH (INEGI),Personas de 18 años o más,enigh
hogar,Es jefa o jefe del hogar,2022,Mujeres,Con discapacidad,San Luis Potosí,60+,Caminar,25445.0,48690.0,165.0,ENIGH (INEGI),Personas de 18 años o más,enigh
hogar,Es jefa o jefe del hogar,2022,Mujeres,Con discapacidad,San Luis Potosí,60+,Hablar o comunicarse,1073.0,3263.0,13.0,ENIGH (INEGI),Personas de 18 años o más,enigh
hogar,Es jefa o jefe del hogar,2022,Mujeres,Con discapacidad,San Luis Potosí,60+,Mental,736.0,4999.0,18.0,ENIGH (INEGI),Personas de 18 años o más,enigh
hogar,Es jefa o jefe del hogar,2022,Mujeres,Con discapacidad,San Luis Potosí,60+,Oír,6526.0,13855.0,49.0,ENIGH (INEGI),Personas de 18 años o más,enigh
hogar,Es jefa o jefe del hogar,2022,Mujeres,Con discapacidad,San Luis Potosí,60+,Recordar o concentrarse,6494.0,13559.0,46.0,ENIGH (INEGI),Personas de 18 años o más,enigh
hogar,Es jefa o jefe del hogar,2022,Mujeres,Con discapacidad,San Luis Potosí,60+,Ver,11138.0,20006.0,71.0,ENIGH (INEGI),Personas de 18 años o más,enigh
hogar,Es jefa o jefe del hogar,2022,Mujeres,Con discapacidad,Sinaloa,18-29,Bañarse o vestirse,0.0,615.0,3.0,ENIGH (INEGI),Personas de 18 años o más,enigh
hogar,Es jefa o jefe del hogar,2022,Mujeres,Con discapacidad,Sinaloa,18-29,Brazos o manos,0.0,183.0,1.0,ENIGH (INEGI),Personas de 18 años o más,enigh
hogar,Es jefa o jefe del hogar,2022,Mujeres,Con discapacidad,Sinaloa,18-29,Caminar,0.0,1505.0,6.0,ENIGH (INEGI),Personas de 18 años o más,enigh
hogar,Es jefa o jefe del hogar,2022,Mujeres,Con discapacidad,Sinaloa,18-29,Hablar o comunicarse,0.0,611.0,3.0,ENIGH (INEGI),Personas de 18 años o más,enigh
hogar,Es jefa o jefe del hogar,2022,Mujeres,Con discapacidad,Sinaloa,18-29,Mental,0.0,1575.0,7.0,ENIGH (INEGI),Personas de 18 años o más,enigh
hogar,Es jefa o jefe del hogar,2022,Mujeres,Con discapacidad,Sinaloa,18-29,Oír,0.0,179.0,1.0,ENIGH (INEGI),Personas de 18 años o más,enigh
hogar,Es jefa o jefe del hogar,2022,Mujeres,Con discapacidad,Sinaloa,18-29,Recordar o concentrarse,0.0,1894.0,7.0,ENIGH (INEGI),Personas de 18 años o más,enigh
hogar,Es jefa o jefe del hogar,2022,Mujeres,Con discapacidad,Sinaloa,18-29,Ver,0.0,1537.0,5.0,ENIGH (INEGI),Personas de 18 años o más,enigh
hogar,Es jefa o jefe del hogar,2022,Mujeres,Con discapacidad,Sinaloa,30-44,Bañarse o vestirse,217.0,586.0,2.0,ENIGH (INEGI),Personas de 18 años o más,enigh
hogar,Es jefa o jefe del hogar,2022,Mujeres,Con discapacidad,Sinaloa,30-44,Brazos o manos,0.0,1128.0,4.0,ENIGH (INEGI),Personas de 18 años o más,enigh
hogar,Es jefa o jefe del hogar,2022,Mujeres,Con discapacidad,Sinaloa,30-44,Caminar,419.0,2167.0,8.0,ENIGH (INEGI),Personas de 18 años o más,enigh
hogar,Es jefa o jefe del hogar,2022,Mujeres,Con discapacidad,Sinaloa,30-44,Hablar o comunicarse,415.0,1031.0,3.0,ENIGH (INEGI),Personas de 18 años o más,enigh
hogar,Es jefa o jefe del hogar,2022,Mujeres,Con discapacidad,Sinaloa,30-44,Mental,0.0,1188.0,5.0,ENIGH (INEGI),Personas de 18 años o más,enigh
hogar,Es jefa o jefe del hogar,2022,Mujeres,Con discapacidad,Sinaloa,30-44,Oír,192.0,515.0,2.0,ENIGH (INEGI),Personas de 18 años o más,enigh
hogar,Es jefa o jefe del hogar,2022,Mujeres,Con discapacidad,Sinaloa,30-44,Recordar o concentrarse,202.0,1760.0,5.0,ENIGH (INEGI),Personas de 18 años o más,enigh
hogar,Es jefa o jefe del hogar,2022,Mujeres,Con discapacidad,Sinaloa,30-44,Ver,202.0,2401.0,9.0,ENIGH (INEGI),Personas de 18 años o más,enigh
hogar,Es jefa o jefe del hogar,2022,Mujeres,Con discapacidad,Sinaloa,45-59,Bañarse o vestirse,1202.0,4230.0,15.0,ENIGH (INEGI),Personas de 18 años o más,enigh
hogar,Es jefa o jefe del hogar,2022,Mujeres,Con discapacidad,Sinaloa,45-59,Brazos o manos,3926.0,8235.0,29.0,ENIGH (INEGI),Personas de 18 años o más,enigh
hogar,Es jefa o jefe del hogar,2022,Mujeres,Con discapacidad,Sinaloa,45-59,Caminar,5374.0,12549.0,47.0,ENIGH (INEGI),Personas de 18 años o más,enigh
hogar,Es jefa o jefe del hogar,2022,Mujeres,Con discapacidad,Sinaloa,45-59,Hablar o comunicarse,864.0,3228.0,10.0,ENIGH (INEGI),Personas de 18 años o más,enigh
hogar,Es jefa o jefe del hogar,2022,Mujeres,Con discapacidad,Sinaloa,45-59,Mental,1434.0,5900.0,21.0,ENIGH (INEGI),Personas de 18 años o más,enigh
hogar,Es jefa o jefe del hogar,2022,Mujeres,Con discapacidad,Sinaloa,45-59,Oír,1166.0,3813.0,13.0,ENIGH (INEGI),Personas de 18 años o más,enigh
hogar,Es jefa o jefe del hogar,2022,Mujeres,Con discapacidad,Sinaloa,45-59,Recordar o concentrarse,704.0,5136.0,19.0,ENIGH (INEGI),Personas de 18 años o más,enigh
hogar,Es jefa o jefe del hogar,2022,Mujeres,Con discapacidad,Sinaloa,45-59,Ver,4683.0,9836.0,36.0,ENIGH (INEGI),Personas de 18 años o más,enigh
hogar,Es jefa o jefe del hogar,2022,Mujeres,Con discapacidad,Sinaloa,60+,Bañarse o vestirse,4485.0,12373.0,54.0,ENIGH (INEGI),Personas de 18 años o más,enigh
hogar,Es jefa o jefe del hogar,2022,Mujeres,Con discapacidad,Sinaloa,60+,Brazos o manos,6443.0,13690.0,59.0,ENIGH (INEGI),Personas de 18 años o más,enigh
hogar,Es jefa o jefe del hogar,2022,Mujeres,Con discapacidad,Sinaloa,60+,Caminar,24276.0,48652.0,200.0,ENIGH (INEGI),Personas de 18 años o más,enigh
hogar,Es jefa o jefe del hogar,2022,Mujeres,Con discapacidad,Sinaloa,60+,Hablar o comunicarse,1250.0,4388.0,20.0,ENIGH (INEGI),Personas de 18 años o más,enigh
hogar,Es jefa o jefe del hogar,2022,Mujeres,Con discapacidad,Sinaloa,60+,Mental,2010.0,6655.0,29.0,ENIGH (INEGI),Personas de 18 años o más,enigh
hogar,Es jefa o jefe del hogar,2022,Mujeres,Con discapacidad,Sinaloa,60+,Oír,4955.0,10749.0,45.0,ENIGH (INEGI),Personas de 18 años o más,enigh
hogar,Es jefa o jefe del hogar,2022,Mujeres,Con discapacidad,Sinaloa,60+,Recordar o concentrarse,5132.0,12043.0,50.0,ENIGH (INEGI),Personas de 18 años o más,enigh
hogar,Es jefa o jefe del hogar,2022,Mujeres,Con discapacidad,Sinaloa,60+,Ver,10985.0,24293.0,98.0,ENIGH (INEGI),Personas de 18 años o más,enigh
hogar,Es jefa o jefe del hogar,2022,Mujeres,Con discapacidad,Sonora,18-29,Caminar,427.0,2729.0,6.0,ENIGH (INEGI),Personas de 18 años o más,enigh
hogar,Es jefa o jefe del hogar,2022,Mujeres,Con discapacidad,Sonora,18-29,Hablar o comunicarse,0.0,1591.0,5.0,ENIGH (INEGI),Personas de 18 años o más,enigh
hogar,Es jefa o jefe del hogar,2022,Mujeres,Con discapacidad,Sonora,18-29,Mental,0.0,768.0,2.0,ENIGH (INEGI),Personas de 18 años o más,enigh
hogar,Es jefa o jefe del hogar,2022,Mujeres,Con discapacidad,Sonora,18-29,Oír,0.0,463.0,1.0,ENIGH (INEGI),Personas de 18 años o más,enigh
hogar,Es jefa o jefe del hogar,2022,Mujeres,Con discapacidad,Sonora,18-29,Recordar o concentrarse,422.0,1344.0,3.0,ENIGH (INEGI),Personas de 18 años o más,enigh
hogar,Es jefa o jefe del hogar,2022,Mujeres,Con discapacidad,Sonora,18-29,Ver,0.0,1006.0,2.0,ENIGH (INEGI),Personas de 18 años o más,enigh
hogar,Es jefa o jefe del hogar,2022,Mujeres,Con discapacidad,Sonora,30-44,Bañarse o vestirse,395.0,2304.0,6.0,ENIGH (INEGI),Personas de 18 años o más,enigh
hogar,Es jefa o jefe del hogar,2022,Mujeres,Con discapacidad,Sonora,30-44,Brazos o manos,0.0,2059.0,6.0,ENIGH (INEGI),Personas de 18 años o más,enigh
hogar,Es jefa o jefe del hogar,2022,Mujeres,Con discapacidad,Sonora,30-44,Caminar,1233.0,3374.0,9.0,ENIGH (INEGI),Personas de 18 años o más,enigh
hogar,Es jefa o jefe del hogar,2022,Mujeres,Con discapacidad,Sonora,30-44,Hablar o comunicarse,575.0,1646.0,5.0,ENIGH (INEGI),Personas de 18 años o más,enigh
hogar,Es jefa o jefe del hogar,2022,Mujeres,Con discapacidad,Sonora,30-44,Mental,0.0,2664.0,7.0,ENIGH (INEGI),Personas de 18 años o más,enigh
hogar,Es jefa o jefe del hogar,2022,Mujeres,Con discapacidad,Sonora,30-44,Oír,844.0,2094.0,6.0,ENIGH (INEGI),Personas de 18 años o más,enigh
hogar,Es jefa o jefe del hogar,2022,Mujeres,Con discapacidad,Sonora,30-44,Recordar o concentrarse,469.0,1935.0,5.0,ENIGH (INEGI),Personas de 18 años o más,enigh
hogar,Es jefa o jefe del hogar,2022,Mujeres,Con discapacidad,Sonora,30-44,Ver,0.0,1135.0,4.0,ENIGH (INEGI),Personas de 18 años o más,enigh
hogar,Es jefa o jefe del hogar,2022,Mujeres,Con discapacidad,Sonora,45-59,Bañarse o vestirse,1573.0,2946.0,9.0,ENIGH (INEGI),Personas de 18 años o más,enigh
hogar,Es jefa o jefe del hogar,2022,Mujeres,Con discapacidad,Sonora,45-59,Brazos o manos,1294.0,2915.0,8.0,ENIGH (INEGI),Personas de 18 años o más,enigh
hogar,Es jefa o jefe del hogar,2022,Mujeres,Con discapacidad,Sonora,45-59,Caminar,0.0,2410.0,5.0,ENIGH (INEGI),Personas de 18 años o más,enigh
hogar,Es jefa o jefe del hogar,2022,Mujeres,Con discapacidad,Sonora,45-59,Hablar o comunicarse,4940.0,10325.0,27.0,ENIGH (INEGI),Personas de 18 años o más,enigh
hogar,Es jefa o jefe del hogar,2022,Mujeres,Con discapacidad,Sonora,45-59,Mental,7592.0,13533.0,35.0,ENIGH (INEGI),Personas de 18 años o más,enigh
hogar,Es jefa o jefe del hogar,2022,Mujeres,Con discapacidad,Sonora,45-59,Oír,1928.0,3743.0,11.0,ENIGH (INEGI),Personas de 18 años o más,enigh
hogar,Es jefa o jefe del hogar,2022,Mujeres,Con discapacidad,Sonora,45-59,Recordar o concentrarse,1220.0,2304.0,8.0,ENIGH (INEGI),Personas de 18 años o más,enigh
hogar,Es jefa o jefe del hogar,2022,Mujeres,Con discapacidad,Sonora,45-59,Ver,219.0,1285.0,3.0,ENIGH (INEGI),Personas de 18 años o más,enigh
hogar,Es jefa o jefe del hogar,2022,Mujeres,Con discapacidad,Sonora,60+,Bañarse o vestirse,8697.0,15263.0,44.0,ENIGH (INEGI),Personas de 18 años o más,enigh
hogar,Es jefa o jefe del hogar,2022,Mujeres,Con discapacidad,Sonora,60+,Brazos o manos,4385.0,10537.0,31.0,ENIGH (INEGI),Personas de 18 años o más,enigh
hogar,Es jefa o jefe del hogar,2022,Mujeres,Con discapacidad,Sonora,60+,Caminar,6589.0,11486.0,32.0,ENIGH (INEGI),Personas de 18 años o más,enigh
hogar,Es jefa o jefe del hogar,2022,Mujeres,Con discapacidad,Sonora,60+,Hablar o comunicarse,9347.0,16438.0,51.0,ENIGH (INEGI),Personas de 18 años o más,enigh
hogar,Es jefa o jefe del hogar,2022,Mujeres,Con discapacidad,Sonora,60+,Mental,23718.0,41848.0,121.0,ENIGH (INEGI),Personas de 18 años o más,enigh
hogar,Es jefa o jefe del hogar,2022,Mujeres,Con discapacidad,Sonora,60+,Oír,6534.0,11460.0,34.0,ENIGH (INEGI),Personas de 18 años o más,enigh
hogar,Es jefa o jefe del hogar,2022,Mujeres,Con discapacidad,Sonora,60+,Recordar o concentrarse,6038.0,10111.0,28.0,ENIGH (INEGI),Personas de 18 años o más,enigh
hogar,Es jefa o jefe del hogar,2022,Mujeres,Con discapacidad,Sonora,60+,Ver,1870.0,4960.0,14.0,ENIGH (INEGI),Personas de 18 años o más,enigh
hogar,Es jefa o jefe del hogar,2022,Mujeres,Con discapacidad,Tabasco,18-29,Bañarse o vestirse,0.0,1328.0,4.0,ENIGH (INEGI),Personas de 18 años o más,enigh
hogar,Es jefa o jefe del hogar,2022,Mujeres,Con discapacidad,Tabasco,18-29,Brazos o manos,0.0,609.0,2.0,ENIGH (INEGI),Personas de 18 años o más,enigh
hogar,Es jefa o jefe del hogar,2022,Mujeres,Con discapacidad,Tabasco,18-29,Caminar,0.0,4022.0,12.0,ENIGH (INEGI),Personas de 18 años o más,enigh
hogar,Es jefa o jefe del hogar,2022,Mujeres,Con discapacidad,Tabasco,18-29,Hablar o comunicarse,350.0,350.0,1.0,ENIGH (INEGI),Personas de 18 años o más,enigh
hogar,Es jefa o jefe del hogar,2022,Mujeres,Con discapacidad,Tabasco,18-29,Mental,0.0,637.0,2.0,ENIGH (INEGI),Personas de 18 años o más,enigh
hogar,Es jefa o jefe del hogar,2022,Mujeres,Con discapacidad,Tabasco,18-29,Oír,0.0,705.0,2.0,ENIGH (INEGI),Personas de 18 años o más,enigh
hogar,Es jefa o jefe del hogar,2022,Mujeres,Con discapacidad,Tabasco,18-29,Recordar o concentrarse,0.0,328.0,1.0,ENIGH (INEGI),Personas de 18 años o más,enigh
hogar,Es jefa o jefe del hogar,2022,Mujeres,Con discapacidad,Tabasco,18-29,Ver,0.0,2403.0,8.0,ENIGH (INEGI),Personas de 18 años o más,enigh
hogar,Es jefa o jefe del hogar,2022,Mujeres,Con discapacidad,Tabasco,30-44,Bañarse o vestirse,0.0,320.0,1.0,ENIGH (INEGI),Personas de 18 años o más,enigh
hogar,Es jefa o jefe del hogar,2022,Mujeres,Con discapacidad,Tabasco,30-44,Caminar,966.0,3932.0,12.0,ENIGH (INEGI),Personas de 18 años o más,enigh
hogar,Es jefa o jefe del hogar,2022,Mujeres,Con discapacidad,Tabasco,30-44,Hablar o comunicarse,0.0,916.0,3.0,ENIGH (INEGI),Personas de 18 años o más,enigh
hogar,Es jefa o jefe del hogar,2022,Mujeres,Con discapacidad,Tabasco,30-44,Mental,0.0,552.0,2.0,ENIGH (INEGI),Personas de 18 años o más,enigh
hogar,Es jefa o jefe del hogar,2022,Mujeres,Con discapacidad,Tabasco,30-44,Oír,0.0,916.0,3.0,ENIGH (INEGI),Personas de 18 años o más,enigh
hogar,Es jefa o jefe del hogar,2022,Mujeres,Con discapacidad,Tabasco,30-44,Recordar o concentrarse,285.0,870.0,3.0,ENIGH (INEGI),Personas de 18 años o más,enigh
hogar,Es jefa o jefe del hogar,2022,Mujeres,Con discapacidad,Tabasco,30-44,Ver,292.0,3175.0,10.0,ENIGH (INEGI),Personas de 18 años o más,enigh
hogar,Es jefa o jefe del hogar,2022,Mujeres,Con discapacidad,Tabasco,45-59,Bañarse o vestirse,887.0,3948.0,12.0,ENIGH (INEGI),Personas de 18 años o más,enigh
hogar,Es jefa o jefe del hogar,2022,Mujeres,Con discapacidad,Tabasco,45-59,Brazos o manos,1433.0,5233.0,16.0,ENIGH (INEGI),Personas de 18 años o más,enigh
hogar,Es jefa o jefe del hogar,2022,Mujeres,Con discapacidad,Tabasco,45-59,Caminar,6062.0,11795.0,37.0,ENIGH (INEGI),Personas de 18 años o más,enigh
hogar,Es jefa o jefe del hogar,2022,Mujeres,Con discapacidad,Tabasco,45-59,Hablar o comunicarse,559.0,2904.0,9.0,ENIGH (INEGI),Personas de 18 años o más,enigh
hogar,Es jefa o jefe del hogar,2022,Mujeres,Con discapacidad,Tabasco,45-59,Mental,1115.0,3068.0,10.0,ENIGH (INEGI),Personas de 18 años o más,enigh
hogar,Es jefa o jefe del hogar,2022,Mujeres,Con discapacidad,Tabasco,45-59,Oír,538.0,1967.0,6.0,ENIGH (INEGI),Personas de 18 años o más,enigh
hogar,Es jefa o jefe del hogar,2022,Mujeres,Con discapacidad,Tabasco,45-59,Recordar o concentrarse,1591.0,4843.0,14.0,ENIGH (INEGI),Personas de 18 años o más,enigh
hogar,Es jefa o jefe del hogar,2022,Mujeres,Con discapacidad,Tabasco,45-59,Ver,4793.0,12042.0,38.0,ENIGH (INEGI),Personas de 18 años o más,enigh
hogar,Es jefa o jefe del hogar,2022,Mujeres,Con discapacidad,Tabasco,60+,Bañarse o vestirse,5039.0,10536.0,33.0,ENIGH (INEGI),Personas de 18 años o más,enigh
hogar,Es jefa o jefe del hogar,2022,Mujeres,Con discapacidad,Tabasco,60+,Brazos o manos,8430.0,13759.0,42.0,ENIGH (INEGI),Personas de 18 años o más,enigh
hogar,Es jefa o jefe del hogar,2022,Mujeres,Con discapacidad,Tabasco,60+,Caminar,17619.0,33966.0,107.0,ENIGH (INEGI),Personas de 18 años o más,enigh
hogar,Es jefa o jefe del hogar,2022,Mujeres,Con discapacidad,Tabasco,60+,Hablar o comunicarse,531.0,2658.0,9.0,ENIGH (INEGI),Personas de 18 años o más,enigh
hogar,Es jefa o jefe del hogar,2022,Mujeres,Con discapacidad,Tabasco,60+,Mental,1399.0,5303.0,17.0,ENIGH (INEGI),Personas de 18 años o más,enigh
hogar,Es jefa o jefe del hogar,2022,Mujeres,Con discapacidad,Tabasco,60+,Oír,3003.0,8450.0,27.0,ENIGH (INEGI),Personas de 18 años o más,enigh
hogar,Es jefa o jefe del hogar,2022,Mujeres,Con discapacidad,Tabasco,60+,Recordar o concentrarse,2368.0,7126.0,23.0,ENIGH (INEGI),Personas de 18 años o más,enigh
hogar,Es jefa o jefe del hogar,2022,Mujeres,Con discapacidad,Tabasco,60+,Ver,10756.0,20277.0,64.0,ENIGH (INEGI),Personas de 18 años o más,enigh
hogar,Es jefa o jefe del hogar,2022,Mujeres,Con discapacidad,Tamaulipas,18-29,Brazos o manos,0.0,586.0,1.0,ENIGH (INEGI),Personas de 18 años o más,enigh
hogar,Es jefa o jefe del hogar,2022,Mujeres,Con discapacidad,Tamaulipas,18-29,Caminar,0.0,2466.0,4.0,ENIGH (INEGI),Personas de 18 años o más,enigh
hogar,Es jefa o jefe del hogar,2022,Mujeres,Con discapacidad,Tamaulipas,18-29,Hablar o comunicarse,0.0,507.0,1.0,ENIGH (INEGI),Personas de 18 años o más,enigh
hogar,Es jefa o jefe del hogar,2022,Mujeres,Con discapacidad,Tamaulipas,18-29,Mental,0.0,544.0,1.0,ENIGH (INEGI),Personas de 18 años o más,enigh
hogar,Es jefa o jefe del hogar,2022,Mujeres,Con discapacidad,Tamaulipas,18-29,Oír,0.0,1168.0,2.0,ENIGH (INEGI),Personas de 18 años o más,enigh
hogar,Es jefa o jefe del hogar,2022,Mujeres,Con discapacidad,Tamaulipas,18-29,Recordar o concentrarse,0.0,541.0,1.0,ENIGH (INEGI),Personas de 18 años o más,enigh
hogar,Es jefa o jefe del hogar,2022,Mujeres,Con discapacidad,Tamaulipas,18-29,Ver,446.0,1969.0,4.0,ENIGH (INEGI),Personas de 18 años o más,enigh
hogar,Es jefa o jefe del hogar,2022,Mujeres,Con discapacidad,Tamaulipas,30-44,Bañarse o vestirse,246.0,474.0,2.0,ENIGH (INEGI),Personas de 18 años o más,enigh
hogar,Es jefa o jefe del hogar,2022,Mujeres,Con discapacidad,Tamaulipas,30-44,Brazos o manos,246.0,962.0,3.0,ENIGH (INEGI),Personas de 18 años o más,enigh
hogar,Es jefa o jefe del hogar,2022,Mujeres,Con discapacidad,Tamaulipas,30-44,Caminar,246.0,962.0,3.0,ENIGH (INEGI),Personas de 18 años o más,enigh
hogar,Es jefa o jefe del hogar,2022,Mujeres,Con discapacidad,Tamaulipas,30-44,Hablar o comunicarse,0.0,1638.0,5.0,ENIGH (INEGI),Personas de 18 años o más,enigh
hogar,Es jefa o jefe del hogar,2022,Mujeres,Con discapacidad,Tamaulipas,30-44,Mental,0.0,899.0,3.0,ENIGH (INEGI),Personas de 18 años o más,enigh
hogar,Es jefa o jefe del hogar,2022,Mujeres,Con discapacidad,Tamaulipas,30-44,Oír,0.0,1222.0,4.0,ENIGH (INEGI),Personas de 18 años o más,enigh
hogar,Es jefa o jefe del hogar,2022,Mujeres,Con discapacidad,Tamaulipas,30-44,Recordar o concentrarse,0.0,466.0,2.0,ENIGH (INEGI),Personas de 18 años o más,enigh
hogar,Es jefa o jefe del hogar,2022,Mujeres,Con discapacidad,Tamaulipas,30-44,Ver,0.0,2748.0,5.0,ENIGH (INEGI),Personas de 18 años o más,enigh
hogar,Es jefa o jefe del hogar,2022,Mujeres,Con discapacidad,Tamaulipas,45-59,Bañarse o vestirse,2052.0,2635.0,5.0,ENIGH (INEGI),Personas de 18 años o más,enigh
hogar,Es jefa o jefe del hogar,2022,Mujeres,Con discapacidad,Tamaulipas,45-59,Brazos o manos,3160.0,4353.0,9.0,ENIGH (INEGI),Personas de 18 años o más,enigh
hogar,Es jefa o jefe del hogar,2022,Mujeres,Con discapacidad,Tamaulipas,45-59,Caminar,10049.0,14476.0,28.0,ENIGH (INEGI),Personas de 18 años o más,enigh
hogar,Es jefa o jefe del hogar,2022,Mujeres,Con discapacidad,Tamaulipas,45-59,Hablar o comunicarse,0.0,910.0,3.0,ENIGH (INEGI),Personas de 18 años o más,enigh
hogar,Es jefa o jefe del hogar,2022,Mujeres,Con discapacidad,Tamaulipas,45-59,Mental,0.0,1290.0,3.0,ENIGH (INEGI),Personas de 18 años o más,enigh
hogar,Es jefa o jefe del hogar,2022,Mujeres,Con discapacidad,Tamaulipas,45-59,Oír,501.0,2396.0,6.0,ENIGH (INEGI),Personas de 18 años o más,enigh
hogar,Es jefa o jefe del hogar,2022,Mujeres,Con discapacidad,Tamaulipas,45-59,Recordar o concentrarse,1284.0,2357.0,6.0,ENIGH (INEGI),Personas de 18 años o más,enigh
hogar,Es jefa o jefe del hogar,2022,Mujeres,Con discapacidad,Tamaulipas,45-59,Ver,6227.0,10824.0,22.0,ENIGH (INEGI),Personas de 18 años o más,enigh
hogar,Es jefa o jefe del hogar,2022,Mujeres,Con discapacidad,Tamaulipas,60+,Bañarse o vestirse,4010.0,11780.0,28.0,ENIGH (INEGI),Personas de 18 años o más,enigh
hogar,Es jefa o jefe del hogar,2022,Mujeres,Con discapacidad,Tamaulipas,60+,Brazos o manos,8279.0,13583.0,29.0,ENIGH (INEGI),Personas de 18 años o más,enigh
hogar,Es jefa o jefe del hogar,2022,Mujeres,Con discapacidad,Tamaulipas,60+,Caminar,26258.0,50077.0,111.0,ENIGH (INEGI),Personas de 18 años o más,enigh
hogar,Es jefa o jefe del hogar,2022,Mujeres,Con discapacidad,Tamaulipas,60+,Hablar o comunicarse,222.0,3203.0,9.0,ENIGH (INEGI),Personas de 18 años o más,enigh
hogar,Es jefa o jefe del hogar,2022,Mujeres,Con discapacidad,Tamaulipas,60+,Mental,1361.0,9779.0,20.0,ENIGH (INEGI),Personas de 18 años o más,enigh
hogar,Es jefa o jefe del hogar,2022,Mujeres,Con discapacidad,Tamaulipas,60+,Oír,4242.0,11545.0,25.0,ENIGH (INEGI),Personas de 18 años o más,enigh
hogar,Es jefa o jefe del hogar,2022,Mujeres,Con discapacidad,Tamaulipas,60+,Recordar o concentrarse,2224.0,6962.0,17.0,ENIGH (INEGI),Personas de 18 años o más,enigh
hogar,Es jefa o jefe del hogar,2022,Mujeres,Con discapacidad,Tamaulipas,60+,Ver,10114.0,22842.0,57.0,ENIGH (INEGI),Personas de 18 años o más,enigh
hogar,Es jefa o jefe del hogar,2022,Mujeres,Con discapacidad,Tlaxcala,18-29,Caminar,0.0,513.0,3.0,ENIGH (INEGI),Personas de 18 años o más,enigh
hogar,Es jefa o jefe del hogar,2022,Mujeres,Con discapacidad,Tlaxcala,18-29,Hablar o comunicarse,0.0,336.0,2.0,ENIGH (INEGI),Personas de 18 años o más,enigh
hogar,Es jefa o jefe del hogar,2022,Mujeres,Con discapacidad,Tlaxcala,18-29,Mental,0.0,452.0,3.0,ENIGH (INEGI),Personas de 18 años o más,enigh
hogar,Es jefa o jefe del hogar,2022,Mujeres,Con discapacidad,Tlaxcala,18-29,Oír,0.0,290.0,2.0,ENIGH (INEGI),Personas de 18 años o más,enigh
hogar,Es jefa o jefe del hogar,2022,Mujeres,Con discapacidad,Tlaxcala,18-29,Recordar o concentrarse,0.0,154.0,1.0,ENIGH (INEGI),Personas de 18 años o más,enigh
hogar,Es jefa o jefe del hogar,2022,Mujeres,Con discapacidad,Tlaxcala,18-29,Ver,0.0,864.0,5.0,ENIGH (INEGI),Personas de 18 años o más,enigh
hogar,Es jefa o jefe del hogar,2022,Mujeres,Con discapacidad,Tlaxcala,30-44,Bañarse o vestirse,0.0,726.0,5.0,ENIGH (INEGI),Personas de 18 años o más,enigh
hogar,Es jefa o jefe del hogar,2022,Mujeres,Con discapacidad,Tlaxcala,30-44,Brazos o manos,0.0,696.0,5.0,ENIGH (INEGI),Personas de 18 años o más,enigh
hogar,Es jefa o jefe del hogar,2022,Mujeres,Con discapacidad,Tlaxcala,30-44,Caminar,444.0,1432.0,10.0,ENIGH (INEGI),Personas de 18 años o más,enigh
hogar,Es jefa o jefe del hogar,2022,Mujeres,Con discapacidad,Tlaxcala,30-44,Hablar o comunicarse,0.0,298.0,2.0,ENIGH (INEGI),Personas de 18 años o más,enigh
hogar,Es jefa o jefe del hogar,2022,Mujeres,Con discapacidad,Tlaxcala,30-44,Mental,0.0,1165.0,8.0,ENIGH (INEGI),Personas de 18 años o más,enigh
hogar,Es jefa o jefe del hogar,2022,Mujeres,Con discapacidad,Tlaxcala,30-44,Oír,0.0,139.0,1.0,ENIGH (INEGI),Personas de 18 años o más,enigh
hogar,Es jefa o jefe del hogar,2022,Mujeres,Con discapacidad,Tlaxcala,30-44,Recordar o concentrarse,0.0,638.0,4.0,ENIGH (INEGI),Personas de 18 años o más,enigh
hogar,Es jefa o jefe del hogar,2022,Mujeres,Con discapacidad,Tlaxcala,30-44,Ver,138.0,1072.0,7.0,ENIGH (INEGI),Personas de 18 años o más,enigh
hogar,Es jefa o jefe del hogar,2022,Mujeres,Con discapacidad,Tlaxcala,45-59,Bañarse o vestirse,157.0,442.0,3.0,ENIGH (INEGI),Personas de 18 años o más,enigh
hogar,Es jefa o jefe del hogar,2022,Mujeres,Con discapacidad,Tlaxcala,45-59,Brazos o manos,631.0,1378.0,9.0,ENIGH (INEGI),Personas de 18 años o más,enigh
hogar,Es jefa o jefe del hogar,2022,Mujeres,Con discapacidad,Tlaxcala,45-59,Caminar,1342.0,3251.0,20.0,ENIGH (INEGI),Personas de 18 años o más,enigh
hogar,Es jefa o jefe del hogar,2022,Mujeres,Con discapacidad,Tlaxcala,45-59,Hablar o comunicarse,0.0,284.0,2.0,ENIGH (INEGI),Personas de 18 años o más,enigh
hogar,Es jefa o jefe del hogar,2022,Mujeres,Con discapacidad,Tlaxcala,45-59,Oír,313.0,1145.0,7.0,ENIGH (INEGI),Personas de 18 años o más,enigh
hogar,Es jefa o jefe del hogar,2022,Mujeres,Con discapacidad,Tlaxcala,45-59,Recordar o concentrarse,0.0,651.0,4.0,ENIGH (INEGI),Personas de 18 años o más,enigh
hogar,Es jefa o jefe del hogar,2022,Mujeres,Con discapacidad,Tlaxcala,45-59,Ver,552.0,2778.0,18.0,ENIGH (INEGI),Personas de 18 años o más,enigh
hogar,Es jefa o jefe del hogar,2022,Mujeres,Con discapacidad,Tlaxcala,60+,Bañarse o vestirse,1047.0,3532.0,23.0,ENIGH (INEGI),Personas de 18 años o más,enigh
hogar,Es jefa o jefe del hogar,2022,Mujeres,Con discapacidad,Tlaxcala,60+,Brazos o manos,1038.0,3598.0,24.0,ENIGH (INEGI),Personas de 18 años o más,enigh
hogar,Es jefa o jefe del hogar,2022,Mujeres,Con discapacidad,Tlaxcala,60+,Caminar,4666.0,12433.0,80.0,ENIGH (INEGI),Personas de 18 años o más,enigh
hogar,Es jefa o jefe del hogar,2022,Mujeres,Con discapacidad,Tlaxcala,60+,Hablar o comunicarse,0.0,654.0,4.0,ENIGH (INEGI),Personas de 18 años o más,enigh
hogar,Es jefa o jefe del hogar,2022,Mujeres,Con discapacidad,Tlaxcala,60+,Mental,740.0,2097.0,14.0,ENIGH (INEGI),Personas de 18 años o más,enigh
hogar,Es jefa o jefe del hogar,2022,Mujeres,Con discapacidad,Tlaxcala,60+,Oír,2341.0,5982.0,39.0,ENIGH (INEGI),Personas de 18 años o más,enigh
hogar,Es jefa o jefe del hogar,2022,Mujeres,Con discapacidad,Tlaxcala,60+,Recordar o concentrarse,946.0,3262.0,21.0,ENIGH (INEGI),Personas de 18 años o más,enigh
hogar,Es jefa o jefe del hogar,2022,Mujeres,Con discapacidad,Tlaxcala,60+,Ver,3971.0,8284.0,53.0,ENIGH (INEGI),Personas de 18 años o más,enigh
hogar,Es jefa o jefe del hogar,2022,Mujeres,Con discapacidad,Veracruz,18-29,Bañarse o vestirse,0.0,973.0,1.0,ENIGH (INEGI),Personas de 18 años o más,enigh
hogar,Es jefa o jefe del hogar,2022,Mujeres,Con discapacidad,Veracruz,18-29,Brazos o manos,0.0,2370.0,2.0,ENIGH (INEGI),Personas de 18 años o más,enigh
hogar,Es jefa o jefe del hogar,2022,Mujeres,Con discapacidad,Veracruz,18-29,Caminar,0.0,4936.0,5.0,ENIGH (INEGI),Personas de 18 años o más,enigh
hogar,Es jefa o jefe del hogar,2022,Mujeres,Con discapacidad,Veracruz,18-29,Hablar o comunicarse,0.0,3565.0,5.0,ENIGH (INEGI),Personas de 18 años o más,enigh
hogar,Es jefa o jefe del hogar,2022,Mujeres,Con discapacidad,Veracruz,18-29,Mental,0.0,4807.0,6.0,ENIGH (INEGI),Personas de 18 años o más,enigh
hogar,Es jefa o jefe del hogar,2022,Mujeres,Con discapacidad,Veracruz,18-29,Oír,0.0,2254.0,3.0,ENIGH (INEGI),Personas de 18 años o más,enigh
hogar,Es jefa o jefe del hogar,2022,Mujeres,Con discapacidad,Veracruz,18-29,Recordar o concentrarse,0.0,5322.0,7.0,ENIGH (INEGI),Personas de 18 años o más,enigh
hogar,Es jefa o jefe del hogar,2022,Mujeres,Con discapacidad,Veracruz,18-29,Ver,0.0,3639.0,4.0,ENIGH (INEGI),Personas de 18 años o más,enigh
hogar,Es jefa o jefe del hogar,2022,Mujeres,Con discapacidad,Veracruz,30-44,Bañarse o vestirse,645.0,2683.0,4.0,ENIGH (INEGI),Personas de 18 años o más,enigh
hogar,Es jefa o jefe del hogar,2022,Mujeres,Con discapacidad,Veracruz,30-44,Brazos o manos,0.0,1342.0,2.0,ENIGH (INEGI),Personas de 18 años o más,enigh
hogar,Es jefa o jefe del hogar,2022,Mujeres,Con discapacidad,Veracruz,30-44,Caminar,2124.0,11980.0,15.0,ENIGH (INEGI),Personas de 18 años o más,enigh
hogar,Es jefa o jefe del hogar,2022,Mujeres,Con discapacidad,Veracruz,30-44,Hablar o comunicarse,0.0,4817.0,6.0,ENIGH (INEGI),Personas de 18 años o más,enigh
hogar,Es jefa o jefe del hogar,2022,Mujeres,Con discapacidad,Veracruz,30-44,Mental,645.0,8788.0,10.0,ENIGH (INEGI),Personas de 18 años o más,enigh
hogar,Es jefa o jefe del hogar,2022,Mujeres,Con discapacidad,Veracruz,30-44,Oír,0.0,2851.0,4.0,ENIGH (INEGI),Personas de 18 años o más,enigh
hogar,Es jefa o jefe del hogar,2022,Mujeres,Con discapacidad,Veracruz,30-44,Recordar o concentrarse,0.0,5541.0,6.0,ENIGH (INEGI),Personas de 18 años o más,enigh
hogar,Es jefa o jefe del hogar,2022,Mujeres,Con discapacidad,Veracruz,30-44,Ver,2661.0,10661.0,13.0,ENIGH (INEGI),Personas de 18 años o más,enigh
hogar,Es jefa o jefe del hogar,2022,Mujeres,Con discapacidad,Veracruz,45-59,Bañarse o vestirse,4457.0,9114.0,10.0,ENIGH (INEGI),Personas de 18 años o más,enigh
hogar,Es jefa o jefe del hogar,2022,Mujeres,Con discapacidad,Veracruz,45-59,Brazos o manos,8127.0,14912.0,15.0,ENIGH (INEGI),Personas de 18 años o más,enigh
hogar,Es jefa o jefe del hogar,2022,Mujeres,Con discapacidad,Veracruz,45-59,Caminar,19322.0,42810.0,47.0,ENIGH (INEGI),Personas de 18 años o más,enigh
hogar,Es jefa o jefe del hogar,2022,Mujeres,Con discapacidad,Veracruz,45-59,Hablar o comunicarse,2372.0,7759.0,8.0,ENIGH (INEGI),Personas de 18 años o más,enigh
hogar,Es jefa o jefe del hogar,2022,Mujeres,Con discapacidad,Veracruz,45-59,Mental,5207.0,10803.0,12.0,ENIGH (INEGI),Personas de 18 años o más,enigh
hogar,Es jefa o jefe del hogar,2022,Mujeres,Con discapacidad,Veracruz,45-59,Oír,5192.0,12593.0,12.0,ENIGH (INEGI),Personas de 18 años o más,enigh
hogar,Es jefa o jefe del hogar,2022,Mujeres,Con discapacidad,Veracruz,45-59,Recordar o concentrarse,3194.0,9032.0,10.0,ENIGH (INEGI),Personas de 18 años o más,enigh
hogar,Es jefa o jefe del hogar,2022,Mujeres,Con discapacidad,Veracruz,45-59,Ver,10970.0,18524.0,23.0,ENIGH (INEGI),Personas de 18 años o más,enigh
hogar,Es jefa o jefe del hogar,2022,Mujeres,Con discapacidad,Veracruz,60+,Bañarse o vestirse,10586.0,26970.0,34.0,ENIGH (INEGI),Personas de 18 años o más,enigh
hogar,Es jefa o jefe del hogar,2022,Mujeres,Con discapacidad,Veracruz,60+,Brazos o manos,9056.0,29254.0,32.0,ENIGH (INEGI),Personas de 18 años o más,enigh
hogar,Es jefa o jefe del hogar,2022,Mujeres,Con discapacidad,Veracruz,60+,Caminar,44131.0,113477.0,134.0,ENIGH (INEGI),Personas de 18 años o más,enigh
hogar,Es jefa o jefe del hogar,2022,Mujeres,Con discapacidad,Veracruz,60+,Hablar o comunicarse,1327.0,14099.0,17.0,ENIGH (INEGI),Personas de 18 años o más,enigh
hogar,Es jefa o jefe del hogar,2022,Mujeres,Con discapacidad,Veracruz,60+,Mental,6645.0,19454.0,24.0,ENIGH (INEGI),Personas de 18 años o más,enigh
hogar,Es jefa o jefe del hogar,2022,Mujeres,Con discapacidad,Veracruz,60+,Oír,24221.0,50466.0,58.0,ENIGH (INEGI),Personas de 18 años o más,enigh
hogar,Es jefa o jefe del hogar,2022,Mujeres,Con discapacidad,Veracruz,60+,Recordar o concentrarse,7857.0,27855.0,33.0,ENIGH (INEGI),Personas de 18 años o más,enigh
hogar,Es jefa o jefe del hogar,2022,Mujeres,Con discapacidad,Veracruz,60+,Ver,34502.0,68728.0,83.0,ENIGH (INEGI),Personas de 18 años o más,enigh
hogar,Es jefa o jefe del hogar,2022,Mujeres,Con discapacidad,Yucatán,18-29,Bañarse o vestirse,0.0,1353.0,4.0,ENIGH (INEGI),Personas de 18 años o más,enigh
hogar,Es jefa o jefe del hogar,2022,Mujeres,Con discapacidad,Yucatán,18-29,Brazos o manos,0.0,728.0,3.0,ENIGH (INEGI),Personas de 18 años o más,enigh
hogar,Es jefa o jefe del hogar,2022,Mujeres,Con discapacidad,Yucatán,18-29,Caminar,0.0,1513.0,6.0,ENIGH (INEGI),Personas de 18 años o más,enigh
hogar,Es jefa o jefe del hogar,2022,Mujeres,Con discapacidad,Yucatán,18-29,Hablar o comunicarse,0.0,1392.0,4.0,ENIGH (INEGI),Personas de 18 años o más,enigh
hogar,Es jefa o jefe del hogar,2022,Mujeres,Con discapacidad,Yucatán,18-29,Mental,0.0,1575.0,5.0,ENIGH (INEGI),Personas de 18 años o más,enigh
hogar,Es jefa o jefe del hogar,2022,Mujeres,Con discapacidad,Yucatán,18-29,Oír,318.0,716.0,3.0,ENIGH (INEGI),Personas de 18 años o más,enigh
hogar,Es jefa o jefe del hogar,2022,Mujeres,Con discapacidad,Yucatán,18-29,Recordar o concentrarse,0.0,1702.0,5.0,ENIGH (INEGI),Personas de 18 años o más,enigh
hogar,Es jefa o jefe del hogar,2022,Mujeres,Con discapacidad,Yucatán,18-29,Ver,0.0,1616.0,9.0,ENIGH (INEGI),Personas de 18 años o más,enigh
hogar,Es jefa o jefe del hogar,2022,Mujeres,Con discapacidad,Yucatán,30-44,Bañarse o vestirse,256.0,1877.0,9.0,ENIGH (INEGI),Personas de 18 años o más,enigh
hogar,Es jefa o jefe del hogar,2022,Mujeres,Con discapacidad,Yucatán,30-44,Brazos o manos,256.0,1459.0,7.0,ENIGH (INEGI),Personas de 18 años o más,enigh
hogar,Es jefa o jefe del hogar,2022,Mujeres,Con discapacidad,Yucatán,30-44,Caminar,820.0,3296.0,18.0,ENIGH (INEGI),Personas de 18 años o más,enigh
hogar,Es jefa o jefe del hogar,2022,Mujeres,Con discapacidad,Yucatán,30-44,Hablar o comunicarse,0.0,1687.0,9.0,ENIGH (INEGI),Personas de 18 años o más,enigh
hogar,Es jefa o jefe del hogar,2022,Mujeres,Con discapacidad,Yucatán,30-44,Mental,0.0,2389.0,11.0,ENIGH (INEGI),Personas de 18 años o más,enigh
hogar,Es jefa o jefe del hogar,2022,Mujeres,Con discapacidad,Yucatán,30-44,Oír,0.0,530.0,2.0,ENIGH (INEGI),Personas de 18 años o más,enigh
hogar,Es jefa o jefe del hogar,2022,Mujeres,Con discapacidad,Yucatán,30-44,Recordar o concentrarse,89.0,2176.0,11.0,ENIGH (INEGI),Personas de 18 años o más,enigh
hogar,Es jefa o jefe del hogar,2022,Mujeres,Con discapacidad,Yucatán,30-44,Ver,507.0,3729.0,16.0,ENIGH (INEGI),Personas de 18 años o más,enigh
hogar,Es jefa o jefe del hogar,2022,Mujeres,Con discapacidad,Yucatán,45-59,Bañarse o vestirse,662.0,2450.0,10.0,ENIGH (INEGI),Personas de 18 años o más,enigh
hogar,Es jefa o jefe del hogar,2022,Mujeres,Con discapacidad,Yucatán,45-59,Brazos o manos,1548.0,3747.0,17.0,ENIGH (INEGI),Personas de 18 años o más,enigh
hogar,Es jefa o jefe del hogar,2022,Mujeres,Con discapacidad,Yucatán,45-59,Caminar,3974.0,11278.0,53.0,ENIGH (INEGI),Personas de 18 años o más,enigh
hogar,Es jefa o jefe del hogar,2022,Mujeres,Con discapacidad,Yucatán,45-59,Hablar o comunicarse,315.0,2814.0,9.0,ENIGH (INEGI),Personas de 18 años o más,enigh
hogar,Es jefa o jefe del hogar,2022,Mujeres,Con discapacidad,Yucatán,45-59,Mental,707.0,3374.0,13.0,ENIGH (INEGI),Personas de 18 años o más,enigh
hogar,Es jefa o jefe del hogar,2022,Mujeres,Con discapacidad,Yucatán,45-59,Oír,790.0,2428.0,11.0,ENIGH (INEGI),Personas de 18 años o más,enigh
hogar,Es jefa o jefe del hogar,2022,Mujeres,Con discapacidad,Yucatán,45-59,Recordar o concentrarse,1808.0,5303.0,21.0,ENIGH (INEGI),Personas de 18 años o más,enigh
hogar,Es jefa o jefe del hogar,2022,Mujeres,Con discapacidad,Yucatán,45-59,Ver,2415.0,7362.0,37.0,ENIGH (INEGI),Personas de 18 años o más,enigh
hogar,Es jefa o jefe del hogar,2022,Mujeres,Con discapacidad,Yucatán,60+,Bañarse o vestirse,4158.0,8404.0,39.0,ENIGH (INEGI),Personas de 18 años o más,enigh
hogar,Es jefa o jefe del hogar,2022,Mujeres,Con discapacidad,Yucatán,60+,Brazos o manos,5150.0,10409.0,44.0,ENIGH (INEGI),Personas de 18 años o más,enigh
hogar,Es jefa o jefe del hogar,2022,Mujeres,Con discapacidad,Yucatán,60+,Caminar,16713.0,36750.0,156.0,ENIGH (INEGI),Personas de 18 años o más,enigh
hogar,Es jefa o jefe del hogar,2022,Mujeres,Con discapacidad,Yucatán,60+,Hablar o comunicarse,787.0,2379.0,12.0,ENIGH (INEGI),Personas de 18 años o más,enigh
hogar,Es jefa o jefe del hogar,2022,Mujeres,Con discapacidad,Yucatán,60+,Mental,2652.0,5677.0,23.0,ENIGH (INEGI),Personas de 18 años o más,enigh
hogar,Es jefa o jefe del hogar,2022,Mujeres,Con discapacidad,Yucatán,60+,Oír,3887.0,10035.0,52.0,ENIGH (INEGI),Personas de 18 años o más,enigh
hogar,Es jefa o jefe del hogar,2022,Mujeres,Con discapacidad,Yucatán,60+,Recordar o concentrarse,4110.0,9386.0,43.0,ENIGH (INEGI),Personas de 18 años o más,enigh
hogar,Es jefa o jefe del hogar,2022,Mujeres,Con discapacidad,Yucatán,60+,Ver,6964.0,19353.0,87.0,ENIGH (INEGI),Personas de 18 años o más,enigh
hogar,Es jefa o jefe del hogar,2022,Mujeres,Con discapacidad,Zacatecas,18-29,Bañarse o vestirse,0.0,190.0,1.0,ENIGH (INEGI),Personas de 18 años o más,enigh
hogar,Es jefa o jefe del hogar,2022,Mujeres,Con discapacidad,Zacatecas,18-29,Brazos o manos,0.0,369.0,2.0,ENIGH (INEGI),Personas de 18 años o más,enigh
hogar,Es jefa o jefe del hogar,2022,Mujeres,Con discapacidad,Zacatecas,18-29,Caminar,0.0,1005.0,6.0,ENIGH (INEGI),Personas de 18 años o más,enigh
hogar,Es jefa o jefe del hogar,2022,Mujeres,Con discapacidad,Zacatecas,18-29,Hablar o comunicarse,0.0,612.0,3.0,ENIGH (INEGI),Personas de 18 años o más,enigh
hogar,Es jefa o jefe del hogar,2022,Mujeres,Con discapacidad,Zacatecas,18-29,Mental,0.0,730.0,4.0,ENIGH (INEGI),Personas de 18 años o más,enigh
hogar,Es jefa o jefe del hogar,2022,Mujeres,Con discapacidad,Zacatecas,18-29,Oír,0.0,647.0,3.0,ENIGH (INEGI),Personas de 18 años o más,enigh
hogar,Es jefa o jefe del hogar,2022,Mujeres,Con discapacidad,Zacatecas,18-29,Recordar o concentrarse,0.0,431.0,2.0,ENIGH (INEGI),Personas de 18 años o más,enigh
hogar,Es jefa o jefe del hogar,2022,Mujeres,Con discapacidad,Zacatecas,18-29,Ver,0.0,1867.0,10.0,ENIGH (INEGI),Personas de 18 años o más,enigh
hogar,Es jefa o jefe del hogar,2022,Mujeres,Con discapacidad,Zacatecas,30-44,Bañarse o vestirse,0.0,293.0,2.0,ENIGH (INEGI),Personas de 18 años o más,enigh
hogar,Es jefa o jefe del hogar,2022,Mujeres,Con discapacidad,Zacatecas,30-44,Brazos o manos,0.0,581.0,4.0,ENIGH (INEGI),Personas de 18 años o más,enigh
hogar,Es jefa o jefe del hogar,2022,Mujeres,Con discapacidad,Zacatecas,30-44,Caminar,0.0,2557.0,14.0,ENIGH (INEGI),Personas de 18 años o más,enigh
hogar,Es jefa o jefe del hogar,2022,Mujeres,Con discapacidad,Zacatecas,30-44,Hablar o comunicarse,0.0,141.0,1.0,ENIGH (INEGI),Personas de 18 años o más,enigh
hogar,Es jefa o jefe del hogar,2022,Mujeres,Con discapacidad,Zacatecas,30-44,Mental,195.0,336.0,2.0,ENIGH (INEGI),Personas de 18 años o más,enigh
hogar,Es jefa o jefe del hogar,2022,Mujeres,Con discapacidad,Zacatecas,30-44,Oír,0.0,141.0,1.0,ENIGH (INEGI),Personas de 18 años o más,enigh
hogar,Es jefa o jefe del hogar,2022,Mujeres,Con discapacidad,Zacatecas,30-44,Recordar o concentrarse,0.0,141.0,1.0,ENIGH (INEGI),Personas de 18 años o más,enigh
hogar,Es jefa o jefe del hogar,2022,Mujeres,Con discapacidad,Zacatecas,30-44,Ver,582.0,3101.0,18.0,ENIGH (INEGI),Personas de 18 años o más,enigh
hogar,Es jefa o jefe del hogar,2022,Mujeres,Con discapacidad,Zacatecas,45-59,Bañarse o vestirse,339.0,1687.0,10.0,ENIGH (INEGI),Personas de 18 años o más,enigh
hogar,Es jefa o jefe del hogar,2022,Mujeres,Con discapacidad,Zacatecas,45-59,Brazos o manos,866.0,3118.0,17.0,ENIGH (INEGI),Personas de 18 años o más,enigh
hogar,Es jefa o jefe del hogar,2022,Mujeres,Con discapacidad,Zacatecas,45-59,Caminar,2544.0,7459.0,42.0,ENIGH (INEGI),Personas de 18 años o más,enigh
hogar,Es jefa o jefe del hogar,2022,Mujeres,Con discapacidad,Zacatecas,45-59,Hablar o comunicarse,396.0,1116.0,6.0,ENIGH (INEGI),Personas de 18 años o más,enigh
hogar,Es jefa o jefe del hogar,2022,Mujeres,Con discapacidad,Zacatecas,45-59,Mental,394.0,2292.0,12.0,ENIGH (INEGI),Personas de 18 años o más,enigh
hogar,Es jefa o jefe del hogar,2022,Mujeres,Con discapacidad,Zacatecas,45-59,Oír,907.0,2232.0,12.0,ENIGH (INEGI),Personas de 18 años o más,enigh
hogar,Es jefa o jefe del hogar,2022,Mujeres,Con discapacidad,Zacatecas,45-59,Recordar o concentrarse,949.0,3166.0,16.0,ENIGH (INEGI),Personas de 18 años o más,enigh
hogar,Es jefa o jefe del hogar,2022,Mujeres,Con discapacidad,Zacatecas,45-59,Ver,3034.0,9000.0,47.0,ENIGH (INEGI),Personas de 18 años o más,enigh
hogar,Es jefa o jefe del hogar,2022,Mujeres,Con discapacidad,Zacatecas,60+,Bañarse o vestirse,4424.0,10070.0,57.0,ENIGH (INEGI),Personas de 18 años o más,enigh
hogar,Es jefa o jefe del hogar,2022,Mujeres,Con discapacidad,Zacatecas,60+,Brazos o manos,5106.0,11490.0,62.0,ENIGH (INEGI),Personas de 18 años o más,enigh
hogar,Es jefa o jefe del hogar,2022,Mujeres,Con discapacidad,Zacatecas,60+,Caminar,15394.0,29955.0,174.0,ENIGH (INEGI),Personas de 18 años o más,enigh
hogar,Es jefa o jefe del hogar,2022,Mujeres,Con discapacidad,Zacatecas,60+,Hablar o comunicarse,1926.0,4402.0,25.0,ENIGH (INEGI),Personas de 18 años o más,enigh
hogar,Es jefa o jefe del hogar,2022,Mujeres,Con discapacidad,Zacatecas,60+,Mental,3333.0,6556.0,37.0,ENIGH (INEGI),Personas de 18 años o más,enigh
hogar,Es jefa o jefe del hogar,2022,Mujeres,Con discapacidad,Zacatecas,60+,Oír,3976.0,8557.0,48.0,ENIGH (INEGI),Personas de 18 años o más,enigh
hogar,Es jefa o jefe del hogar,2022,Mujeres,Con discapacidad,Zacatecas,60+,Recordar o concentrarse,5329.0,10059.0,54.0,ENIGH (INEGI),Personas de 18 años o más,enigh
hogar,Es jefa o jefe del hogar,2022,Mujeres,Con discapacidad,Zacatecas,60+,Ver,8149.0,15090.0,87.0,ENIGH (INEGI),Personas de 18 años o más,enigh
hogar,Es jefa o jefe del hogar,2024,Hombres,Con discapacidad,Aguascalientes,18-29,Bañarse o vestirse,0.0,208.0,1.0,ENIGH (INEGI),Personas de 18 años o más,enigh
hogar,Es jefa o jefe del hogar,2024,Hombres,Con discapacidad,Aguascalientes,18-29,Brazos o manos,52.0,704.0,4.0,ENIGH (INEGI),Personas de 18 años o más,enigh
hogar,Es jefa o jefe del hogar,2024,Hombres,Con discapacidad,Aguascalientes,18-29,Caminar,0.0,671.0,4.0,ENIGH (INEGI),Personas de 18 años o más,enigh
hogar,Es jefa o jefe del hogar,2024,Hombres,Con discapacidad,Aguascalientes,18-29,Hablar o comunicarse,0.0,218.0,1.0,ENIGH (INEGI),Personas de 18 años o más,enigh
hogar,Es jefa o jefe del hogar,2024,Hombres,Con discapacidad,Aguascalientes,18-29,Mental,378.0,1367.0,7.0,ENIGH (INEGI),Personas de 18 años o más,enigh
hogar,Es jefa o jefe del hogar,2024,Hombres,Con discapacidad,Aguascalientes,18-29,Oír,0.0,603.0,3.0,ENIGH (INEGI),Personas de 18 años o más,enigh
hogar,Es jefa o jefe del hogar,2024,Hombres,Con discapacidad,Aguascalientes,18-29,Recordar o concentrarse,187.0,829.0,5.0,ENIGH (INEGI),Personas de 18 años o más,enigh
hogar,Es jefa o jefe del hogar,2024,Hombres,Con discapacidad,Aguascalientes,18-29,Ver,389.0,1630.0,11.0,ENIGH (INEGI),Personas de 18 años o más,enigh
hogar,Es jefa o jefe del hogar,2024,Hombres,Con discapacidad,Aguascalientes,30-44,Bañarse o vestirse,0.0,366.0,2.0,ENIGH (INEGI),Personas de 18 años o más,enigh
hogar,Es jefa o jefe del hogar,2024,Hombres,Con discapacidad,Aguascalientes,30-44,Brazos o manos,203.0,535.0,4.0,ENIGH (INEGI),Personas de 18 años o más,enigh
hogar,Es jefa o jefe del hogar,2024,Hombres,Con discapacidad,Aguascalientes,30-44,Caminar,1267.0,2201.0,14.0,ENIGH (INEGI),Personas de 18 años o más,enigh
hogar,Es jefa o jefe del hogar,2024,Hombres,Con discapacidad,Aguascalientes,30-44,Hablar o comunicarse,0.0,571.0,5.0,ENIGH (INEGI),Personas de 18 años o más,enigh
hogar,Es jefa o jefe del hogar,2024,Hombres,Con discapacidad,Aguascalientes,30-44,Mental,53.0,1114.0,8.0,ENIGH (INEGI),Personas de 18 años o más,enigh
hogar,Es jefa o jefe del hogar,2024,Hombres,Con discapacidad,Aguascalientes,30-44,Oír,261.0,1132.0,8.0,ENIGH (INEGI),Personas de 18 años o más,enigh
hogar,Es jefa o jefe del hogar,2024,Hombres,Con discapacidad,Aguascalientes,30-44,Recordar o concentrarse,53.0,674.0,5.0,ENIGH (INEGI),Personas de 18 años o más,enigh
hogar,Es jefa o jefe del hogar,2024,Hombres,Con discapacidad,Aguascalientes,30-44,Ver,602.0,1191.0,8.0,ENIGH (INEGI),Personas de 18 años o más,enigh
hogar,Es jefa o jefe del hogar,2024,Hombres,Con discapacidad,Aguascalientes,45-59,Bañarse o vestirse,308.0,649.0,6.0,ENIGH (INEGI),Personas de 18 años o más,enigh
hogar,Es jefa o jefe del hogar,2024,Hombres,Con discapacidad,Aguascalientes,45-59,Brazos o manos,1328.0,1725.0,13.0,ENIGH (INEGI),Personas de 18 años o más,enigh
hogar,Es jefa o jefe del hogar,2024,Hombres,Con discapacidad,Aguascalientes,45-59,Caminar,1927.0,2582.0,22.0,ENIGH (INEGI),Personas de 18 años o más,enigh
hogar,Es jefa o jefe del hogar,2024,Hombres,Con discapacidad,Aguascalientes,45-59,Hablar o comunicarse,249.0,682.0,7.0,ENIGH (INEGI),Personas de 18 años o más,enigh
hogar,Es jefa o jefe del hogar,2024,Hombres,Con discapacidad,Aguascalientes,45-59,Mental,105.0,556.0,8.0,ENIGH (INEGI),Personas de 18 años o más,enigh
hogar,Es jefa o jefe del hogar,2024,Hombres,Con discapacidad,Aguascalientes,45-59,Oír,789.0,960.0,9.0,ENIGH (INEGI),Personas de 18 años o más,enigh
hogar,Es jefa o jefe del hogar,2024,Hombres,Con discapacidad,Aguascalientes,45-59,Recordar o concentrarse,452.0,1134.0,10.0,ENIGH (INEGI),Personas de 18 años o más,enigh
hogar,Es jefa o jefe del hogar,2024,Hombres,Con discapacidad,Aguascalientes,45-59,Ver,2998.0,3766.0,30.0,ENIGH (INEGI),Personas de 18 años o más,enigh
hogar,Es jefa o jefe del hogar,2024,Hombres,Con discapacidad,Aguascalientes,60+,Bañarse o vestirse,2077.0,3401.0,21.0,ENIGH (INEGI),Personas de 18 años o más,enigh
hogar,Es jefa o jefe del hogar,2024,Hombres,Con discapacidad,Aguascalientes,60+,Brazos o manos,3056.0,4256.0,33.0,ENIGH (INEGI),Personas de 18 años o más,enigh
hogar,Es jefa o jefe del hogar,2024,Hombres,Con discapacidad,Aguascalientes,60+,Caminar,7120.0,9424.0,71.0,ENIGH (INEGI),Personas de 18 años o más,enigh
hogar,Es jefa o jefe del hogar,2024,Hombres,Con discapacidad,Aguascalientes,60+,Hablar o comunicarse,945.0,1422.0,6.0,ENIGH (INEGI),Personas de 18 años o más,enigh
hogar,Es jefa o jefe del hogar,2024,Hombres,Con discapacidad,Aguascalientes,60+,Mental,1817.0,2478.0,14.0,ENIGH (INEGI),Personas de 18 años o más,enigh
hogar,Es jefa o jefe del hogar,2024,Hombres,Con discapacidad,Aguascalientes,60+,Oír,3254.0,4333.0,36.0,ENIGH (INEGI),Personas de 18 años o más,enigh
hogar,Es jefa o jefe del hogar,2024,Hombres,Con discapacidad,Aguascalientes,60+,Recordar o concentrarse,1730.0,2432.0,17.0,ENIGH (INEGI),Personas de 18 años o más,enigh
hogar,Es jefa o jefe del hogar,2024,Hombres,Con discapacidad,Aguascalientes,60+,Ver,4391.0,5601.0,44.0,ENIGH (INEGI),Personas de 18 años o más,enigh
hogar,Es jefa o jefe del hogar,2024,Hombres,Con discapacidad,Baja California,18-29,Bañarse o vestirse,0.0,3157.0,8.0,ENIGH (INEGI),Personas de 18 años o más,enigh
hogar,Es jefa o jefe del hogar,2024,Hombres,Con discapacidad,Baja California,18-29,Brazos o manos,0.0,1245.0,4.0,ENIGH (INEGI),Personas de 18 años o más,enigh
hogar,Es jefa o jefe del hogar,2024,Hombres,Con discapacidad,Baja California,18-29,Caminar,0.0,2307.0,7.0,ENIGH (INEGI),Personas de 18 años o más,enigh
hogar,Es jefa o jefe del hogar,2024,Hombres,Con discapacidad,Baja California,18-29,Hablar o comunicarse,0.0,625.0,2.0,ENIGH (INEGI),Personas de 18 años o más,enigh
hogar,Es jefa o jefe del hogar,2024,Hombres,Con discapacidad,Baja California,18-29,Mental,0.0,3814.0,10.0,ENIGH (INEGI),Personas de 18 años o más,enigh
hogar,Es jefa o jefe del hogar,2024,Hombres,Con discapacidad,Baja California,18-29,Oír,0.0,1178.0,2.0,ENIGH (INEGI),Personas de 18 años o más,enigh
hogar,Es jefa o jefe del hogar,2024,Hombres,Con discapacidad,Baja California,18-29,Recordar o concentrarse,0.0,1307.0,4.0,ENIGH (INEGI),Personas de 18 años o más,enigh
hogar,Es jefa o jefe del hogar,2024,Hombres,Con discapacidad,Baja California,18-29,Ver,708.0,3749.0,8.0,ENIGH (INEGI),Personas de 18 años o más,enigh
hogar,Es jefa o jefe del hogar,2024,Hombres,Con discapacidad,Baja California,30-44,Bañarse o vestirse,22.0,180.0,6.0,ENIGH (INEGI),Personas de 18 años o más,enigh
hogar,Es jefa o jefe del hogar,2024,Hombres,Con discapacidad,Baja California,30-44,Brazos o manos,0.0,138.0,4.0,ENIGH (INEGI),Personas de 18 años o más,enigh
hogar,Es jefa o jefe del hogar,2024,Hombres,Con discapacidad,Baja California,30-44,Caminar,1919.0,2854.0,11.0,ENIGH (INEGI),Personas de 18 años o más,enigh
hogar,Es jefa o jefe del hogar,2024,Hombres,Con discapacidad,Baja California,30-44,Hablar o comunicarse,1298.0,1298.0,4.0,ENIGH (INEGI),Personas de 18 años o más,enigh
hogar,Es jefa o jefe del hogar,2024,Hombres,Con discapacidad,Baja California,30-44,Mental,770.0,1567.0,6.0,ENIGH (INEGI),Personas de 18 años o más,enigh
hogar,Es jefa o jefe del hogar,2024,Hombres,Con discapacidad,Baja California,30-44,Oír,1225.0,1696.0,6.0,ENIGH (INEGI),Personas de 18 años o más,enigh
hogar,Es jefa o jefe del hogar,2024,Hombres,Con discapacidad,Baja California,30-44,Recordar o concentrarse,96.0,152.0,5.0,ENIGH (INEGI),Personas de 18 años o más,enigh
hogar,Es jefa o jefe del hogar,2024,Hombres,Con discapacidad,Baja California,30-44,Ver,856.0,3668.0,16.0,ENIGH (INEGI),Personas de 18 años o más,enigh
hogar,Es jefa o jefe del hogar,2024,Hombres,Con discapacidad,Baja California,45-59,Bañarse o vestirse,1439.0,4636.0,13.0,ENIGH (INEGI),Personas de 18 años o más,enigh
hogar,Es jefa o jefe del hogar,2024,Hombres,Con discapacidad,Baja California,45-59,Brazos o manos,787.0,3055.0,12.0,ENIGH (INEGI),Personas de 18 años o más,enigh
hogar,Es jefa o jefe del hogar,2024,Hombres,Con discapacidad,Baja California,45-59,Caminar,2559.0,4451.0,27.0,ENIGH (INEGI),Personas de 18 años o más,enigh
hogar,Es jefa o jefe del hogar,2024,Hombres,Con discapacidad,Baja California,45-59,Hablar o comunicarse,721.0,3316.0,12.0,ENIGH (INEGI),Personas de 18 años o más,enigh
hogar,Es jefa o jefe del hogar,2024,Hombres,Con discapacidad,Baja California,45-59,Mental,2941.0,4927.0,19.0,ENIGH (INEGI),Personas de 18 años o más,enigh
hogar,Es jefa o jefe del hogar,2024,Hombres,Con discapacidad,Baja California,45-59,Oír,499.0,1214.0,5.0,ENIGH (INEGI),Personas de 18 años o más,enigh
hogar,Es jefa o jefe del hogar,2024,Hombres,Con discapacidad,Baja California,45-59,Recordar o concentrarse,2527.0,5462.0,17.0,ENIGH (INEGI),Personas de 18 años o más,enigh
hogar,Es jefa o jefe del hogar,2024,Hombres,Con discapacidad,Baja California,45-59,Ver,3059.0,6111.0,23.0,ENIGH (INEGI),Personas de 18 años o más,enigh
hogar,Es jefa o jefe del hogar,2024,Hombres,Con discapacidad,Baja California,60+,Bañarse o vestirse,5062.0,5423.0,34.0,ENIGH (INEGI),Personas de 18 años o más,enigh
hogar,Es jefa o jefe del hogar,2024,Hombres,Con discapacidad,Baja California,60+,Brazos o manos,5802.0,6850.0,37.0,ENIGH (INEGI),Personas de 18 años o más,enigh
hogar,Es jefa o jefe del hogar,2024,Hombres,Con discapacidad,Baja California,60+,Caminar,8175.0,11969.0,53.0,ENIGH (INEGI),Personas de 18 años o más,enigh
hogar,Es jefa o jefe del hogar,2024,Hombres,Con discapacidad,Baja California,60+,Hablar o comunicarse,4265.0,6407.0,31.0,ENIGH (INEGI),Personas de 18 años o más,enigh
hogar,Es jefa o jefe del hogar,2024,Hombres,Con discapacidad,Baja California,60+,Mental,8311.0,10655.0,46.0,ENIGH (INEGI),Personas de 18 años o más,enigh
hogar,Es jefa o jefe del hogar,2024,Hombres,Con discapacidad,Baja California,60+,Oír,4635.0,7118.0,35.0,ENIGH (INEGI),Personas de 18 años o más,enigh
hogar,Es jefa o jefe del hogar,2024,Hombres,Con discapacidad,Baja California,60+,Recordar o concentrarse,10827.0,15605.0,63.0,ENIGH (INEGI),Personas de 18 años o más,enigh
hogar,Es jefa o jefe del hogar,2024,Hombres,Con discapacidad,Baja California,60+,Ver,9865.0,13273.0,56.0,ENIGH (INEGI),Personas de 18 años o más,enigh
hogar,Es jefa o jefe del hogar,2024,Hombres,Con discapacidad,Baja California Sur,18-29,Bañarse o vestirse,0.0,50.0,2.0,ENIGH (INEGI),Personas de 18 años o más,enigh
hogar,Es jefa o jefe del hogar,2024,Hombres,Con discapacidad,Baja California Sur,18-29,Brazos o manos,184.0,322.0,3.0,ENIGH (INEGI),Personas de 18 años o más,enigh
hogar,Es jefa o jefe del hogar,2024,Hombres,Con discapacidad,Baja California Sur,18-29,Caminar,0.0,21.0,1.0,ENIGH (INEGI),Personas de 18 años o más,enigh
hogar,Es jefa o jefe del hogar,2024,Hombres,Con discapacidad,Baja California Sur,18-29,Hablar o comunicarse,0.0,530.0,7.0,ENIGH (INEGI),Personas de 18 años o más,enigh
hogar,Es jefa o jefe del hogar,2024,Hombres,Con discapacidad,Baja California Sur,18-29,Mental,0.0,260.0,4.0,ENIGH (INEGI),Personas de 18 años o más,enigh
hogar,Es jefa o jefe del hogar,2024,Hombres,Con discapacidad,Baja California Sur,18-29,Oír,293.0,515.0,6.0,ENIGH (INEGI),Personas de 18 años o más,enigh
hogar,Es jefa o jefe del hogar,2024,Hombres,Con discapacidad,Baja California Sur,18-29,Recordar o concentrarse,184.0,690.0,7.0,ENIGH (INEGI),Personas de 18 años o más,enigh
hogar,Es jefa o jefe del hogar,2024,Hombres,Con discapacidad,Baja California Sur,18-29,Ver,755.0,1328.0,11.0,ENIGH (INEGI),Personas de 18 años o más,enigh
hogar,Es jefa o jefe del hogar,2024,Hombres,Con discapacidad,Baja California Sur,30-44,Bañarse o vestirse,0.0,14.0,1.0,ENIGH (INEGI),Personas de 18 años o más,enigh
hogar,Es jefa o jefe del hogar,2024,Hombres,Con discapacidad,Baja California Sur,30-44,Caminar,28.0,93.0,3.0,ENIGH (INEGI),Personas de 18 años o más,enigh
hogar,Es jefa o jefe del hogar,2024,Hombres,Con discapacidad,Baja California Sur,30-44,Hablar o comunicarse,0.0,179.0,3.0,ENIGH (INEGI),Personas de 18 años o más,enigh
hogar,Es jefa o jefe del hogar,2024,Hombres,Con discapacidad,Baja California Sur,30-44,Mental,0.0,507.0,7.0,ENIGH (INEGI),Personas de 18 años o más,enigh
hogar,Es jefa o jefe del hogar,2024,Hombres,Con discapacidad,Baja California Sur,30-44,Oír,203.0,352.0,2.0,ENIGH (INEGI),Personas de 18 años o más,enigh
hogar,Es jefa o jefe del hogar,2024,Hombres,Con discapacidad,Baja California Sur,30-44,Recordar o concentrarse,198.0,363.0,5.0,ENIGH (INEGI),Personas de 18 años o más,enigh
hogar,Es jefa o jefe del hogar,2024,Hombres,Con discapacidad,Baja California Sur,30-44,Ver,354.0,797.0,10.0,ENIGH (INEGI),Personas de 18 años o más,enigh
hogar,Es jefa o jefe del hogar,2024,Hombres,Con discapacidad,Baja California Sur,45-59,Bañarse o vestirse,465.0,624.0,5.0,ENIGH (INEGI),Personas de 18 años o más,enigh
hogar,Es jefa o jefe del hogar,2024,Hombres,Con discapacidad,Baja California Sur,45-59,Brazos o manos,525.0,655.0,7.0,ENIGH (INEGI),Personas de 18 años o más,enigh
hogar,Es jefa o jefe del hogar,2024,Hombres,Con discapacidad,Baja California Sur,45-59,Caminar,968.0,2101.0,24.0,ENIGH (INEGI),Personas de 18 años o más,enigh
hogar,Es jefa o jefe del hogar,2024,Hombres,Con discapacidad,Baja California Sur,45-59,Hablar o comunicarse,0.0,369.0,3.0,ENIGH (INEGI),Personas de 18 años o más,enigh
hogar,Es jefa o jefe del hogar,2024,Hombres,Con discapacidad,Baja California Sur,45-59,Mental,142.0,547.0,6.0,ENIGH (INEGI),Personas de 18 años o más,enigh
hogar,Es jefa o jefe del hogar,2024,Hombres,Con discapacidad,Baja California Sur,45-59,Oír,589.0,615.0,7.0,ENIGH (INEGI),Personas de 18 años o más,enigh
hogar,Es jefa o jefe del hogar,2024,Hombres,Con discapacidad,Baja California Sur,45-59,Recordar o concentrarse,113.0,363.0,4.0,ENIGH (INEGI),Personas de 18 años o más,enigh
hogar,Es jefa o jefe del hogar,2024,Hombres,Con discapacidad,Baja California Sur,45-59,Ver,2557.0,3001.0,33.0,ENIGH (INEGI),Personas de 18 años o más,enigh
hogar,Es jefa o jefe del hogar,2024,Hombres,Con discapacidad,Baja California Sur,60+,Bañarse o vestirse,1054.0,1538.0,21.0,ENIGH (INEGI),Personas de 18 años o más,enigh
hogar,Es jefa o jefe del hogar,2024,Hombres,Con discapacidad,Baja California Sur,60+,Brazos o manos,1787.0,2321.0,31.0,ENIGH (INEGI),Personas de 18 años o más,enigh
hogar,Es jefa o jefe del hogar,2024,Hombres,Con discapacidad,Baja California Sur,60+,Caminar,3531.0,4577.0,62.0,ENIGH (INEGI),Personas de 18 años o más,enigh
hogar,Es jefa o jefe del hogar,2024,Hombres,Con discapacidad,Baja California Sur,60+,Hablar o comunicarse,141.0,427.0,7.0,ENIGH (INEGI),Personas de 18 años o más,enigh
hogar,Es jefa o jefe del hogar,2024,Hombres,Con discapacidad,Baja California Sur,60+,Mental,295.0,606.0,11.0,ENIGH (INEGI),Personas de 18 años o más,enigh
hogar,Es jefa o jefe del hogar,2024,Hombres,Con discapacidad,Baja California Sur,60+,Oír,1110.0,1830.0,25.0,ENIGH (INEGI),Personas de 18 años o más,enigh
hogar,Es jefa o jefe del hogar,2024,Hombres,Con discapacidad,Baja California Sur,60+,Recordar o concentrarse,789.0,1348.0,20.0,ENIGH (INEGI),Personas de 18 años o más,enigh
hogar,Es jefa o jefe del hogar,2024,Hombres,Con discapacidad,Baja California Sur,60+,Ver,2421.0,3299.0,45.0,ENIGH (INEGI),Personas de 18 años o más,enigh
hogar,Es jefa o jefe del hogar,2024,Hombres,Con discapacidad,Campeche,18-29,Bañarse o vestirse,0.0,167.0,1.0,ENIGH (INEGI),Personas de 18 años o más,enigh
hogar,Es jefa o jefe del hogar,2024,Hombres,Con discapacidad,Campeche,18-29,Brazos o manos,0.0,270.0,2.0,ENIGH (INEGI),Personas de 18 años o más,enigh
hogar,Es jefa o jefe del hogar,2024,Hombres,Con discapacidad,Campeche,18-29,Caminar,0.0,379.0,3.0,ENIGH (INEGI),Personas de 18 años o más,enigh
hogar,Es jefa o jefe del hogar,2024,Hombres,Con discapacidad,Campeche,18-29,Hablar o comunicarse,0.0,401.0,3.0,ENIGH (INEGI),Personas de 18 años o más,enigh
hogar,Es jefa o jefe del hogar,2024,Hombres,Con discapacidad,Campeche,18-29,Mental,0.0,774.0,6.0,ENIGH (INEGI),Personas de 18 años o más,enigh
hogar,Es jefa o jefe del hogar,2024,Hombres,Con discapacidad,Campeche,18-29,Oír,123.0,416.0,3.0,ENIGH (INEGI),Personas de 18 años o más,enigh
hogar,Es jefa o jefe del hogar,2024,Hombres,Con discapacidad,Campeche,18-29,Recordar o concentrarse,0.0,810.0,6.0,ENIGH (INEGI),Personas de 18 años o más,enigh
hogar,Es jefa o jefe del hogar,2024,Hombres,Con discapacidad,Campeche,18-29,Ver,0.0,671.0,5.0,ENIGH (INEGI),Personas de 18 años o más,enigh
hogar,Es jefa o jefe del hogar,2024,Hombres,Con discapacidad,Campeche,30-44,Bañarse o vestirse,134.0,381.0,3.0,ENIGH (INEGI),Personas de 18 años o más,enigh
hogar,Es jefa o jefe del hogar,2024,Hombres,Con discapacidad,Campeche,30-44,Brazos o manos,267.0,514.0,4.0,ENIGH (INEGI),Personas de 18 años o más,enigh
hogar,Es jefa o jefe del hogar,2024,Hombres,Con discapacidad,Campeche,30-44,Caminar,690.0,1496.0,11.0,ENIGH (INEGI),Personas de 18 años o más,enigh
hogar,Es jefa o jefe del hogar,2024,Hombres,Con discapacidad,Campeche,30-44,Hablar o comunicarse,0.0,852.0,7.0,ENIGH (INEGI),Personas de 18 años o más,enigh
hogar,Es jefa o jefe del hogar,2024,Hombres,Con discapacidad,Campeche,30-44,Mental,0.0,754.0,6.0,ENIGH (INEGI),Personas de 18 años o más,enigh
hogar,Es jefa o jefe del hogar,2024,Hombres,Con discapacidad,Campeche,30-44,Oír,0.0,265.0,2.0,ENIGH (INEGI),Personas de 18 años o más,enigh
hogar,Es jefa o jefe del hogar,2024,Hombres,Con discapacidad,Campeche,30-44,Recordar o concentrarse,253.0,606.0,5.0,ENIGH (INEGI),Personas de 18 años o más,enigh
hogar,Es jefa o jefe del hogar,2024,Hombres,Con discapacidad,Campeche,30-44,Ver,649.0,1366.0,10.0,ENIGH (INEGI),Personas de 18 años o más,enigh
hogar,Es jefa o jefe del hogar,2024,Hombres,Con discapacidad,Campeche,45-59,Bañarse o vestirse,333.0,455.0,4.0,ENIGH (INEGI),Personas de 18 años o más,enigh
hogar,Es jefa o jefe del hogar,2024,Hombres,Con discapacidad,Campeche,45-59,Brazos o manos,1219.0,1341.0,10.0,ENIGH (INEGI),Personas de 18 años o más,enigh
hogar,Es jefa o jefe del hogar,2024,Hombres,Con discapacidad,Campeche,45-59,Caminar,2004.0,2338.0,19.0,ENIGH (INEGI),Personas de 18 años o más,enigh
hogar,Es jefa o jefe del hogar,2024,Hombres,Con discapacidad,Campeche,45-59,Hablar o comunicarse,379.0,880.0,7.0,ENIGH (INEGI),Personas de 18 años o más,enigh
hogar,Es jefa o jefe del hogar,2024,Hombres,Con discapacidad,Campeche,45-59,Mental,246.0,708.0,6.0,ENIGH (INEGI),Personas de 18 años o más,enigh
hogar,Es jefa o jefe del hogar,2024,Hombres,Con discapacidad,Campeche,45-59,Oír,663.0,920.0,7.0,ENIGH (INEGI),Personas de 18 años o más,enigh
hogar,Es jefa o jefe del hogar,2024,Hombres,Con discapacidad,Campeche,45-59,Recordar o concentrarse,0.0,364.0,3.0,ENIGH (INEGI),Personas de 18 años o más,enigh
hogar,Es jefa o jefe del hogar,2024,Hombres,Con discapacidad,Campeche,45-59,Ver,3124.0,3702.0,30.0,ENIGH (INEGI),Personas de 18 años o más,enigh
hogar,Es jefa o jefe del hogar,2024,Hombres,Con discapacidad,Campeche,60+,Bañarse o vestirse,1956.0,2845.0,23.0,ENIGH (INEGI),Personas de 18 años o más,enigh
hogar,Es jefa o jefe del hogar,2024,Hombres,Con discapacidad,Campeche,60+,Brazos o manos,3473.0,4571.0,37.0,ENIGH (INEGI),Personas de 18 años o más,enigh
hogar,Es jefa o jefe del hogar,2024,Hombres,Con discapacidad,Campeche,60+,Caminar,5724.0,8144.0,66.0,ENIGH (INEGI),Personas de 18 años o más,enigh
hogar,Es jefa o jefe del hogar,2024,Hombres,Con discapacidad,Campeche,60+,Hablar o comunicarse,795.0,1637.0,13.0,ENIGH (INEGI),Personas de 18 años o más,enigh
hogar,Es jefa o jefe del hogar,2024,Hombres,Con discapacidad,Campeche,60+,Mental,1279.0,1966.0,16.0,ENIGH (INEGI),Personas de 18 años o más,enigh
hogar,Es jefa o jefe del hogar,2024,Hombres,Con discapacidad,Campeche,60+,Oír,2818.0,4143.0,34.0,ENIGH (INEGI),Personas de 18 años o más,enigh
hogar,Es jefa o jefe del hogar,2024,Hombres,Con discapacidad,Campeche,60+,Recordar o concentrarse,1341.0,2388.0,19.0,ENIGH (INEGI),Personas de 18 años o más,enigh
hogar,Es jefa o jefe del hogar,2024,Hombres,Con discapacidad,Campeche,60+,Ver,5985.0,8153.0,66.0,ENIGH (INEGI),Personas de 18 años o más,enigh
hogar,Es jefa o jefe del hogar,2024,Hombres,Con discapacidad,Chiapas,18-29,Bañarse o vestirse,2053.0,3702.0,5.0,ENIGH (INEGI),Personas de 18 años o más,enigh
hogar,Es jefa o jefe del hogar,2024,Hombres,Con discapacidad,Chiapas,18-29,Brazos o manos,1381.0,2072.0,3.0,ENIGH (INEGI),Personas de 18 años o más,enigh
hogar,Es jefa o jefe del hogar,2024,Hombres,Con discapacidad,Chiapas,18-29,Caminar,690.0,1381.0,2.0,ENIGH (INEGI),Personas de 18 años o más,enigh
hogar,Es jefa o jefe del hogar,2024,Hombres,Con discapacidad,Chiapas,18-29,Hablar o comunicarse,0.0,3716.0,5.0,ENIGH (INEGI),Personas de 18 años o más,enigh
hogar,Es jefa o jefe del hogar,2024,Hombres,Con discapacidad,Chiapas,18-29,Mental,690.0,4598.0,6.0,ENIGH (INEGI),Personas de 18 años o más,enigh
hogar,Es jefa o jefe del hogar,2024,Hombres,Con discapacidad,Chiapas,18-29,Oír,0.0,2020.0,3.0,ENIGH (INEGI),Personas de 18 años o más,enigh
hogar,Es jefa o jefe del hogar,2024,Hombres,Con discapacidad,Chiapas,18-29,Recordar o concentrarse,0.0,4092.0,5.0,ENIGH (INEGI),Personas de 18 años o más,enigh
hogar,Es jefa o jefe del hogar,2024,Hombres,Con discapacidad,Chiapas,18-29,Ver,732.0,4358.0,6.0,ENIGH (INEGI),Personas de 18 años o más,enigh
hogar,Es jefa o jefe del hogar,2024,Hombres,Con discapacidad,Chiapas,30-44,Bañarse o vestirse,0.0,1971.0,3.0,ENIGH (INEGI),Personas de 18 años o más,enigh
hogar,Es jefa o jefe del hogar,2024,Hombres,Con discapacidad,Chiapas,30-44,Brazos o manos,2209.0,4270.0,6.0,ENIGH (INEGI),Personas de 18 años o más,enigh
hogar,Es jefa o jefe del hogar,2024,Hombres,Con discapacidad,Chiapas,30-44,Caminar,3807.0,7000.0,11.0,ENIGH (INEGI),Personas de 18 años o más,enigh
hogar,Es jefa o jefe del hogar,2024,Hombres,Con discapacidad,Chiapas,30-44,Hablar o comunicarse,0.0,4048.0,6.0,ENIGH (INEGI),Personas de 18 años o más,enigh
hogar,Es jefa o jefe del hogar,2024,Hombres,Con discapacidad,Chiapas,30-44,Mental,2896.0,6886.0,11.0,ENIGH (INEGI),Personas de 18 años o más,enigh
hogar,Es jefa o jefe del hogar,2024,Hombres,Con discapacidad,Chiapas,30-44,Oír,2387.0,3098.0,4.0,ENIGH (INEGI),Personas de 18 años o más,enigh
hogar,Es jefa o jefe del hogar,2024,Hombres,Con discapacidad,Chiapas,30-44,Recordar o concentrarse,2400.0,6614.0,10.0,ENIGH (INEGI),Personas de 18 años o más,enigh
hogar,Es jefa o jefe del hogar,2024,Hombres,Con discapacidad,Chiapas,30-44,Ver,10674.0,14072.0,19.0,ENIGH (INEGI),Personas de 18 años o más,enigh
hogar,Es jefa o jefe del hogar,2024,Hombres,Con discapacidad,Chiapas,45-59,Bañarse o vestirse,2960.0,3679.0,5.0,ENIGH (INEGI),Personas de 18 años o más,enigh
hogar,Es jefa o jefe del hogar,2024,Hombres,Con discapacidad,Chiapas,45-59,Brazos o manos,5066.0,7159.0,10.0,ENIGH (INEGI),Personas de 18 años o más,enigh
hogar,Es jefa o jefe del hogar,2024,Hombres,Con discapacidad,Chiapas,45-59,Caminar,4606.0,8123.0,12.0,ENIGH (INEGI),Personas de 18 años o más,enigh
hogar,Es jefa o jefe del hogar,2024,Hombres,Con discapacidad,Chiapas,45-59,Hablar o comunicarse,831.0,2835.0,4.0,ENIGH (INEGI),Personas de 18 años o más,enigh
hogar,Es jefa o jefe del hogar,2024,Hombres,Con discapacidad,Chiapas,45-59,Mental,1236.0,3255.0,5.0,ENIGH (INEGI),Personas de 18 años o más,enigh
hogar,Es jefa o jefe del hogar,2024,Hombres,Con discapacidad,Chiapas,45-59,Oír,8115.0,9444.0,13.0,ENIGH (INEGI),Personas de 18 años o más,enigh
hogar,Es jefa o jefe del hogar,2024,Hombres,Con discapacidad,Chiapas,45-59,Recordar o concentrarse,3735.0,5082.0,8.0,ENIGH (INEGI),Personas de 18 años o más,enigh
hogar,Es jefa o jefe del hogar,2024,Hombres,Con discapacidad,Chiapas,45-59,Ver,22194.0,25722.0,37.0,ENIGH (INEGI),Personas de 18 años o más,enigh
hogar,Es jefa o jefe del hogar,2024,Hombres,Con discapacidad,Chiapas,60+,Bañarse o vestirse,15901.0,22520.0,32.0,ENIGH (INEGI),Personas de 18 años o más,enigh
hogar,Es jefa o jefe del hogar,2024,Hombres,Con discapacidad,Chiapas,60+,Brazos o manos,13585.0,19636.0,28.0,ENIGH (INEGI),Personas de 18 años o más,enigh
hogar,Es jefa o jefe del hogar,2024,Hombres,Con discapacidad,Chiapas,60+,Caminar,44121.0,54889.0,77.0,ENIGH (INEGI),Personas de 18 años o más,enigh
hogar,Es jefa o jefe del hogar,2024,Hombres,Con discapacidad,Chiapas,60+,Hablar o comunicarse,7140.0,8502.0,13.0,ENIGH (INEGI),Personas de 18 años o más,enigh
hogar,Es jefa o jefe del hogar,2024,Hombres,Con discapacidad,Chiapas,60+,Mental,11696.0,16201.0,23.0,ENIGH (INEGI),Personas de 18 años o más,enigh
hogar,Es jefa o jefe del hogar,2024,Hombres,Con discapacidad,Chiapas,60+,Oír,27015.0,31480.0,46.0,ENIGH (INEGI),Personas de 18 años o más,enigh
hogar,Es jefa o jefe del hogar,2024,Hombres,Con discapacidad,Chiapas,60+,Recordar o concentrarse,15536.0,19859.0,29.0,ENIGH (INEGI),Personas de 18 años o más,enigh
hogar,Es jefa o jefe del hogar,2024,Hombres,Con discapacidad,Chiapas,60+,Ver,41377.0,52800.0,74.0,ENIGH (INEGI),Personas de 18 años o más,enigh
hogar,Es jefa o jefe del hogar,2024,Hombres,Con discapacidad,Chihuahua,18-29,Bañarse o vestirse,0.0,1551.0,5.0,ENIGH (INEGI),Personas de 18 años o más,enigh
hogar,Es jefa o jefe del hogar,2024,Hombres,Con discapacidad,Chihuahua,18-29,Brazos o manos,0.0,2665.0,11.0,ENIGH (INEGI),Personas de 18 años o más,enigh
hogar,Es jefa o jefe del hogar,2024,Hombres,Con discapacidad,Chihuahua,18-29,Caminar,0.0,3649.0,15.0,ENIGH (INEGI),Personas de 18 años o más,enigh
hogar,Es jefa o jefe del hogar,2024,Hombres,Con discapacidad,Chihuahua,18-29,Hablar o comunicarse,509.0,4481.0,13.0,ENIGH (INEGI),Personas de 18 años o más,enigh
hogar,Es jefa o jefe del hogar,2024,Hombres,Con discapacidad,Chihuahua,18-29,Mental,438.0,5031.0,18.0,ENIGH (INEGI),Personas de 18 años o más,enigh
hogar,Es jefa o jefe del hogar,2024,Hombres,Con discapacidad,Chihuahua,18-29,Oír,78.0,3259.0,10.0,ENIGH (INEGI),Personas de 18 años o más,enigh
hogar,Es jefa o jefe del hogar,2024,Hombres,Con discapacidad,Chihuahua,18-29,Recordar o concentrarse,436.0,2892.0,10.0,ENIGH (INEGI),Personas de 18 años o más,enigh
hogar,Es jefa o jefe del hogar,2024,Hombres,Con discapacidad,Chihuahua,18-29,Ver,339.0,1831.0,7.0,ENIGH (INEGI),Personas de 18 años o más,enigh
hogar,Es jefa o jefe del hogar,2024,Hombres,Con discapacidad,Chihuahua,30-44,Bañarse o vestirse,482.0,2295.0,8.0,ENIGH (INEGI),Personas de 18 años o más,enigh
hogar,Es jefa o jefe del hogar,2024,Hombres,Con discapacidad,Chihuahua,30-44,Brazos o manos,1408.0,2819.0,11.0,ENIGH (INEGI),Personas de 18 años o más,enigh
hogar,Es jefa o jefe del hogar,2024,Hombres,Con discapacidad,Chihuahua,30-44,Caminar,615.0,3872.0,15.0,ENIGH (INEGI),Personas de 18 años o más,enigh
hogar,Es jefa o jefe del hogar,2024,Hombres,Con discapacidad,Chihuahua,30-44,Hablar o comunicarse,1125.0,2555.0,10.0,ENIGH (INEGI),Personas de 18 años o más,enigh
hogar,Es jefa o jefe del hogar,2024,Hombres,Con discapacidad,Chihuahua,30-44,Mental,1874.0,5259.0,16.0,ENIGH (INEGI),Personas de 18 años o más,enigh
hogar,Es jefa o jefe del hogar,2024,Hombres,Con discapacidad,Chihuahua,30-44,Oír,677.0,2677.0,8.0,ENIGH (INEGI),Personas de 18 años o más,enigh
hogar,Es jefa o jefe del hogar,2024,Hombres,Con discapacidad,Chihuahua,30-44,Recordar o concentrarse,1528.0,4077.0,13.0,ENIGH (INEGI),Personas de 18 años o más,enigh
hogar,Es jefa o jefe del hogar,2024,Hombres,Con discapacidad,Chihuahua,30-44,Ver,1358.0,2357.0,11.0,ENIGH (INEGI),Personas de 18 años o más,enigh
hogar,Es jefa o jefe del hogar,2024,Hombres,Con discapacidad,Chihuahua,45-59,Bañarse o vestirse,2816.0,5706.0,19.0,ENIGH (INEGI),Personas de 18 años o más,enigh
hogar,Es jefa o jefe del hogar,2024,Hombres,Con discapacidad,Chihuahua,45-59,Brazos o manos,2261.0,4250.0,19.0,ENIGH (INEGI),Personas de 18 años o más,enigh
hogar,Es jefa o jefe del hogar,2024,Hombres,Con discapacidad,Chihuahua,45-59,Caminar,4878.0,6746.0,35.0,ENIGH (INEGI),Personas de 18 años o más,enigh
hogar,Es jefa o jefe del hogar,2024,Hombres,Con discapacidad,Chihuahua,45-59,Hablar o comunicarse,2592.0,4641.0,18.0,ENIGH (INEGI),Personas de 18 años o más,enigh
hogar,Es jefa o jefe del hogar,2024,Hombres,Con discapacidad,Chihuahua,45-59,Mental,4950.0,8838.0,34.0,ENIGH (INEGI),Personas de 18 años o más,enigh
hogar,Es jefa o jefe del hogar,2024,Hombres,Con discapacidad,Chihuahua,45-59,Oír,1523.0,1879.0,14.0,ENIGH (INEGI),Personas de 18 años o más,enigh
hogar,Es jefa o jefe del hogar,2024,Hombres,Con discapacidad,Chihuahua,45-59,Recordar o concentrarse,4696.0,8526.0,32.0,ENIGH (INEGI),Personas de 18 años o más,enigh
hogar,Es jefa o jefe del hogar,2024,Hombres,Con discapacidad,Chihuahua,45-59,Ver,3354.0,6217.0,24.0,ENIGH (INEGI),Personas de 18 años o más,enigh
hogar,Es jefa o jefe del hogar,2024,Hombres,Con discapacidad,Chihuahua,60+,Bañarse o vestirse,6520.0,9525.0,47.0,ENIGH (INEGI),Personas de 18 años o más,enigh
hogar,Es jefa o jefe del hogar,2024,Hombres,Con discapacidad,Chihuahua,60+,Brazos o manos,7020.0,9797.0,54.0,ENIGH (INEGI),Personas de 18 años o más,enigh
hogar,Es jefa o jefe del hogar,2024,Hombres,Con discapacidad,Chihuahua,60+,Caminar,12798.0,19874.0,98.0,ENIGH (INEGI),Personas de 18 años o más,enigh
hogar,Es jefa o jefe del hogar,2024,Hombres,Con discapacidad,Chihuahua,60+,Hablar o comunicarse,4056.0,7214.0,35.0,ENIGH (INEGI),Personas de 18 años o más,enigh
hogar,Es jefa o jefe del hogar,2024,Hombres,Con discapacidad,Chihuahua,60+,Mental,6052.0,10016.0,41.0,ENIGH (INEGI),Personas de 18 años o más,enigh
hogar,Es jefa o jefe del hogar,2024,Hombres,Con discapacidad,Chihuahua,60+,Oír,6683.0,9653.0,57.0,ENIGH (INEGI),Personas de 18 años o más,enigh
hogar,Es jefa o jefe del hogar,2024,Hombres,Con discapacidad,Chihuahua,60+,Recordar o concentrarse,12804.0,19964.0,83.0,ENIGH (INEGI),Personas de 18 años o más,enigh
hogar,Es jefa o jefe del hogar,2024,Hombres,Con discapacidad,Chihuahua,60+,Ver,8922.0,11230.0,59.0,ENIGH (INEGI),Personas de 18 años o más,enigh
hogar,Es jefa o jefe del hogar,2024,Hombres,Con discapacidad,Ciudad de México,18-29,Bañarse o vestirse,0.0,2924.0,2.0,ENIGH (INEGI),Personas de 18 años o más,enigh
hogar,Es jefa o jefe del hogar,2024,Hombres,Con discapacidad,Ciudad de México,18-29,Brazos o manos,0.0,2946.0,2.0,ENIGH (INEGI),Personas de 18 años o más,enigh
hogar,Es jefa o jefe del hogar,2024,Hombres,Con discapacidad,Ciudad de México,18-29,Caminar,0.0,9155.0,6.0,ENIGH (INEGI),Personas de 18 años o más,enigh
hogar,Es jefa o jefe del hogar,2024,Hombres,Con discapacidad,Ciudad de México,18-29,Hablar o comunicarse,0.0,1445.0,2.0,ENIGH (INEGI),Personas de 18 años o más,enigh
hogar,Es jefa o jefe del hogar,2024,Hombres,Con discapacidad,Ciudad de México,18-29,Mental,35.0,5855.0,9.0,ENIGH (INEGI),Personas de 18 años o más,enigh
hogar,Es jefa o jefe del hogar,2024,Hombres,Con discapacidad,Ciudad de México,18-29,Oír,28.0,28.0,1.0,ENIGH (INEGI),Personas de 18 años o más,enigh
hogar,Es jefa o jefe del hogar,2024,Hombres,Con discapacidad,Ciudad de México,18-29,Recordar o concentrarse,0.0,4198.0,4.0,ENIGH (INEGI),Personas de 18 años o más,enigh
hogar,Es jefa o jefe del hogar,2024,Hombres,Con discapacidad,Ciudad de México,18-29,Ver,0.0,13503.0,12.0,ENIGH (INEGI),Personas de 18 años o más,enigh
hogar,Es jefa o jefe del hogar,2024,Hombres,Con discapacidad,Ciudad de México,30-44,Bañarse o vestirse,1281.0,2551.0,2.0,ENIGH (INEGI),Personas de 18 años o más,enigh
hogar,Es jefa o jefe del hogar,2024,Hombres,Con discapacidad,Ciudad de México,30-44,Brazos o manos,2564.0,5929.0,5.0,ENIGH (INEGI),Personas de 18 años o más,enigh
hogar,Es jefa o jefe del hogar,2024,Hombres,Con discapacidad,Ciudad de México,30-44,Caminar,2572.0,6834.0,8.0,ENIGH (INEGI),Personas de 18 años o más,enigh
hogar,Es jefa o jefe del hogar,2024,Hombres,Con discapacidad,Ciudad de México,30-44,Hablar o comunicarse,1316.0,1402.0,5.0,ENIGH (INEGI),Personas de 18 años o más,enigh
hogar,Es jefa o jefe del hogar,2024,Hombres,Con discapacidad,Ciudad de México,30-44,Mental,4315.0,9723.0,11.0,ENIGH (INEGI),Personas de 18 años o más,enigh
hogar,Es jefa o jefe del hogar,2024,Hombres,Con discapacidad,Ciudad de México,30-44,Oír,4348.0,7671.0,5.0,ENIGH (INEGI),Personas de 18 años o más,enigh
hogar,Es jefa o jefe del hogar,2024,Hombres,Con discapacidad,Ciudad de México,30-44,Recordar o concentrarse,2901.0,6445.0,8.0,ENIGH (INEGI),Personas de 18 años o más,enigh
hogar,Es jefa o jefe del hogar,2024,Hombres,Con discapacidad,Ciudad de México,30-44,Ver,10138.0,16103.0,14.0,ENIGH (INEGI),Personas de 18 años o más,enigh
hogar,Es jefa o jefe del hogar,2024,Hombres,Con discapacidad,Ciudad de México,45-59,Bañarse o vestirse,6294.0,10830.0,9.0,ENIGH (INEGI),Personas de 18 años o más,enigh
hogar,Es jefa o jefe del hogar,2024,Hombres,Con discapacidad,Ciudad de México,45-59,Brazos o manos,7315.0,16808.0,14.0,ENIGH (INEGI),Personas de 18 años o más,enigh
hogar,Es jefa o jefe del hogar,2024,Hombres,Con discapacidad,Ciudad de México,45-59,Caminar,11037.0,18844.0,16.0,ENIGH (INEGI),Personas de 18 años o más,enigh
hogar,Es jefa o jefe del hogar,2024,Hombres,Con discapacidad,Ciudad de México,45-59,Hablar o comunicarse,1499.0,13371.0,13.0,ENIGH (INEGI),Personas de 18 años o más,enigh
hogar,Es jefa o jefe del hogar,2024,Hombres,Con discapacidad,Ciudad de México,45-59,Mental,9440.0,21384.0,15.0,ENIGH (INEGI),Personas de 18 años o más,enigh
hogar,Es jefa o jefe del hogar,2024,Hombres,Con discapacidad,Ciudad de México,45-59,Oír,3087.0,8845.0,7.0,ENIGH (INEGI),Personas de 18 años o más,enigh
hogar,Es jefa o jefe del hogar,2024,Hombres,Con discapacidad,Ciudad de México,45-59,Recordar o concentrarse,7671.0,19368.0,15.0,ENIGH (INEGI),Personas de 18 años o más,enigh
hogar,Es jefa o jefe del hogar,2024,Hombres,Con discapacidad,Ciudad de México,45-59,Ver,19258.0,33633.0,30.0,ENIGH (INEGI),Personas de 18 años o más,enigh
hogar,Es jefa o jefe del hogar,2024,Hombres,Con discapacidad,Ciudad de México,60+,Bañarse o vestirse,23257.0,30181.0,23.0,ENIGH (INEGI),Personas de 18 años o más,enigh
hogar,Es jefa o jefe del hogar,2024,Hombres,Con discapacidad,Ciudad de México,60+,Brazos o manos,34459.0,45540.0,34.0,ENIGH (INEGI),Personas de 18 años o más,enigh
hogar,Es jefa o jefe del hogar,2024,Hombres,Con discapacidad,Ciudad de México,60+,Caminar,44799.0,59613.0,46.0,ENIGH (INEGI),Personas de 18 años o más,enigh
hogar,Es jefa o jefe del hogar,2024,Hombres,Con discapacidad,Ciudad de México,60+,Hablar o comunicarse,17526.0,30863.0,22.0,ENIGH (INEGI),Personas de 18 años o más,enigh
hogar,Es jefa o jefe del hogar,2024,Hombres,Con discapacidad,Ciudad de México,60+,Mental,28457.0,44562.0,36.0,ENIGH (INEGI),Personas de 18 años o más,enigh
hogar,Es jefa o jefe del hogar,2024,Hombres,Con discapacidad,Ciudad de México,60+,Oír,27071.0,33859.0,26.0,ENIGH (INEGI),Personas de 18 años o más,enigh
hogar,Es jefa o jefe del hogar,2024,Hombres,Con discapacidad,Ciudad de México,60+,Recordar o concentrarse,45116.0,61572.0,45.0,ENIGH (INEGI),Personas de 18 años o más,enigh
hogar,Es jefa o jefe del hogar,2024,Hombres,Con discapacidad,Ciudad de México,60+,Ver,31503.0,41975.0,36.0,ENIGH (INEGI),Personas de 18 años o más,enigh
hogar,Es jefa o jefe del hogar,2024,Hombres,Con discapacidad,Coahuila,18-29,Bañarse o vestirse,0.0,987.0,4.0,ENIGH (INEGI),Personas de 18 años o más,enigh
hogar,Es jefa o jefe del hogar,2024,Hombres,Con discapacidad,Coahuila,18-29,Brazos o manos,0.0,1212.0,5.0,ENIGH (INEGI),Personas de 18 años o más,enigh
hogar,Es jefa o jefe del hogar,2024,Hombres,Con discapacidad,Coahuila,18-29,Caminar,0.0,1172.0,5.0,ENIGH (INEGI),Personas de 18 años o más,enigh
hogar,Es jefa o jefe del hogar,2024,Hombres,Con discapacidad,Coahuila,18-29,Hablar o comunicarse,0.0,2535.0,9.0,ENIGH (INEGI),Personas de 18 años o más,enigh
hogar,Es jefa o jefe del hogar,2024,Hombres,Con discapacidad,Coahuila,18-29,Mental,0.0,2152.0,8.0,ENIGH (INEGI),Personas de 18 años o más,enigh
hogar,Es jefa o jefe del hogar,2024,Hombres,Con discapacidad,Coahuila,18-29,Oír,0.0,817.0,3.0,ENIGH (INEGI),Personas de 18 años o más,enigh
hogar,Es jefa o jefe del hogar,2024,Hombres,Con discapacidad,Coahuila,18-29,Recordar o concentrarse,278.0,1211.0,5.0,ENIGH (INEGI),Personas de 18 años o más,enigh
hogar,Es jefa o jefe del hogar,2024,Hombres,Con discapacidad,Coahuila,18-29,Ver,593.0,4337.0,21.0,ENIGH (INEGI),Personas de 18 años o más,enigh
hogar,Es jefa o jefe del hogar,2024,Hombres,Con discapacidad,Coahuila,30-44,Bañarse o vestirse,0.0,961.0,6.0,ENIGH (INEGI),Personas de 18 años o más,enigh
hogar,Es jefa o jefe del hogar,2024,Hombres,Con discapacidad,Coahuila,30-44,Brazos o manos,343.0,707.0,4.0,ENIGH (INEGI),Personas de 18 años o más,enigh
hogar,Es jefa o jefe del hogar,2024,Hombres,Con discapacidad,Coahuila,30-44,Caminar,503.0,1866.0,10.0,ENIGH (INEGI),Personas de 18 años o más,enigh
hogar,Es jefa o jefe del hogar,2024,Hombres,Con discapacidad,Coahuila,30-44,Hablar o comunicarse,282.0,1980.0,9.0,ENIGH (INEGI),Personas de 18 años o más,enigh
hogar,Es jefa o jefe del hogar,2024,Hombres,Con discapacidad,Coahuila,30-44,Mental,288.0,2261.0,10.0,ENIGH (INEGI),Personas de 18 años o más,enigh
hogar,Es jefa o jefe del hogar,2024,Hombres,Con discapacidad,Coahuila,30-44,Oír,652.0,1303.0,7.0,ENIGH (INEGI),Personas de 18 años o más,enigh
hogar,Es jefa o jefe del hogar,2024,Hombres,Con discapacidad,Coahuila,30-44,Recordar o concentrarse,273.0,2630.0,12.0,ENIGH (INEGI),Personas de 18 años o más,enigh
hogar,Es jefa o jefe del hogar,2024,Hombres,Con discapacidad,Coahuila,30-44,Ver,2802.0,3688.0,15.0,ENIGH (INEGI),Personas de 18 años o más,enigh
hogar,Es jefa o jefe del hogar,2024,Hombres,Con discapacidad,Coahuila,45-59,Bañarse o vestirse,733.0,976.0,5.0,ENIGH (INEGI),Personas de 18 años o más,enigh
hogar,Es jefa o jefe del hogar,2024,Hombres,Con discapacidad,Coahuila,45-59,Brazos o manos,3596.0,4540.0,20.0,ENIGH (INEGI),Personas de 18 años o más,enigh
hogar,Es jefa o jefe del hogar,2024,Hombres,Con discapacidad,Coahuila,45-59,Caminar,5334.0,6411.0,33.0,ENIGH (INEGI),Personas de 18 años o más,enigh
hogar,Es jefa o jefe del hogar,2024,Hombres,Con discapacidad,Coahuila,45-59,Hablar o comunicarse,359.0,1774.0,10.0,ENIGH (INEGI),Personas de 18 años o más,enigh
hogar,Es jefa o jefe del hogar,2024,Hombres,Con discapacidad,Coahuila,45-59,Mental,794.0,2844.0,13.0,ENIGH (INEGI),Personas de 18 años o más,enigh
hogar,Es jefa o jefe del hogar,2024,Hombres,Con discapacidad,Coahuila,45-59,Oír,3155.0,4318.0,20.0,ENIGH (INEGI),Personas de 18 años o más,enigh
hogar,Es jefa o jefe del hogar,2024,Hombres,Con discapacidad,Coahuila,45-59,Recordar o concentrarse,304.0,1441.0,8.0,ENIGH (INEGI),Personas de 18 años o más,enigh
hogar,Es jefa o jefe del hogar,2024,Hombres,Con discapacidad,Coahuila,45-59,Ver,8248.0,10323.0,45.0,ENIGH (INEGI),Personas de 18 años o más,enigh
hogar,Es jefa o jefe del hogar,2024,Hombres,Con discapacidad,Coahuila,60+,Bañarse o vestirse,7999.0,10369.0,48.0,ENIGH (INEGI),Personas de 18 años o más,enigh
hogar,Es jefa o jefe del hogar,2024,Hombres,Con discapacidad,Coahuila,60+,Brazos o manos,10892.0,13378.0,63.0,ENIGH (INEGI),Personas de 18 años o más,enigh
hogar,Es jefa o jefe del hogar,2024,Hombres,Con discapacidad,Coahuila,60+,Caminar,19159.0,22982.0,107.0,ENIGH (INEGI),Personas de 18 años o más,enigh
hogar,Es jefa o jefe del hogar,2024,Hombres,Con discapacidad,Coahuila,60+,Hablar o comunicarse,3246.0,4384.0,21.0,ENIGH (INEGI),Personas de 18 años o más,enigh
hogar,Es jefa o jefe del hogar,2024,Hombres,Con discapacidad,Coahuila,60+,Mental,4116.0,5692.0,29.0,ENIGH (INEGI),Personas de 18 años o más,enigh
hogar,Es jefa o jefe del hogar,2024,Hombres,Con discapacidad,Coahuila,60+,Oír,12481.0,15081.0,69.0,ENIGH (INEGI),Personas de 18 años o más,enigh
hogar,Es jefa o jefe del hogar,2024,Hombres,Con discapacidad,Coahuila,60+,Recordar o concentrarse,5050.0,6899.0,34.0,ENIGH (INEGI),Personas de 18 años o más,enigh
hogar,Es jefa o jefe del hogar,2024,Hombres,Con discapacidad,Coahuila,60+,Ver,16424.0,19263.0,78.0,ENIGH (INEGI),Personas de 18 años o más,enigh
hogar,Es jefa o jefe del hogar,2024,Hombres,Con discapacidad,Colima,18-29,Bañarse o vestirse,24.0,378.0,6.0,ENIGH (INEGI),Personas de 18 años o más,enigh
hogar,Es jefa o jefe del hogar,2024,Hombres,Con discapacidad,Colima,18-29,Brazos o manos,24.0,24.0,1.0,ENIGH (INEGI),Personas de 18 años o más,enigh
hogar,Es jefa o jefe del hogar,2024,Hombres,Con discapacidad,Colima,18-29,Caminar,116.0,491.0,6.0,ENIGH (INEGI),Personas de 18 años o más,enigh
hogar,Es jefa o jefe del hogar,2024,Hombres,Con discapacidad,Colima,18-29,Hablar o comunicarse,206.0,708.0,9.0,ENIGH (INEGI),Personas de 18 años o más,enigh
hogar,Es jefa o jefe del hogar,2024,Hombres,Con discapacidad,Colima,18-29,Mental,119.0,289.0,6.0,ENIGH (INEGI),Personas de 18 años o más,enigh
hogar,Es jefa o jefe del hogar,2024,Hombres,Con discapacidad,Colima,18-29,Oír,84.0,84.0,1.0,ENIGH (INEGI),Personas de 18 años o más,enigh
hogar,Es jefa o jefe del hogar,2024,Hombres,Con discapacidad,Colima,18-29,Recordar o concentrarse,142.0,419.0,6.0,ENIGH (INEGI),Personas de 18 años o más,enigh
hogar,Es jefa o jefe del hogar,2024,Hombres,Con discapacidad,Colima,18-29,Ver,18.0,153.0,4.0,ENIGH (INEGI),Personas de 18 años o más,enigh
hogar,Es jefa o jefe del hogar,2024,Hombres,Con discapacidad,Colima,30-44,Bañarse o vestirse,103.0,419.0,7.0,ENIGH (INEGI),Personas de 18 años o más,enigh
hogar,Es jefa o jefe del hogar,2024,Hombres,Con discapacidad,Colima,30-44,Brazos o manos,34.0,274.0,6.0,ENIGH (INEGI),Personas de 18 años o más,enigh
hogar,Es jefa o jefe del hogar,2024,Hombres,Con discapacidad,Colima,30-44,Caminar,585.0,1154.0,18.0,ENIGH (INEGI),Personas de 18 años o más,enigh
hogar,Es jefa o jefe del hogar,2024,Hombres,Con discapacidad,Colima,30-44,Hablar o comunicarse,0.0,1201.0,14.0,ENIGH (INEGI),Personas de 18 años o más,enigh
hogar,Es jefa o jefe del hogar,2024,Hombres,Con discapacidad,Colima,30-44,Mental,90.0,698.0,12.0,ENIGH (INEGI),Personas de 18 años o más,enigh
hogar,Es jefa o jefe del hogar,2024,Hombres,Con discapacidad,Colima,30-44,Oír,20.0,298.0,5.0,ENIGH (INEGI),Personas de 18 años o más,enigh
hogar,Es jefa o jefe del hogar,2024,Hombres,Con discapacidad,Colima,30-44,Recordar o concentrarse,147.0,838.0,12.0,ENIGH (INEGI),Personas de 18 años o más,enigh
hogar,Es jefa o jefe del hogar,2024,Hombres,Con discapacidad,Colima,30-44,Ver,649.0,981.0,17.0,ENIGH (INEGI),Personas de 18 años o más,enigh
hogar,Es jefa o jefe del hogar,2024,Hombres,Con discapacidad,Colima,45-59,Bañarse o vestirse,316.0,766.0,9.0,ENIGH (INEGI),Personas de 18 años o más,enigh
hogar,Es jefa o jefe del hogar,2024,Hombres,Con discapacidad,Colima,45-59,Brazos o manos,824.0,1210.0,20.0,ENIGH (INEGI),Personas de 18 años o más,enigh
hogar,Es jefa o jefe del hogar,2024,Hombres,Con discapacidad,Colima,45-59,Caminar,1969.0,2575.0,34.0,ENIGH (INEGI),Personas de 18 años o más,enigh
hogar,Es jefa o jefe del hogar,2024,Hombres,Con discapacidad,Colima,45-59,Hablar o comunicarse,227.0,716.0,10.0,ENIGH (INEGI),Personas de 18 años o más,enigh
hogar,Es jefa o jefe del hogar,2024,Hombres,Con discapacidad,Colima,45-59,Mental,131.0,1011.0,12.0,ENIGH (INEGI),Personas de 18 años o más,enigh
hogar,Es jefa o jefe del hogar,2024,Hombres,Con discapacidad,Colima,45-59,Oír,336.0,558.0,9.0,ENIGH (INEGI),Personas de 18 años o más,enigh
hogar,Es jefa o jefe del hogar,2024,Hombres,Con discapacidad,Colima,45-59,Recordar o concentrarse,538.0,1097.0,14.0,ENIGH (INEGI),Personas de 18 años o más,enigh
hogar,Es jefa o jefe del hogar,2024,Hombres,Con discapacidad,Colima,45-59,Ver,1759.0,2417.0,40.0,ENIGH (INEGI),Personas de 18 años o más,enigh
hogar,Es jefa o jefe del hogar,2024,Hombres,Con discapacidad,Colima,60+,Bañarse o vestirse,1323.0,1885.0,31.0,ENIGH (INEGI),Personas de 18 años o más,enigh
hogar,Es jefa o jefe del hogar,2024,Hombres,Con discapacidad,Colima,60+,Brazos o manos,2317.0,2735.0,48.0,ENIGH (INEGI),Personas de 18 años o más,enigh
hogar,Es jefa o jefe del hogar,2024,Hombres,Con discapacidad,Colima,60+,Caminar,5328.0,6335.0,105.0,ENIGH (INEGI),Personas de 18 años o más,enigh
hogar,Es jefa o jefe del hogar,2024,Hombres,Con discapacidad,Colima,60+,Hablar o comunicarse,425.0,806.0,16.0,ENIGH (INEGI),Personas de 18 años o más,enigh
hogar,Es jefa o jefe del hogar,2024,Hombres,Con discapacidad,Colima,60+,Mental,1027.0,1467.0,24.0,ENIGH (INEGI),Personas de 18 años o más,enigh
hogar,Es jefa o jefe del hogar,2024,Hombres,Con discapacidad,Colima,60+,Oír,1942.0,2946.0,58.0,ENIGH (INEGI),Personas de 18 años o más,enigh
hogar,Es jefa o jefe del hogar,2024,Hombres,Con discapacidad,Colima,60+,Recordar o concentrarse,1172.0,1755.0,28.0,ENIGH (INEGI),Personas de 18 años o más,enigh
hogar,Es jefa o jefe del hogar,2024,Hombres,Con discapacidad,Colima,60+,Ver,4632.0,5406.0,92.0,ENIGH (INEGI),Personas de 18 años o más,enigh
hogar,Es jefa o jefe del hogar,2024,Hombres,Con discapacidad,Durango,18-29,Bañarse o vestirse,0.0,605.0,3.0,ENIGH (INEGI),Personas de 18 años o más,enigh
hogar,Es jefa o jefe del hogar,2024,Hombres,Con discapacidad,Durango,18-29,Brazos o manos,140.0,1526.0,8.0,ENIGH (INEGI),Personas de 18 años o más,enigh
hogar,Es jefa o jefe del hogar,2024,Hombres,Con discapacidad,Durango,18-29,Caminar,106.0,2050.0,12.0,ENIGH (INEGI),Personas de 18 años o más,enigh
hogar,Es jefa o jefe del hogar,2024,Hombres,Con discapacidad,Durango,18-29,Hablar o comunicarse,0.0,973.0,6.0,ENIGH (INEGI),Personas de 18 años o más,enigh
hogar,Es jefa o jefe del hogar,2024,Hombres,Con discapacidad,Durango,18-29,Mental,0.0,1466.0,9.0,ENIGH (INEGI),Personas de 18 años o más,enigh
hogar,Es jefa o jefe del hogar,2024,Hombres,Con discapacidad,Durango,18-29,Oír,0.0,1559.0,8.0,ENIGH (INEGI),Personas de 18 años o más,enigh
hogar,Es jefa o jefe del hogar,2024,Hombres,Con discapacidad,Durango,18-29,Recordar o concentrarse,271.0,1538.0,7.0,ENIGH (INEGI),Personas de 18 años o más,enigh
hogar,Es jefa o jefe del hogar,2024,Hombres,Con discapacidad,Durango,18-29,Ver,0.0,2505.0,13.0,ENIGH (INEGI),Personas de 18 años o más,enigh
hogar,Es jefa o jefe del hogar,2024,Hombres,Con discapacidad,Durango,30-44,Bañarse o vestirse,0.0,562.0,4.0,ENIGH (INEGI),Personas de 18 años o más,enigh
hogar,Es jefa o jefe del hogar,2024,Hombres,Con discapacidad,Durango,30-44,Brazos o manos,742.0,1068.0,7.0,ENIGH (INEGI),Personas de 18 años o más,enigh
hogar,Es jefa o jefe del hogar,2024,Hombres,Con discapacidad,Durango,30-44,Caminar,745.0,2030.0,12.0,ENIGH (INEGI),Personas de 18 años o más,enigh
hogar,Es jefa o jefe del hogar,2024,Hombres,Con discapacidad,Durango,30-44,Hablar o comunicarse,100.0,1270.0,6.0,ENIGH (INEGI),Personas de 18 años o más,enigh
hogar,Es jefa o jefe del hogar,2024,Hombres,Con discapacidad,Durango,30-44,Mental,1658.0,2465.0,14.0,ENIGH (INEGI),Personas de 18 años o más,enigh
hogar,Es jefa o jefe del hogar,2024,Hombres,Con discapacidad,Durango,30-44,Oír,100.0,739.0,4.0,ENIGH (INEGI),Personas de 18 años o más,enigh
hogar,Es jefa o jefe del hogar,2024,Hombres,Con discapacidad,Durango,30-44,Recordar o concentrarse,781.0,1743.0,11.0,ENIGH (INEGI),Personas de 18 años o más,enigh
hogar,Es jefa o jefe del hogar,2024,Hombres,Con discapacidad,Durango,30-44,Ver,1657.0,2239.0,14.0,ENIGH (INEGI),Personas de 18 años o más,enigh
hogar,Es jefa o jefe del hogar,2024,Hombres,Con discapacidad,Durango,45-59,Bañarse o vestirse,1243.0,2287.0,14.0,ENIGH (INEGI),Personas de 18 años o más,enigh
hogar,Es jefa o jefe del hogar,2024,Hombres,Con discapacidad,Durango,45-59,Brazos o manos,2258.0,3712.0,24.0,ENIGH (INEGI),Personas de 18 años o más,enigh
hogar,Es jefa o jefe del hogar,2024,Hombres,Con discapacidad,Durango,45-59,Caminar,2692.0,5289.0,30.0,ENIGH (INEGI),Personas de 18 años o más,enigh
hogar,Es jefa o jefe del hogar,2024,Hombres,Con discapacidad,Durango,45-59,Hablar o comunicarse,1524.0,2915.0,15.0,ENIGH (INEGI),Personas de 18 años o más,enigh
hogar,Es jefa o jefe del hogar,2024,Hombres,Con discapacidad,Durango,45-59,Mental,2926.0,4983.0,29.0,ENIGH (INEGI),Personas de 18 años o más,enigh
hogar,Es jefa o jefe del hogar,2024,Hombres,Con discapacidad,Durango,45-59,Oír,1281.0,1828.0,9.0,ENIGH (INEGI),Personas de 18 años o más,enigh
hogar,Es jefa o jefe del hogar,2024,Hombres,Con discapacidad,Durango,45-59,Recordar o concentrarse,1720.0,3308.0,19.0,ENIGH (INEGI),Personas de 18 años o más,enigh
hogar,Es jefa o jefe del hogar,2024,Hombres,Con discapacidad,Durango,45-59,Ver,3364.0,4734.0,27.0,ENIGH (INEGI),Personas de 18 años o más,enigh
hogar,Es jefa o jefe del hogar,2024,Hombres,Con discapacidad,Durango,60+,Bañarse o vestirse,6401.0,8508.0,41.0,ENIGH (INEGI),Personas de 18 años o más,enigh
hogar,Es jefa o jefe del hogar,2024,Hombres,Con discapacidad,Durango,60+,Brazos o manos,4654.0,6371.0,36.0,ENIGH (INEGI),Personas de 18 años o más,enigh
hogar,Es jefa o jefe del hogar,2024,Hombres,Con discapacidad,Durango,60+,Caminar,9611.0,12087.0,70.0,ENIGH (INEGI),Personas de 18 años o más,enigh
hogar,Es jefa o jefe del hogar,2024,Hombres,Con discapacidad,Durango,60+,Hablar o comunicarse,3946.0,5417.0,30.0,ENIGH (INEGI),Personas de 18 años o más,enigh
hogar,Es jefa o jefe del hogar,2024,Hombres,Con discapacidad,Durango,60+,Mental,5364.0,6591.0,38.0,ENIGH (INEGI),Personas de 18 años o más,enigh
hogar,Es jefa o jefe del hogar,2024,Hombres,Con discapacidad,Durango,60+,Oír,4823.0,6241.0,36.0,ENIGH (INEGI),Personas de 18 años o más,enigh
hogar,Es jefa o jefe del hogar,2024,Hombres,Con discapacidad,Durango,60+,Recordar o concentrarse,7779.0,10302.0,58.0,ENIGH (INEGI),Personas de 18 años o más,enigh
hogar,Es jefa o jefe del hogar,2024,Hombres,Con discapacidad,Durango,60+,Ver,8964.0,10373.0,59.0,ENIGH (INEGI),Personas de 18 años o más,enigh
hogar,Es jefa o jefe del hogar,2024,Hombres,Con discapacidad,Guanajuato,18-29,Bañarse o vestirse,0.0,1324.0,2.0,ENIGH (INEGI),Personas de 18 años o más,enigh
hogar,Es jefa o jefe del hogar,2024,Hombres,Con discapacidad,Guanajuato,18-29,Brazos o manos,0.0,880.0,2.0,ENIGH (INEGI),Personas de 18 años o más,enigh
hogar,Es jefa o jefe del hogar,2024,Hombres,Con discapacidad,Guanajuato,18-29,Caminar,320.0,3627.0,8.0,ENIGH (INEGI),Personas de 18 años o más,enigh
hogar,Es jefa o jefe del hogar,2024,Hombres,Con discapacidad,Guanajuato,18-29,Hablar o comunicarse,0.0,2871.0,8.0,ENIGH (INEGI),Personas de 18 años o más,enigh
hogar,Es jefa o jefe del hogar,2024,Hombres,Con discapacidad,Guanajuato,18-29,Mental,263.0,6448.0,11.0,ENIGH (INEGI),Personas de 18 años o más,enigh
hogar,Es jefa o jefe del hogar,2024,Hombres,Con discapacidad,Guanajuato,18-29,Oír,234.0,2041.0,6.0,ENIGH (INEGI),Personas de 18 años o más,enigh
hogar,Es jefa o jefe del hogar,2024,Hombres,Con discapacidad,Guanajuato,18-29,Recordar o concentrarse,0.0,1954.0,6.0,ENIGH (INEGI),Personas de 18 años o más,enigh
hogar,Es jefa o jefe del hogar,2024,Hombres,Con discapacidad,Guanajuato,18-29,Ver,2072.0,13375.0,15.0,ENIGH (INEGI),Personas de 18 años o más,enigh
hogar,Es jefa o jefe del hogar,2024,Hombres,Con discapacidad,Guanajuato,30-44,Bañarse o vestirse,0.0,2618.0,5.0,ENIGH (INEGI),Personas de 18 años o más,enigh
hogar,Es jefa o jefe del hogar,2024,Hombres,Con discapacidad,Guanajuato,30-44,Brazos o manos,770.0,2511.0,7.0,ENIGH (INEGI),Personas de 18 años o más,enigh
hogar,Es jefa o jefe del hogar,2024,Hombres,Con discapacidad,Guanajuato,30-44,Caminar,1707.0,4551.0,10.0,ENIGH (INEGI),Personas de 18 años o más,enigh
hogar,Es jefa o jefe del hogar,2024,Hombres,Con discapacidad,Guanajuato,30-44,Hablar o comunicarse,0.0,3234.0,7.0,ENIGH (INEGI),Personas de 18 años o más,enigh
hogar,Es jefa o jefe del hogar,2024,Hombres,Con discapacidad,Guanajuato,30-44,Mental,1724.0,5122.0,8.0,ENIGH (INEGI),Personas de 18 años o más,enigh
hogar,Es jefa o jefe del hogar,2024,Hombres,Con discapacidad,Guanajuato,30-44,Oír,2694.0,4756.0,9.0,ENIGH (INEGI),Personas de 18 años o más,enigh
hogar,Es jefa o jefe del hogar,2024,Hombres,Con discapacidad,Guanajuato,30-44,Recordar o concentrarse,0.0,4504.0,9.0,ENIGH (INEGI),Personas de 18 años o más,enigh
hogar,Es jefa o jefe del hogar,2024,Hombres,Con discapacidad,Guanajuato,30-44,Ver,7894.0,10165.0,15.0,ENIGH (INEGI),Personas de 18 años o más,enigh
hogar,Es jefa o jefe del hogar,2024,Hombres,Con discapacidad,Guanajuato,45-59,Bañarse o vestirse,617.0,3203.0,8.0,ENIGH (INEGI),Personas de 18 años o más,enigh
hogar,Es jefa o jefe del hogar,2024,Hombres,Con discapacidad,Guanajuato,45-59,Brazos o manos,3741.0,4959.0,13.0,ENIGH (INEGI),Personas de 18 años o más,enigh
hogar,Es jefa o jefe del hogar,2024,Hombres,Con discapacidad,Guanajuato,45-59,Caminar,12949.0,17257.0,35.0,ENIGH (INEGI),Personas de 18 años o más,enigh
hogar,Es jefa o jefe del hogar,2024,Hombres,Con discapacidad,Guanajuato,45-59,Hablar o comunicarse,747.0,2180.0,5.0,ENIGH (INEGI),Personas de 18 años o más,enigh
hogar,Es jefa o jefe del hogar,2024,Hombres,Con discapacidad,Guanajuato,45-59,Mental,1889.0,6474.0,13.0,ENIGH (INEGI),Personas de 18 años o más,enigh
hogar,Es jefa o jefe del hogar,2024,Hombres,Con discapacidad,Guanajuato,45-59,Oír,2736.0,3269.0,6.0,ENIGH (INEGI),Personas de 18 años o más,enigh
hogar,Es jefa o jefe del hogar,2024,Hombres,Con discapacidad,Guanajuato,45-59,Recordar o concentrarse,3111.0,4828.0,10.0,ENIGH (INEGI),Personas de 18 años o más,enigh
hogar,Es jefa o jefe del hogar,2024,Hombres,Con discapacidad,Guanajuato,45-59,Ver,15841.0,18096.0,35.0,ENIGH (INEGI),Personas de 18 años o más,enigh
hogar,Es jefa o jefe del hogar,2024,Hombres,Con discapacidad,Guanajuato,60+,Bañarse o vestirse,10177.0,14473.0,32.0,ENIGH (INEGI),Personas de 18 años o más,enigh
hogar,Es jefa o jefe del hogar,2024,Hombres,Con discapacidad,Guanajuato,60+,Brazos o manos,18222.0,24935.0,55.0,ENIGH (INEGI),Personas de 18 años o más,enigh
hogar,Es jefa o jefe del hogar,2024,Hombres,Con discapacidad,Guanajuato,60+,Caminar,37584.0,48419.0,101.0,ENIGH (INEGI),Personas de 18 años o más,enigh
hogar,Es jefa o jefe del hogar,2024,Hombres,Con discapacidad,Guanajuato,60+,Hablar o comunicarse,5004.0,8127.0,17.0,ENIGH (INEGI),Personas de 18 años o más,enigh
hogar,Es jefa o jefe del hogar,2024,Hombres,Con discapacidad,Guanajuato,60+,Mental,5276.0,9209.0,17.0,ENIGH (INEGI),Personas de 18 años o más,enigh
hogar,Es jefa o jefe del hogar,2024,Hombres,Con discapacidad,Guanajuato,60+,Oír,17040.0,19682.0,53.0,ENIGH (INEGI),Personas de 18 años o más,enigh
hogar,Es jefa o jefe del hogar,2024,Hombres,Con discapacidad,Guanajuato,60+,Recordar o concentrarse,11296.0,15952.0,32.0,ENIGH (INEGI),Personas de 18 años o más,enigh
hogar,Es jefa o jefe del hogar,2024,Hombres,Con discapacidad,Guanajuato,60+,Ver,39374.0,48845.0,89.0,ENIGH (INEGI),Personas de 18 años o más,enigh
hogar,Es jefa o jefe del hogar,2024,Hombres,Con discapacidad,Guerrero,18-29,Bañarse o vestirse,0.0,783.0,2.0,ENIGH (INEGI),Personas de 18 años o más,enigh
hogar,Es jefa o jefe del hogar,2024,Hombres,Con discapacidad,Guerrero,18-29,Brazos o manos,0.0,1326.0,3.0,ENIGH (INEGI),Personas de 18 años o más,enigh
hogar,Es jefa o jefe del hogar,2024,Hombres,Con discapacidad,Guerrero,18-29,Caminar,0.0,3601.0,9.0,ENIGH (INEGI),Personas de 18 años o más,enigh
hogar,Es jefa o jefe del hogar,2024,Hombres,Con discapacidad,Guerrero,18-29,Hablar o comunicarse,0.0,1612.0,3.0,ENIGH (INEGI),Personas de 18 años o más,enigh
hogar,Es jefa o jefe del hogar,2024,Hombres,Con discapacidad,Guerrero,18-29,Mental,294.0,1897.0,5.0,ENIGH (INEGI),Personas de 18 años o más,enigh
hogar,Es jefa o jefe del hogar,2024,Hombres,Con discapacidad,Guerrero,18-29,Oír,0.0,819.0,2.0,ENIGH (INEGI),Personas de 18 años o más,enigh
hogar,Es jefa o jefe del hogar,2024,Hombres,Con discapacidad,Guerrero,18-29,Recordar o concentrarse,344.0,2755.0,6.0,ENIGH (INEGI),Personas de 18 años o más,enigh
hogar,Es jefa o jefe del hogar,2024,Hombres,Con discapacidad,Guerrero,18-29,Ver,940.0,3530.0,9.0,ENIGH (INEGI),Personas de 18 años o más,enigh
hogar,Es jefa o jefe del hogar,2024,Hombres,Con discapacidad,Guerrero,30-44,Bañarse o vestirse,0.0,563.0,2.0,ENIGH (INEGI),Personas de 18 años o más,enigh
hogar,Es jefa o jefe del hogar,2024,Hombres,Con discapacidad,Guerrero,30-44,Brazos o manos,1133.0,1795.0,5.0,ENIGH (INEGI),Personas de 18 años o más,enigh
hogar,Es jefa o jefe del hogar,2024,Hombres,Con discapacidad,Guerrero,30-44,Caminar,2226.0,5394.0,13.0,ENIGH (INEGI),Personas de 18 años o más,enigh
hogar,Es jefa o jefe del hogar,2024,Hombres,Con discapacidad,Guerrero,30-44,Hablar o comunicarse,329.0,2660.0,7.0,ENIGH (INEGI),Personas de 18 años o más,enigh
hogar,Es jefa o jefe del hogar,2024,Hombres,Con discapacidad,Guerrero,30-44,Mental,0.0,1476.0,4.0,ENIGH (INEGI),Personas de 18 años o más,enigh
hogar,Es jefa o jefe del hogar,2024,Hombres,Con discapacidad,Guerrero,30-44,Oír,831.0,1676.0,4.0,ENIGH (INEGI),Personas de 18 años o más,enigh
hogar,Es jefa o jefe del hogar,2024,Hombres,Con discapacidad,Guerrero,30-44,Recordar o concentrarse,975.0,3485.0,8.0,ENIGH (INEGI),Personas de 18 años o más,enigh
hogar,Es jefa o jefe del hogar,2024,Hombres,Con discapacidad,Guerrero,30-44,Ver,2234.0,2503.0,6.0,ENIGH (INEGI),Personas de 18 años o más,enigh
hogar,Es jefa o jefe del hogar,2024,Hombres,Con discapacidad,Guerrero,45-59,Bañarse o vestirse,519.0,519.0,1.0,ENIGH (INEGI),Personas de 18 años o más,enigh
hogar,Es jefa o jefe del hogar,2024,Hombres,Con discapacidad,Guerrero,45-59,Brazos o manos,2529.0,4497.0,11.0,ENIGH (INEGI),Personas de 18 años o más,enigh
hogar,Es jefa o jefe del hogar,2024,Hombres,Con discapacidad,Guerrero,45-59,Caminar,6814.0,10495.0,23.0,ENIGH (INEGI),Personas de 18 años o más,enigh
hogar,Es jefa o jefe del hogar,2024,Hombres,Con discapacidad,Guerrero,45-59,Hablar o comunicarse,627.0,2289.0,6.0,ENIGH (INEGI),Personas de 18 años o más,enigh
hogar,Es jefa o jefe del hogar,2024,Hombres,Con discapacidad,Guerrero,45-59,Mental,2228.0,2754.0,6.0,ENIGH (INEGI),Personas de 18 años o más,enigh
hogar,Es jefa o jefe del hogar,2024,Hombres,Con discapacidad,Guerrero,45-59,Oír,1569.0,2935.0,7.0,ENIGH (INEGI),Personas de 18 años o más,enigh
hogar,Es jefa o jefe del hogar,2024,Hombres,Con discapacidad,Guerrero,45-59,Recordar o concentrarse,3103.0,3983.0,10.0,ENIGH (INEGI),Personas de 18 años o más,enigh
hogar,Es jefa o jefe del hogar,2024,Hombres,Con discapacidad,Guerrero,45-59,Ver,8137.0,10489.0,26.0,ENIGH (INEGI),Personas de 18 años o más,enigh
hogar,Es jefa o jefe del hogar,2024,Hombres,Con discapacidad,Guerrero,60+,Bañarse o vestirse,7364.0,10669.0,28.0,ENIGH (INEGI),Personas de 18 años o más,enigh
hogar,Es jefa o jefe del hogar,2024,Hombres,Con discapacidad,Guerrero,60+,Brazos o manos,9534.0,11608.0,29.0,ENIGH (INEGI),Personas de 18 años o más,enigh
hogar,Es jefa o jefe del hogar,2024,Hombres,Con discapacidad,Guerrero,60+,Caminar,21687.0,26680.0,66.0,ENIGH (INEGI),Personas de 18 años o más,enigh
hogar,Es jefa o jefe del hogar,2024,Hombres,Con discapacidad,Guerrero,60+,Hablar o comunicarse,8043.0,10476.0,27.0,ENIGH (INEGI),Personas de 18 años o más,enigh
hogar,Es jefa o jefe del hogar,2024,Hombres,Con discapacidad,Guerrero,60+,Mental,10154.0,13988.0,34.0,ENIGH (INEGI),Personas de 18 años o más,enigh
hogar,Es jefa o jefe del hogar,2024,Hombres,Con discapacidad,Guerrero,60+,Oír,11709.0,15022.0,38.0,ENIGH (INEGI),Personas de 18 años o más,enigh
hogar,Es jefa o jefe del hogar,2024,Hombres,Con discapacidad,Guerrero,60+,Recordar o concentrarse,12222.0,15017.0,37.0,ENIGH (INEGI),Personas de 18 años o más,enigh
hogar,Es jefa o jefe del hogar,2024,Hombres,Con discapacidad,Guerrero,60+,Ver,13500.0,18715.0,48.0,ENIGH (INEGI),Personas de 18 años o más,enigh
hogar,Es jefa o jefe del hogar,2024,Hombres,Con discapacidad,Hidalgo,18-29,Bañarse o vestirse,0.0,1342.0,3.0,ENIGH (INEGI),Personas de 18 años o más,enigh
hogar,Es jefa o jefe del hogar,2024,Hombres,Con discapacidad,Hidalgo,18-29,Brazos o manos,0.0,1143.0,3.0,ENIGH (INEGI),Personas de 18 años o más,enigh
hogar,Es jefa o jefe del hogar,2024,Hombres,Con discapacidad,Hidalgo,18-29,Caminar,0.0,795.0,2.0,ENIGH (INEGI),Personas de 18 años o más,enigh
hogar,Es jefa o jefe del hogar,2024,Hombres,Con discapacidad,Hidalgo,18-29,Hablar o comunicarse,0.0,1110.0,3.0,ENIGH (INEGI),Personas de 18 años o más,enigh
hogar,Es jefa o jefe del hogar,2024,Hombres,Con discapacidad,Hidalgo,18-29,Mental,0.0,2008.0,5.0,ENIGH (INEGI),Personas de 18 años o más,enigh
hogar,Es jefa o jefe del hogar,2024,Hombres,Con discapacidad,Hidalgo,18-29,Oír,0.0,1295.0,3.0,ENIGH (INEGI),Personas de 18 años o más,enigh
hogar,Es jefa o jefe del hogar,2024,Hombres,Con discapacidad,Hidalgo,18-29,Recordar o concentrarse,0.0,1442.0,4.0,ENIGH (INEGI),Personas de 18 años o más,enigh
hogar,Es jefa o jefe del hogar,2024,Hombres,Con discapacidad,Hidalgo,18-29,Ver,0.0,2902.0,7.0,ENIGH (INEGI),Personas de 18 años o más,enigh
hogar,Es jefa o jefe del hogar,2024,Hombres,Con discapacidad,Hidalgo,30-44,Bañarse o vestirse,0.0,1320.0,3.0,ENIGH (INEGI),Personas de 18 años o más,enigh
hogar,Es jefa o jefe del hogar,2024,Hombres,Con discapacidad,Hidalgo,30-44,Brazos o manos,751.0,2465.0,6.0,ENIGH (INEGI),Personas de 18 años o más,enigh
hogar,Es jefa o jefe del hogar,2024,Hombres,Con discapacidad,Hidalgo,30-44,Caminar,338.0,2715.0,7.0,ENIGH (INEGI),Personas de 18 años o más,enigh
hogar,Es jefa o jefe del hogar,2024,Hombres,Con discapacidad,Hidalgo,30-44,Hablar o comunicarse,0.0,3995.0,10.0,ENIGH (INEGI),Personas de 18 años o más,enigh
hogar,Es jefa o jefe del hogar,2024,Hombres,Con discapacidad,Hidalgo,30-44,Mental,0.0,1972.0,5.0,ENIGH (INEGI),Personas de 18 años o más,enigh
hogar,Es jefa o jefe del hogar,2024,Hombres,Con discapacidad,Hidalgo,30-44,Oír,296.0,1201.0,3.0,ENIGH (INEGI),Personas de 18 años o más,enigh
hogar,Es jefa o jefe del hogar,2024,Hombres,Con discapacidad,Hidalgo,30-44,Recordar o concentrarse,0.0,2452.0,6.0,ENIGH (INEGI),Personas de 18 años o más,enigh
hogar,Es jefa o jefe del hogar,2024,Hombres,Con discapacidad,Hidalgo,30-44,Ver,1050.0,1829.0,4.0,ENIGH (INEGI),Personas de 18 años o más,enigh
hogar,Es jefa o jefe del hogar,2024,Hombres,Con discapacidad,Hidalgo,45-59,Bañarse o vestirse,973.0,2051.0,6.0,ENIGH (INEGI),Personas de 18 años o más,enigh
hogar,Es jefa o jefe del hogar,2024,Hombres,Con discapacidad,Hidalgo,45-59,Brazos o manos,3495.0,4911.0,13.0,ENIGH (INEGI),Personas de 18 años o más,enigh
hogar,Es jefa o jefe del hogar,2024,Hombres,Con discapacidad,Hidalgo,45-59,Caminar,4884.0,6670.0,19.0,ENIGH (INEGI),Personas de 18 años o más,enigh
hogar,Es jefa o jefe del hogar,2024,Hombres,Con discapacidad,Hidalgo,45-59,Hablar o comunicarse,439.0,1855.0,5.0,ENIGH (INEGI),Personas de 18 años o más,enigh
hogar,Es jefa o jefe del hogar,2024,Hombres,Con discapacidad,Hidalgo,45-59,Mental,603.0,2250.0,6.0,ENIGH (INEGI),Personas de 18 años o más,enigh
hogar,Es jefa o jefe del hogar,2024,Hombres,Con discapacidad,Hidalgo,45-59,Oír,5386.0,6291.0,16.0,ENIGH (INEGI),Personas de 18 años o más,enigh
hogar,Es jefa o jefe del hogar,2024,Hombres,Con discapacidad,Hidalgo,45-59,Recordar o concentrarse,1831.0,3036.0,8.0,ENIGH (INEGI),Personas de 18 años o más,enigh
hogar,Es jefa o jefe del hogar,2024,Hombres,Con discapacidad,Hidalgo,45-59,Ver,7483.0,9947.0,24.0,ENIGH (INEGI),Personas de 18 años o más,enigh
hogar,Es jefa o jefe del hogar,2024,Hombres,Con discapacidad,Hidalgo,60+,Bañarse o vestirse,9687.0,14177.0,34.0,ENIGH (INEGI),Personas de 18 años o más,enigh
hogar,Es jefa o jefe del hogar,2024,Hombres,Con discapacidad,Hidalgo,60+,Brazos o manos,15602.0,20447.0,49.0,ENIGH (INEGI),Personas de 18 años o más,enigh
hogar,Es jefa o jefe del hogar,2024,Hombres,Con discapacidad,Hidalgo,60+,Caminar,27165.0,36023.0,88.0,ENIGH (INEGI),Personas de 18 años o más,enigh
hogar,Es jefa o jefe del hogar,2024,Hombres,Con discapacidad,Hidalgo,60+,Hablar o comunicarse,5894.0,10025.0,24.0,ENIGH (INEGI),Personas de 18 años o más,enigh
hogar,Es jefa o jefe del hogar,2024,Hombres,Con discapacidad,Hidalgo,60+,Mental,6948.0,11577.0,28.0,ENIGH (INEGI),Personas de 18 años o más,enigh
hogar,Es jefa o jefe del hogar,2024,Hombres,Con discapacidad,Hidalgo,60+,Oír,18600.0,25202.0,60.0,ENIGH (INEGI),Personas de 18 años o más,enigh
hogar,Es jefa o jefe del hogar,2024,Hombres,Con discapacidad,Hidalgo,60+,Recordar o concentrarse,8852.0,13811.0,32.0,ENIGH (INEGI),Personas de 18 años o más,enigh
hogar,Es jefa o jefe del hogar,2024,Hombres,Con discapacidad,Hidalgo,60+,Ver,19829.0,26536.0,63.0,ENIGH (INEGI),Personas de 18 años o más,enigh
hogar,Es jefa o jefe del hogar,2024,Hombres,Con discapacidad,Jalisco,18-29,Bañarse o vestirse,1188.0,5903.0,7.0,ENIGH (INEGI),Personas de 18 años o más,enigh
hogar,Es jefa o jefe del hogar,2024,Hombres,Con discapacidad,Jalisco,18-29,Brazos o manos,0.0,3441.0,3.0,ENIGH (INEGI),Personas de 18 años o más,enigh
hogar,Es jefa o jefe del hogar,2024,Hombres,Con discapacidad,Jalisco,18-29,Caminar,0.0,5096.0,7.0,ENIGH (INEGI),Personas de 18 años o más,enigh
hogar,Es jefa o jefe del hogar,2024,Hombres,Con discapacidad,Jalisco,18-29,Hablar o comunicarse,0.0,6350.0,6.0,ENIGH (INEGI),Personas de 18 años o más,enigh
hogar,Es jefa o jefe del hogar,2024,Hombres,Con discapacidad,Jalisco,18-29,Mental,970.0,9683.0,10.0,ENIGH (INEGI),Personas de 18 años o más,enigh
hogar,Es jefa o jefe del hogar,2024,Hombres,Con discapacidad,Jalisco,18-29,Oír,0.0,643.0,1.0,ENIGH (INEGI),Personas de 18 años o más,enigh
hogar,Es jefa o jefe del hogar,2024,Hombres,Con discapacidad,Jalisco,18-29,Recordar o concentrarse,2158.0,7173.0,7.0,ENIGH (INEGI),Personas de 18 años o más,enigh
hogar,Es jefa o jefe del hogar,2024,Hombres,Con discapacidad,Jalisco,18-29,Ver,3257.0,9776.0,12.0,ENIGH (INEGI),Personas de 18 años o más,enigh
hogar,Es jefa o jefe del hogar,2024,Hombres,Con discapacidad,Jalisco,30-44,Bañarse o vestirse,0.0,3565.0,4.0,ENIGH (INEGI),Personas de 18 años o más,enigh
hogar,Es jefa o jefe del hogar,2024,Hombres,Con discapacidad,Jalisco,30-44,Brazos o manos,1040.0,8211.0,11.0,ENIGH (INEGI),Personas de 18 años o más,enigh
hogar,Es jefa o jefe del hogar,2024,Hombres,Con discapacidad,Jalisco,30-44,Caminar,3380.0,8269.0,11.0,ENIGH (INEGI),Personas de 18 años o más,enigh
hogar,Es jefa o jefe del hogar,2024,Hombres,Con discapacidad,Jalisco,30-44,Hablar o comunicarse,416.0,11156.0,9.0,ENIGH (INEGI),Personas de 18 años o más,enigh
hogar,Es jefa o jefe del hogar,2024,Hombres,Con discapacidad,Jalisco,30-44,Mental,3220.0,24293.0,14.0,ENIGH (INEGI),Personas de 18 años o más,enigh
hogar,Es jefa o jefe del hogar,2024,Hombres,Con discapacidad,Jalisco,30-44,Oír,2783.0,9196.0,8.0,ENIGH (INEGI),Personas de 18 años o más,enigh
hogar,Es jefa o jefe del hogar,2024,Hombres,Con discapacidad,Jalisco,30-44,Recordar o concentrarse,347.0,8769.0,8.0,ENIGH (INEGI),Personas de 18 años o más,enigh
hogar,Es jefa o jefe del hogar,2024,Hombres,Con discapacidad,Jalisco,30-44,Ver,5739.0,9203.0,11.0,ENIGH (INEGI),Personas de 18 años o más,enigh
hogar,Es jefa o jefe del hogar,2024,Hombres,Con discapacidad,Jalisco,45-59,Bañarse o vestirse,2572.0,4846.0,6.0,ENIGH (INEGI),Personas de 18 años o más,enigh
hogar,Es jefa o jefe del hogar,2024,Hombres,Con discapacidad,Jalisco,45-59,Brazos o manos,5801.0,8796.0,13.0,ENIGH (INEGI),Personas de 18 años o más,enigh
hogar,Es jefa o jefe del hogar,2024,Hombres,Con discapacidad,Jalisco,45-59,Caminar,14613.0,17285.0,21.0,ENIGH (INEGI),Personas de 18 años o más,enigh
hogar,Es jefa o jefe del hogar,2024,Hombres,Con discapacidad,Jalisco,45-59,Hablar o comunicarse,1744.0,7418.0,8.0,ENIGH (INEGI),Personas de 18 años o más,enigh
hogar,Es jefa o jefe del hogar,2024,Hombres,Con discapacidad,Jalisco,45-59,Mental,5622.0,11261.0,11.0,ENIGH (INEGI),Personas de 18 años o más,enigh
hogar,Es jefa o jefe del hogar,2024,Hombres,Con discapacidad,Jalisco,45-59,Oír,7300.0,8906.0,7.0,ENIGH (INEGI),Personas de 18 años o más,enigh
hogar,Es jefa o jefe del hogar,2024,Hombres,Con discapacidad,Jalisco,45-59,Recordar o concentrarse,3148.0,4853.0,6.0,ENIGH (INEGI),Personas de 18 años o más,enigh
hogar,Es jefa o jefe del hogar,2024,Hombres,Con discapacidad,Jalisco,45-59,Ver,28688.0,32603.0,28.0,ENIGH (INEGI),Personas de 18 años o más,enigh
hogar,Es jefa o jefe del hogar,2024,Hombres,Con discapacidad,Jalisco,60+,Bañarse o vestirse,13223.0,16320.0,21.0,ENIGH (INEGI),Personas de 18 años o más,enigh
hogar,Es jefa o jefe del hogar,2024,Hombres,Con discapacidad,Jalisco,60+,Brazos o manos,27269.0,31366.0,37.0,ENIGH (INEGI),Personas de 18 años o más,enigh
hogar,Es jefa o jefe del hogar,2024,Hombres,Con discapacidad,Jalisco,60+,Caminar,59950.0,69125.0,85.0,ENIGH (INEGI),Personas de 18 años o más,enigh
hogar,Es jefa o jefe del hogar,2024,Hombres,Con discapacidad,Jalisco,60+,Hablar o comunicarse,5225.0,6287.0,9.0,ENIGH (INEGI),Personas de 18 años o más,enigh
hogar,Es jefa o jefe del hogar,2024,Hombres,Con discapacidad,Jalisco,60+,Mental,13355.0,14417.0,17.0,ENIGH (INEGI),Personas de 18 años o más,enigh
hogar,Es jefa o jefe del hogar,2024,Hombres,Con discapacidad,Jalisco,60+,Oír,33614.0,38030.0,56.0,ENIGH (INEGI),Personas de 18 años o más,enigh
hogar,Es jefa o jefe del hogar,2024,Hombres,Con discapacidad,Jalisco,60+,Recordar o concentrarse,23846.0,25719.0,31.0,ENIGH (INEGI),Personas de 18 años o más,enigh
hogar,Es jefa o jefe del hogar,2024,Hombres,Con discapacidad,Jalisco,60+,Ver,47753.0,53949.0,71.0,ENIGH (INEGI),Personas de 18 años o más,enigh
hogar,Es jefa o jefe del hogar,2024,Hombres,Con discapacidad,Michoacán,18-29,Bañarse o vestirse,0.0,3008.0,5.0,ENIGH (INEGI),Personas de 18 años o más,enigh
hogar,Es jefa o jefe del hogar,2024,Hombres,Con discapacidad,Michoacán,18-29,Brazos o manos,746.0,2048.0,3.0,ENIGH (INEGI),Personas de 18 años o más,enigh
hogar,Es jefa o jefe del hogar,2024,Hombres,Con discapacidad,Michoacán,18-29,Caminar,0.0,3713.0,6.0,ENIGH (INEGI),Personas de 18 años o más,enigh
hogar,Es jefa o jefe del hogar,2024,Hombres,Con discapacidad,Michoacán,18-29,Hablar o comunicarse,777.0,5837.0,9.0,ENIGH (INEGI),Personas de 18 años o más,enigh
hogar,Es jefa o jefe del hogar,2024,Hombres,Con discapacidad,Michoacán,18-29,Mental,2074.0,5519.0,8.0,ENIGH (INEGI),Personas de 18 años o más,enigh
hogar,Es jefa o jefe del hogar,2024,Hombres,Con discapacidad,Michoacán,18-29,Recordar o concentrarse,1572.0,2797.0,4.0,ENIGH (INEGI),Personas de 18 años o más,enigh
hogar,Es jefa o jefe del hogar,2024,Hombres,Con discapacidad,Michoacán,18-29,Ver,0.0,5153.0,8.0,ENIGH (INEGI),Personas de 18 años o más,enigh
hogar,Es jefa o jefe del hogar,2024,Hombres,Con discapacidad,Michoacán,30-44,Bañarse o vestirse,0.0,2739.0,4.0,ENIGH (INEGI),Personas de 18 años o más,enigh
hogar,Es jefa o jefe del hogar,2024,Hombres,Con discapacidad,Michoacán,30-44,Brazos o manos,894.0,5730.0,8.0,ENIGH (INEGI),Personas de 18 años o más,enigh
hogar,Es jefa o jefe del hogar,2024,Hombres,Con discapacidad,Michoacán,30-44,Caminar,3885.0,9081.0,12.0,ENIGH (INEGI),Personas de 18 años o más,enigh
hogar,Es jefa o jefe del hogar,2024,Hombres,Con discapacidad,Michoacán,30-44,Hablar o comunicarse,0.0,1900.0,3.0,ENIGH (INEGI),Personas de 18 años o más,enigh
hogar,Es jefa o jefe del hogar,2024,Hombres,Con discapacidad,Michoacán,30-44,Mental,1969.0,5471.0,6.0,ENIGH (INEGI),Personas de 18 años o más,enigh
hogar,Es jefa o jefe del hogar,2024,Hombres,Con discapacidad,Michoacán,30-44,Oír,1738.0,2256.0,4.0,ENIGH (INEGI),Personas de 18 años o más,enigh
hogar,Es jefa o jefe del hogar,2024,Hombres,Con discapacidad,Michoacán,30-44,Recordar o concentrarse,474.0,1418.0,2.0,ENIGH (INEGI),Personas de 18 años o más,enigh
hogar,Es jefa o jefe del hogar,2024,Hombres,Con discapacidad,Michoacán,30-44,Ver,7050.0,8882.0,13.0,ENIGH (INEGI),Personas de 18 años o más,enigh
hogar,Es jefa o jefe del hogar,2024,Hombres,Con discapacidad,Michoacán,45-59,Bañarse o vestirse,2380.0,4880.0,6.0,ENIGH (INEGI),Personas de 18 años o más,enigh
hogar,Es jefa o jefe del hogar,2024,Hombres,Con discapacidad,Michoacán,45-59,Brazos o manos,6660.0,8720.0,12.0,ENIGH (INEGI),Personas de 18 años o más,enigh
hogar,Es jefa o jefe del hogar,2024,Hombres,Con discapacidad,Michoacán,45-59,Caminar,7159.0,12863.0,19.0,ENIGH (INEGI),Personas de 18 años o más,enigh
hogar,Es jefa o jefe del hogar,2024,Hombres,Con discapacidad,Michoacán,45-59,Hablar o comunicarse,2169.0,3481.0,4.0,ENIGH (INEGI),Personas de 18 años o más,enigh
hogar,Es jefa o jefe del hogar,2024,Hombres,Con discapacidad,Michoacán,45-59,Mental,2641.0,5566.0,7.0,ENIGH (INEGI),Personas de 18 años o más,enigh
hogar,Es jefa o jefe del hogar,2024,Hombres,Con discapacidad,Michoacán,45-59,Oír,4978.0,7416.0,10.0,ENIGH (INEGI),Personas de 18 años o más,enigh
hogar,Es jefa o jefe del hogar,2024,Hombres,Con discapacidad,Michoacán,45-59,Recordar o concentrarse,5252.0,7321.0,9.0,ENIGH (INEGI),Personas de 18 años o más,enigh
hogar,Es jefa o jefe del hogar,2024,Hombres,Con discapacidad,Michoacán,45-59,Ver,5369.0,8285.0,13.0,ENIGH (INEGI),Personas de 18 años o más,enigh
hogar,Es jefa o jefe del hogar,2024,Hombres,Con discapacidad,Michoacán,60+,Bañarse o vestirse,7755.0,9002.0,14.0,ENIGH (INEGI),Personas de 18 años o más,enigh
hogar,Es jefa o jefe del hogar,2024,Hombres,Con discapacidad,Michoacán,60+,Brazos o manos,12969.0,15437.0,24.0,ENIGH (INEGI),Personas de 18 años o más,enigh
hogar,Es jefa o jefe del hogar,2024,Hombres,Con discapacidad,Michoacán,60+,Caminar,37679.0,44600.0,69.0,ENIGH (INEGI),Personas de 18 años o más,enigh
hogar,Es jefa o jefe del hogar,2024,Hombres,Con discapacidad,Michoacán,60+,Hablar o comunicarse,3235.0,4241.0,7.0,ENIGH (INEGI),Personas de 18 años o más,enigh
hogar,Es jefa o jefe del hogar,2024,Hombres,Con discapacidad,Michoacán,60+,Mental,4389.0,6802.0,10.0,ENIGH (INEGI),Personas de 18 años o más,enigh
hogar,Es jefa o jefe del hogar,2024,Hombres,Con discapacidad,Michoacán,60+,Oír,21887.0,26676.0,41.0,ENIGH (INEGI),Personas de 18 años o más,enigh
hogar,Es jefa o jefe del hogar,2024,Hombres,Con discapacidad,Michoacán,60+,Recordar o concentrarse,7769.0,11028.0,17.0,ENIGH (INEGI),Personas de 18 años o más,enigh
hogar,Es jefa o jefe del hogar,2024,Hombres,Con discapacidad,Michoacán,60+,Ver,23745.0,28820.0,47.0,ENIGH (INEGI),Personas de 18 años o más,enigh
hogar,Es jefa o jefe del hogar,2024,Hombres,Con discapacidad,Morelos,18-29,Bañarse o vestirse,0.0,2290.0,6.0,ENIGH (INEGI),Personas de 18 años o más,enigh
hogar,Es jefa o jefe del hogar,2024,Hombres,Con discapacidad,Morelos,18-29,Brazos o manos,0.0,566.0,2.0,ENIGH (INEGI),Personas de 18 años o más,enigh
hogar,Es jefa o jefe del hogar,2024,Hombres,Con discapacidad,Morelos,18-29,Caminar,94.0,2161.0,6.0,ENIGH (INEGI),Personas de 18 años o más,enigh
hogar,Es jefa o jefe del hogar,2024,Hombres,Con discapacidad,Morelos,18-29,Hablar o comunicarse,0.0,2640.0,9.0,ENIGH (INEGI),Personas de 18 años o más,enigh
hogar,Es jefa o jefe del hogar,2024,Hombres,Con discapacidad,Morelos,18-29,Mental,0.0,3454.0,8.0,ENIGH (INEGI),Personas de 18 años o más,enigh
hogar,Es jefa o jefe del hogar,2024,Hombres,Con discapacidad,Morelos,18-29,Oír,0.0,979.0,4.0,ENIGH (INEGI),Personas de 18 años o más,enigh
hogar,Es jefa o jefe del hogar,2024,Hombres,Con discapacidad,Morelos,18-29,Recordar o concentrarse,0.0,3305.0,9.0,ENIGH (INEGI),Personas de 18 años o más,enigh
hogar,Es jefa o jefe del hogar,2024,Hombres,Con discapacidad,Morelos,18-29,Ver,649.0,3815.0,9.0,ENIGH (INEGI),Personas de 18 años o más,enigh
hogar,Es jefa o jefe del hogar,2024,Hombres,Con discapacidad,Morelos,30-44,Bañarse o vestirse,0.0,1360.0,7.0,ENIGH (INEGI),Personas de 18 años o más,enigh
hogar,Es jefa o jefe del hogar,2024,Hombres,Con discapacidad,Morelos,30-44,Brazos o manos,99.0,1002.0,4.0,ENIGH (INEGI),Personas de 18 años o más,enigh
hogar,Es jefa o jefe del hogar,2024,Hombres,Con discapacidad,Morelos,30-44,Caminar,824.0,2968.0,15.0,ENIGH (INEGI),Personas de 18 años o más,enigh
hogar,Es jefa o jefe del hogar,2024,Hombres,Con discapacidad,Morelos,30-44,Hablar o comunicarse,0.0,1176.0,7.0,ENIGH (INEGI),Personas de 18 años o más,enigh
hogar,Es jefa o jefe del hogar,2024,Hombres,Con discapacidad,Morelos,30-44,Mental,124.0,2050.0,12.0,ENIGH (INEGI),Personas de 18 años o más,enigh
hogar,Es jefa o jefe del hogar,2024,Hombres,Con discapacidad,Morelos,30-44,Oír,395.0,1736.0,7.0,ENIGH (INEGI),Personas de 18 años o más,enigh
hogar,Es jefa o jefe del hogar,2024,Hombres,Con discapacidad,Morelos,30-44,Recordar o concentrarse,0.0,277.0,1.0,ENIGH (INEGI),Personas de 18 años o más,enigh
hogar,Es jefa o jefe del hogar,2024,Hombres,Con discapacidad,Morelos,30-44,Ver,1423.0,2927.0,11.0,ENIGH (INEGI),Personas de 18 años o más,enigh
hogar,Es jefa o jefe del hogar,2024,Hombres,Con discapacidad,Morelos,45-59,Bañarse o vestirse,689.0,2398.0,10.0,ENIGH (INEGI),Personas de 18 años o más,enigh
hogar,Es jefa o jefe del hogar,2024,Hombres,Con discapacidad,Morelos,45-59,Brazos o manos,486.0,2820.0,13.0,ENIGH (INEGI),Personas de 18 años o más,enigh
hogar,Es jefa o jefe del hogar,2024,Hombres,Con discapacidad,Morelos,45-59,Caminar,3147.0,5666.0,25.0,ENIGH (INEGI),Personas de 18 años o más,enigh
hogar,Es jefa o jefe del hogar,2024,Hombres,Con discapacidad,Morelos,45-59,Hablar o comunicarse,0.0,944.0,5.0,ENIGH (INEGI),Personas de 18 años o más,enigh
hogar,Es jefa o jefe del hogar,2024,Hombres,Con discapacidad,Morelos,45-59,Mental,0.0,1055.0,5.0,ENIGH (INEGI),Personas de 18 años o más,enigh
hogar,Es jefa o jefe del hogar,2024,Hombres,Con discapacidad,Morelos,45-59,Oír,616.0,1374.0,8.0,ENIGH (INEGI),Personas de 18 años o más,enigh
hogar,Es jefa o jefe del hogar,2024,Hombres,Con discapacidad,Morelos,45-59,Recordar o concentrarse,1236.0,3469.0,15.0,ENIGH (INEGI),Personas de 18 años o más,enigh
hogar,Es jefa o jefe del hogar,2024,Hombres,Con discapacidad,Morelos,45-59,Ver,5087.0,8054.0,38.0,ENIGH (INEGI),Personas de 18 años o más,enigh
hogar,Es jefa o jefe del hogar,2024,Hombres,Con discapacidad,Morelos,60+,Bañarse o vestirse,1647.0,3878.0,19.0,ENIGH (INEGI),Personas de 18 años o más,enigh
hogar,Es jefa o jefe del hogar,2024,Hombres,Con discapacidad,Morelos,60+,Brazos o manos,7373.0,8680.0,34.0,ENIGH (INEGI),Personas de 18 años o más,enigh
hogar,Es jefa o jefe del hogar,2024,Hombres,Con discapacidad,Morelos,60+,Caminar,16016.0,19348.0,79.0,ENIGH (INEGI),Personas de 18 años o más,enigh
hogar,Es jefa o jefe del hogar,2024,Hombres,Con discapacidad,Morelos,60+,Hablar o comunicarse,1420.0,1988.0,11.0,ENIGH (INEGI),Personas de 18 años o más,enigh
hogar,Es jefa o jefe del hogar,2024,Hombres,Con discapacidad,Morelos,60+,Mental,3160.0,5102.0,18.0,ENIGH (INEGI),Personas de 18 años o más,enigh
hogar,Es jefa o jefe del hogar,2024,Hombres,Con discapacidad,Morelos,60+,Oír,10047.0,12668.0,57.0,ENIGH (INEGI),Personas de 18 años o más,enigh
hogar,Es jefa o jefe del hogar,2024,Hombres,Con discapacidad,Morelos,60+,Recordar o concentrarse,3329.0,4276.0,22.0,ENIGH (INEGI),Personas de 18 años o más,enigh
hogar,Es jefa o jefe del hogar,2024,Hombres,Con discapacidad,Morelos,60+,Ver,9734.0,12837.0,59.0,ENIGH (INEGI),Personas de 18 años o más,enigh
hogar,Es jefa o jefe del hogar,2024,Hombres,Con discapacidad,México,18-29,Bañarse o vestirse,0.0,8037.0,7.0,ENIGH (INEGI),Personas de 18 años o más,enigh
hogar,Es jefa o jefe del hogar,2024,Hombres,Con discapacidad,México,18-29,Brazos o manos,272.0,8608.0,10.0,ENIGH (INEGI),Personas de 18 años o más,enigh
hogar,Es jefa o jefe del hogar,2024,Hombres,Con discapacidad,México,18-29,Caminar,272.0,10419.0,12.0,ENIGH (INEGI),Personas de 18 años o más,enigh
hogar,Es jefa o jefe del hogar,2024,Hombres,Con discapacidad,México,18-29,Hablar o comunicarse,0.0,15888.0,13.0,ENIGH (INEGI),Personas de 18 años o más,enigh
hogar,Es jefa o jefe del hogar,2024,Hombres,Con discapacidad,México,18-29,Mental,0.0,5838.0,10.0,ENIGH (INEGI),Personas de 18 años o más,enigh
hogar,Es jefa o jefe del hogar,2024,Hombres,Con discapacidad,México,18-29,Oír,0.0,866.0,3.0,ENIGH (INEGI),Personas de 18 años o más,enigh
hogar,Es jefa o jefe del hogar,2024,Hombres,Con discapacidad,México,18-29,Recordar o concentrarse,0.0,6428.0,10.0,ENIGH (INEGI),Personas de 18 años o más,enigh
hogar,Es jefa o jefe del hogar,2024,Hombres,Con discapacidad,México,18-29,Ver,3775.0,27116.0,20.0,ENIGH (INEGI),Personas de 18 años o más,enigh
hogar,Es jefa o jefe del hogar,2024,Hombres,Con discapacidad,México,30-44,Bañarse o vestirse,0.0,7809.0,7.0,ENIGH (INEGI),Personas de 18 años o más,enigh
hogar,Es jefa o jefe del hogar,2024,Hombres,Con discapacidad,México,30-44,Brazos o manos,8812.0,17118.0,17.0,ENIGH (INEGI),Personas de 18 años o más,enigh
hogar,Es jefa o jefe del hogar,2024,Hombres,Con discapacidad,México,30-44,Caminar,10599.0,20519.0,21.0,ENIGH (INEGI),Personas de 18 años o más,enigh
hogar,Es jefa o jefe del hogar,2024,Hombres,Con discapacidad,México,30-44,Hablar o comunicarse,0.0,3433.0,6.0,ENIGH (INEGI),Personas de 18 años o más,enigh
hogar,Es jefa o jefe del hogar,2024,Hombres,Con discapacidad,México,30-44,Mental,3686.0,12494.0,8.0,ENIGH (INEGI),Personas de 18 años o más,enigh
hogar,Es jefa o jefe del hogar,2024,Hombres,Con discapacidad,México,30-44,Oír,585.0,5643.0,5.0,ENIGH (INEGI),Personas de 18 años o más,enigh
hogar,Es jefa o jefe del hogar,2024,Hombres,Con discapacidad,México,30-44,Recordar o concentrarse,2840.0,14320.0,12.0,ENIGH (INEGI),Personas de 18 años o más,enigh
hogar,Es jefa o jefe del hogar,2024,Hombres,Con discapacidad,México,30-44,Ver,23870.0,44944.0,25.0,ENIGH (INEGI),Personas de 18 años o más,enigh
hogar,Es jefa o jefe del hogar,2024,Hombres,Con discapacidad,México,45-59,Bañarse o vestirse,1272.0,4354.0,7.0,ENIGH (INEGI),Personas de 18 años o más,enigh
hogar,Es jefa o jefe del hogar,2024,Hombres,Con discapacidad,México,45-59,Brazos o manos,12731.0,20307.0,11.0,ENIGH (INEGI),Personas de 18 años o más,enigh
hogar,Es jefa o jefe del hogar,2024,Hombres,Con discapacidad,México,45-59,Caminar,28644.0,42042.0,30.0,ENIGH (INEGI),Personas de 18 años o más,enigh
hogar,Es jefa o jefe del hogar,2024,Hombres,Con discapacidad,México,45-59,Hablar o comunicarse,392.0,5487.0,4.0,ENIGH (INEGI),Personas de 18 años o más,enigh
hogar,Es jefa o jefe del hogar,2024,Hombres,Con discapacidad,México,45-59,Mental,7477.0,16493.0,11.0,ENIGH (INEGI),Personas de 18 años o más,enigh
hogar,Es jefa o jefe del hogar,2024,Hombres,Con discapacidad,México,45-59,Oír,22248.0,30035.0,22.0,ENIGH (INEGI),Personas de 18 años o más,enigh
hogar,Es jefa o jefe del hogar,2024,Hombres,Con discapacidad,México,45-59,Recordar o concentrarse,4752.0,10569.0,12.0,ENIGH (INEGI),Personas de 18 años o más,enigh
hogar,Es jefa o jefe del hogar,2024,Hombres,Con discapacidad,México,45-59,Ver,37904.0,51502.0,42.0,ENIGH (INEGI),Personas de 18 años o más,enigh
hogar,Es jefa o jefe del hogar,2024,Hombres,Con discapacidad,México,60+,Bañarse o vestirse,20439.0,27276.0,26.0,ENIGH (INEGI),Personas de 18 años o más,enigh
hogar,Es jefa o jefe del hogar,2024,Hombres,Con discapacidad,México,60+,Brazos o manos,50080.0,57252.0,47.0,ENIGH (INEGI),Personas de 18 años o más,enigh
hogar,Es jefa o jefe del hogar,2024,Hombres,Con discapacidad,México,60+,Caminar,100147.0,113204.0,87.0,ENIGH (INEGI),Personas de 18 años o más,enigh
hogar,Es jefa o jefe del hogar,2024,Hombres,Con discapacidad,México,60+,Hablar o comunicarse,7654.0,15384.0,14.0,ENIGH (INEGI),Personas de 18 años o más,enigh
hogar,Es jefa o jefe del hogar,2024,Hombres,Con discapacidad,México,60+,Mental,17641.0,25288.0,22.0,ENIGH (INEGI),Personas de 18 años o más,enigh
hogar,Es jefa o jefe del hogar,2024,Hombres,Con discapacidad,México,60+,Oír,73000.0,84413.0,71.0,ENIGH (INEGI),Personas de 18 años o más,enigh
hogar,Es jefa o jefe del hogar,2024,Hombres,Con discapacidad,México,60+,Recordar o concentrarse,24888.0,30950.0,26.0,ENIGH (INEGI),Personas de 18 años o más,enigh
hogar,Es jefa o jefe del hogar,2024,Hombres,Con discapacidad,México,60+,Ver,96758.0,119359.0,92.0,ENIGH (INEGI),Personas de 18 años o más,enigh
hogar,Es jefa o jefe del hogar,2024,Hombres,Con discapacidad,Nayarit,18-29,Bañarse o vestirse,0.0,417.0,2.0,ENIGH (INEGI),Personas de 18 años o más,enigh
hogar,Es jefa o jefe del hogar,2024,Hombres,Con discapacidad,Nayarit,18-29,Brazos o manos,0.0,768.0,4.0,ENIGH (INEGI),Personas de 18 años o más,enigh
hogar,Es jefa o jefe del hogar,2024,Hombres,Con discapacidad,Nayarit,18-29,Caminar,203.0,1146.0,6.0,ENIGH (INEGI),Personas de 18 años o más,enigh
hogar,Es jefa o jefe del hogar,2024,Hombres,Con discapacidad,Nayarit,18-29,Hablar o comunicarse,0.0,207.0,1.0,ENIGH (INEGI),Personas de 18 años o más,enigh
hogar,Es jefa o jefe del hogar,2024,Hombres,Con discapacidad,Nayarit,18-29,Mental,0.0,858.0,4.0,ENIGH (INEGI),Personas de 18 años o más,enigh
hogar,Es jefa o jefe del hogar,2024,Hombres,Con discapacidad,Nayarit,18-29,Recordar o concentrarse,0.0,987.0,5.0,ENIGH (INEGI),Personas de 18 años o más,enigh
hogar,Es jefa o jefe del hogar,2024,Hombres,Con discapacidad,Nayarit,18-29,Ver,397.0,1340.0,7.0,ENIGH (INEGI),Personas de 18 años o más,enigh
hogar,Es jefa o jefe del hogar,2024,Hombres,Con discapacidad,Nayarit,30-44,Bañarse o vestirse,0.0,905.0,5.0,ENIGH (INEGI),Personas de 18 años o más,enigh
hogar,Es jefa o jefe del hogar,2024,Hombres,Con discapacidad,Nayarit,30-44,Brazos o manos,0.0,355.0,2.0,ENIGH (INEGI),Personas de 18 años o más,enigh
hogar,Es jefa o jefe del hogar,2024,Hombres,Con discapacidad,Nayarit,30-44,Caminar,548.0,2097.0,12.0,ENIGH (INEGI),Personas de 18 años o más,enigh
hogar,Es jefa o jefe del hogar,2024,Hombres,Con discapacidad,Nayarit,30-44,Hablar o comunicarse,154.0,1192.0,7.0,ENIGH (INEGI),Personas de 18 años o más,enigh
hogar,Es jefa o jefe del hogar,2024,Hombres,Con discapacidad,Nayarit,30-44,Mental,0.0,2060.0,11.0,ENIGH (INEGI),Personas de 18 años o más,enigh
hogar,Es jefa o jefe del hogar,2024,Hombres,Con discapacidad,Nayarit,30-44,Oír,493.0,767.0,5.0,ENIGH (INEGI),Personas de 18 años o más,enigh
hogar,Es jefa o jefe del hogar,2024,Hombres,Con discapacidad,Nayarit,30-44,Recordar o concentrarse,194.0,708.0,4.0,ENIGH (INEGI),Personas de 18 años o más,enigh
hogar,Es jefa o jefe del hogar,2024,Hombres,Con discapacidad,Nayarit,30-44,Ver,954.0,1250.0,7.0,ENIGH (INEGI),Personas de 18 años o más,enigh
hogar,Es jefa o jefe del hogar,2024,Hombres,Con discapacidad,Nayarit,45-59,Bañarse o vestirse,770.0,939.0,5.0,ENIGH (INEGI),Personas de 18 años o más,enigh
hogar,Es jefa o jefe del hogar,2024,Hombres,Con discapacidad,Nayarit,45-59,Brazos o manos,1885.0,2030.0,11.0,ENIGH (INEGI),Personas de 18 años o más,enigh
hogar,Es jefa o jefe del hogar,2024,Hombres,Con discapacidad,Nayarit,45-59,Caminar,2872.0,4403.0,23.0,ENIGH (INEGI),Personas de 18 años o más,enigh
hogar,Es jefa o jefe del hogar,2024,Hombres,Con discapacidad,Nayarit,45-59,Hablar o comunicarse,140.0,883.0,5.0,ENIGH (INEGI),Personas de 18 años o más,enigh
hogar,Es jefa o jefe del hogar,2024,Hombres,Con discapacidad,Nayarit,45-59,Mental,225.0,790.0,4.0,ENIGH (INEGI),Personas de 18 años o más,enigh
hogar,Es jefa o jefe del hogar,2024,Hombres,Con discapacidad,Nayarit,45-59,Oír,1277.0,1476.0,8.0,ENIGH (INEGI),Personas de 18 años o más,enigh
hogar,Es jefa o jefe del hogar,2024,Hombres,Con discapacidad,Nayarit,45-59,Recordar o concentrarse,183.0,861.0,5.0,ENIGH (INEGI),Personas de 18 años o más,enigh
hogar,Es jefa o jefe del hogar,2024,Hombres,Con discapacidad,Nayarit,45-59,Ver,1492.0,2346.0,13.0,ENIGH (INEGI),Personas de 18 años o más,enigh
hogar,Es jefa o jefe del hogar,2024,Hombres,Con discapacidad,Nayarit,60+,Bañarse o vestirse,1952.0,3124.0,18.0,ENIGH (INEGI),Personas de 18 años o más,enigh
hogar,Es jefa o jefe del hogar,2024,Hombres,Con discapacidad,Nayarit,60+,Brazos o manos,2625.0,4001.0,23.0,ENIGH (INEGI),Personas de 18 años o más,enigh
hogar,Es jefa o jefe del hogar,2024,Hombres,Con discapacidad,Nayarit,60+,Caminar,7844.0,10504.0,61.0,ENIGH (INEGI),Personas de 18 años o más,enigh
hogar,Es jefa o jefe del hogar,2024,Hombres,Con discapacidad,Nayarit,60+,Hablar o comunicarse,385.0,1733.0,10.0,ENIGH (INEGI),Personas de 18 años o más,enigh
hogar,Es jefa o jefe del hogar,2024,Hombres,Con discapacidad,Nayarit,60+,Mental,1232.0,2435.0,14.0,ENIGH (INEGI),Personas de 18 años o más,enigh
hogar,Es jefa o jefe del hogar,2024,Hombres,Con discapacidad,Nayarit,60+,Oír,4543.0,6099.0,34.0,ENIGH (INEGI),Personas de 18 años o más,enigh
hogar,Es jefa o jefe del hogar,2024,Hombres,Con discapacidad,Nayarit,60+,Recordar o concentrarse,2530.0,3562.0,21.0,ENIGH (INEGI),Personas de 18 años o más,enigh
hogar,Es jefa o jefe del hogar,2024,Hombres,Con discapacidad,Nayarit,60+,Ver,8987.0,10944.0,60.0,ENIGH (INEGI),Personas de 18 años o más,enigh
hogar,Es jefa o jefe del hogar,2024,Hombres,Con discapacidad,Nuevo León,18-29,Bañarse o vestirse,0.0,573.0,2.0,ENIGH (INEGI),Personas de 18 años o más,enigh
hogar,Es jefa o jefe del hogar,2024,Hombres,Con discapacidad,Nuevo León,18-29,Brazos o manos,0.0,793.0,1.0,ENIGH (INEGI),Personas de 18 años o más,enigh
hogar,Es jefa o jefe del hogar,2024,Hombres,Con discapacidad,Nuevo León,18-29,Caminar,0.0,3117.0,6.0,ENIGH (INEGI),Personas de 18 años o más,enigh
hogar,Es jefa o jefe del hogar,2024,Hombres,Con discapacidad,Nuevo León,18-29,Hablar o comunicarse,0.0,1371.0,4.0,ENIGH (INEGI),Personas de 18 años o más,enigh
hogar,Es jefa o jefe del hogar,2024,Hombres,Con discapacidad,Nuevo León,18-29,Mental,0.0,1121.0,4.0,ENIGH (INEGI),Personas de 18 años o más,enigh
hogar,Es jefa o jefe del hogar,2024,Hombres,Con discapacidad,Nuevo León,18-29,Oír,0.0,2429.0,3.0,ENIGH (INEGI),Personas de 18 años o más,enigh
hogar,Es jefa o jefe del hogar,2024,Hombres,Con discapacidad,Nuevo León,18-29,Recordar o concentrarse,0.0,877.0,2.0,ENIGH (INEGI),Personas de 18 años o más,enigh
hogar,Es jefa o jefe del hogar,2024,Hombres,Con discapacidad,Nuevo León,18-29,Ver,312.0,6264.0,11.0,ENIGH (INEGI),Personas de 18 años o más,enigh
hogar,Es jefa o jefe del hogar,2024,Hombres,Con discapacidad,Nuevo León,30-44,Bañarse o vestirse,2360.0,6397.0,9.0,ENIGH (INEGI),Personas de 18 años o más,enigh
hogar,Es jefa o jefe del hogar,2024,Hombres,Con discapacidad,Nuevo León,30-44,Brazos o manos,3091.0,3891.0,8.0,ENIGH (INEGI),Personas de 18 años o más,enigh
hogar,Es jefa o jefe del hogar,2024,Hombres,Con discapacidad,Nuevo León,30-44,Caminar,2429.0,4872.0,11.0,ENIGH (INEGI),Personas de 18 años o más,enigh
hogar,Es jefa o jefe del hogar,2024,Hombres,Con discapacidad,Nuevo León,30-44,Hablar o comunicarse,800.0,3325.0,7.0,ENIGH (INEGI),Personas de 18 años o más,enigh
hogar,Es jefa o jefe del hogar,2024,Hombres,Con discapacidad,Nuevo León,30-44,Mental,2360.0,5074.0,7.0,ENIGH (INEGI),Personas de 18 años o más,enigh
hogar,Es jefa o jefe del hogar,2024,Hombres,Con discapacidad,Nuevo León,30-44,Oír,1568.0,2378.0,5.0,ENIGH (INEGI),Personas de 18 años o más,enigh
hogar,Es jefa o jefe del hogar,2024,Hombres,Con discapacidad,Nuevo León,30-44,Recordar o concentrarse,733.0,2523.0,7.0,ENIGH (INEGI),Personas de 18 años o más,enigh
hogar,Es jefa o jefe del hogar,2024,Hombres,Con discapacidad,Nuevo León,30-44,Ver,6252.0,7033.0,13.0,ENIGH (INEGI),Personas de 18 años o más,enigh
hogar,Es jefa o jefe del hogar,2024,Hombres,Con discapacidad,Nuevo León,45-59,Bañarse o vestirse,2638.0,4377.0,9.0,ENIGH (INEGI),Personas de 18 años o más,enigh
hogar,Es jefa o jefe del hogar,2024,Hombres,Con discapacidad,Nuevo León,45-59,Brazos o manos,8476.0,11823.0,25.0,ENIGH (INEGI),Personas de 18 años o más,enigh
hogar,Es jefa o jefe del hogar,2024,Hombres,Con discapacidad,Nuevo León,45-59,Caminar,9550.0,12358.0,30.0,ENIGH (INEGI),Personas de 18 años o más,enigh
hogar,Es jefa o jefe del hogar,2024,Hombres,Con discapacidad,Nuevo León,45-59,Hablar o comunicarse,950.0,2806.0,6.0,ENIGH (INEGI),Personas de 18 años o más,enigh
hogar,Es jefa o jefe del hogar,2024,Hombres,Con discapacidad,Nuevo León,45-59,Mental,1904.0,4553.0,9.0,ENIGH (INEGI),Personas de 18 años o más,enigh
hogar,Es jefa o jefe del hogar,2024,Hombres,Con discapacidad,Nuevo León,45-59,Oír,4375.0,7874.0,20.0,ENIGH (INEGI),Personas de 18 años o más,enigh
hogar,Es jefa o jefe del hogar,2024,Hombres,Con discapacidad,Nuevo León,45-59,Recordar o concentrarse,1971.0,3958.0,10.0,ENIGH (INEGI),Personas de 18 años o más,enigh
hogar,Es jefa o jefe del hogar,2024,Hombres,Con discapacidad,Nuevo León,45-59,Ver,13438.0,15882.0,42.0,ENIGH (INEGI),Personas de 18 años o más,enigh
hogar,Es jefa o jefe del hogar,2024,Hombres,Con discapacidad,Nuevo León,60+,Bañarse o vestirse,10458.0,14448.0,54.0,ENIGH (INEGI),Personas de 18 años o más,enigh
hogar,Es jefa o jefe del hogar,2024,Hombres,Con discapacidad,Nuevo León,60+,Brazos o manos,13652.0,17673.0,70.0,ENIGH (INEGI),Personas de 18 años o más,enigh
hogar,Es jefa o jefe del hogar,2024,Hombres,Con discapacidad,Nuevo León,60+,Caminar,27550.0,33766.0,116.0,ENIGH (INEGI),Personas de 18 años o más,enigh
hogar,Es jefa o jefe del hogar,2024,Hombres,Con discapacidad,Nuevo León,60+,Hablar o comunicarse,3419.0,5226.0,23.0,ENIGH (INEGI),Personas de 18 años o más,enigh
hogar,Es jefa o jefe del hogar,2024,Hombres,Con discapacidad,Nuevo León,60+,Mental,5814.0,9111.0,31.0,ENIGH (INEGI),Personas de 18 años o más,enigh
hogar,Es jefa o jefe del hogar,2024,Hombres,Con discapacidad,Nuevo León,60+,Oír,16477.0,20194.0,99.0,ENIGH (INEGI),Personas de 18 años o más,enigh
hogar,Es jefa o jefe del hogar,2024,Hombres,Con discapacidad,Nuevo León,60+,Recordar o concentrarse,9865.0,13673.0,53.0,ENIGH (INEGI),Personas de 18 años o más,enigh
hogar,Es jefa o jefe del hogar,2024,Hombres,Con discapacidad,Nuevo León,60+,Ver,27777.0,32109.0,108.0,ENIGH (INEGI),Personas de 18 años o más,enigh
hogar,Es jefa o jefe del hogar,2024,Hombres,Con discapacidad,Oaxaca,18-29,Bañarse o vestirse,0.0,2542.0,6.0,ENIGH (INEGI),Personas de 18 años o más,enigh
hogar,Es jefa o jefe del hogar,2024,Hombres,Con discapacidad,Oaxaca,18-29,Brazos o manos,370.0,2184.0,5.0,ENIGH (INEGI),Personas de 18 años o más,enigh
hogar,Es jefa o jefe del hogar,2024,Hombres,Con discapacidad,Oaxaca,18-29,Caminar,409.0,3635.0,9.0,ENIGH (INEGI),Personas de 18 años o más,enigh
hogar,Es jefa o jefe del hogar,2024,Hombres,Con discapacidad,Oaxaca,18-29,Hablar o comunicarse,0.0,5368.0,12.0,ENIGH (INEGI),Personas de 18 años o más,enigh
hogar,Es jefa o jefe del hogar,2024,Hombres,Con discapacidad,Oaxaca,18-29,Mental,0.0,5038.0,11.0,ENIGH (INEGI),Personas de 18 años o más,enigh
hogar,Es jefa o jefe del hogar,2024,Hombres,Con discapacidad,Oaxaca,18-29,Oír,0.0,2987.0,7.0,ENIGH (INEGI),Personas de 18 años o más,enigh
hogar,Es jefa o jefe del hogar,2024,Hombres,Con discapacidad,Oaxaca,18-29,Recordar o concentrarse,745.0,5294.0,11.0,ENIGH (INEGI),Personas de 18 años o más,enigh
hogar,Es jefa o jefe del hogar,2024,Hombres,Con discapacidad,Oaxaca,18-29,Ver,1065.0,7194.0,13.0,ENIGH (INEGI),Personas de 18 años o más,enigh
hogar,Es jefa o jefe del hogar,2024,Hombres,Con discapacidad,Oaxaca,30-44,Bañarse o vestirse,341.0,1387.0,3.0,ENIGH (INEGI),Personas de 18 años o más,enigh
hogar,Es jefa o jefe del hogar,2024,Hombres,Con discapacidad,Oaxaca,30-44,Brazos o manos,2412.0,3985.0,9.0,ENIGH (INEGI),Personas de 18 años o más,enigh
hogar,Es jefa o jefe del hogar,2024,Hombres,Con discapacidad,Oaxaca,30-44,Caminar,2049.0,4627.0,13.0,ENIGH (INEGI),Personas de 18 años o más,enigh
hogar,Es jefa o jefe del hogar,2024,Hombres,Con discapacidad,Oaxaca,30-44,Hablar o comunicarse,819.0,3693.0,9.0,ENIGH (INEGI),Personas de 18 años o más,enigh
hogar,Es jefa o jefe del hogar,2024,Hombres,Con discapacidad,Oaxaca,30-44,Mental,308.0,4318.0,11.0,ENIGH (INEGI),Personas de 18 años o más,enigh
hogar,Es jefa o jefe del hogar,2024,Hombres,Con discapacidad,Oaxaca,30-44,Oír,2490.0,2490.0,6.0,ENIGH (INEGI),Personas de 18 años o más,enigh
hogar,Es jefa o jefe del hogar,2024,Hombres,Con discapacidad,Oaxaca,30-44,Recordar o concentrarse,2064.0,6214.0,16.0,ENIGH (INEGI),Personas de 18 años o más,enigh
hogar,Es jefa o jefe del hogar,2024,Hombres,Con discapacidad,Oaxaca,30-44,Ver,5301.0,8806.0,18.0,ENIGH (INEGI),Personas de 18 años o más,enigh
hogar,Es jefa o jefe del hogar,2024,Hombres,Con discapacidad,Oaxaca,45-59,Bañarse o vestirse,1201.0,2382.0,6.0,ENIGH (INEGI),Personas de 18 años o más,enigh
hogar,Es jefa o jefe del hogar,2024,Hombres,Con discapacidad,Oaxaca,45-59,Brazos o manos,7386.0,8577.0,22.0,ENIGH (INEGI),Personas de 18 años o más,enigh
hogar,Es jefa o jefe del hogar,2024,Hombres,Con discapacidad,Oaxaca,45-59,Caminar,10714.0,13668.0,33.0,ENIGH (INEGI),Personas de 18 años o más,enigh
hogar,Es jefa o jefe del hogar,2024,Hombres,Con discapacidad,Oaxaca,45-59,Hablar o comunicarse,1382.0,3324.0,9.0,ENIGH (INEGI),Personas de 18 años o más,enigh
hogar,Es jefa o jefe del hogar,2024,Hombres,Con discapacidad,Oaxaca,45-59,Mental,342.0,2815.0,7.0,ENIGH (INEGI),Personas de 18 años o más,enigh
hogar,Es jefa o jefe del hogar,2024,Hombres,Con discapacidad,Oaxaca,45-59,Oír,5161.0,6102.0,15.0,ENIGH (INEGI),Personas de 18 años o más,enigh
hogar,Es jefa o jefe del hogar,2024,Hombres,Con discapacidad,Oaxaca,45-59,Recordar o concentrarse,2488.0,3679.0,11.0,ENIGH (INEGI),Personas de 18 años o más,enigh
hogar,Es jefa o jefe del hogar,2024,Hombres,Con discapacidad,Oaxaca,45-59,Ver,17397.0,19392.0,47.0,ENIGH (INEGI),Personas de 18 años o más,enigh
hogar,Es jefa o jefe del hogar,2024,Hombres,Con discapacidad,Oaxaca,60+,Bañarse o vestirse,10305.0,15262.0,36.0,ENIGH (INEGI),Personas de 18 años o más,enigh
hogar,Es jefa o jefe del hogar,2024,Hombres,Con discapacidad,Oaxaca,60+,Brazos o manos,21553.0,28042.0,64.0,ENIGH (INEGI),Personas de 18 años o más,enigh
hogar,Es jefa o jefe del hogar,2024,Hombres,Con discapacidad,Oaxaca,60+,Caminar,39598.0,49982.0,117.0,ENIGH (INEGI),Personas de 18 años o más,enigh
hogar,Es jefa o jefe del hogar,2024,Hombres,Con discapacidad,Oaxaca,60+,Hablar o comunicarse,6252.0,10108.0,24.0,ENIGH (INEGI),Personas de 18 años o más,enigh
hogar,Es jefa o jefe del hogar,2024,Hombres,Con discapacidad,Oaxaca,60+,Mental,6047.0,10045.0,23.0,ENIGH (INEGI),Personas de 18 años o más,enigh
hogar,Es jefa o jefe del hogar,2024,Hombres,Con discapacidad,Oaxaca,60+,Oír,34430.0,42823.0,99.0,ENIGH (INEGI),Personas de 18 años o más,enigh
hogar,Es jefa o jefe del hogar,2024,Hombres,Con discapacidad,Oaxaca,60+,Recordar o concentrarse,21489.0,24506.0,51.0,ENIGH (INEGI),Personas de 18 años o más,enigh
hogar,Es jefa o jefe del hogar,2024,Hombres,Con discapacidad,Oaxaca,60+,Ver,38478.0,46178.0,111.0,ENIGH (INEGI),Personas de 18 años o más,enigh
hogar,Es jefa o jefe del hogar,2024,Hombres,Con discapacidad,Puebla,18-29,Bañarse o vestirse,0.0,4654.0,6.0,ENIGH (INEGI),Personas de 18 años o más,enigh
hogar,Es jefa o jefe del hogar,2024,Hombres,Con discapacidad,Puebla,18-29,Brazos o manos,1097.0,6795.0,8.0,ENIGH (INEGI),Personas de 18 años o más,enigh
hogar,Es jefa o jefe del hogar,2024,Hombres,Con discapacidad,Puebla,18-29,Caminar,797.0,7173.0,9.0,ENIGH (INEGI),Personas de 18 años o más,enigh
hogar,Es jefa o jefe del hogar,2024,Hombres,Con discapacidad,Puebla,18-29,Hablar o comunicarse,0.0,1320.0,2.0,ENIGH (INEGI),Personas de 18 años o más,enigh
hogar,Es jefa o jefe del hogar,2024,Hombres,Con discapacidad,Puebla,18-29,Mental,0.0,6637.0,8.0,ENIGH (INEGI),Personas de 18 años o más,enigh
hogar,Es jefa o jefe del hogar,2024,Hombres,Con discapacidad,Puebla,18-29,Oír,0.0,8148.0,10.0,ENIGH (INEGI),Personas de 18 años o más,enigh
hogar,Es jefa o jefe del hogar,2024,Hombres,Con discapacidad,Puebla,18-29,Recordar o concentrarse,0.0,5426.0,7.0,ENIGH (INEGI),Personas de 18 años o más,enigh
hogar,Es jefa o jefe del hogar,2024,Hombres,Con discapacidad,Puebla,18-29,Ver,797.0,10032.0,12.0,ENIGH (INEGI),Personas de 18 años o más,enigh
hogar,Es jefa o jefe del hogar,2024,Hombres,Con discapacidad,Puebla,30-44,Bañarse o vestirse,1508.0,2224.0,3.0,ENIGH (INEGI),Personas de 18 años o más,enigh
hogar,Es jefa o jefe del hogar,2024,Hombres,Con discapacidad,Puebla,30-44,Brazos o manos,0.0,2598.0,3.0,ENIGH (INEGI),Personas de 18 años o más,enigh
hogar,Es jefa o jefe del hogar,2024,Hombres,Con discapacidad,Puebla,30-44,Caminar,0.0,5795.0,7.0,ENIGH (INEGI),Personas de 18 años o más,enigh
hogar,Es jefa o jefe del hogar,2024,Hombres,Con discapacidad,Puebla,30-44,Hablar o comunicarse,0.0,1998.0,3.0,ENIGH (INEGI),Personas de 18 años o más,enigh
hogar,Es jefa o jefe del hogar,2024,Hombres,Con discapacidad,Puebla,30-44,Mental,4883.0,6772.0,8.0,ENIGH (INEGI),Personas de 18 años o más,enigh
hogar,Es jefa o jefe del hogar,2024,Hombres,Con discapacidad,Puebla,30-44,Oír,0.0,6877.0,8.0,ENIGH (INEGI),Personas de 18 años o más,enigh
hogar,Es jefa o jefe del hogar,2024,Hombres,Con discapacidad,Puebla,30-44,Recordar o concentrarse,3152.0,3152.0,4.0,ENIGH (INEGI),Personas de 18 años o más,enigh
hogar,Es jefa o jefe del hogar,2024,Hombres,Con discapacidad,Puebla,30-44,Ver,0.0,6574.0,8.0,ENIGH (INEGI),Personas de 18 años o más,enigh
hogar,Es jefa o jefe del hogar,2024,Hombres,Con discapacidad,Puebla,45-59,Bañarse o vestirse,8705.0,9636.0,11.0,ENIGH (INEGI),Personas de 18 años o más,enigh
hogar,Es jefa o jefe del hogar,2024,Hombres,Con discapacidad,Puebla,45-59,Brazos o manos,5404.0,6335.0,7.0,ENIGH (INEGI),Personas de 18 años o más,enigh
hogar,Es jefa o jefe del hogar,2024,Hombres,Con discapacidad,Puebla,45-59,Caminar,2435.0,4089.0,5.0,ENIGH (INEGI),Personas de 18 años o más,enigh
hogar,Es jefa o jefe del hogar,2024,Hombres,Con discapacidad,Puebla,45-59,Hablar o comunicarse,6038.0,7549.0,9.0,ENIGH (INEGI),Personas de 18 años o más,enigh
hogar,Es jefa o jefe del hogar,2024,Hombres,Con discapacidad,Puebla,45-59,Mental,23191.0,28352.0,34.0,ENIGH (INEGI),Personas de 18 años o más,enigh
hogar,Es jefa o jefe del hogar,2024,Hombres,Con discapacidad,Puebla,45-59,Oír,1872.0,7130.0,8.0,ENIGH (INEGI),Personas de 18 años o más,enigh
hogar,Es jefa o jefe del hogar,2024,Hombres,Con discapacidad,Puebla,45-59,Recordar o concentrarse,13126.0,16409.0,20.0,ENIGH (INEGI),Personas de 18 años o más,enigh
hogar,Es jefa o jefe del hogar,2024,Hombres,Con discapacidad,Puebla,45-59,Ver,1544.0,3184.0,4.0,ENIGH (INEGI),Personas de 18 años o más,enigh
hogar,Es jefa o jefe del hogar,2024,Hombres,Con discapacidad,Puebla,60+,Bañarse o vestirse,22560.0,28776.0,35.0,ENIGH (INEGI),Personas de 18 años o más,enigh
hogar,Es jefa o jefe del hogar,2024,Hombres,Con discapacidad,Puebla,60+,Brazos o manos,22188.0,28591.0,33.0,ENIGH (INEGI),Personas de 18 años o más,enigh
hogar,Es jefa o jefe del hogar,2024,Hombres,Con discapacidad,Puebla,60+,Caminar,17168.0,23441.0,27.0,ENIGH (INEGI),Personas de 18 años o más,enigh
hogar,Es jefa o jefe del hogar,2024,Hombres,Con discapacidad,Puebla,60+,Hablar o comunicarse,34567.0,45723.0,53.0,ENIGH (INEGI),Personas de 18 años o más,enigh
hogar,Es jefa o jefe del hogar,2024,Hombres,Con discapacidad,Puebla,60+,Mental,35783.0,48984.0,56.0,ENIGH (INEGI),Personas de 18 años o más,enigh
hogar,Es jefa o jefe del hogar,2024,Hombres,Con discapacidad,Puebla,60+,Oír,8886.0,14859.0,17.0,ENIGH (INEGI),Personas de 18 años o más,enigh
hogar,Es jefa o jefe del hogar,2024,Hombres,Con discapacidad,Puebla,60+,Recordar o concentrarse,51856.0,63502.0,76.0,ENIGH (INEGI),Personas de 18 años o más,enigh
hogar,Es jefa o jefe del hogar,2024,Hombres,Con discapacidad,Puebla,60+,Ver,13163.0,19284.0,22.0,ENIGH (INEGI),Personas de 18 años o más,enigh
hogar,Es jefa o jefe del hogar,2024,Hombres,Con discapacidad,Querétaro,18-29,Bañarse o vestirse,0.0,1383.0,8.0,ENIGH (INEGI),Personas de 18 años o más,enigh
hogar,Es jefa o jefe del hogar,2024,Hombres,Con discapacidad,Querétaro,18-29,Brazos o manos,0.0,1531.0,10.0,ENIGH (INEGI),Personas de 18 años o más,enigh
hogar,Es jefa o jefe del hogar,2024,Hombres,Con discapacidad,Querétaro,18-29,Caminar,0.0,2093.0,12.0,ENIGH (INEGI),Personas de 18 años o más,enigh
hogar,Es jefa o jefe del hogar,2024,Hombres,Con discapacidad,Querétaro,18-29,Hablar o comunicarse,0.0,2063.0,13.0,ENIGH (INEGI),Personas de 18 años o más,enigh
hogar,Es jefa o jefe del hogar,2024,Hombres,Con discapacidad,Querétaro,18-29,Mental,0.0,3494.0,14.0,ENIGH (INEGI),Personas de 18 años o más,enigh
hogar,Es jefa o jefe del hogar,2024,Hombres,Con discapacidad,Querétaro,18-29,Oír,64.0,931.0,6.0,ENIGH (INEGI),Personas de 18 años o más,enigh
hogar,Es jefa o jefe del hogar,2024,Hombres,Con discapacidad,Querétaro,18-29,Recordar o concentrarse,59.0,2117.0,14.0,ENIGH (INEGI),Personas de 18 años o más,enigh
hogar,Es jefa o jefe del hogar,2024,Hombres,Con discapacidad,Querétaro,18-29,Ver,0.0,2421.0,14.0,ENIGH (INEGI),Personas de 18 años o más,enigh
hogar,Es jefa o jefe del hogar,2024,Hombres,Con discapacidad,Querétaro,30-44,Bañarse o vestirse,160.0,1074.0,8.0,ENIGH (INEGI),Personas de 18 años o más,enigh
hogar,Es jefa o jefe del hogar,2024,Hombres,Con discapacidad,Querétaro,30-44,Brazos o manos,873.0,2215.0,16.0,ENIGH (INEGI),Personas de 18 años o más,enigh
hogar,Es jefa o jefe del hogar,2024,Hombres,Con discapacidad,Querétaro,30-44,Caminar,1149.0,2825.0,17.0,ENIGH (INEGI),Personas de 18 años o más,enigh
hogar,Es jefa o jefe del hogar,2024,Hombres,Con discapacidad,Querétaro,30-44,Hablar o comunicarse,57.0,2185.0,13.0,ENIGH (INEGI),Personas de 18 años o más,enigh
hogar,Es jefa o jefe del hogar,2024,Hombres,Con discapacidad,Querétaro,30-44,Mental,76.0,1443.0,10.0,ENIGH (INEGI),Personas de 18 años o más,enigh
hogar,Es jefa o jefe del hogar,2024,Hombres,Con discapacidad,Querétaro,30-44,Oír,130.0,1602.0,9.0,ENIGH (INEGI),Personas de 18 años o más,enigh
hogar,Es jefa o jefe del hogar,2024,Hombres,Con discapacidad,Querétaro,30-44,Recordar o concentrarse,336.0,1453.0,6.0,ENIGH (INEGI),Personas de 18 años o más,enigh
hogar,Es jefa o jefe del hogar,2024,Hombres,Con discapacidad,Querétaro,30-44,Ver,1030.0,2588.0,15.0,ENIGH (INEGI),Personas de 18 años o más,enigh
hogar,Es jefa o jefe del hogar,2024,Hombres,Con discapacidad,Querétaro,45-59,Bañarse o vestirse,545.0,991.0,8.0,ENIGH (INEGI),Personas de 18 años o más,enigh
hogar,Es jefa o jefe del hogar,2024,Hombres,Con discapacidad,Querétaro,45-59,Brazos o manos,1972.0,2337.0,17.0,ENIGH (INEGI),Personas de 18 años o más,enigh
hogar,Es jefa o jefe del hogar,2024,Hombres,Con discapacidad,Querétaro,45-59,Caminar,4122.0,5020.0,33.0,ENIGH (INEGI),Personas de 18 años o más,enigh
hogar,Es jefa o jefe del hogar,2024,Hombres,Con discapacidad,Querétaro,45-59,Hablar o comunicarse,278.0,481.0,4.0,ENIGH (INEGI),Personas de 18 años o más,enigh
hogar,Es jefa o jefe del hogar,2024,Hombres,Con discapacidad,Querétaro,45-59,Mental,618.0,851.0,7.0,ENIGH (INEGI),Personas de 18 años o más,enigh
hogar,Es jefa o jefe del hogar,2024,Hombres,Con discapacidad,Querétaro,45-59,Oír,771.0,1011.0,8.0,ENIGH (INEGI),Personas de 18 años o más,enigh
hogar,Es jefa o jefe del hogar,2024,Hombres,Con discapacidad,Querétaro,45-59,Recordar o concentrarse,492.0,685.0,7.0,ENIGH (INEGI),Personas de 18 años o más,enigh
hogar,Es jefa o jefe del hogar,2024,Hombres,Con discapacidad,Querétaro,45-59,Ver,4103.0,4678.0,31.0,ENIGH (INEGI),Personas de 18 años o más,enigh
hogar,Es jefa o jefe del hogar,2024,Hombres,Con discapacidad,Querétaro,60+,Bañarse o vestirse,3193.0,5615.0,35.0,ENIGH (INEGI),Personas de 18 años o más,enigh
hogar,Es jefa o jefe del hogar,2024,Hombres,Con discapacidad,Querétaro,60+,Brazos o manos,4537.0,7762.0,45.0,ENIGH (INEGI),Personas de 18 años o más,enigh
hogar,Es jefa o jefe del hogar,2024,Hombres,Con discapacidad,Querétaro,60+,Caminar,10900.0,16195.0,96.0,ENIGH (INEGI),Personas de 18 años o más,enigh
hogar,Es jefa o jefe del hogar,2024,Hombres,Con discapacidad,Querétaro,60+,Hablar o comunicarse,1625.0,3907.0,19.0,ENIGH (INEGI),Personas de 18 años o más,enigh
hogar,Es jefa o jefe del hogar,2024,Hombres,Con discapacidad,Querétaro,60+,Mental,1227.0,3515.0,20.0,ENIGH (INEGI),Personas de 18 años o más,enigh
hogar,Es jefa o jefe del hogar,2024,Hombres,Con discapacidad,Querétaro,60+,Oír,8608.0,12802.0,76.0,ENIGH (INEGI),Personas de 18 años o más,enigh
hogar,Es jefa o jefe del hogar,2024,Hombres,Con discapacidad,Querétaro,60+,Recordar o concentrarse,3349.0,6191.0,34.0,ENIGH (INEGI),Personas de 18 años o más,enigh
hogar,Es jefa o jefe del hogar,2024,Hombres,Con discapacidad,Querétaro,60+,Ver,8979.0,12545.0,71.0,ENIGH (INEGI),Personas de 18 años o más,enigh
hogar,Es jefa o jefe del hogar,2024,Hombres,Con discapacidad,Quintana Roo,18-29,Bañarse o vestirse,0.0,849.0,4.0,ENIGH (INEGI),Personas de 18 años o más,enigh
hogar,Es jefa o jefe del hogar,2024,Hombres,Con discapacidad,Quintana Roo,18-29,Brazos o manos,0.0,937.0,3.0,ENIGH (INEGI),Personas de 18 años o más,enigh
hogar,Es jefa o jefe del hogar,2024,Hombres,Con discapacidad,Quintana Roo,18-29,Caminar,0.0,469.0,2.0,ENIGH (INEGI),Personas de 18 años o más,enigh
hogar,Es jefa o jefe del hogar,2024,Hombres,Con discapacidad,Quintana Roo,18-29,Hablar o comunicarse,0.0,1720.0,10.0,ENIGH (INEGI),Personas de 18 años o más,enigh
hogar,Es jefa o jefe del hogar,2024,Hombres,Con discapacidad,Quintana Roo,18-29,Mental,0.0,2182.0,11.0,ENIGH (INEGI),Personas de 18 años o más,enigh
hogar,Es jefa o jefe del hogar,2024,Hombres,Con discapacidad,Quintana Roo,18-29,Oír,0.0,852.0,3.0,ENIGH (INEGI),Personas de 18 años o más,enigh
hogar,Es jefa o jefe del hogar,2024,Hombres,Con discapacidad,Quintana Roo,18-29,Recordar o concentrarse,0.0,1509.0,7.0,ENIGH (INEGI),Personas de 18 años o más,enigh
hogar,Es jefa o jefe del hogar,2024,Hombres,Con discapacidad,Quintana Roo,18-29,Ver,661.0,4079.0,13.0,ENIGH (INEGI),Personas de 18 años o más,enigh
hogar,Es jefa o jefe del hogar,2024,Hombres,Con discapacidad,Quintana Roo,30-44,Bañarse o vestirse,0.0,281.0,1.0,ENIGH (INEGI),Personas de 18 años o más,enigh
hogar,Es jefa o jefe del hogar,2024,Hombres,Con discapacidad,Quintana Roo,30-44,Brazos o manos,687.0,927.0,3.0,ENIGH (INEGI),Personas de 18 años o más,enigh
hogar,Es jefa o jefe del hogar,2024,Hombres,Con discapacidad,Quintana Roo,30-44,Caminar,689.0,973.0,4.0,ENIGH (INEGI),Personas de 18 años o más,enigh
hogar,Es jefa o jefe del hogar,2024,Hombres,Con discapacidad,Quintana Roo,30-44,Hablar o comunicarse,0.0,628.0,2.0,ENIGH (INEGI),Personas de 18 años o más,enigh
hogar,Es jefa o jefe del hogar,2024,Hombres,Con discapacidad,Quintana Roo,30-44,Mental,0.0,347.0,1.0,ENIGH (INEGI),Personas de 18 años o más,enigh
hogar,Es jefa o jefe del hogar,2024,Hombres,Con discapacidad,Quintana Roo,30-44,Oír,1137.0,1137.0,5.0,ENIGH (INEGI),Personas de 18 años o más,enigh
hogar,Es jefa o jefe del hogar,2024,Hombres,Con discapacidad,Quintana Roo,30-44,Recordar o concentrarse,558.0,1186.0,4.0,ENIGH (INEGI),Personas de 18 años o más,enigh
hogar,Es jefa o jefe del hogar,2024,Hombres,Con discapacidad,Quintana Roo,30-44,Ver,4035.0,5234.0,22.0,ENIGH (INEGI),Personas de 18 años o más,enigh
hogar,Es jefa o jefe del hogar,2024,Hombres,Con discapacidad,Quintana Roo,45-59,Bañarse o vestirse,421.0,1353.0,5.0,ENIGH (INEGI),Personas de 18 años o más,enigh
hogar,Es jefa o jefe del hogar,2024,Hombres,Con discapacidad,Quintana Roo,45-59,Brazos o manos,635.0,1729.0,7.0,ENIGH (INEGI),Personas de 18 años o más,enigh
hogar,Es jefa o jefe del hogar,2024,Hombres,Con discapacidad,Quintana Roo,45-59,Caminar,3065.0,4428.0,18.0,ENIGH (INEGI),Personas de 18 años o más,enigh
hogar,Es jefa o jefe del hogar,2024,Hombres,Con discapacidad,Quintana Roo,45-59,Hablar o comunicarse,285.0,495.0,3.0,ENIGH (INEGI),Personas de 18 años o más,enigh
hogar,Es jefa o jefe del hogar,2024,Hombres,Con discapacidad,Quintana Roo,45-59,Mental,527.0,1667.0,7.0,ENIGH (INEGI),Personas de 18 años o más,enigh
hogar,Es jefa o jefe del hogar,2024,Hombres,Con discapacidad,Quintana Roo,45-59,Oír,1744.0,1845.0,7.0,ENIGH (INEGI),Personas de 18 años o más,enigh
hogar,Es jefa o jefe del hogar,2024,Hombres,Con discapacidad,Quintana Roo,45-59,Recordar o concentrarse,985.0,1369.0,5.0,ENIGH (INEGI),Personas de 18 años o más,enigh
hogar,Es jefa o jefe del hogar,2024,Hombres,Con discapacidad,Quintana Roo,45-59,Ver,4149.0,4964.0,19.0,ENIGH (INEGI),Personas de 18 años o más,enigh
hogar,Es jefa o jefe del hogar,2024,Hombres,Con discapacidad,Quintana Roo,60+,Bañarse o vestirse,2109.0,4317.0,21.0,ENIGH (INEGI),Personas de 18 años o más,enigh
hogar,Es jefa o jefe del hogar,2024,Hombres,Con discapacidad,Quintana Roo,60+,Brazos o manos,3441.0,5244.0,23.0,ENIGH (INEGI),Personas de 18 años o más,enigh
hogar,Es jefa o jefe del hogar,2024,Hombres,Con discapacidad,Quintana Roo,60+,Caminar,7782.0,10998.0,46.0,ENIGH (INEGI),Personas de 18 años o más,enigh
hogar,Es jefa o jefe del hogar,2024,Hombres,Con discapacidad,Quintana Roo,60+,Hablar o comunicarse,354.0,1631.0,9.0,ENIGH (INEGI),Personas de 18 años o más,enigh
hogar,Es jefa o jefe del hogar,2024,Hombres,Con discapacidad,Quintana Roo,60+,Mental,615.0,2561.0,12.0,ENIGH (INEGI),Personas de 18 años o más,enigh
hogar,Es jefa o jefe del hogar,2024,Hombres,Con discapacidad,Quintana Roo,60+,Oír,3580.0,6912.0,33.0,ENIGH (INEGI),Personas de 18 años o más,enigh
hogar,Es jefa o jefe del hogar,2024,Hombres,Con discapacidad,Quintana Roo,60+,Recordar o concentrarse,1088.0,3162.0,14.0,ENIGH (INEGI),Personas de 18 años o más,enigh
hogar,Es jefa o jefe del hogar,2024,Hombres,Con discapacidad,Quintana Roo,60+,Ver,6239.0,10768.0,49.0,ENIGH (INEGI),Personas de 18 años o más,enigh
hogar,Es jefa o jefe del hogar,2024,Hombres,Con discapacidad,San Luis Potosí,18-29,Bañarse o vestirse,0.0,1313.0,2.0,ENIGH (INEGI),Personas de 18 años o más,enigh
hogar,Es jefa o jefe del hogar,2024,Hombres,Con discapacidad,San Luis Potosí,18-29,Brazos o manos,0.0,2258.0,5.0,ENIGH (INEGI),Personas de 18 años o más,enigh
hogar,Es jefa o jefe del hogar,2024,Hombres,Con discapacidad,San Luis Potosí,18-29,Caminar,0.0,2310.0,5.0,ENIGH (INEGI),Personas de 18 años o más,enigh
hogar,Es jefa o jefe del hogar,2024,Hombres,Con discapacidad,San Luis Potosí,18-29,Mental,799.0,2411.0,5.0,ENIGH (INEGI),Personas de 18 años o más,enigh
hogar,Es jefa o jefe del hogar,2024,Hombres,Con discapacidad,San Luis Potosí,18-29,Oír,0.0,2355.0,5.0,ENIGH (INEGI),Personas de 18 años o más,enigh
hogar,Es jefa o jefe del hogar,2024,Hombres,Con discapacidad,San Luis Potosí,18-29,Recordar o concentrarse,0.0,2591.0,5.0,ENIGH (INEGI),Personas de 18 años o más,enigh
hogar,Es jefa o jefe del hogar,2024,Hombres,Con discapacidad,San Luis Potosí,18-29,Ver,0.0,2034.0,4.0,ENIGH (INEGI),Personas de 18 años o más,enigh
hogar,Es jefa o jefe del hogar,2024,Hombres,Con discapacidad,San Luis Potosí,30-44,Bañarse o vestirse,632.0,2037.0,7.0,ENIGH (INEGI),Personas de 18 años o más,enigh
hogar,Es jefa o jefe del hogar,2024,Hombres,Con discapacidad,San Luis Potosí,30-44,Brazos o manos,391.0,1275.0,4.0,ENIGH (INEGI),Personas de 18 años o más,enigh
hogar,Es jefa o jefe del hogar,2024,Hombres,Con discapacidad,San Luis Potosí,30-44,Caminar,415.0,3000.0,11.0,ENIGH (INEGI),Personas de 18 años o más,enigh
hogar,Es jefa o jefe del hogar,2024,Hombres,Con discapacidad,San Luis Potosí,30-44,Hablar o comunicarse,876.0,1304.0,4.0,ENIGH (INEGI),Personas de 18 años o más,enigh
hogar,Es jefa o jefe del hogar,2024,Hombres,Con discapacidad,San Luis Potosí,30-44,Mental,2216.0,4672.0,14.0,ENIGH (INEGI),Personas de 18 años o más,enigh
hogar,Es jefa o jefe del hogar,2024,Hombres,Con discapacidad,San Luis Potosí,30-44,Oír,195.0,2233.0,9.0,ENIGH (INEGI),Personas de 18 años o más,enigh
hogar,Es jefa o jefe del hogar,2024,Hombres,Con discapacidad,San Luis Potosí,30-44,Recordar o concentrarse,1181.0,2277.0,6.0,ENIGH (INEGI),Personas de 18 años o más,enigh
hogar,Es jefa o jefe del hogar,2024,Hombres,Con discapacidad,San Luis Potosí,30-44,Ver,721.0,4272.0,15.0,ENIGH (INEGI),Personas de 18 años o más,enigh
hogar,Es jefa o jefe del hogar,2024,Hombres,Con discapacidad,San Luis Potosí,45-59,Bañarse o vestirse,1817.0,2045.0,7.0,ENIGH (INEGI),Personas de 18 años o más,enigh
hogar,Es jefa o jefe del hogar,2024,Hombres,Con discapacidad,San Luis Potosí,45-59,Brazos o manos,1240.0,2077.0,5.0,ENIGH (INEGI),Personas de 18 años o más,enigh
hogar,Es jefa o jefe del hogar,2024,Hombres,Con discapacidad,San Luis Potosí,45-59,Caminar,2618.0,4001.0,12.0,ENIGH (INEGI),Personas de 18 años o más,enigh
hogar,Es jefa o jefe del hogar,2024,Hombres,Con discapacidad,San Luis Potosí,45-59,Hablar o comunicarse,502.0,1304.0,4.0,ENIGH (INEGI),Personas de 18 años o más,enigh
hogar,Es jefa o jefe del hogar,2024,Hombres,Con discapacidad,San Luis Potosí,45-59,Mental,5125.0,6292.0,20.0,ENIGH (INEGI),Personas de 18 años o más,enigh
hogar,Es jefa o jefe del hogar,2024,Hombres,Con discapacidad,San Luis Potosí,45-59,Oír,1280.0,2461.0,7.0,ENIGH (INEGI),Personas de 18 años o más,enigh
hogar,Es jefa o jefe del hogar,2024,Hombres,Con discapacidad,San Luis Potosí,45-59,Recordar o concentrarse,8246.0,8947.0,27.0,ENIGH (INEGI),Personas de 18 años o más,enigh
hogar,Es jefa o jefe del hogar,2024,Hombres,Con discapacidad,San Luis Potosí,45-59,Ver,1774.0,2738.0,7.0,ENIGH (INEGI),Personas de 18 años o más,enigh
hogar,Es jefa o jefe del hogar,2024,Hombres,Con discapacidad,San Luis Potosí,60+,Bañarse o vestirse,9666.0,11633.0,45.0,ENIGH (INEGI),Personas de 18 años o más,enigh
hogar,Es jefa o jefe del hogar,2024,Hombres,Con discapacidad,San Luis Potosí,60+,Brazos o manos,6919.0,9074.0,36.0,ENIGH (INEGI),Personas de 18 años o más,enigh
hogar,Es jefa o jefe del hogar,2024,Hombres,Con discapacidad,San Luis Potosí,60+,Caminar,8742.0,11741.0,44.0,ENIGH (INEGI),Personas de 18 años o más,enigh
hogar,Es jefa o jefe del hogar,2024,Hombres,Con discapacidad,San Luis Potosí,60+,Hablar o comunicarse,18231.0,21042.0,78.0,ENIGH (INEGI),Personas de 18 años o más,enigh
hogar,Es jefa o jefe del hogar,2024,Hombres,Con discapacidad,San Luis Potosí,60+,Mental,15699.0,17610.0,67.0,ENIGH (INEGI),Personas de 18 años o más,enigh
hogar,Es jefa o jefe del hogar,2024,Hombres,Con discapacidad,San Luis Potosí,60+,Oír,3602.0,5240.0,21.0,ENIGH (INEGI),Personas de 18 años o más,enigh
hogar,Es jefa o jefe del hogar,2024,Hombres,Con discapacidad,San Luis Potosí,60+,Recordar o concentrarse,20615.0,23984.0,90.0,ENIGH (INEGI),Personas de 18 años o más,enigh
hogar,Es jefa o jefe del hogar,2024,Hombres,Con discapacidad,San Luis Potosí,60+,Ver,5326.0,7010.0,26.0,ENIGH (INEGI),Personas de 18 años o más,enigh
hogar,Es jefa o jefe del hogar,2024,Hombres,Con discapacidad,Sinaloa,18-29,Bañarse o vestirse,0.0,1777.0,6.0,ENIGH (INEGI),Personas de 18 años o más,enigh
hogar,Es jefa o jefe del hogar,2024,Hombres,Con discapacidad,Sinaloa,18-29,Brazos o manos,0.0,1139.0,4.0,ENIGH (INEGI),Personas de 18 años o más,enigh
hogar,Es jefa o jefe del hogar,2024,Hombres,Con discapacidad,Sinaloa,18-29,Caminar,0.0,2031.0,7.0,ENIGH (INEGI),Personas de 18 años o más,enigh
hogar,Es jefa o jefe del hogar,2024,Hombres,Con discapacidad,Sinaloa,18-29,Hablar o comunicarse,0.0,2711.0,9.0,ENIGH (INEGI),Personas de 18 años o más,enigh
hogar,Es jefa o jefe del hogar,2024,Hombres,Con discapacidad,Sinaloa,18-29,Mental,0.0,3268.0,11.0,ENIGH (INEGI),Personas de 18 años o más,enigh
hogar,Es jefa o jefe del hogar,2024,Hombres,Con discapacidad,Sinaloa,18-29,Oír,0.0,979.0,4.0,ENIGH (INEGI),Personas de 18 años o más,enigh
hogar,Es jefa o jefe del hogar,2024,Hombres,Con discapacidad,Sinaloa,18-29,Recordar o concentrarse,0.0,2398.0,8.0,ENIGH (INEGI),Personas de 18 años o más,enigh
hogar,Es jefa o jefe del hogar,2024,Hombres,Con discapacidad,Sinaloa,18-29,Ver,0.0,2505.0,9.0,ENIGH (INEGI),Personas de 18 años o más,enigh
hogar,Es jefa o jefe del hogar,2024,Hombres,Con discapacidad,Sinaloa,30-44,Bañarse o vestirse,612.0,2106.0,7.0,ENIGH (INEGI),Personas de 18 años o más,enigh
hogar,Es jefa o jefe del hogar,2024,Hombres,Con discapacidad,Sinaloa,30-44,Brazos o manos,1060.0,2328.0,9.0,ENIGH (INEGI),Personas de 18 años o más,enigh
hogar,Es jefa o jefe del hogar,2024,Hombres,Con discapacidad,Sinaloa,30-44,Caminar,2690.0,5039.0,19.0,ENIGH (INEGI),Personas de 18 años o más,enigh
hogar,Es jefa o jefe del hogar,2024,Hombres,Con discapacidad,Sinaloa,30-44,Hablar o comunicarse,0.0,2594.0,9.0,ENIGH (INEGI),Personas de 18 años o más,enigh
hogar,Es jefa o jefe del hogar,2024,Hombres,Con discapacidad,Sinaloa,30-44,Mental,0.0,1909.0,7.0,ENIGH (INEGI),Personas de 18 años o más,enigh
hogar,Es jefa o jefe del hogar,2024,Hombres,Con discapacidad,Sinaloa,30-44,Oír,577.0,1653.0,6.0,ENIGH (INEGI),Personas de 18 años o más,enigh
hogar,Es jefa o jefe del hogar,2024,Hombres,Con discapacidad,Sinaloa,30-44,Recordar o concentrarse,239.0,3173.0,12.0,ENIGH (INEGI),Personas de 18 años o más,enigh
hogar,Es jefa o jefe del hogar,2024,Hombres,Con discapacidad,Sinaloa,30-44,Ver,274.0,2107.0,8.0,ENIGH (INEGI),Personas de 18 años o más,enigh
hogar,Es jefa o jefe del hogar,2024,Hombres,Con discapacidad,Sinaloa,45-59,Bañarse o vestirse,604.0,2305.0,8.0,ENIGH (INEGI),Personas de 18 años o más,enigh
hogar,Es jefa o jefe del hogar,2024,Hombres,Con discapacidad,Sinaloa,45-59,Brazos o manos,2238.0,3030.0,11.0,ENIGH (INEGI),Personas de 18 años o más,enigh
hogar,Es jefa o jefe del hogar,2024,Hombres,Con discapacidad,Sinaloa,45-59,Caminar,4807.0,7663.0,28.0,ENIGH (INEGI),Personas de 18 años o más,enigh
hogar,Es jefa o jefe del hogar,2024,Hombres,Con discapacidad,Sinaloa,45-59,Hablar o comunicarse,586.0,2917.0,10.0,ENIGH (INEGI),Personas de 18 años o más,enigh
hogar,Es jefa o jefe del hogar,2024,Hombres,Con discapacidad,Sinaloa,45-59,Mental,274.0,3096.0,11.0,ENIGH (INEGI),Personas de 18 años o más,enigh
hogar,Es jefa o jefe del hogar,2024,Hombres,Con discapacidad,Sinaloa,45-59,Oír,457.0,1106.0,4.0,ENIGH (INEGI),Personas de 18 años o más,enigh
hogar,Es jefa o jefe del hogar,2024,Hombres,Con discapacidad,Sinaloa,45-59,Recordar o concentrarse,832.0,2824.0,10.0,ENIGH (INEGI),Personas de 18 años o más,enigh
hogar,Es jefa o jefe del hogar,2024,Hombres,Con discapacidad,Sinaloa,45-59,Ver,2754.0,2754.0,11.0,ENIGH (INEGI),Personas de 18 años o más,enigh
hogar,Es jefa o jefe del hogar,2024,Hombres,Con discapacidad,Sinaloa,60+,Bañarse o vestirse,5461.0,8227.0,30.0,ENIGH (INEGI),Personas de 18 años o más,enigh
hogar,Es jefa o jefe del hogar,2024,Hombres,Con discapacidad,Sinaloa,60+,Brazos o manos,6998.0,9754.0,37.0,ENIGH (INEGI),Personas de 18 años o más,enigh
hogar,Es jefa o jefe del hogar,2024,Hombres,Con discapacidad,Sinaloa,60+,Caminar,17171.0,23458.0,86.0,ENIGH (INEGI),Personas de 18 años o más,enigh
hogar,Es jefa o jefe del hogar,2024,Hombres,Con discapacidad,Sinaloa,60+,Hablar o comunicarse,2931.0,5360.0,18.0,ENIGH (INEGI),Personas de 18 años o más,enigh
hogar,Es jefa o jefe del hogar,2024,Hombres,Con discapacidad,Sinaloa,60+,Mental,3042.0,4839.0,18.0,ENIGH (INEGI),Personas de 18 años o más,enigh
hogar,Es jefa o jefe del hogar,2024,Hombres,Con discapacidad,Sinaloa,60+,Oír,9249.0,12568.0,45.0,ENIGH (INEGI),Personas de 18 años o más,enigh
hogar,Es jefa o jefe del hogar,2024,Hombres,Con discapacidad,Sinaloa,60+,Recordar o concentrarse,3686.0,6630.0,26.0,ENIGH (INEGI),Personas de 18 años o más,enigh
hogar,Es jefa o jefe del hogar,2024,Hombres,Con discapacidad,Sinaloa,60+,Ver,14061.0,20041.0,73.0,ENIGH (INEGI),Personas de 18 años o más,enigh
hogar,Es jefa o jefe del hogar,2024,Hombres,Con discapacidad,Sonora,18-29,Bañarse o vestirse,0.0,620.0,3.0,ENIGH (INEGI),Personas de 18 años o más,enigh
hogar,Es jefa o jefe del hogar,2024,Hombres,Con discapacidad,Sonora,18-29,Brazos o manos,0.0,594.0,2.0,ENIGH (INEGI),Personas de 18 años o más,enigh
hogar,Es jefa o jefe del hogar,2024,Hombres,Con discapacidad,Sonora,18-29,Caminar,0.0,1269.0,4.0,ENIGH (INEGI),Personas de 18 años o más,enigh
hogar,Es jefa o jefe del hogar,2024,Hombres,Con discapacidad,Sonora,18-29,Mental,607.0,3467.0,10.0,ENIGH (INEGI),Personas de 18 años o más,enigh
hogar,Es jefa o jefe del hogar,2024,Hombres,Con discapacidad,Sonora,18-29,Oír,0.0,567.0,2.0,ENIGH (INEGI),Personas de 18 años o más,enigh
hogar,Es jefa o jefe del hogar,2024,Hombres,Con discapacidad,Sonora,18-29,Recordar o concentrarse,0.0,1105.0,4.0,ENIGH (INEGI),Personas de 18 años o más,enigh
hogar,Es jefa o jefe del hogar,2024,Hombres,Con discapacidad,Sonora,18-29,Ver,0.0,3026.0,8.0,ENIGH (INEGI),Personas de 18 años o más,enigh
hogar,Es jefa o jefe del hogar,2024,Hombres,Con discapacidad,Sonora,30-44,Bañarse o vestirse,656.0,656.0,3.0,ENIGH (INEGI),Personas de 18 años o más,enigh
hogar,Es jefa o jefe del hogar,2024,Hombres,Con discapacidad,Sonora,30-44,Brazos o manos,0.0,1557.0,5.0,ENIGH (INEGI),Personas de 18 años o más,enigh
hogar,Es jefa o jefe del hogar,2024,Hombres,Con discapacidad,Sonora,30-44,Caminar,870.0,1567.0,6.0,ENIGH (INEGI),Personas de 18 años o más,enigh
hogar,Es jefa o jefe del hogar,2024,Hombres,Con discapacidad,Sonora,30-44,Hablar o comunicarse,506.0,506.0,4.0,ENIGH (INEGI),Personas de 18 años o más,enigh
hogar,Es jefa o jefe del hogar,2024,Hombres,Con discapacidad,Sonora,30-44,Mental,1715.0,2386.0,8.0,ENIGH (INEGI),Personas de 18 años o más,enigh
hogar,Es jefa o jefe del hogar,2024,Hombres,Con discapacidad,Sonora,30-44,Oír,150.0,1441.0,6.0,ENIGH (INEGI),Personas de 18 años o más,enigh
hogar,Es jefa o jefe del hogar,2024,Hombres,Con discapacidad,Sonora,30-44,Recordar o concentrarse,1216.0,2996.0,9.0,ENIGH (INEGI),Personas de 18 años o más,enigh
hogar,Es jefa o jefe del hogar,2024,Hombres,Con discapacidad,Sonora,30-44,Ver,150.0,3310.0,11.0,ENIGH (INEGI),Personas de 18 años o más,enigh
hogar,Es jefa o jefe del hogar,2024,Hombres,Con discapacidad,Sonora,45-59,Bañarse o vestirse,2690.0,3285.0,9.0,ENIGH (INEGI),Personas de 18 años o más,enigh
hogar,Es jefa o jefe del hogar,2024,Hombres,Con discapacidad,Sonora,45-59,Brazos o manos,818.0,2150.0,5.0,ENIGH (INEGI),Personas de 18 años o más,enigh
hogar,Es jefa o jefe del hogar,2024,Hombres,Con discapacidad,Sonora,45-59,Caminar,434.0,3235.0,8.0,ENIGH (INEGI),Personas de 18 años o más,enigh
hogar,Es jefa o jefe del hogar,2024,Hombres,Con discapacidad,Sonora,45-59,Hablar o comunicarse,1568.0,2087.0,6.0,ENIGH (INEGI),Personas de 18 años o más,enigh
hogar,Es jefa o jefe del hogar,2024,Hombres,Con discapacidad,Sonora,45-59,Mental,6638.0,8397.0,26.0,ENIGH (INEGI),Personas de 18 años o más,enigh
hogar,Es jefa o jefe del hogar,2024,Hombres,Con discapacidad,Sonora,45-59,Oír,490.0,2817.0,7.0,ENIGH (INEGI),Personas de 18 años o más,enigh
hogar,Es jefa o jefe del hogar,2024,Hombres,Con discapacidad,Sonora,45-59,Recordar o concentrarse,3901.0,7199.0,21.0,ENIGH (INEGI),Personas de 18 años o más,enigh
hogar,Es jefa o jefe del hogar,2024,Hombres,Con discapacidad,Sonora,45-59,Ver,603.0,3876.0,10.0,ENIGH (INEGI),Personas de 18 años o más,enigh
hogar,Es jefa o jefe del hogar,2024,Hombres,Con discapacidad,Sonora,60+,Bañarse o vestirse,5280.0,8776.0,26.0,ENIGH (INEGI),Personas de 18 años o más,enigh
hogar,Es jefa o jefe del hogar,2024,Hombres,Con discapacidad,Sonora,60+,Brazos o manos,3989.0,6286.0,19.0,ENIGH (INEGI),Personas de 18 años o más,enigh
hogar,Es jefa o jefe del hogar,2024,Hombres,Con discapacidad,Sonora,60+,Caminar,5220.0,6439.0,23.0,ENIGH (INEGI),Personas de 18 años o más,enigh
hogar,Es jefa o jefe del hogar,2024,Hombres,Con discapacidad,Sonora,60+,Hablar o comunicarse,8400.0,13689.0,43.0,ENIGH (INEGI),Personas de 18 años o más,enigh
hogar,Es jefa o jefe del hogar,2024,Hombres,Con discapacidad,Sonora,60+,Mental,13149.0,15640.0,50.0,ENIGH (INEGI),Personas de 18 años o más,enigh
hogar,Es jefa o jefe del hogar,2024,Hombres,Con discapacidad,Sonora,60+,Oír,2488.0,3586.0,11.0,ENIGH (INEGI),Personas de 18 años o más,enigh
hogar,Es jefa o jefe del hogar,2024,Hombres,Con discapacidad,Sonora,60+,Recordar o concentrarse,18738.0,25318.0,74.0,ENIGH (INEGI),Personas de 18 años o más,enigh
hogar,Es jefa o jefe del hogar,2024,Hombres,Con discapacidad,Sonora,60+,Ver,3468.0,5127.0,16.0,ENIGH (INEGI),Personas de 18 años o más,enigh
hogar,Es jefa o jefe del hogar,2024,Hombres,Con discapacidad,Tabasco,18-29,Bañarse o vestirse,0.0,1569.0,5.0,ENIGH (INEGI),Personas de 18 años o más,enigh
hogar,Es jefa o jefe del hogar,2024,Hombres,Con discapacidad,Tabasco,18-29,Brazos o manos,0.0,940.0,4.0,ENIGH (INEGI),Personas de 18 años o más,enigh
hogar,Es jefa o jefe del hogar,2024,Hombres,Con discapacidad,Tabasco,18-29,Caminar,420.0,1239.0,5.0,ENIGH (INEGI),Personas de 18 años o más,enigh
hogar,Es jefa o jefe del hogar,2024,Hombres,Con discapacidad,Tabasco,18-29,Hablar o comunicarse,0.0,2636.0,8.0,ENIGH (INEGI),Personas de 18 años o más,enigh
hogar,Es jefa o jefe del hogar,2024,Hombres,Con discapacidad,Tabasco,18-29,Mental,0.0,2348.0,7.0,ENIGH (INEGI),Personas de 18 años o más,enigh
hogar,Es jefa o jefe del hogar,2024,Hombres,Con discapacidad,Tabasco,18-29,Oír,0.0,495.0,3.0,ENIGH (INEGI),Personas de 18 años o más,enigh
hogar,Es jefa o jefe del hogar,2024,Hombres,Con discapacidad,Tabasco,18-29,Recordar o concentrarse,425.0,2823.0,9.0,ENIGH (INEGI),Personas de 18 años o más,enigh
hogar,Es jefa o jefe del hogar,2024,Hombres,Con discapacidad,Tabasco,18-29,Ver,422.0,3668.0,11.0,ENIGH (INEGI),Personas de 18 años o más,enigh
hogar,Es jefa o jefe del hogar,2024,Hombres,Con discapacidad,Tabasco,30-44,Bañarse o vestirse,256.0,967.0,3.0,ENIGH (INEGI),Personas de 18 años o más,enigh
hogar,Es jefa o jefe del hogar,2024,Hombres,Con discapacidad,Tabasco,30-44,Brazos o manos,2345.0,3200.0,10.0,ENIGH (INEGI),Personas de 18 años o más,enigh
hogar,Es jefa o jefe del hogar,2024,Hombres,Con discapacidad,Tabasco,30-44,Caminar,2917.0,4501.0,13.0,ENIGH (INEGI),Personas de 18 años o más,enigh
hogar,Es jefa o jefe del hogar,2024,Hombres,Con discapacidad,Tabasco,30-44,Hablar o comunicarse,898.0,2621.0,9.0,ENIGH (INEGI),Personas de 18 años o más,enigh
hogar,Es jefa o jefe del hogar,2024,Hombres,Con discapacidad,Tabasco,30-44,Mental,426.0,1350.0,5.0,ENIGH (INEGI),Personas de 18 años o más,enigh
hogar,Es jefa o jefe del hogar,2024,Hombres,Con discapacidad,Tabasco,30-44,Oír,974.0,1852.0,6.0,ENIGH (INEGI),Personas de 18 años o más,enigh
hogar,Es jefa o jefe del hogar,2024,Hombres,Con discapacidad,Tabasco,30-44,Recordar o concentrarse,644.0,2365.0,9.0,ENIGH (INEGI),Personas de 18 años o más,enigh
hogar,Es jefa o jefe del hogar,2024,Hombres,Con discapacidad,Tabasco,30-44,Ver,5327.0,7585.0,20.0,ENIGH (INEGI),Personas de 18 años o más,enigh
hogar,Es jefa o jefe del hogar,2024,Hombres,Con discapacidad,Tabasco,45-59,Bañarse o vestirse,1253.0,1482.0,5.0,ENIGH (INEGI),Personas de 18 años o más,enigh
hogar,Es jefa o jefe del hogar,2024,Hombres,Con discapacidad,Tabasco,45-59,Brazos o manos,3821.0,4050.0,11.0,ENIGH (INEGI),Personas de 18 años o más,enigh
hogar,Es jefa o jefe del hogar,2024,Hombres,Con discapacidad,Tabasco,45-59,Caminar,7502.0,8899.0,26.0,ENIGH (INEGI),Personas de 18 años o más,enigh
hogar,Es jefa o jefe del hogar,2024,Hombres,Con discapacidad,Tabasco,45-59,Hablar o comunicarse,425.0,1004.0,3.0,ENIGH (INEGI),Personas de 18 años o más,enigh
hogar,Es jefa o jefe del hogar,2024,Hombres,Con discapacidad,Tabasco,45-59,Mental,425.0,1256.0,4.0,ENIGH (INEGI),Personas de 18 años o más,enigh
hogar,Es jefa o jefe del hogar,2024,Hombres,Con discapacidad,Tabasco,45-59,Oír,2787.0,2787.0,7.0,ENIGH (INEGI),Personas de 18 años o más,enigh
hogar,Es jefa o jefe del hogar,2024,Hombres,Con discapacidad,Tabasco,45-59,Recordar o concentrarse,1039.0,1688.0,5.0,ENIGH (INEGI),Personas de 18 años o más,enigh
hogar,Es jefa o jefe del hogar,2024,Hombres,Con discapacidad,Tabasco,45-59,Ver,10092.0,11770.0,38.0,ENIGH (INEGI),Personas de 18 años o más,enigh
hogar,Es jefa o jefe del hogar,2024,Hombres,Con discapacidad,Tabasco,60+,Bañarse o vestirse,3681.0,5917.0,20.0,ENIGH (INEGI),Personas de 18 años o más,enigh
hogar,Es jefa o jefe del hogar,2024,Hombres,Con discapacidad,Tabasco,60+,Brazos o manos,6500.0,9107.0,28.0,ENIGH (INEGI),Personas de 18 años o más,enigh
hogar,Es jefa o jefe del hogar,2024,Hombres,Con discapacidad,Tabasco,60+,Caminar,15066.0,18556.0,65.0,ENIGH (INEGI),Personas de 18 años o más,enigh
hogar,Es jefa o jefe del hogar,2024,Hombres,Con discapacidad,Tabasco,60+,Hablar o comunicarse,1246.0,2542.0,8.0,ENIGH (INEGI),Personas de 18 años o más,enigh
hogar,Es jefa o jefe del hogar,2024,Hombres,Con discapacidad,Tabasco,60+,Mental,1247.0,3355.0,10.0,ENIGH (INEGI),Personas de 18 años o más,enigh
hogar,Es jefa o jefe del hogar,2024,Hombres,Con discapacidad,Tabasco,60+,Oír,9010.0,11980.0,42.0,ENIGH (INEGI),Personas de 18 años o más,enigh
hogar,Es jefa o jefe del hogar,2024,Hombres,Con discapacidad,Tabasco,60+,Recordar o concentrarse,3680.0,5343.0,19.0,ENIGH (INEGI),Personas de 18 años o más,enigh
hogar,Es jefa o jefe del hogar,2024,Hombres,Con discapacidad,Tabasco,60+,Ver,16901.0,22545.0,79.0,ENIGH (INEGI),Personas de 18 años o más,enigh
hogar,Es jefa o jefe del hogar,2024,Hombres,Con discapacidad,Tamaulipas,18-29,Bañarse o vestirse,0.0,2436.0,5.0,ENIGH (INEGI),Personas de 18 años o más,enigh
hogar,Es jefa o jefe del hogar,2024,Hombres,Con discapacidad,Tamaulipas,18-29,Brazos o manos,0.0,482.0,1.0,ENIGH (INEGI),Personas de 18 años o más,enigh
hogar,Es jefa o jefe del hogar,2024,Hombres,Con discapacidad,Tamaulipas,18-29,Caminar,1202.0,3170.0,6.0,ENIGH (INEGI),Personas de 18 años o más,enigh
hogar,Es jefa o jefe del hogar,2024,Hombres,Con discapacidad,Tamaulipas,18-29,Hablar o comunicarse,0.0,4448.0,10.0,ENIGH (INEGI),Personas de 18 años o más,enigh
hogar,Es jefa o jefe del hogar,2024,Hombres,Con discapacidad,Tamaulipas,18-29,Mental,673.0,5071.0,10.0,ENIGH (INEGI),Personas de 18 años o más,enigh
hogar,Es jefa o jefe del hogar,2024,Hombres,Con discapacidad,Tamaulipas,18-29,Oír,1948.0,2159.0,4.0,ENIGH (INEGI),Personas de 18 años o más,enigh
hogar,Es jefa o jefe del hogar,2024,Hombres,Con discapacidad,Tamaulipas,18-29,Recordar o concentrarse,1198.0,5068.0,10.0,ENIGH (INEGI),Personas de 18 años o más,enigh
hogar,Es jefa o jefe del hogar,2024,Hombres,Con discapacidad,Tamaulipas,18-29,Ver,0.0,3856.0,7.0,ENIGH (INEGI),Personas de 18 años o más,enigh
hogar,Es jefa o jefe del hogar,2024,Hombres,Con discapacidad,Tamaulipas,30-44,Bañarse o vestirse,0.0,1578.0,3.0,ENIGH (INEGI),Personas de 18 años o más,enigh
hogar,Es jefa o jefe del hogar,2024,Hombres,Con discapacidad,Tamaulipas,30-44,Brazos o manos,891.0,2466.0,5.0,ENIGH (INEGI),Personas de 18 años o más,enigh
hogar,Es jefa o jefe del hogar,2024,Hombres,Con discapacidad,Tamaulipas,30-44,Caminar,1534.0,2261.0,5.0,ENIGH (INEGI),Personas de 18 años o más,enigh
hogar,Es jefa o jefe del hogar,2024,Hombres,Con discapacidad,Tamaulipas,30-44,Hablar o comunicarse,0.0,3440.0,7.0,ENIGH (INEGI),Personas de 18 años o más,enigh
hogar,Es jefa o jefe del hogar,2024,Hombres,Con discapacidad,Tamaulipas,30-44,Mental,0.0,4464.0,9.0,ENIGH (INEGI),Personas de 18 años o más,enigh
hogar,Es jefa o jefe del hogar,2024,Hombres,Con discapacidad,Tamaulipas,30-44,Oír,1964.0,1964.0,3.0,ENIGH (INEGI),Personas de 18 años o más,enigh
hogar,Es jefa o jefe del hogar,2024,Hombres,Con discapacidad,Tamaulipas,30-44,Recordar o concentrarse,679.0,4119.0,9.0,ENIGH (INEGI),Personas de 18 años o más,enigh
hogar,Es jefa o jefe del hogar,2024,Hombres,Con discapacidad,Tamaulipas,30-44,Ver,2469.0,4350.0,9.0,ENIGH (INEGI),Personas de 18 años o más,enigh
hogar,Es jefa o jefe del hogar,2024,Hombres,Con discapacidad,Tamaulipas,45-59,Bañarse o vestirse,525.0,2389.0,5.0,ENIGH (INEGI),Personas de 18 años o más,enigh
hogar,Es jefa o jefe del hogar,2024,Hombres,Con discapacidad,Tamaulipas,45-59,Brazos o manos,4134.0,6541.0,12.0,ENIGH (INEGI),Personas de 18 años o más,enigh
hogar,Es jefa o jefe del hogar,2024,Hombres,Con discapacidad,Tamaulipas,45-59,Caminar,4324.0,8063.0,18.0,ENIGH (INEGI),Personas de 18 años o más,enigh
hogar,Es jefa o jefe del hogar,2024,Hombres,Con discapacidad,Tamaulipas,45-59,Hablar o comunicarse,1412.0,2751.0,5.0,ENIGH (INEGI),Personas de 18 años o más,enigh
hogar,Es jefa o jefe del hogar,2024,Hombres,Con discapacidad,Tamaulipas,45-59,Mental,3446.0,5544.0,11.0,ENIGH (INEGI),Personas de 18 años o más,enigh
hogar,Es jefa o jefe del hogar,2024,Hombres,Con discapacidad,Tamaulipas,45-59,Oír,3917.0,4444.0,9.0,ENIGH (INEGI),Personas de 18 años o más,enigh
hogar,Es jefa o jefe del hogar,2024,Hombres,Con discapacidad,Tamaulipas,45-59,Recordar o concentrarse,495.0,1649.0,3.0,ENIGH (INEGI),Personas de 18 años o más,enigh
hogar,Es jefa o jefe del hogar,2024,Hombres,Con discapacidad,Tamaulipas,45-59,Ver,9797.0,11154.0,22.0,ENIGH (INEGI),Personas de 18 años o más,enigh
hogar,Es jefa o jefe del hogar,2024,Hombres,Con discapacidad,Tamaulipas,60+,Bañarse o vestirse,5630.0,9336.0,23.0,ENIGH (INEGI),Personas de 18 años o más,enigh
hogar,Es jefa o jefe del hogar,2024,Hombres,Con discapacidad,Tamaulipas,60+,Brazos o manos,10024.0,14743.0,36.0,ENIGH (INEGI),Personas de 18 años o más,enigh
hogar,Es jefa o jefe del hogar,2024,Hombres,Con discapacidad,Tamaulipas,60+,Caminar,21156.0,27061.0,63.0,ENIGH (INEGI),Personas de 18 años o más,enigh
hogar,Es jefa o jefe del hogar,2024,Hombres,Con discapacidad,Tamaulipas,60+,Hablar o comunicarse,2215.0,5707.0,12.0,ENIGH (INEGI),Personas de 18 años o más,enigh
hogar,Es jefa o jefe del hogar,2024,Hombres,Con discapacidad,Tamaulipas,60+,Mental,3361.0,7577.0,16.0,ENIGH (INEGI),Personas de 18 años o más,enigh
hogar,Es jefa o jefe del hogar,2024,Hombres,Con discapacidad,Tamaulipas,60+,Oír,10028.0,14820.0,36.0,ENIGH (INEGI),Personas de 18 años o más,enigh
hogar,Es jefa o jefe del hogar,2024,Hombres,Con discapacidad,Tamaulipas,60+,Recordar o concentrarse,5915.0,10068.0,22.0,ENIGH (INEGI),Personas de 18 años o más,enigh
hogar,Es jefa o jefe del hogar,2024,Hombres,Con discapacidad,Tamaulipas,60+,Ver,18459.0,22650.0,54.0,ENIGH (INEGI),Personas de 18 años o más,enigh
hogar,Es jefa o jefe del hogar,2024,Hombres,Con discapacidad,Tlaxcala,18-29,Bañarse o vestirse,0.0,814.0,4.0,ENIGH (INEGI),Personas de 18 años o más,enigh
hogar,Es jefa o jefe del hogar,2024,Hombres,Con discapacidad,Tlaxcala,18-29,Brazos o manos,0.0,814.0,4.0,ENIGH (INEGI),Personas de 18 años o más,enigh
hogar,Es jefa o jefe del hogar,2024,Hombres,Con discapacidad,Tlaxcala,18-29,Caminar,0.0,658.0,3.0,ENIGH (INEGI),Personas de 18 años o más,enigh
hogar,Es jefa o jefe del hogar,2024,Hombres,Con discapacidad,Tlaxcala,18-29,Hablar o comunicarse,0.0,995.0,5.0,ENIGH (INEGI),Personas de 18 años o más,enigh
hogar,Es jefa o jefe del hogar,2024,Hombres,Con discapacidad,Tlaxcala,18-29,Mental,0.0,1442.0,8.0,ENIGH (INEGI),Personas de 18 años o más,enigh
hogar,Es jefa o jefe del hogar,2024,Hombres,Con discapacidad,Tlaxcala,18-29,Oír,0.0,606.0,3.0,ENIGH (INEGI),Personas de 18 años o más,enigh
hogar,Es jefa o jefe del hogar,2024,Hombres,Con discapacidad,Tlaxcala,18-29,Recordar o concentrarse,0.0,945.0,5.0,ENIGH (INEGI),Personas de 18 años o más,enigh
hogar,Es jefa o jefe del hogar,2024,Hombres,Con discapacidad,Tlaxcala,18-29,Ver,0.0,1224.0,6.0,ENIGH (INEGI),Personas de 18 años o más,enigh
hogar,Es jefa o jefe del hogar,2024,Hombres,Con discapacidad,Tlaxcala,30-44,Bañarse o vestirse,0.0,812.0,4.0,ENIGH (INEGI),Personas de 18 años o más,enigh
hogar,Es jefa o jefe del hogar,2024,Hombres,Con discapacidad,Tlaxcala,30-44,Brazos o manos,839.0,2031.0,7.0,ENIGH (INEGI),Personas de 18 años o más,enigh
hogar,Es jefa o jefe del hogar,2024,Hombres,Con discapacidad,Tlaxcala,30-44,Caminar,216.0,1149.0,7.0,ENIGH (INEGI),Personas de 18 años o más,enigh
hogar,Es jefa o jefe del hogar,2024,Hombres,Con discapacidad,Tlaxcala,30-44,Hablar o comunicarse,0.0,1099.0,6.0,ENIGH (INEGI),Personas de 18 años o más,enigh
hogar,Es jefa o jefe del hogar,2024,Hombres,Con discapacidad,Tlaxcala,30-44,Mental,417.0,1661.0,9.0,ENIGH (INEGI),Personas de 18 años o más,enigh
hogar,Es jefa o jefe del hogar,2024,Hombres,Con discapacidad,Tlaxcala,30-44,Oír,215.0,493.0,3.0,ENIGH (INEGI),Personas de 18 años o más,enigh
hogar,Es jefa o jefe del hogar,2024,Hombres,Con discapacidad,Tlaxcala,30-44,Recordar o concentrarse,105.0,902.0,5.0,ENIGH (INEGI),Personas de 18 años o más,enigh
hogar,Es jefa o jefe del hogar,2024,Hombres,Con discapacidad,Tlaxcala,30-44,Ver,1246.0,1973.0,10.0,ENIGH (INEGI),Personas de 18 años o más,enigh
hogar,Es jefa o jefe del hogar,2024,Hombres,Con discapacidad,Tlaxcala,45-59,Bañarse o vestirse,416.0,987.0,6.0,ENIGH (INEGI),Personas de 18 años o más,enigh
hogar,Es jefa o jefe del hogar,2024,Hombres,Con discapacidad,Tlaxcala,45-59,Brazos o manos,947.0,1609.0,10.0,ENIGH (INEGI),Personas de 18 años o más,enigh
hogar,Es jefa o jefe del hogar,2024,Hombres,Con discapacidad,Tlaxcala,45-59,Caminar,1145.0,1563.0,11.0,ENIGH (INEGI),Personas de 18 años o más,enigh
hogar,Es jefa o jefe del hogar,2024,Hombres,Con discapacidad,Tlaxcala,45-59,Hablar o comunicarse,84.0,386.0,3.0,ENIGH (INEGI),Personas de 18 años o más,enigh
hogar,Es jefa o jefe del hogar,2024,Hombres,Con discapacidad,Tlaxcala,45-59,Mental,1428.0,1654.0,8.0,ENIGH (INEGI),Personas de 18 años o más,enigh
hogar,Es jefa o jefe del hogar,2024,Hombres,Con discapacidad,Tlaxcala,45-59,Oír,838.0,838.0,4.0,ENIGH (INEGI),Personas de 18 años o más,enigh
hogar,Es jefa o jefe del hogar,2024,Hombres,Con discapacidad,Tlaxcala,45-59,Recordar o concentrarse,1131.0,1626.0,8.0,ENIGH (INEGI),Personas de 18 años o más,enigh
hogar,Es jefa o jefe del hogar,2024,Hombres,Con discapacidad,Tlaxcala,45-59,Ver,2109.0,2615.0,16.0,ENIGH (INEGI),Personas de 18 años o más,enigh
hogar,Es jefa o jefe del hogar,2024,Hombres,Con discapacidad,Tlaxcala,60+,Bañarse o vestirse,2265.0,2812.0,14.0,ENIGH (INEGI),Personas de 18 años o más,enigh
hogar,Es jefa o jefe del hogar,2024,Hombres,Con discapacidad,Tlaxcala,60+,Brazos o manos,2834.0,3923.0,19.0,ENIGH (INEGI),Personas de 18 años o más,enigh
hogar,Es jefa o jefe del hogar,2024,Hombres,Con discapacidad,Tlaxcala,60+,Caminar,6094.0,7978.0,46.0,ENIGH (INEGI),Personas de 18 años o más,enigh
hogar,Es jefa o jefe del hogar,2024,Hombres,Con discapacidad,Tlaxcala,60+,Hablar o comunicarse,2445.0,3632.0,22.0,ENIGH (INEGI),Personas de 18 años o más,enigh
hogar,Es jefa o jefe del hogar,2024,Hombres,Con discapacidad,Tlaxcala,60+,Mental,2350.0,3498.0,18.0,ENIGH (INEGI),Personas de 18 años o más,enigh
hogar,Es jefa o jefe del hogar,2024,Hombres,Con discapacidad,Tlaxcala,60+,Oír,5939.0,6902.0,37.0,ENIGH (INEGI),Personas de 18 años o más,enigh
hogar,Es jefa o jefe del hogar,2024,Hombres,Con discapacidad,Tlaxcala,60+,Recordar o concentrarse,3018.0,4360.0,24.0,ENIGH (INEGI),Personas de 18 años o más,enigh
hogar,Es jefa o jefe del hogar,2024,Hombres,Con discapacidad,Tlaxcala,60+,Ver,5884.0,6870.0,38.0,ENIGH (INEGI),Personas de 18 años o más,enigh
hogar,Es jefa o jefe del hogar,2024,Hombres,Con discapacidad,Veracruz,18-29,Bañarse o vestirse,0.0,4599.0,4.0,ENIGH (INEGI),Personas de 18 años o más,enigh
hogar,Es jefa o jefe del hogar,2024,Hombres,Con discapacidad,Veracruz,18-29,Brazos o manos,0.0,3275.0,3.0,ENIGH (INEGI),Personas de 18 años o más,enigh
hogar,Es jefa o jefe del hogar,2024,Hombres,Con discapacidad,Veracruz,18-29,Caminar,0.0,6804.0,6.0,ENIGH (INEGI),Personas de 18 años o más,enigh
hogar,Es jefa o jefe del hogar,2024,Hombres,Con discapacidad,Veracruz,18-29,Hablar o comunicarse,0.0,13524.0,13.0,ENIGH (INEGI),Personas de 18 años o más,enigh
hogar,Es jefa o jefe del hogar,2024,Hombres,Con discapacidad,Veracruz,18-29,Mental,583.0,8440.0,8.0,ENIGH (INEGI),Personas de 18 años o más,enigh
hogar,Es jefa o jefe del hogar,2024,Hombres,Con discapacidad,Veracruz,18-29,Oír,0.0,4532.0,5.0,ENIGH (INEGI),Personas de 18 años o más,enigh
hogar,Es jefa o jefe del hogar,2024,Hombres,Con discapacidad,Veracruz,18-29,Recordar o concentrarse,0.0,3220.0,3.0,ENIGH (INEGI),Personas de 18 años o más,enigh
hogar,Es jefa o jefe del hogar,2024,Hombres,Con discapacidad,Veracruz,18-29,Ver,0.0,1969.0,2.0,ENIGH (INEGI),Personas de 18 años o más,enigh
hogar,Es jefa o jefe del hogar,2024,Hombres,Con discapacidad,Veracruz,30-44,Bañarse o vestirse,1046.0,4125.0,4.0,ENIGH (INEGI),Personas de 18 años o más,enigh
hogar,Es jefa o jefe del hogar,2024,Hombres,Con discapacidad,Veracruz,30-44,Brazos o manos,1625.0,2724.0,5.0,ENIGH (INEGI),Personas de 18 años o más,enigh
hogar,Es jefa o jefe del hogar,2024,Hombres,Con discapacidad,Veracruz,30-44,Caminar,4331.0,10393.0,11.0,ENIGH (INEGI),Personas de 18 años o más,enigh
hogar,Es jefa o jefe del hogar,2024,Hombres,Con discapacidad,Veracruz,30-44,Hablar o comunicarse,2008.0,9439.0,11.0,ENIGH (INEGI),Personas de 18 años o más,enigh
hogar,Es jefa o jefe del hogar,2024,Hombres,Con discapacidad,Veracruz,30-44,Mental,0.0,7403.0,10.0,ENIGH (INEGI),Personas de 18 años o más,enigh
hogar,Es jefa o jefe del hogar,2024,Hombres,Con discapacidad,Veracruz,30-44,Oír,2366.0,5333.0,6.0,ENIGH (INEGI),Personas de 18 años o más,enigh
hogar,Es jefa o jefe del hogar,2024,Hombres,Con discapacidad,Veracruz,30-44,Recordar o concentrarse,2055.0,8552.0,10.0,ENIGH (INEGI),Personas de 18 años o más,enigh
hogar,Es jefa o jefe del hogar,2024,Hombres,Con discapacidad,Veracruz,30-44,Ver,5331.0,9523.0,10.0,ENIGH (INEGI),Personas de 18 años o más,enigh
hogar,Es jefa o jefe del hogar,2024,Hombres,Con discapacidad,Veracruz,45-59,Bañarse o vestirse,3003.0,4988.0,5.0,ENIGH (INEGI),Personas de 18 años o más,enigh
hogar,Es jefa o jefe del hogar,2024,Hombres,Con discapacidad,Veracruz,45-59,Brazos o manos,10863.0,13009.0,15.0,ENIGH (INEGI),Personas de 18 años o más,enigh
hogar,Es jefa o jefe del hogar,2024,Hombres,Con discapacidad,Veracruz,45-59,Caminar,17397.0,23497.0,32.0,ENIGH (INEGI),Personas de 18 años o más,enigh
hogar,Es jefa o jefe del hogar,2024,Hombres,Con discapacidad,Veracruz,45-59,Hablar o comunicarse,0.0,4619.0,6.0,ENIGH (INEGI),Personas de 18 años o más,enigh
hogar,Es jefa o jefe del hogar,2024,Hombres,Con discapacidad,Veracruz,45-59,Mental,680.0,5468.0,6.0,ENIGH (INEGI),Personas de 18 años o más,enigh
hogar,Es jefa o jefe del hogar,2024,Hombres,Con discapacidad,Veracruz,45-59,Oír,8088.0,11312.0,11.0,ENIGH (INEGI),Personas de 18 años o más,enigh
hogar,Es jefa o jefe del hogar,2024,Hombres,Con discapacidad,Veracruz,45-59,Recordar o concentrarse,2919.0,7604.0,8.0,ENIGH (INEGI),Personas de 18 años o más,enigh
hogar,Es jefa o jefe del hogar,2024,Hombres,Con discapacidad,Veracruz,45-59,Ver,28078.0,33460.0,39.0,ENIGH (INEGI),Personas de 18 años o más,enigh
hogar,Es jefa o jefe del hogar,2024,Hombres,Con discapacidad,Veracruz,60+,Bañarse o vestirse,20115.0,25650.0,29.0,ENIGH (INEGI),Personas de 18 años o más,enigh
hogar,Es jefa o jefe del hogar,2024,Hombres,Con discapacidad,Veracruz,60+,Brazos o manos,27637.0,34779.0,42.0,ENIGH (INEGI),Personas de 18 años o más,enigh
hogar,Es jefa o jefe del hogar,2024,Hombres,Con discapacidad,Veracruz,60+,Caminar,56198.0,70777.0,94.0,ENIGH (INEGI),Personas de 18 años o más,enigh
hogar,Es jefa o jefe del hogar,2024,Hombres,Con discapacidad,Veracruz,60+,Hablar o comunicarse,5190.0,9103.0,11.0,ENIGH (INEGI),Personas de 18 años o más,enigh
hogar,Es jefa o jefe del hogar,2024,Hombres,Con discapacidad,Veracruz,60+,Mental,8645.0,14530.0,16.0,ENIGH (INEGI),Personas de 18 años o más,enigh
hogar,Es jefa o jefe del hogar,2024,Hombres,Con discapacidad,Veracruz,60+,Oír,43098.0,55662.0,72.0,ENIGH (INEGI),Personas de 18 años o más,enigh
hogar,Es jefa o jefe del hogar,2024,Hombres,Con discapacidad,Veracruz,60+,Recordar o concentrarse,19888.0,24957.0,27.0,ENIGH (INEGI),Personas de 18 años o más,enigh
hogar,Es jefa o jefe del hogar,2024,Hombres,Con discapacidad,Veracruz,60+,Ver,55152.0,67393.0,82.0,ENIGH (INEGI),Personas de 18 años o más,enigh
hogar,Es jefa o jefe del hogar,2024,Hombres,Con discapacidad,Yucatán,18-29,Bañarse o vestirse,0.0,321.0,2.0,ENIGH (INEGI),Personas de 18 años o más,enigh
hogar,Es jefa o jefe del hogar,2024,Hombres,Con discapacidad,Yucatán,18-29,Brazos o manos,476.0,1011.0,4.0,ENIGH (INEGI),Personas de 18 años o más,enigh
hogar,Es jefa o jefe del hogar,2024,Hombres,Con discapacidad,Yucatán,18-29,Caminar,0.0,718.0,4.0,ENIGH (INEGI),Personas de 18 años o más,enigh
hogar,Es jefa o jefe del hogar,2024,Hombres,Con discapacidad,Yucatán,18-29,Hablar o comunicarse,0.0,1075.0,5.0,ENIGH (INEGI),Personas de 18 años o más,enigh
hogar,Es jefa o jefe del hogar,2024,Hombres,Con discapacidad,Yucatán,18-29,Mental,509.0,2957.0,12.0,ENIGH (INEGI),Personas de 18 años o más,enigh
hogar,Es jefa o jefe del hogar,2024,Hombres,Con discapacidad,Yucatán,18-29,Oír,0.0,477.0,3.0,ENIGH (INEGI),Personas de 18 años o más,enigh
hogar,Es jefa o jefe del hogar,2024,Hombres,Con discapacidad,Yucatán,18-29,Recordar o concentrarse,551.0,2544.0,10.0,ENIGH (INEGI),Personas de 18 años o más,enigh
hogar,Es jefa o jefe del hogar,2024,Hombres,Con discapacidad,Yucatán,18-29,Ver,0.0,1455.0,7.0,ENIGH (INEGI),Personas de 18 años o más,enigh
hogar,Es jefa o jefe del hogar,2024,Hombres,Con discapacidad,Yucatán,30-44,Bañarse o vestirse,77.0,730.0,5.0,ENIGH (INEGI),Personas de 18 años o más,enigh
hogar,Es jefa o jefe del hogar,2024,Hombres,Con discapacidad,Yucatán,30-44,Brazos o manos,629.0,1440.0,11.0,ENIGH (INEGI),Personas de 18 años o más,enigh
hogar,Es jefa o jefe del hogar,2024,Hombres,Con discapacidad,Yucatán,30-44,Caminar,1456.0,2927.0,14.0,ENIGH (INEGI),Personas de 18 años o más,enigh
hogar,Es jefa o jefe del hogar,2024,Hombres,Con discapacidad,Yucatán,30-44,Hablar o comunicarse,89.0,1561.0,10.0,ENIGH (INEGI),Personas de 18 años o más,enigh
hogar,Es jefa o jefe del hogar,2024,Hombres,Con discapacidad,Yucatán,30-44,Mental,80.0,1885.0,12.0,ENIGH (INEGI),Personas de 18 años o más,enigh
hogar,Es jefa o jefe del hogar,2024,Hombres,Con discapacidad,Yucatán,30-44,Oír,503.0,1002.0,5.0,ENIGH (INEGI),Personas de 18 años o más,enigh
hogar,Es jefa o jefe del hogar,2024,Hombres,Con discapacidad,Yucatán,30-44,Recordar o concentrarse,0.0,1946.0,9.0,ENIGH (INEGI),Personas de 18 años o más,enigh
hogar,Es jefa o jefe del hogar,2024,Hombres,Con discapacidad,Yucatán,30-44,Ver,1565.0,2340.0,10.0,ENIGH (INEGI),Personas de 18 años o más,enigh
hogar,Es jefa o jefe del hogar,2024,Hombres,Con discapacidad,Yucatán,45-59,Bañarse o vestirse,2023.0,3938.0,13.0,ENIGH (INEGI),Personas de 18 años o más,enigh
hogar,Es jefa o jefe del hogar,2024,Hombres,Con discapacidad,Yucatán,45-59,Brazos o manos,3025.0,5053.0,22.0,ENIGH (INEGI),Personas de 18 años o más,enigh
hogar,Es jefa o jefe del hogar,2024,Hombres,Con discapacidad,Yucatán,45-59,Caminar,6410.0,10070.0,40.0,ENIGH (INEGI),Personas de 18 años o más,enigh
hogar,Es jefa o jefe del hogar,2024,Hombres,Con discapacidad,Yucatán,45-59,Hablar o comunicarse,1541.0,2691.0,11.0,ENIGH (INEGI),Personas de 18 años o más,enigh
hogar,Es jefa o jefe del hogar,2024,Hombres,Con discapacidad,Yucatán,45-59,Mental,1481.0,3730.0,17.0,ENIGH (INEGI),Personas de 18 años o más,enigh
hogar,Es jefa o jefe del hogar,2024,Hombres,Con discapacidad,Yucatán,45-59,Oír,4086.0,6046.0,24.0,ENIGH (INEGI),Personas de 18 años o más,enigh
hogar,Es jefa o jefe del hogar,2024,Hombres,Con discapacidad,Yucatán,45-59,Recordar o concentrarse,2018.0,3535.0,12.0,ENIGH (INEGI),Personas de 18 años o más,enigh
hogar,Es jefa o jefe del hogar,2024,Hombres,Con discapacidad,Yucatán,45-59,Ver,5328.0,7347.0,39.0,ENIGH (INEGI),Personas de 18 años o más,enigh
hogar,Es jefa o jefe del hogar,2024,Hombres,Con discapacidad,Yucatán,60+,Bañarse o vestirse,4441.0,6493.0,28.0,ENIGH (INEGI),Personas de 18 años o más,enigh
hogar,Es jefa o jefe del hogar,2024,Hombres,Con discapacidad,Yucatán,60+,Brazos o manos,7932.0,10349.0,40.0,ENIGH (INEGI),Personas de 18 años o más,enigh
hogar,Es jefa o jefe del hogar,2024,Hombres,Con discapacidad,Yucatán,60+,Caminar,11942.0,18661.0,80.0,ENIGH (INEGI),Personas de 18 años o más,enigh
hogar,Es jefa o jefe del hogar,2024,Hombres,Con discapacidad,Yucatán,60+,Hablar o comunicarse,1525.0,3331.0,18.0,ENIGH (INEGI),Personas de 18 años o más,enigh
hogar,Es jefa o jefe del hogar,2024,Hombres,Con discapacidad,Yucatán,60+,Mental,2883.0,4621.0,18.0,ENIGH (INEGI),Personas de 18 años o más,enigh
hogar,Es jefa o jefe del hogar,2024,Hombres,Con discapacidad,Yucatán,60+,Oír,7101.0,11312.0,40.0,ENIGH (INEGI),Personas de 18 años o más,enigh
hogar,Es jefa o jefe del hogar,2024,Hombres,Con discapacidad,Yucatán,60+,Recordar o concentrarse,5322.0,8221.0,32.0,ENIGH (INEGI),Personas de 18 años o más,enigh
hogar,Es jefa o jefe del hogar,2024,Hombres,Con discapacidad,Yucatán,60+,Ver,16089.0,21253.0,84.0,ENIGH (INEGI),Personas de 18 años o más,enigh
hogar,Es jefa o jefe del hogar,2024,Hombres,Con discapacidad,Zacatecas,18-29,Bañarse o vestirse,0.0,494.0,3.0,ENIGH (INEGI),Personas de 18 años o más,enigh
hogar,Es jefa o jefe del hogar,2024,Hombres,Con discapacidad,Zacatecas,18-29,Brazos o manos,0.0,166.0,1.0,ENIGH (INEGI),Personas de 18 años o más,enigh
hogar,Es jefa o jefe del hogar,2024,Hombres,Con discapacidad,Zacatecas,18-29,Caminar,0.0,325.0,2.0,ENIGH (INEGI),Personas de 18 años o más,enigh
hogar,Es jefa o jefe del hogar,2024,Hombres,Con discapacidad,Zacatecas,18-29,Hablar o comunicarse,0.0,357.0,2.0,ENIGH (INEGI),Personas de 18 años o más,enigh
hogar,Es jefa o jefe del hogar,2024,Hombres,Con discapacidad,Zacatecas,18-29,Mental,229.0,1687.0,9.0,ENIGH (INEGI),Personas de 18 años o más,enigh
hogar,Es jefa o jefe del hogar,2024,Hombres,Con discapacidad,Zacatecas,18-29,Oír,0.0,752.0,4.0,ENIGH (INEGI),Personas de 18 años o más,enigh
hogar,Es jefa o jefe del hogar,2024,Hombres,Con discapacidad,Zacatecas,18-29,Recordar o concentrarse,0.0,408.0,2.0,ENIGH (INEGI),Personas de 18 años o más,enigh
hogar,Es jefa o jefe del hogar,2024,Hombres,Con discapacidad,Zacatecas,18-29,Ver,172.0,1224.0,7.0,ENIGH (INEGI),Personas de 18 años o más,enigh
hogar,Es jefa o jefe del hogar,2024,Hombres,Con discapacidad,Zacatecas,30-44,Bañarse o vestirse,1225.0,2173.0,12.0,ENIGH (INEGI),Personas de 18 años o más,enigh
hogar,Es jefa o jefe del hogar,2024,Hombres,Con discapacidad,Zacatecas,30-44,Brazos o manos,582.0,1651.0,9.0,ENIGH (INEGI),Personas de 18 años o más,enigh
hogar,Es jefa o jefe del hogar,2024,Hombres,Con discapacidad,Zacatecas,30-44,Caminar,418.0,2038.0,11.0,ENIGH (INEGI),Personas de 18 años o más,enigh
hogar,Es jefa o jefe del hogar,2024,Hombres,Con discapacidad,Zacatecas,30-44,Hablar o comunicarse,585.0,1299.0,7.0,ENIGH (INEGI),Personas de 18 años o más,enigh
hogar,Es jefa o jefe del hogar,2024,Hombres,Con discapacidad,Zacatecas,30-44,Mental,1088.0,2585.0,14.0,ENIGH (INEGI),Personas de 18 años o más,enigh
hogar,Es jefa o jefe del hogar,2024,Hombres,Con discapacidad,Zacatecas,30-44,Oír,793.0,1701.0,9.0,ENIGH (INEGI),Personas de 18 años o más,enigh
hogar,Es jefa o jefe del hogar,2024,Hombres,Con discapacidad,Zacatecas,30-44,Recordar o concentrarse,1061.0,2550.0,14.0,ENIGH (INEGI),Personas de 18 años o más,enigh
hogar,Es jefa o jefe del hogar,2024,Hombres,Con discapacidad,Zacatecas,30-44,Ver,418.0,2072.0,11.0,ENIGH (INEGI),Personas de 18 años o más,enigh
hogar,Es jefa o jefe del hogar,2024,Hombres,Con discapacidad,Zacatecas,45-59,Bañarse o vestirse,3394.0,3394.0,18.0,ENIGH (INEGI),Personas de 18 años o más,enigh
hogar,Es jefa o jefe del hogar,2024,Hombres,Con discapacidad,Zacatecas,45-59,Brazos o manos,1501.0,1501.0,8.0,ENIGH (INEGI),Personas de 18 años o más,enigh
hogar,Es jefa o jefe del hogar,2024,Hombres,Con discapacidad,Zacatecas,45-59,Caminar,1652.0,2028.0,11.0,ENIGH (INEGI),Personas de 18 años o más,enigh
hogar,Es jefa o jefe del hogar,2024,Hombres,Con discapacidad,Zacatecas,45-59,Hablar o comunicarse,1125.0,1297.0,7.0,ENIGH (INEGI),Personas de 18 años o más,enigh
hogar,Es jefa o jefe del hogar,2024,Hombres,Con discapacidad,Zacatecas,45-59,Mental,3398.0,4336.0,23.0,ENIGH (INEGI),Personas de 18 años o más,enigh
hogar,Es jefa o jefe del hogar,2024,Hombres,Con discapacidad,Zacatecas,45-59,Oír,161.0,666.0,4.0,ENIGH (INEGI),Personas de 18 años o más,enigh
hogar,Es jefa o jefe del hogar,2024,Hombres,Con discapacidad,Zacatecas,45-59,Recordar o concentrarse,4786.0,5143.0,27.0,ENIGH (INEGI),Personas de 18 años o más,enigh
hogar,Es jefa o jefe del hogar,2024,Hombres,Con discapacidad,Zacatecas,45-59,Ver,1299.0,1628.0,9.0,ENIGH (INEGI),Personas de 18 años o más,enigh
hogar,Es jefa o jefe del hogar,2024,Hombres,Con discapacidad,Zacatecas,60+,Bañarse o vestirse,7823.0,9785.0,55.0,ENIGH (INEGI),Personas de 18 años o más,enigh
hogar,Es jefa o jefe del hogar,2024,Hombres,Con discapacidad,Zacatecas,60+,Brazos o manos,5411.0,7309.0,40.0,ENIGH (INEGI),Personas de 18 años o más,enigh
hogar,Es jefa o jefe del hogar,2024,Hombres,Con discapacidad,Zacatecas,60+,Caminar,4830.0,6280.0,34.0,ENIGH (INEGI),Personas de 18 años o más,enigh
hogar,Es jefa o jefe del hogar,2024,Hombres,Con discapacidad,Zacatecas,60+,Hablar o comunicarse,8045.0,10960.0,60.0,ENIGH (INEGI),Personas de 18 años o más,enigh
hogar,Es jefa o jefe del hogar,2024,Hombres,Con discapacidad,Zacatecas,60+,Mental,11935.0,13778.0,75.0,ENIGH (INEGI),Personas de 18 años o más,enigh
hogar,Es jefa o jefe del hogar,2024,Hombres,Con discapacidad,Zacatecas,60+,Oír,2392.0,3441.0,20.0,ENIGH (INEGI),Personas de 18 años o más,enigh
hogar,Es jefa o jefe del hogar,2024,Hombres,Con discapacidad,Zacatecas,60+,Recordar o concentrarse,15991.0,19384.0,109.0,ENIGH (INEGI),Personas de 18 años o más,enigh
hogar,Es jefa o jefe del hogar,2024,Hombres,Con discapacidad,Zacatecas,60+,Ver,4248.0,5130.0,29.0,ENIGH (INEGI),Personas de 18 años o más,enigh
hogar,Es jefa o jefe del hogar,2024,Mujeres,Con discapacidad,Aguascalientes,18-29,Bañarse o vestirse,0.0,782.0,4.0,ENIGH (INEGI),Personas de 18 años o más,enigh
hogar,Es jefa o jefe del hogar,2024,Mujeres,Con discapacidad,Aguascalientes,18-29,Brazos o manos,0.0,397.0,2.0,ENIGH (INEGI),Personas de 18 años o más,enigh
hogar,Es jefa o jefe del hogar,2024,Mujeres,Con discapacidad,Aguascalientes,18-29,Caminar,0.0,782.0,4.0,ENIGH (INEGI),Personas de 18 años o más,enigh
hogar,Es jefa o jefe del hogar,2024,Mujeres,Con discapacidad,Aguascalientes,18-29,Hablar o comunicarse,0.0,389.0,2.0,ENIGH (INEGI),Personas de 18 años o más,enigh
hogar,Es jefa o jefe del hogar,2024,Mujeres,Con discapacidad,Aguascalientes,18-29,Mental,0.0,1193.0,7.0,ENIGH (INEGI),Personas de 18 años o más,enigh
hogar,Es jefa o jefe del hogar,2024,Mujeres,Con discapacidad,Aguascalientes,18-29,Oír,0.0,162.0,1.0,ENIGH (INEGI),Personas de 18 años o más,enigh
hogar,Es jefa o jefe del hogar,2024,Mujeres,Con discapacidad,Aguascalientes,18-29,Recordar o concentrarse,223.0,835.0,4.0,ENIGH (INEGI),Personas de 18 años o más,enigh
hogar,Es jefa o jefe del hogar,2024,Mujeres,Con discapacidad,Aguascalientes,18-29,Ver,110.0,857.0,9.0,ENIGH (INEGI),Personas de 18 años o más,enigh
hogar,Es jefa o jefe del hogar,2024,Mujeres,Con discapacidad,Aguascalientes,30-44,Bañarse o vestirse,180.0,1606.0,6.0,ENIGH (INEGI),Personas de 18 años o más,enigh
hogar,Es jefa o jefe del hogar,2024,Mujeres,Con discapacidad,Aguascalientes,30-44,Brazos o manos,180.0,1295.0,5.0,ENIGH (INEGI),Personas de 18 años o más,enigh
hogar,Es jefa o jefe del hogar,2024,Mujeres,Con discapacidad,Aguascalientes,30-44,Caminar,322.0,1957.0,10.0,ENIGH (INEGI),Personas de 18 años o más,enigh
hogar,Es jefa o jefe del hogar,2024,Mujeres,Con discapacidad,Aguascalientes,30-44,Hablar o comunicarse,180.0,1032.0,3.0,ENIGH (INEGI),Personas de 18 años o más,enigh
hogar,Es jefa o jefe del hogar,2024,Mujeres,Con discapacidad,Aguascalientes,30-44,Mental,409.0,1261.0,4.0,ENIGH (INEGI),Personas de 18 años o más,enigh
hogar,Es jefa o jefe del hogar,2024,Mujeres,Con discapacidad,Aguascalientes,30-44,Oír,0.0,330.0,3.0,ENIGH (INEGI),Personas de 18 años o más,enigh
hogar,Es jefa o jefe del hogar,2024,Mujeres,Con discapacidad,Aguascalientes,30-44,Recordar o concentrarse,385.0,701.0,5.0,ENIGH (INEGI),Personas de 18 años o más,enigh
hogar,Es jefa o jefe del hogar,2024,Mujeres,Con discapacidad,Aguascalientes,30-44,Ver,581.0,2430.0,17.0,ENIGH (INEGI),Personas de 18 años o más,enigh
hogar,Es jefa o jefe del hogar,2024,Mujeres,Con discapacidad,Aguascalientes,45-59,Bañarse o vestirse,51.0,1115.0,5.0,ENIGH (INEGI),Personas de 18 años o más,enigh
hogar,Es jefa o jefe del hogar,2024,Mujeres,Con discapacidad,Aguascalientes,45-59,Brazos o manos,1473.0,2350.0,18.0,ENIGH (INEGI),Personas de 18 años o más,enigh
hogar,Es jefa o jefe del hogar,2024,Mujeres,Con discapacidad,Aguascalientes,45-59,Caminar,1975.0,4039.0,33.0,ENIGH (INEGI),Personas de 18 años o más,enigh
hogar,Es jefa o jefe del hogar,2024,Mujeres,Con discapacidad,Aguascalientes,45-59,Hablar o comunicarse,297.0,1111.0,4.0,ENIGH (INEGI),Personas de 18 años o más,enigh
hogar,Es jefa o jefe del hogar,2024,Mujeres,Con discapacidad,Aguascalientes,45-59,Mental,794.0,1608.0,6.0,ENIGH (INEGI),Personas de 18 años o más,enigh
hogar,Es jefa o jefe del hogar,2024,Mujeres,Con discapacidad,Aguascalientes,45-59,Oír,333.0,435.0,3.0,ENIGH (INEGI),Personas de 18 años o más,enigh
hogar,Es jefa o jefe del hogar,2024,Mujeres,Con discapacidad,Aguascalientes,45-59,Recordar o concentrarse,651.0,1615.0,9.0,ENIGH (INEGI),Personas de 18 años o más,enigh
hogar,Es jefa o jefe del hogar,2024,Mujeres,Con discapacidad,Aguascalientes,45-59,Ver,1889.0,3393.0,31.0,ENIGH (INEGI),Personas de 18 años o más,enigh
hogar,Es jefa o jefe del hogar,2024,Mujeres,Con discapacidad,Aguascalientes,60+,Bañarse o vestirse,1774.0,3974.0,37.0,ENIGH (INEGI),Personas de 18 años o más,enigh
hogar,Es jefa o jefe del hogar,2024,Mujeres,Con discapacidad,Aguascalientes,60+,Brazos o manos,2521.0,6519.0,56.0,ENIGH (INEGI),Personas de 18 años o más,enigh
hogar,Es jefa o jefe del hogar,2024,Mujeres,Con discapacidad,Aguascalientes,60+,Caminar,5651.0,12175.0,103.0,ENIGH (INEGI),Personas de 18 años o más,enigh
hogar,Es jefa o jefe del hogar,2024,Mujeres,Con discapacidad,Aguascalientes,60+,Hablar o comunicarse,1272.0,1954.0,19.0,ENIGH (INEGI),Personas de 18 años o más,enigh
hogar,Es jefa o jefe del hogar,2024,Mujeres,Con discapacidad,Aguascalientes,60+,Mental,1519.0,3171.0,28.0,ENIGH (INEGI),Personas de 18 años o más,enigh
hogar,Es jefa o jefe del hogar,2024,Mujeres,Con discapacidad,Aguascalientes,60+,Oír,2057.0,3522.0,35.0,ENIGH (INEGI),Personas de 18 años o más,enigh
hogar,Es jefa o jefe del hogar,2024,Mujeres,Con discapacidad,Aguascalientes,60+,Recordar o concentrarse,2837.0,4988.0,40.0,ENIGH (INEGI),Personas de 18 años o más,enigh
hogar,Es jefa o jefe del hogar,2024,Mujeres,Con discapacidad,Aguascalientes,60+,Ver,3377.0,6774.0,63.0,ENIGH (INEGI),Personas de 18 años o más,enigh
hogar,Es jefa o jefe del hogar,2024,Mujeres,Con discapacidad,Baja California,18-29,Bañarse o vestirse,0.0,33.0,1.0,ENIGH (INEGI),Personas de 18 años o más,enigh
hogar,Es jefa o jefe del hogar,2024,Mujeres,Con discapacidad,Baja California,18-29,Brazos o manos,0.0,955.0,2.0,ENIGH (INEGI),Personas de 18 años o más,enigh
hogar,Es jefa o jefe del hogar,2024,Mujeres,Con discapacidad,Baja California,18-29,Caminar,0.0,2168.0,6.0,ENIGH (INEGI),Personas de 18 años o más,enigh
hogar,Es jefa o jefe del hogar,2024,Mujeres,Con discapacidad,Baja California,18-29,Hablar o comunicarse,0.0,665.0,3.0,ENIGH (INEGI),Personas de 18 años o más,enigh
hogar,Es jefa o jefe del hogar,2024,Mujeres,Con discapacidad,Baja California,18-29,Mental,562.0,4252.0,9.0,ENIGH (INEGI),Personas de 18 años o más,enigh
hogar,Es jefa o jefe del hogar,2024,Mujeres,Con discapacidad,Baja California,18-29,Oír,0.0,2826.0,6.0,ENIGH (INEGI),Personas de 18 años o más,enigh
hogar,Es jefa o jefe del hogar,2024,Mujeres,Con discapacidad,Baja California,18-29,Recordar o concentrarse,40.0,1010.0,4.0,ENIGH (INEGI),Personas de 18 años o más,enigh
hogar,Es jefa o jefe del hogar,2024,Mujeres,Con discapacidad,Baja California,18-29,Ver,40.0,2526.0,8.0,ENIGH (INEGI),Personas de 18 años o más,enigh
hogar,Es jefa o jefe del hogar,2024,Mujeres,Con discapacidad,Baja California,30-44,Bañarse o vestirse,0.0,563.0,1.0,ENIGH (INEGI),Personas de 18 años o más,enigh
hogar,Es jefa o jefe del hogar,2024,Mujeres,Con discapacidad,Baja California,30-44,Brazos o manos,42.0,854.0,2.0,ENIGH (INEGI),Personas de 18 años o más,enigh
hogar,Es jefa o jefe del hogar,2024,Mujeres,Con discapacidad,Baja California,30-44,Caminar,70.0,733.0,6.0,ENIGH (INEGI),Personas de 18 años o más,enigh
hogar,Es jefa o jefe del hogar,2024,Mujeres,Con discapacidad,Baja California,30-44,Hablar o comunicarse,1445.0,1445.0,2.0,ENIGH (INEGI),Personas de 18 años o más,enigh
hogar,Es jefa o jefe del hogar,2024,Mujeres,Con discapacidad,Baja California,30-44,Mental,3103.0,4860.0,11.0,ENIGH (INEGI),Personas de 18 años o más,enigh
hogar,Es jefa o jefe del hogar,2024,Mujeres,Con discapacidad,Baja California,30-44,Oír,28.0,886.0,5.0,ENIGH (INEGI),Personas de 18 años o más,enigh
hogar,Es jefa o jefe del hogar,2024,Mujeres,Con discapacidad,Baja California,30-44,Recordar o concentrarse,1481.0,2273.0,7.0,ENIGH (INEGI),Personas de 18 años o más,enigh
hogar,Es jefa o jefe del hogar,2024,Mujeres,Con discapacidad,Baja California,30-44,Ver,564.0,3388.0,11.0,ENIGH (INEGI),Personas de 18 años o más,enigh
hogar,Es jefa o jefe del hogar,2024,Mujeres,Con discapacidad,Baja California,45-59,Bañarse o vestirse,2310.0,3792.0,12.0,ENIGH (INEGI),Personas de 18 años o más,enigh
hogar,Es jefa o jefe del hogar,2024,Mujeres,Con discapacidad,Baja California,45-59,Brazos o manos,1901.0,3611.0,18.0,ENIGH (INEGI),Personas de 18 años o más,enigh
hogar,Es jefa o jefe del hogar,2024,Mujeres,Con discapacidad,Baja California,45-59,Caminar,2081.0,7776.0,25.0,ENIGH (INEGI),Personas de 18 años o más,enigh
hogar,Es jefa o jefe del hogar,2024,Mujeres,Con discapacidad,Baja California,45-59,Hablar o comunicarse,718.0,1251.0,4.0,ENIGH (INEGI),Personas de 18 años o más,enigh
hogar,Es jefa o jefe del hogar,2024,Mujeres,Con discapacidad,Baja California,45-59,Mental,2329.0,5894.0,23.0,ENIGH (INEGI),Personas de 18 años o más,enigh
hogar,Es jefa o jefe del hogar,2024,Mujeres,Con discapacidad,Baja California,45-59,Oír,0.0,1026.0,4.0,ENIGH (INEGI),Personas de 18 años o más,enigh
hogar,Es jefa o jefe del hogar,2024,Mujeres,Con discapacidad,Baja California,45-59,Recordar o concentrarse,2495.0,5434.0,16.0,ENIGH (INEGI),Personas de 18 años o más,enigh
hogar,Es jefa o jefe del hogar,2024,Mujeres,Con discapacidad,Baja California,45-59,Ver,2809.0,5786.0,23.0,ENIGH (INEGI),Personas de 18 años o más,enigh
hogar,Es jefa o jefe del hogar,2024,Mujeres,Con discapacidad,Baja California,60+,Bañarse o vestirse,5263.0,13963.0,44.0,ENIGH (INEGI),Personas de 18 años o más,enigh
hogar,Es jefa o jefe del hogar,2024,Mujeres,Con discapacidad,Baja California,60+,Brazos o manos,7491.0,15863.0,46.0,ENIGH (INEGI),Personas de 18 años o más,enigh
hogar,Es jefa o jefe del hogar,2024,Mujeres,Con discapacidad,Baja California,60+,Caminar,11456.0,24193.0,85.0,ENIGH (INEGI),Personas de 18 años o más,enigh
hogar,Es jefa o jefe del hogar,2024,Mujeres,Con discapacidad,Baja California,60+,Hablar o comunicarse,3999.0,9042.0,29.0,ENIGH (INEGI),Personas de 18 años o más,enigh
hogar,Es jefa o jefe del hogar,2024,Mujeres,Con discapacidad,Baja California,60+,Mental,6334.0,16011.0,59.0,ENIGH (INEGI),Personas de 18 años o más,enigh
hogar,Es jefa o jefe del hogar,2024,Mujeres,Con discapacidad,Baja California,60+,Oír,4135.0,9215.0,22.0,ENIGH (INEGI),Personas de 18 años o más,enigh
hogar,Es jefa o jefe del hogar,2024,Mujeres,Con discapacidad,Baja California,60+,Recordar o concentrarse,10770.0,20475.0,62.0,ENIGH (INEGI),Personas de 18 años o más,enigh
hogar,Es jefa o jefe del hogar,2024,Mujeres,Con discapacidad,Baja California,60+,Ver,7507.0,15297.0,51.0,ENIGH (INEGI),Personas de 18 años o más,enigh
hogar,Es jefa o jefe del hogar,2024,Mujeres,Con discapacidad,Baja California Sur,18-29,Bañarse o vestirse,0.0,178.0,3.0,ENIGH (INEGI),Personas de 18 años o más,enigh
hogar,Es jefa o jefe del hogar,2024,Mujeres,Con discapacidad,Baja California Sur,18-29,Brazos o manos,0.0,126.0,1.0,ENIGH (INEGI),Personas de 18 años o más,enigh
hogar,Es jefa o jefe del hogar,2024,Mujeres,Con discapacidad,Baja California Sur,18-29,Caminar,0.0,187.0,3.0,ENIGH (INEGI),Personas de 18 años o más,enigh
hogar,Es jefa o jefe del hogar,2024,Mujeres,Con discapacidad,Baja California Sur,18-29,Hablar o comunicarse,0.0,149.0,2.0,ENIGH (INEGI),Personas de 18 años o más,enigh
hogar,Es jefa o jefe del hogar,2024,Mujeres,Con discapacidad,Baja California Sur,18-29,Mental,0.0,564.0,4.0,ENIGH (INEGI),Personas de 18 años o más,enigh
hogar,Es jefa o jefe del hogar,2024,Mujeres,Con discapacidad,Baja California Sur,18-29,Oír,155.0,776.0,6.0,ENIGH (INEGI),Personas de 18 años o más,enigh
hogar,Es jefa o jefe del hogar,2024,Mujeres,Con discapacidad,Baja California Sur,18-29,Recordar o concentrarse,0.0,312.0,3.0,ENIGH (INEGI),Personas de 18 años o más,enigh
hogar,Es jefa o jefe del hogar,2024,Mujeres,Con discapacidad,Baja California Sur,18-29,Ver,0.0,1880.0,17.0,ENIGH (INEGI),Personas de 18 años o más,enigh
hogar,Es jefa o jefe del hogar,2024,Mujeres,Con discapacidad,Baja California Sur,30-44,Bañarse o vestirse,0.0,159.0,2.0,ENIGH (INEGI),Personas de 18 años o más,enigh
hogar,Es jefa o jefe del hogar,2024,Mujeres,Con discapacidad,Baja California Sur,30-44,Brazos o manos,298.0,598.0,4.0,ENIGH (INEGI),Personas de 18 años o más,enigh
hogar,Es jefa o jefe del hogar,2024,Mujeres,Con discapacidad,Baja California Sur,30-44,Caminar,470.0,1092.0,10.0,ENIGH (INEGI),Personas de 18 años o más,enigh
hogar,Es jefa o jefe del hogar,2024,Mujeres,Con discapacidad,Baja California Sur,30-44,Hablar o comunicarse,0.0,159.0,3.0,ENIGH (INEGI),Personas de 18 años o más,enigh
hogar,Es jefa o jefe del hogar,2024,Mujeres,Con discapacidad,Baja California Sur,30-44,Mental,464.0,1070.0,9.0,ENIGH (INEGI),Personas de 18 años o más,enigh
hogar,Es jefa o jefe del hogar,2024,Mujeres,Con discapacidad,Baja California Sur,30-44,Oír,0.0,328.0,3.0,ENIGH (INEGI),Personas de 18 años o más,enigh
hogar,Es jefa o jefe del hogar,2024,Mujeres,Con discapacidad,Baja California Sur,30-44,Recordar o concentrarse,657.0,949.0,6.0,ENIGH (INEGI),Personas de 18 años o más,enigh
hogar,Es jefa o jefe del hogar,2024,Mujeres,Con discapacidad,Baja California Sur,30-44,Ver,325.0,1090.0,10.0,ENIGH (INEGI),Personas de 18 años o más,enigh
hogar,Es jefa o jefe del hogar,2024,Mujeres,Con discapacidad,Baja California Sur,45-59,Bañarse o vestirse,0.0,161.0,2.0,ENIGH (INEGI),Personas de 18 años o más,enigh
hogar,Es jefa o jefe del hogar,2024,Mujeres,Con discapacidad,Baja California Sur,45-59,Brazos o manos,328.0,491.0,6.0,ENIGH (INEGI),Personas de 18 años o más,enigh
hogar,Es jefa o jefe del hogar,2024,Mujeres,Con discapacidad,Baja California Sur,45-59,Caminar,848.0,1786.0,17.0,ENIGH (INEGI),Personas de 18 años o más,enigh
hogar,Es jefa o jefe del hogar,2024,Mujeres,Con discapacidad,Baja California Sur,45-59,Hablar o comunicarse,0.0,161.0,2.0,ENIGH (INEGI),Personas de 18 años o más,enigh
hogar,Es jefa o jefe del hogar,2024,Mujeres,Con discapacidad,Baja California Sur,45-59,Mental,0.0,525.0,8.0,ENIGH (INEGI),Personas de 18 años o más,enigh
hogar,Es jefa o jefe del hogar,2024,Mujeres,Con discapacidad,Baja California Sur,45-59,Oír,159.0,467.0,4.0,ENIGH (INEGI),Personas de 18 años o más,enigh
hogar,Es jefa o jefe del hogar,2024,Mujeres,Con discapacidad,Baja California Sur,45-59,Recordar o concentrarse,132.0,293.0,3.0,ENIGH (INEGI),Personas de 18 años o más,enigh
hogar,Es jefa o jefe del hogar,2024,Mujeres,Con discapacidad,Baja California Sur,45-59,Ver,1427.0,3712.0,44.0,ENIGH (INEGI),Personas de 18 años o más,enigh
hogar,Es jefa o jefe del hogar,2024,Mujeres,Con discapacidad,Baja California Sur,60+,Bañarse o vestirse,955.0,1620.0,18.0,ENIGH (INEGI),Personas de 18 años o más,enigh
hogar,Es jefa o jefe del hogar,2024,Mujeres,Con discapacidad,Baja California Sur,60+,Brazos o manos,1346.0,1758.0,18.0,ENIGH (INEGI),Personas de 18 años o más,enigh
hogar,Es jefa o jefe del hogar,2024,Mujeres,Con discapacidad,Baja California Sur,60+,Caminar,4096.0,5393.0,57.0,ENIGH (INEGI),Personas de 18 años o más,enigh
hogar,Es jefa o jefe del hogar,2024,Mujeres,Con discapacidad,Baja California Sur,60+,Hablar o comunicarse,114.0,354.0,6.0,ENIGH (INEGI),Personas de 18 años o más,enigh
hogar,Es jefa o jefe del hogar,2024,Mujeres,Con discapacidad,Baja California Sur,60+,Mental,924.0,1493.0,14.0,ENIGH (INEGI),Personas de 18 años o más,enigh
hogar,Es jefa o jefe del hogar,2024,Mujeres,Con discapacidad,Baja California Sur,60+,Oír,766.0,1447.0,24.0,ENIGH (INEGI),Personas de 18 años o más,enigh
hogar,Es jefa o jefe del hogar,2024,Mujeres,Con discapacidad,Baja California Sur,60+,Recordar o concentrarse,1236.0,2015.0,19.0,ENIGH (INEGI),Personas de 18 años o más,enigh
hogar,Es jefa o jefe del hogar,2024,Mujeres,Con discapacidad,Baja California Sur,60+,Ver,2555.0,4471.0,49.0,ENIGH (INEGI),Personas de 18 años o más,enigh
hogar,Es jefa o jefe del hogar,2024,Mujeres,Con discapacidad,Campeche,18-29,Caminar,0.0,142.0,1.0,ENIGH (INEGI),Personas de 18 años o más,enigh
hogar,Es jefa o jefe del hogar,2024,Mujeres,Con discapacidad,Campeche,18-29,Hablar o comunicarse,0.0,404.0,3.0,ENIGH (INEGI),Personas de 18 años o más,enigh
hogar,Es jefa o jefe del hogar,2024,Mujeres,Con discapacidad,Campeche,18-29,Mental,0.0,467.0,4.0,ENIGH (INEGI),Personas de 18 años o más,enigh
hogar,Es jefa o jefe del hogar,2024,Mujeres,Con discapacidad,Campeche,18-29,Oír,0.0,124.0,1.0,ENIGH (INEGI),Personas de 18 años o más,enigh
hogar,Es jefa o jefe del hogar,2024,Mujeres,Con discapacidad,Campeche,18-29,Recordar o concentrarse,0.0,595.0,5.0,ENIGH (INEGI),Personas de 18 años o más,enigh
hogar,Es jefa o jefe del hogar,2024,Mujeres,Con discapacidad,Campeche,18-29,Ver,0.0,373.0,3.0,ENIGH (INEGI),Personas de 18 años o más,enigh
hogar,Es jefa o jefe del hogar,2024,Mujeres,Con discapacidad,Campeche,30-44,Bañarse o vestirse,166.0,290.0,2.0,ENIGH (INEGI),Personas de 18 años o más,enigh
hogar,Es jefa o jefe del hogar,2024,Mujeres,Con discapacidad,Campeche,30-44,Brazos o manos,0.0,252.0,2.0,ENIGH (INEGI),Personas de 18 años o más,enigh
hogar,Es jefa o jefe del hogar,2024,Mujeres,Con discapacidad,Campeche,30-44,Caminar,166.0,1111.0,9.0,ENIGH (INEGI),Personas de 18 años o más,enigh
hogar,Es jefa o jefe del hogar,2024,Mujeres,Con discapacidad,Campeche,30-44,Hablar o comunicarse,0.0,639.0,5.0,ENIGH (INEGI),Personas de 18 años o más,enigh
hogar,Es jefa o jefe del hogar,2024,Mujeres,Con discapacidad,Campeche,30-44,Mental,0.0,664.0,5.0,ENIGH (INEGI),Personas de 18 años o más,enigh
hogar,Es jefa o jefe del hogar,2024,Mujeres,Con discapacidad,Campeche,30-44,Oír,123.0,602.0,5.0,ENIGH (INEGI),Personas de 18 años o más,enigh
hogar,Es jefa o jefe del hogar,2024,Mujeres,Con discapacidad,Campeche,30-44,Recordar o concentrarse,284.0,792.0,6.0,ENIGH (INEGI),Personas de 18 años o más,enigh
hogar,Es jefa o jefe del hogar,2024,Mujeres,Con discapacidad,Campeche,30-44,Ver,461.0,1742.0,14.0,ENIGH (INEGI),Personas de 18 años o más,enigh
hogar,Es jefa o jefe del hogar,2024,Mujeres,Con discapacidad,Campeche,45-59,Bañarse o vestirse,119.0,811.0,7.0,ENIGH (INEGI),Personas de 18 años o más,enigh
hogar,Es jefa o jefe del hogar,2024,Mujeres,Con discapacidad,Campeche,45-59,Brazos o manos,379.0,1579.0,13.0,ENIGH (INEGI),Personas de 18 años o más,enigh
hogar,Es jefa o jefe del hogar,2024,Mujeres,Con discapacidad,Campeche,45-59,Caminar,1045.0,3359.0,27.0,ENIGH (INEGI),Personas de 18 años o más,enigh
hogar,Es jefa o jefe del hogar,2024,Mujeres,Con discapacidad,Campeche,45-59,Hablar o comunicarse,0.0,578.0,5.0,ENIGH (INEGI),Personas de 18 años o más,enigh
hogar,Es jefa o jefe del hogar,2024,Mujeres,Con discapacidad,Campeche,45-59,Mental,119.0,816.0,7.0,ENIGH (INEGI),Personas de 18 años o más,enigh
hogar,Es jefa o jefe del hogar,2024,Mujeres,Con discapacidad,Campeche,45-59,Oír,128.0,604.0,5.0,ENIGH (INEGI),Personas de 18 años o más,enigh
hogar,Es jefa o jefe del hogar,2024,Mujeres,Con discapacidad,Campeche,45-59,Recordar o concentrarse,128.0,840.0,7.0,ENIGH (INEGI),Personas de 18 años o más,enigh
hogar,Es jefa o jefe del hogar,2024,Mujeres,Con discapacidad,Campeche,45-59,Ver,1714.0,4590.0,36.0,ENIGH (INEGI),Personas de 18 años o más,enigh
hogar,Es jefa o jefe del hogar,2024,Mujeres,Con discapacidad,Campeche,60+,Bañarse o vestirse,1809.0,3700.0,31.0,ENIGH (INEGI),Personas de 18 años o más,enigh
hogar,Es jefa o jefe del hogar,2024,Mujeres,Con discapacidad,Campeche,60+,Brazos o manos,2999.0,5956.0,48.0,ENIGH (INEGI),Personas de 18 años o más,enigh
hogar,Es jefa o jefe del hogar,2024,Mujeres,Con discapacidad,Campeche,60+,Caminar,6019.0,11801.0,94.0,ENIGH (INEGI),Personas de 18 años o más,enigh
hogar,Es jefa o jefe del hogar,2024,Mujeres,Con discapacidad,Campeche,60+,Hablar o comunicarse,570.0,1428.0,12.0,ENIGH (INEGI),Personas de 18 años o más,enigh
hogar,Es jefa o jefe del hogar,2024,Mujeres,Con discapacidad,Campeche,60+,Mental,924.0,2629.0,22.0,ENIGH (INEGI),Personas de 18 años o más,enigh
hogar,Es jefa o jefe del hogar,2024,Mujeres,Con discapacidad,Campeche,60+,Oír,1721.0,3882.0,31.0,ENIGH (INEGI),Personas de 18 años o más,enigh
hogar,Es jefa o jefe del hogar,2024,Mujeres,Con discapacidad,Campeche,60+,Recordar o concentrarse,1544.0,3453.0,28.0,ENIGH (INEGI),Personas de 18 años o más,enigh
hogar,Es jefa o jefe del hogar,2024,Mujeres,Con discapacidad,Campeche,60+,Ver,4613.0,9400.0,76.0,ENIGH (INEGI),Personas de 18 años o más,enigh
hogar,Es jefa o jefe del hogar,2024,Mujeres,Con discapacidad,Chiapas,18-29,Bañarse o vestirse,0.0,3440.0,5.0,ENIGH (INEGI),Personas de 18 años o más,enigh
hogar,Es jefa o jefe del hogar,2024,Mujeres,Con discapacidad,Chiapas,18-29,Caminar,0.0,3037.0,4.0,ENIGH (INEGI),Personas de 18 años o más,enigh
hogar,Es jefa o jefe del hogar,2024,Mujeres,Con discapacidad,Chiapas,18-29,Hablar o comunicarse,793.0,3644.0,5.0,ENIGH (INEGI),Personas de 18 años o más,enigh
hogar,Es jefa o jefe del hogar,2024,Mujeres,Con discapacidad,Chiapas,18-29,Mental,0.0,5423.0,8.0,ENIGH (INEGI),Personas de 18 años o más,enigh
hogar,Es jefa o jefe del hogar,2024,Mujeres,Con discapacidad,Chiapas,18-29,Oír,0.0,1417.0,2.0,ENIGH (INEGI),Personas de 18 años o más,enigh
hogar,Es jefa o jefe del hogar,2024,Mujeres,Con discapacidad,Chiapas,18-29,Recordar o concentrarse,1489.0,4794.0,7.0,ENIGH (INEGI),Personas de 18 años o más,enigh
hogar,Es jefa o jefe del hogar,2024,Mujeres,Con discapacidad,Chiapas,18-29,Ver,0.0,8559.0,12.0,ENIGH (INEGI),Personas de 18 años o más,enigh
hogar,Es jefa o jefe del hogar,2024,Mujeres,Con discapacidad,Chiapas,30-44,Bañarse o vestirse,0.0,764.0,1.0,ENIGH (INEGI),Personas de 18 años o más,enigh
hogar,Es jefa o jefe del hogar,2024,Mujeres,Con discapacidad,Chiapas,30-44,Brazos o manos,0.0,2391.0,4.0,ENIGH (INEGI),Personas de 18 años o más,enigh
hogar,Es jefa o jefe del hogar,2024,Mujeres,Con discapacidad,Chiapas,30-44,Caminar,0.0,2217.0,3.0,ENIGH (INEGI),Personas de 18 años o más,enigh
hogar,Es jefa o jefe del hogar,2024,Mujeres,Con discapacidad,Chiapas,30-44,Hablar o comunicarse,0.0,2907.0,4.0,ENIGH (INEGI),Personas de 18 años o más,enigh
hogar,Es jefa o jefe del hogar,2024,Mujeres,Con discapacidad,Chiapas,30-44,Mental,0.0,2894.0,4.0,ENIGH (INEGI),Personas de 18 años o más,enigh
hogar,Es jefa o jefe del hogar,2024,Mujeres,Con discapacidad,Chiapas,30-44,Oír,659.0,3431.0,5.0,ENIGH (INEGI),Personas de 18 años o más,enigh
hogar,Es jefa o jefe del hogar,2024,Mujeres,Con discapacidad,Chiapas,30-44,Recordar o concentrarse,0.0,3299.0,5.0,ENIGH (INEGI),Personas de 18 años o más,enigh
hogar,Es jefa o jefe del hogar,2024,Mujeres,Con discapacidad,Chiapas,30-44,Ver,1924.0,6047.0,9.0,ENIGH (INEGI),Personas de 18 años o más,enigh
hogar,Es jefa o jefe del hogar,2024,Mujeres,Con discapacidad,Chiapas,45-59,Bañarse o vestirse,1262.0,5586.0,7.0,ENIGH (INEGI),Personas de 18 años o más,enigh
hogar,Es jefa o jefe del hogar,2024,Mujeres,Con discapacidad,Chiapas,45-59,Brazos o manos,2106.0,11579.0,15.0,ENIGH (INEGI),Personas de 18 años o más,enigh
hogar,Es jefa o jefe del hogar,2024,Mujeres,Con discapacidad,Chiapas,45-59,Caminar,4999.0,19287.0,26.0,ENIGH (INEGI),Personas de 18 años o más,enigh
hogar,Es jefa o jefe del hogar,2024,Mujeres,Con discapacidad,Chiapas,45-59,Hablar o comunicarse,590.0,3878.0,5.0,ENIGH (INEGI),Personas de 18 años o más,enigh
hogar,Es jefa o jefe del hogar,2024,Mujeres,Con discapacidad,Chiapas,45-59,Mental,590.0,3564.0,4.0,ENIGH (INEGI),Personas de 18 años o más,enigh
hogar,Es jefa o jefe del hogar,2024,Mujeres,Con discapacidad,Chiapas,45-59,Oír,1265.0,5513.0,8.0,ENIGH (INEGI),Personas de 18 años o más,enigh
hogar,Es jefa o jefe del hogar,2024,Mujeres,Con discapacidad,Chiapas,45-59,Recordar o concentrarse,1315.0,4654.0,6.0,ENIGH (INEGI),Personas de 18 años o más,enigh
hogar,Es jefa o jefe del hogar,2024,Mujeres,Con discapacidad,Chiapas,45-59,Ver,9748.0,27034.0,37.0,ENIGH (INEGI),Personas de 18 años o más,enigh
hogar,Es jefa o jefe del hogar,2024,Mujeres,Con discapacidad,Chiapas,60+,Bañarse o vestirse,6927.0,22906.0,33.0,ENIGH (INEGI),Personas de 18 años o más,enigh
hogar,Es jefa o jefe del hogar,2024,Mujeres,Con discapacidad,Chiapas,60+,Brazos o manos,6411.0,22696.0,32.0,ENIGH (INEGI),Personas de 18 años o más,enigh
hogar,Es jefa o jefe del hogar,2024,Mujeres,Con discapacidad,Chiapas,60+,Caminar,20817.0,51176.0,72.0,ENIGH (INEGI),Personas de 18 años o más,enigh
hogar,Es jefa o jefe del hogar,2024,Mujeres,Con discapacidad,Chiapas,60+,Hablar o comunicarse,1604.0,7341.0,11.0,ENIGH (INEGI),Personas de 18 años o más,enigh
hogar,Es jefa o jefe del hogar,2024,Mujeres,Con discapacidad,Chiapas,60+,Mental,4293.0,15928.0,23.0,ENIGH (INEGI),Personas de 18 años o más,enigh
hogar,Es jefa o jefe del hogar,2024,Mujeres,Con discapacidad,Chiapas,60+,Oír,9086.0,25932.0,38.0,ENIGH (INEGI),Personas de 18 años o más,enigh
hogar,Es jefa o jefe del hogar,2024,Mujeres,Con discapacidad,Chiapas,60+,Recordar o concentrarse,6759.0,14850.0,22.0,ENIGH (INEGI),Personas de 18 años o más,enigh
hogar,Es jefa o jefe del hogar,2024,Mujeres,Con discapacidad,Chiapas,60+,Ver,19975.0,57828.0,79.0,ENIGH (INEGI),Personas de 18 años o más,enigh
hogar,Es jefa o jefe del hogar,2024,Mujeres,Con discapacidad,Chihuahua,18-29,Bañarse o vestirse,305.0,834.0,3.0,ENIGH (INEGI),Personas de 18 años o más,enigh
hogar,Es jefa o jefe del hogar,2024,Mujeres,Con discapacidad,Chihuahua,18-29,Brazos o manos,468.0,636.0,4.0,ENIGH (INEGI),Personas de 18 años o más,enigh
hogar,Es jefa o jefe del hogar,2024,Mujeres,Con discapacidad,Chihuahua,18-29,Caminar,962.0,1359.0,5.0,ENIGH (INEGI),Personas de 18 años o más,enigh
hogar,Es jefa o jefe del hogar,2024,Mujeres,Con discapacidad,Chihuahua,18-29,Hablar o comunicarse,0.0,1234.0,7.0,ENIGH (INEGI),Personas de 18 años o más,enigh
hogar,Es jefa o jefe del hogar,2024,Mujeres,Con discapacidad,Chihuahua,18-29,Mental,403.0,4029.0,13.0,ENIGH (INEGI),Personas de 18 años o más,enigh
hogar,Es jefa o jefe del hogar,2024,Mujeres,Con discapacidad,Chihuahua,18-29,Oír,0.0,252.0,3.0,ENIGH (INEGI),Personas de 18 años o más,enigh
hogar,Es jefa o jefe del hogar,2024,Mujeres,Con discapacidad,Chihuahua,18-29,Recordar o concentrarse,0.0,1086.0,5.0,ENIGH (INEGI),Personas de 18 años o más,enigh
hogar,Es jefa o jefe del hogar,2024,Mujeres,Con discapacidad,Chihuahua,18-29,Ver,379.0,4267.0,18.0,ENIGH (INEGI),Personas de 18 años o más,enigh
hogar,Es jefa o jefe del hogar,2024,Mujeres,Con discapacidad,Chihuahua,30-44,Bañarse o vestirse,330.0,931.0,6.0,ENIGH (INEGI),Personas de 18 años o más,enigh
hogar,Es jefa o jefe del hogar,2024,Mujeres,Con discapacidad,Chihuahua,30-44,Brazos o manos,1242.0,1711.0,6.0,ENIGH (INEGI),Personas de 18 años o más,enigh
hogar,Es jefa o jefe del hogar,2024,Mujeres,Con discapacidad,Chihuahua,30-44,Caminar,0.0,1674.0,8.0,ENIGH (INEGI),Personas de 18 años o más,enigh
hogar,Es jefa o jefe del hogar,2024,Mujeres,Con discapacidad,Chihuahua,30-44,Hablar o comunicarse,403.0,1963.0,10.0,ENIGH (INEGI),Personas de 18 años o más,enigh
hogar,Es jefa o jefe del hogar,2024,Mujeres,Con discapacidad,Chihuahua,30-44,Mental,1013.0,2491.0,15.0,ENIGH (INEGI),Personas de 18 años o más,enigh
hogar,Es jefa o jefe del hogar,2024,Mujeres,Con discapacidad,Chihuahua,30-44,Oír,0.0,157.0,2.0,ENIGH (INEGI),Personas de 18 años o más,enigh
hogar,Es jefa o jefe del hogar,2024,Mujeres,Con discapacidad,Chihuahua,30-44,Recordar o concentrarse,1072.0,2578.0,13.0,ENIGH (INEGI),Personas de 18 años o más,enigh
hogar,Es jefa o jefe del hogar,2024,Mujeres,Con discapacidad,Chihuahua,30-44,Ver,2093.0,4380.0,16.0,ENIGH (INEGI),Personas de 18 años o más,enigh
hogar,Es jefa o jefe del hogar,2024,Mujeres,Con discapacidad,Chihuahua,45-59,Bañarse o vestirse,3046.0,5588.0,19.0,ENIGH (INEGI),Personas de 18 años o más,enigh
hogar,Es jefa o jefe del hogar,2024,Mujeres,Con discapacidad,Chihuahua,45-59,Brazos o manos,1204.0,4098.0,19.0,ENIGH (INEGI),Personas de 18 años o más,enigh
hogar,Es jefa o jefe del hogar,2024,Mujeres,Con discapacidad,Chihuahua,45-59,Caminar,4723.0,8301.0,39.0,ENIGH (INEGI),Personas de 18 años o más,enigh
hogar,Es jefa o jefe del hogar,2024,Mujeres,Con discapacidad,Chihuahua,45-59,Hablar o comunicarse,770.0,2242.0,10.0,ENIGH (INEGI),Personas de 18 años o más,enigh
hogar,Es jefa o jefe del hogar,2024,Mujeres,Con discapacidad,Chihuahua,45-59,Mental,5853.0,10567.0,38.0,ENIGH (INEGI),Personas de 18 años o más,enigh
hogar,Es jefa o jefe del hogar,2024,Mujeres,Con discapacidad,Chihuahua,45-59,Oír,901.0,3244.0,10.0,ENIGH (INEGI),Personas de 18 años o más,enigh
hogar,Es jefa o jefe del hogar,2024,Mujeres,Con discapacidad,Chihuahua,45-59,Recordar o concentrarse,5606.0,8800.0,31.0,ENIGH (INEGI),Personas de 18 años o más,enigh
hogar,Es jefa o jefe del hogar,2024,Mujeres,Con discapacidad,Chihuahua,45-59,Ver,7432.0,12700.0,48.0,ENIGH (INEGI),Personas de 18 años o más,enigh
hogar,Es jefa o jefe del hogar,2024,Mujeres,Con discapacidad,Chihuahua,60+,Bañarse o vestirse,8812.0,17095.0,85.0,ENIGH (INEGI),Personas de 18 años o más,enigh
hogar,Es jefa o jefe del hogar,2024,Mujeres,Con discapacidad,Chihuahua,60+,Brazos o manos,9032.0,17643.0,83.0,ENIGH (INEGI),Personas de 18 años o más,enigh
hogar,Es jefa o jefe del hogar,2024,Mujeres,Con discapacidad,Chihuahua,60+,Caminar,16101.0,31292.0,149.0,ENIGH (INEGI),Personas de 18 años o más,enigh
hogar,Es jefa o jefe del hogar,2024,Mujeres,Con discapacidad,Chihuahua,60+,Hablar o comunicarse,3799.0,9048.0,39.0,ENIGH (INEGI),Personas de 18 años o más,enigh
hogar,Es jefa o jefe del hogar,2024,Mujeres,Con discapacidad,Chihuahua,60+,Mental,7790.0,13704.0,60.0,ENIGH (INEGI),Personas de 18 años o más,enigh
hogar,Es jefa o jefe del hogar,2024,Mujeres,Con discapacidad,Chihuahua,60+,Oír,6596.0,11705.0,59.0,ENIGH (INEGI),Personas de 18 años o más,enigh
hogar,Es jefa o jefe del hogar,2024,Mujeres,Con discapacidad,Chihuahua,60+,Recordar o concentrarse,14623.0,27571.0,111.0,ENIGH (INEGI),Personas de 18 años o más,enigh
hogar,Es jefa o jefe del hogar,2024,Mujeres,Con discapacidad,Chihuahua,60+,Ver,8299.0,19516.0,103.0,ENIGH (INEGI),Personas de 18 años o más,enigh
hogar,Es jefa o jefe del hogar,2024,Mujeres,Con discapacidad,Ciudad de México,18-29,Bañarse o vestirse,0.0,1701.0,1.0,ENIGH (INEGI),Personas de 18 años o más,enigh
hogar,Es jefa o jefe del hogar,2024,Mujeres,Con discapacidad,Ciudad de México,18-29,Brazos o manos,0.0,1424.0,1.0,ENIGH (INEGI),Personas de 18 años o más,enigh
hogar,Es jefa o jefe del hogar,2024,Mujeres,Con discapacidad,Ciudad de México,18-29,Caminar,0.0,1701.0,1.0,ENIGH (INEGI),Personas de 18 años o más,enigh
hogar,Es jefa o jefe del hogar,2024,Mujeres,Con discapacidad,Ciudad de México,18-29,Hablar o comunicarse,0.0,4900.0,3.0,ENIGH (INEGI),Personas de 18 años o más,enigh
hogar,Es jefa o jefe del hogar,2024,Mujeres,Con discapacidad,Ciudad de México,18-29,Mental,0.0,14482.0,10.0,ENIGH (INEGI),Personas de 18 años o más,enigh
hogar,Es jefa o jefe del hogar,2024,Mujeres,Con discapacidad,Ciudad de México,18-29,Oír,0.0,1768.0,1.0,ENIGH (INEGI),Personas de 18 años o más,enigh
hogar,Es jefa o jefe del hogar,2024,Mujeres,Con discapacidad,Ciudad de México,18-29,Recordar o concentrarse,0.0,3305.0,2.0,ENIGH (INEGI),Personas de 18 años o más,enigh
hogar,Es jefa o jefe del hogar,2024,Mujeres,Con discapacidad,Ciudad de México,18-29,Ver,0.0,12028.0,11.0,ENIGH (INEGI),Personas de 18 años o más,enigh
hogar,Es jefa o jefe del hogar,2024,Mujeres,Con discapacidad,Ciudad de México,30-44,Bañarse o vestirse,0.0,4400.0,4.0,ENIGH (INEGI),Personas de 18 años o más,enigh
hogar,Es jefa o jefe del hogar,2024,Mujeres,Con discapacidad,Ciudad de México,30-44,Brazos o manos,0.0,2556.0,3.0,ENIGH (INEGI),Personas de 18 años o más,enigh
hogar,Es jefa o jefe del hogar,2024,Mujeres,Con discapacidad,Ciudad de México,30-44,Caminar,3822.0,15551.0,13.0,ENIGH (INEGI),Personas de 18 años o más,enigh
hogar,Es jefa o jefe del hogar,2024,Mujeres,Con discapacidad,Ciudad de México,30-44,Hablar o comunicarse,1957.0,4760.0,4.0,ENIGH (INEGI),Personas de 18 años o más,enigh
hogar,Es jefa o jefe del hogar,2024,Mujeres,Con discapacidad,Ciudad de México,30-44,Mental,3031.0,8921.0,10.0,ENIGH (INEGI),Personas de 18 años o más,enigh
hogar,Es jefa o jefe del hogar,2024,Mujeres,Con discapacidad,Ciudad de México,30-44,Oír,0.0,2689.0,3.0,ENIGH (INEGI),Personas de 18 años o más,enigh
hogar,Es jefa o jefe del hogar,2024,Mujeres,Con discapacidad,Ciudad de México,30-44,Recordar o concentrarse,2805.0,8459.0,7.0,ENIGH (INEGI),Personas de 18 años o más,enigh
hogar,Es jefa o jefe del hogar,2024,Mujeres,Con discapacidad,Ciudad de México,30-44,Ver,4628.0,20666.0,15.0,ENIGH (INEGI),Personas de 18 años o más,enigh
hogar,Es jefa o jefe del hogar,2024,Mujeres,Con discapacidad,Ciudad de México,45-59,Bañarse o vestirse,1478.0,7054.0,6.0,ENIGH (INEGI),Personas de 18 años o más,enigh
hogar,Es jefa o jefe del hogar,2024,Mujeres,Con discapacidad,Ciudad de México,45-59,Brazos o manos,13652.0,27988.0,21.0,ENIGH (INEGI),Personas de 18 años o más,enigh
hogar,Es jefa o jefe del hogar,2024,Mujeres,Con discapacidad,Ciudad de México,45-59,Caminar,18886.0,40312.0,35.0,ENIGH (INEGI),Personas de 18 años o más,enigh
hogar,Es jefa o jefe del hogar,2024,Mujeres,Con discapacidad,Ciudad de México,45-59,Hablar o comunicarse,5972.0,15118.0,13.0,ENIGH (INEGI),Personas de 18 años o más,enigh
hogar,Es jefa o jefe del hogar,2024,Mujeres,Con discapacidad,Ciudad de México,45-59,Mental,20997.0,41844.0,34.0,ENIGH (INEGI),Personas de 18 años o más,enigh
hogar,Es jefa o jefe del hogar,2024,Mujeres,Con discapacidad,Ciudad de México,45-59,Oír,7061.0,16121.0,14.0,ENIGH (INEGI),Personas de 18 años o más,enigh
hogar,Es jefa o jefe del hogar,2024,Mujeres,Con discapacidad,Ciudad de México,45-59,Recordar o concentrarse,14913.0,22631.0,16.0,ENIGH (INEGI),Personas de 18 años o más,enigh
hogar,Es jefa o jefe del hogar,2024,Mujeres,Con discapacidad,Ciudad de México,45-59,Ver,17069.0,37311.0,29.0,ENIGH (INEGI),Personas de 18 años o más,enigh
hogar,Es jefa o jefe del hogar,2024,Mujeres,Con discapacidad,Ciudad de México,60+,Bañarse o vestirse,31691.0,80887.0,64.0,ENIGH (INEGI),Personas de 18 años o más,enigh
hogar,Es jefa o jefe del hogar,2024,Mujeres,Con discapacidad,Ciudad de México,60+,Brazos o manos,31143.0,76274.0,64.0,ENIGH (INEGI),Personas de 18 años o más,enigh
hogar,Es jefa o jefe del hogar,2024,Mujeres,Con discapacidad,Ciudad de México,60+,Caminar,78336.0,143909.0,116.0,ENIGH (INEGI),Personas de 18 años o más,enigh
hogar,Es jefa o jefe del hogar,2024,Mujeres,Con discapacidad,Ciudad de México,60+,Hablar o comunicarse,23129.0,53980.0,42.0,ENIGH (INEGI),Personas de 18 años o más,enigh
hogar,Es jefa o jefe del hogar,2024,Mujeres,Con discapacidad,Ciudad de México,60+,Mental,36295.0,70898.0,55.0,ENIGH (INEGI),Personas de 18 años o más,enigh
hogar,Es jefa o jefe del hogar,2024,Mujeres,Con discapacidad,Ciudad de México,60+,Oír,34749.0,71998.0,56.0,ENIGH (INEGI),Personas de 18 años o más,enigh
hogar,Es jefa o jefe del hogar,2024,Mujeres,Con discapacidad,Ciudad de México,60+,Recordar o concentrarse,62214.0,119258.0,85.0,ENIGH (INEGI),Personas de 18 años o más,enigh
hogar,Es jefa o jefe del hogar,2024,Mujeres,Con discapacidad,Ciudad de México,60+,Ver,58176.0,97948.0,80.0,ENIGH (INEGI),Personas de 18 años o más,enigh
hogar,Es jefa o jefe del hogar,2024,Mujeres,Con discapacidad,Coahuila,18-29,Bañarse o vestirse,0.0,380.0,2.0,ENIGH (INEGI),Personas de 18 años o más,enigh
hogar,Es jefa o jefe del hogar,2024,Mujeres,Con discapacidad,Coahuila,18-29,Caminar,0.0,918.0,4.0,ENIGH (INEGI),Personas de 18 años o más,enigh
hogar,Es jefa o jefe del hogar,2024,Mujeres,Con discapacidad,Coahuila,18-29,Hablar o comunicarse,0.0,430.0,3.0,ENIGH (INEGI),Personas de 18 años o más,enigh
hogar,Es jefa o jefe del hogar,2024,Mujeres,Con discapacidad,Coahuila,18-29,Mental,0.0,1776.0,7.0,ENIGH (INEGI),Personas de 18 años o más,enigh
hogar,Es jefa o jefe del hogar,2024,Mujeres,Con discapacidad,Coahuila,18-29,Oír,0.0,521.0,2.0,ENIGH (INEGI),Personas de 18 años o más,enigh
hogar,Es jefa o jefe del hogar,2024,Mujeres,Con discapacidad,Coahuila,18-29,Recordar o concentrarse,267.0,722.0,4.0,ENIGH (INEGI),Personas de 18 años o más,enigh
hogar,Es jefa o jefe del hogar,2024,Mujeres,Con discapacidad,Coahuila,18-29,Ver,326.0,4919.0,20.0,ENIGH (INEGI),Personas de 18 años o más,enigh
hogar,Es jefa o jefe del hogar,2024,Mujeres,Con discapacidad,Coahuila,30-44,Bañarse o vestirse,158.0,1337.0,7.0,ENIGH (INEGI),Personas de 18 años o más,enigh
hogar,Es jefa o jefe del hogar,2024,Mujeres,Con discapacidad,Coahuila,30-44,Brazos o manos,999.0,1811.0,8.0,ENIGH (INEGI),Personas de 18 años o más,enigh
hogar,Es jefa o jefe del hogar,2024,Mujeres,Con discapacidad,Coahuila,30-44,Caminar,1069.0,2292.0,12.0,ENIGH (INEGI),Personas de 18 años o más,enigh
hogar,Es jefa o jefe del hogar,2024,Mujeres,Con discapacidad,Coahuila,30-44,Hablar o comunicarse,86.0,1232.0,6.0,ENIGH (INEGI),Personas de 18 años o más,enigh
hogar,Es jefa o jefe del hogar,2024,Mujeres,Con discapacidad,Coahuila,30-44,Mental,566.0,2539.0,10.0,ENIGH (INEGI),Personas de 18 años o más,enigh
hogar,Es jefa o jefe del hogar,2024,Mujeres,Con discapacidad,Coahuila,30-44,Oír,0.0,1454.0,8.0,ENIGH (INEGI),Personas de 18 años o más,enigh
hogar,Es jefa o jefe del hogar,2024,Mujeres,Con discapacidad,Coahuila,30-44,Recordar o concentrarse,366.0,1246.0,5.0,ENIGH (INEGI),Personas de 18 años o más,enigh
hogar,Es jefa o jefe del hogar,2024,Mujeres,Con discapacidad,Coahuila,30-44,Ver,2452.0,6329.0,27.0,ENIGH (INEGI),Personas de 18 años o más,enigh
hogar,Es jefa o jefe del hogar,2024,Mujeres,Con discapacidad,Coahuila,45-59,Bañarse o vestirse,1682.0,4377.0,18.0,ENIGH (INEGI),Personas de 18 años o más,enigh
hogar,Es jefa o jefe del hogar,2024,Mujeres,Con discapacidad,Coahuila,45-59,Brazos o manos,1285.0,5215.0,25.0,ENIGH (INEGI),Personas de 18 años o más,enigh
hogar,Es jefa o jefe del hogar,2024,Mujeres,Con discapacidad,Coahuila,45-59,Caminar,3035.0,10786.0,47.0,ENIGH (INEGI),Personas de 18 años o más,enigh
hogar,Es jefa o jefe del hogar,2024,Mujeres,Con discapacidad,Coahuila,45-59,Hablar o comunicarse,390.0,1441.0,7.0,ENIGH (INEGI),Personas de 18 años o más,enigh
hogar,Es jefa o jefe del hogar,2024,Mujeres,Con discapacidad,Coahuila,45-59,Mental,527.0,2354.0,11.0,ENIGH (INEGI),Personas de 18 años o más,enigh
hogar,Es jefa o jefe del hogar,2024,Mujeres,Con discapacidad,Coahuila,45-59,Oír,2016.0,4021.0,16.0,ENIGH (INEGI),Personas de 18 años o más,enigh
hogar,Es jefa o jefe del hogar,2024,Mujeres,Con discapacidad,Coahuila,45-59,Recordar o concentrarse,1049.0,3531.0,13.0,ENIGH (INEGI),Personas de 18 años o más,enigh
hogar,Es jefa o jefe del hogar,2024,Mujeres,Con discapacidad,Coahuila,45-59,Ver,8005.0,17628.0,71.0,ENIGH (INEGI),Personas de 18 años o más,enigh
hogar,Es jefa o jefe del hogar,2024,Mujeres,Con discapacidad,Coahuila,60+,Bañarse o vestirse,6125.0,13354.0,57.0,ENIGH (INEGI),Personas de 18 años o más,enigh
hogar,Es jefa o jefe del hogar,2024,Mujeres,Con discapacidad,Coahuila,60+,Brazos o manos,8784.0,17224.0,75.0,ENIGH (INEGI),Personas de 18 años o más,enigh
hogar,Es jefa o jefe del hogar,2024,Mujeres,Con discapacidad,Coahuila,60+,Caminar,17859.0,33312.0,144.0,ENIGH (INEGI),Personas de 18 años o más,enigh
hogar,Es jefa o jefe del hogar,2024,Mujeres,Con discapacidad,Coahuila,60+,Hablar o comunicarse,2220.0,4227.0,17.0,ENIGH (INEGI),Personas de 18 años o más,enigh
hogar,Es jefa o jefe del hogar,2024,Mujeres,Con discapacidad,Coahuila,60+,Mental,3903.0,8804.0,38.0,ENIGH (INEGI),Personas de 18 años o más,enigh
hogar,Es jefa o jefe del hogar,2024,Mujeres,Con discapacidad,Coahuila,60+,Oír,6767.0,12996.0,58.0,ENIGH (INEGI),Personas de 18 años o más,enigh
hogar,Es jefa o jefe del hogar,2024,Mujeres,Con discapacidad,Coahuila,60+,Recordar o concentrarse,4943.0,12357.0,52.0,ENIGH (INEGI),Personas de 18 años o más,enigh
hogar,Es jefa o jefe del hogar,2024,Mujeres,Con discapacidad,Coahuila,60+,Ver,12687.0,23876.0,102.0,ENIGH (INEGI),Personas de 18 años o más,enigh
hogar,Es jefa o jefe del hogar,2024,Mujeres,Con discapacidad,Colima,18-29,Bañarse o vestirse,0.0,340.0,3.0,ENIGH (INEGI),Personas de 18 años o más,enigh
hogar,Es jefa o jefe del hogar,2024,Mujeres,Con discapacidad,Colima,18-29,Brazos o manos,0.0,113.0,1.0,ENIGH (INEGI),Personas de 18 años o más,enigh
hogar,Es jefa o jefe del hogar,2024,Mujeres,Con discapacidad,Colima,18-29,Caminar,19.0,248.0,3.0,ENIGH (INEGI),Personas de 18 años o más,enigh
hogar,Es jefa o jefe del hogar,2024,Mujeres,Con discapacidad,Colima,18-29,Hablar o comunicarse,0.0,281.0,5.0,ENIGH (INEGI),Personas de 18 años o más,enigh
hogar,Es jefa o jefe del hogar,2024,Mujeres,Con discapacidad,Colima,18-29,Mental,131.0,798.0,7.0,ENIGH (INEGI),Personas de 18 años o más,enigh
hogar,Es jefa o jefe del hogar,2024,Mujeres,Con discapacidad,Colima,18-29,Oír,0.0,32.0,2.0,ENIGH (INEGI),Personas de 18 años o más,enigh
hogar,Es jefa o jefe del hogar,2024,Mujeres,Con discapacidad,Colima,18-29,Recordar o concentrarse,131.0,391.0,5.0,ENIGH (INEGI),Personas de 18 años o más,enigh
hogar,Es jefa o jefe del hogar,2024,Mujeres,Con discapacidad,Colima,18-29,Ver,0.0,581.0,6.0,ENIGH (INEGI),Personas de 18 años o más,enigh
hogar,Es jefa o jefe del hogar,2024,Mujeres,Con discapacidad,Colima,30-44,Bañarse o vestirse,111.0,279.0,5.0,ENIGH (INEGI),Personas de 18 años o más,enigh
hogar,Es jefa o jefe del hogar,2024,Mujeres,Con discapacidad,Colima,30-44,Brazos o manos,234.0,402.0,7.0,ENIGH (INEGI),Personas de 18 años o más,enigh
hogar,Es jefa o jefe del hogar,2024,Mujeres,Con discapacidad,Colima,30-44,Caminar,203.0,490.0,8.0,ENIGH (INEGI),Personas de 18 años o más,enigh
hogar,Es jefa o jefe del hogar,2024,Mujeres,Con discapacidad,Colima,30-44,Hablar o comunicarse,229.0,476.0,6.0,ENIGH (INEGI),Personas de 18 años o más,enigh
hogar,Es jefa o jefe del hogar,2024,Mujeres,Con discapacidad,Colima,30-44,Mental,17.0,461.0,9.0,ENIGH (INEGI),Personas de 18 años o más,enigh
hogar,Es jefa o jefe del hogar,2024,Mujeres,Con discapacidad,Colima,30-44,Oír,120.0,247.0,3.0,ENIGH (INEGI),Personas de 18 años o más,enigh
hogar,Es jefa o jefe del hogar,2024,Mujeres,Con discapacidad,Colima,30-44,Recordar o concentrarse,220.0,652.0,11.0,ENIGH (INEGI),Personas de 18 años o más,enigh
hogar,Es jefa o jefe del hogar,2024,Mujeres,Con discapacidad,Colima,30-44,Ver,669.0,792.0,10.0,ENIGH (INEGI),Personas de 18 años o más,enigh
hogar,Es jefa o jefe del hogar,2024,Mujeres,Con discapacidad,Colima,45-59,Bañarse o vestirse,143.0,816.0,13.0,ENIGH (INEGI),Personas de 18 años o más,enigh
hogar,Es jefa o jefe del hogar,2024,Mujeres,Con discapacidad,Colima,45-59,Brazos o manos,482.0,1428.0,18.0,ENIGH (INEGI),Personas de 18 años o más,enigh
hogar,Es jefa o jefe del hogar,2024,Mujeres,Con discapacidad,Colima,45-59,Caminar,1176.0,3231.0,48.0,ENIGH (INEGI),Personas de 18 años o más,enigh
hogar,Es jefa o jefe del hogar,2024,Mujeres,Con discapacidad,Colima,45-59,Hablar o comunicarse,121.0,756.0,8.0,ENIGH (INEGI),Personas de 18 años o más,enigh
hogar,Es jefa o jefe del hogar,2024,Mujeres,Con discapacidad,Colima,45-59,Mental,223.0,1224.0,13.0,ENIGH (INEGI),Personas de 18 años o más,enigh
hogar,Es jefa o jefe del hogar,2024,Mujeres,Con discapacidad,Colima,45-59,Oír,584.0,867.0,14.0,ENIGH (INEGI),Personas de 18 años o más,enigh
hogar,Es jefa o jefe del hogar,2024,Mujeres,Con discapacidad,Colima,45-59,Recordar o concentrarse,157.0,1231.0,17.0,ENIGH (INEGI),Personas de 18 años o más,enigh
hogar,Es jefa o jefe del hogar,2024,Mujeres,Con discapacidad,Colima,45-59,Ver,890.0,2794.0,55.0,ENIGH (INEGI),Personas de 18 años o más,enigh
hogar,Es jefa o jefe del hogar,2024,Mujeres,Con discapacidad,Colima,60+,Bañarse o vestirse,1381.0,2718.0,47.0,ENIGH (INEGI),Personas de 18 años o más,enigh
hogar,Es jefa o jefe del hogar,2024,Mujeres,Con discapacidad,Colima,60+,Brazos o manos,1713.0,3851.0,66.0,ENIGH (INEGI),Personas de 18 años o más,enigh
hogar,Es jefa o jefe del hogar,2024,Mujeres,Con discapacidad,Colima,60+,Caminar,4226.0,8932.0,143.0,ENIGH (INEGI),Personas de 18 años o más,enigh
hogar,Es jefa o jefe del hogar,2024,Mujeres,Con discapacidad,Colima,60+,Hablar o comunicarse,311.0,842.0,12.0,ENIGH (INEGI),Personas de 18 años o más,enigh
hogar,Es jefa o jefe del hogar,2024,Mujeres,Con discapacidad,Colima,60+,Mental,564.0,2159.0,34.0,ENIGH (INEGI),Personas de 18 años o más,enigh
hogar,Es jefa o jefe del hogar,2024,Mujeres,Con discapacidad,Colima,60+,Oír,1248.0,2271.0,45.0,ENIGH (INEGI),Personas de 18 años o más,enigh
hogar,Es jefa o jefe del hogar,2024,Mujeres,Con discapacidad,Colima,60+,Recordar o concentrarse,1067.0,2671.0,45.0,ENIGH (INEGI),Personas de 18 años o más,enigh
hogar,Es jefa o jefe del hogar,2024,Mujeres,Con discapacidad,Colima,60+,Ver,2565.0,5378.0,95.0,ENIGH (INEGI),Personas de 18 años o más,enigh
hogar,Es jefa o jefe del hogar,2024,Mujeres,Con discapacidad,Durango,18-29,Hablar o comunicarse,0.0,367.0,2.0,ENIGH (INEGI),Personas de 18 años o más,enigh
hogar,Es jefa o jefe del hogar,2024,Mujeres,Con discapacidad,Durango,18-29,Mental,0.0,1401.0,9.0,ENIGH (INEGI),Personas de 18 años o más,enigh
hogar,Es jefa o jefe del hogar,2024,Mujeres,Con discapacidad,Durango,18-29,Oír,0.0,103.0,1.0,ENIGH (INEGI),Personas de 18 años o más,enigh
hogar,Es jefa o jefe del hogar,2024,Mujeres,Con discapacidad,Durango,18-29,Recordar o concentrarse,0.0,591.0,4.0,ENIGH (INEGI),Personas de 18 años o más,enigh
hogar,Es jefa o jefe del hogar,2024,Mujeres,Con discapacidad,Durango,18-29,Ver,264.0,2181.0,11.0,ENIGH (INEGI),Personas de 18 años o más,enigh
hogar,Es jefa o jefe del hogar,2024,Mujeres,Con discapacidad,Durango,30-44,Bañarse o vestirse,119.0,743.0,4.0,ENIGH (INEGI),Personas de 18 años o más,enigh
hogar,Es jefa o jefe del hogar,2024,Mujeres,Con discapacidad,Durango,30-44,Brazos o manos,236.0,864.0,4.0,ENIGH (INEGI),Personas de 18 años o más,enigh
hogar,Es jefa o jefe del hogar,2024,Mujeres,Con discapacidad,Durango,30-44,Caminar,578.0,1803.0,10.0,ENIGH (INEGI),Personas de 18 años o más,enigh
hogar,Es jefa o jefe del hogar,2024,Mujeres,Con discapacidad,Durango,30-44,Hablar o comunicarse,0.0,747.0,4.0,ENIGH (INEGI),Personas de 18 años o más,enigh
hogar,Es jefa o jefe del hogar,2024,Mujeres,Con discapacidad,Durango,30-44,Mental,794.0,2504.0,12.0,ENIGH (INEGI),Personas de 18 años o más,enigh
hogar,Es jefa o jefe del hogar,2024,Mujeres,Con discapacidad,Durango,30-44,Oír,294.0,1464.0,6.0,ENIGH (INEGI),Personas de 18 años o más,enigh
hogar,Es jefa o jefe del hogar,2024,Mujeres,Con discapacidad,Durango,30-44,Recordar o concentrarse,0.0,977.0,5.0,ENIGH (INEGI),Personas de 18 años o más,enigh
hogar,Es jefa o jefe del hogar,2024,Mujeres,Con discapacidad,Durango,30-44,Ver,1489.0,4735.0,24.0,ENIGH (INEGI),Personas de 18 años o más,enigh
hogar,Es jefa o jefe del hogar,2024,Mujeres,Con discapacidad,Durango,45-59,Bañarse o vestirse,323.0,1801.0,10.0,ENIGH (INEGI),Personas de 18 años o más,enigh
hogar,Es jefa o jefe del hogar,2024,Mujeres,Con discapacidad,Durango,45-59,Brazos o manos,993.0,2200.0,13.0,ENIGH (INEGI),Personas de 18 años o más,enigh
hogar,Es jefa o jefe del hogar,2024,Mujeres,Con discapacidad,Durango,45-59,Caminar,2442.0,5339.0,29.0,ENIGH (INEGI),Personas de 18 años o más,enigh
hogar,Es jefa o jefe del hogar,2024,Mujeres,Con discapacidad,Durango,45-59,Hablar o comunicarse,629.0,1004.0,6.0,ENIGH (INEGI),Personas de 18 años o más,enigh
hogar,Es jefa o jefe del hogar,2024,Mujeres,Con discapacidad,Durango,45-59,Mental,2260.0,4884.0,24.0,ENIGH (INEGI),Personas de 18 años o más,enigh
hogar,Es jefa o jefe del hogar,2024,Mujeres,Con discapacidad,Durango,45-59,Oír,837.0,1922.0,9.0,ENIGH (INEGI),Personas de 18 años o más,enigh
hogar,Es jefa o jefe del hogar,2024,Mujeres,Con discapacidad,Durango,45-59,Recordar o concentrarse,1760.0,3422.0,23.0,ENIGH (INEGI),Personas de 18 años o más,enigh
hogar,Es jefa o jefe del hogar,2024,Mujeres,Con discapacidad,Durango,45-59,Ver,4169.0,7779.0,39.0,ENIGH (INEGI),Personas de 18 años o más,enigh
hogar,Es jefa o jefe del hogar,2024,Mujeres,Con discapacidad,Durango,60+,Bañarse o vestirse,7722.0,12383.0,60.0,ENIGH (INEGI),Personas de 18 años o más,enigh
hogar,Es jefa o jefe del hogar,2024,Mujeres,Con discapacidad,Durango,60+,Brazos o manos,8124.0,12957.0,65.0,ENIGH (INEGI),Personas de 18 años o más,enigh
hogar,Es jefa o jefe del hogar,2024,Mujeres,Con discapacidad,Durango,60+,Caminar,11482.0,19387.0,100.0,ENIGH (INEGI),Personas de 18 años o más,enigh
hogar,Es jefa o jefe del hogar,2024,Mujeres,Con discapacidad,Durango,60+,Hablar o comunicarse,3063.0,5581.0,32.0,ENIGH (INEGI),Personas de 18 años o más,enigh
hogar,Es jefa o jefe del hogar,2024,Mujeres,Con discapacidad,Durango,60+,Mental,4484.0,10632.0,57.0,ENIGH (INEGI),Personas de 18 años o más,enigh
hogar,Es jefa o jefe del hogar,2024,Mujeres,Con discapacidad,Durango,60+,Oír,4165.0,8083.0,45.0,ENIGH (INEGI),Personas de 18 años o más,enigh
hogar,Es jefa o jefe del hogar,2024,Mujeres,Con discapacidad,Durango,60+,Recordar o concentrarse,9525.0,16911.0,91.0,ENIGH (INEGI),Personas de 18 años o más,enigh
hogar,Es jefa o jefe del hogar,2024,Mujeres,Con discapacidad,Durango,60+,Ver,5876.0,12513.0,73.0,ENIGH (INEGI),Personas de 18 años o más,enigh
hogar,Es jefa o jefe del hogar,2024,Mujeres,Con discapacidad,Guanajuato,18-29,Bañarse o vestirse,0.0,2320.0,6.0,ENIGH (INEGI),Personas de 18 años o más,enigh
hogar,Es jefa o jefe del hogar,2024,Mujeres,Con discapacidad,Guanajuato,18-29,Brazos o manos,0.0,3217.0,7.0,ENIGH (INEGI),Personas de 18 años o más,enigh
hogar,Es jefa o jefe del hogar,2024,Mujeres,Con discapacidad,Guanajuato,18-29,Caminar,0.0,2976.0,6.0,ENIGH (INEGI),Personas de 18 años o más,enigh
hogar,Es jefa o jefe del hogar,2024,Mujeres,Con discapacidad,Guanajuato,18-29,Hablar o comunicarse,0.0,1661.0,6.0,ENIGH (INEGI),Personas de 18 años o más,enigh
hogar,Es jefa o jefe del hogar,2024,Mujeres,Con discapacidad,Guanajuato,18-29,Mental,1029.0,7474.0,13.0,ENIGH (INEGI),Personas de 18 años o más,enigh
hogar,Es jefa o jefe del hogar,2024,Mujeres,Con discapacidad,Guanajuato,18-29,Oír,0.0,302.0,1.0,ENIGH (INEGI),Personas de 18 años o más,enigh
hogar,Es jefa o jefe del hogar,2024,Mujeres,Con discapacidad,Guanajuato,18-29,Recordar o concentrarse,0.0,2091.0,8.0,ENIGH (INEGI),Personas de 18 años o más,enigh
hogar,Es jefa o jefe del hogar,2024,Mujeres,Con discapacidad,Guanajuato,18-29,Ver,271.0,14591.0,19.0,ENIGH (INEGI),Personas de 18 años o más,enigh
hogar,Es jefa o jefe del hogar,2024,Mujeres,Con discapacidad,Guanajuato,30-44,Bañarse o vestirse,281.0,1772.0,4.0,ENIGH (INEGI),Personas de 18 años o más,enigh
hogar,Es jefa o jefe del hogar,2024,Mujeres,Con discapacidad,Guanajuato,30-44,Brazos o manos,293.0,3334.0,8.0,ENIGH (INEGI),Personas de 18 años o más,enigh
hogar,Es jefa o jefe del hogar,2024,Mujeres,Con discapacidad,Guanajuato,30-44,Caminar,3952.0,6959.0,11.0,ENIGH (INEGI),Personas de 18 años o más,enigh
hogar,Es jefa o jefe del hogar,2024,Mujeres,Con discapacidad,Guanajuato,30-44,Hablar o comunicarse,0.0,2526.0,5.0,ENIGH (INEGI),Personas de 18 años o más,enigh
hogar,Es jefa o jefe del hogar,2024,Mujeres,Con discapacidad,Guanajuato,30-44,Mental,2826.0,6510.0,10.0,ENIGH (INEGI),Personas de 18 años o más,enigh
hogar,Es jefa o jefe del hogar,2024,Mujeres,Con discapacidad,Guanajuato,30-44,Oír,0.0,1887.0,5.0,ENIGH (INEGI),Personas de 18 años o más,enigh
hogar,Es jefa o jefe del hogar,2024,Mujeres,Con discapacidad,Guanajuato,30-44,Recordar o concentrarse,269.0,3048.0,7.0,ENIGH (INEGI),Personas de 18 años o más,enigh
hogar,Es jefa o jefe del hogar,2024,Mujeres,Con discapacidad,Guanajuato,30-44,Ver,3440.0,17600.0,18.0,ENIGH (INEGI),Personas de 18 años o más,enigh
hogar,Es jefa o jefe del hogar,2024,Mujeres,Con discapacidad,Guanajuato,45-59,Bañarse o vestirse,0.0,3714.0,5.0,ENIGH (INEGI),Personas de 18 años o más,enigh
hogar,Es jefa o jefe del hogar,2024,Mujeres,Con discapacidad,Guanajuato,45-59,Brazos o manos,1166.0,5562.0,12.0,ENIGH (INEGI),Personas de 18 años o más,enigh
hogar,Es jefa o jefe del hogar,2024,Mujeres,Con discapacidad,Guanajuato,45-59,Caminar,2586.0,19972.0,37.0,ENIGH (INEGI),Personas de 18 años o más,enigh
hogar,Es jefa o jefe del hogar,2024,Mujeres,Con discapacidad,Guanajuato,45-59,Hablar o comunicarse,0.0,3321.0,3.0,ENIGH (INEGI),Personas de 18 años o más,enigh
hogar,Es jefa o jefe del hogar,2024,Mujeres,Con discapacidad,Guanajuato,45-59,Mental,1042.0,4471.0,5.0,ENIGH (INEGI),Personas de 18 años o más,enigh
hogar,Es jefa o jefe del hogar,2024,Mujeres,Con discapacidad,Guanajuato,45-59,Oír,3265.0,8563.0,17.0,ENIGH (INEGI),Personas de 18 años o más,enigh
hogar,Es jefa o jefe del hogar,2024,Mujeres,Con discapacidad,Guanajuato,45-59,Recordar o concentrarse,3509.0,7728.0,10.0,ENIGH (INEGI),Personas de 18 años o más,enigh
hogar,Es jefa o jefe del hogar,2024,Mujeres,Con discapacidad,Guanajuato,45-59,Ver,9594.0,21096.0,37.0,ENIGH (INEGI),Personas de 18 años o más,enigh
hogar,Es jefa o jefe del hogar,2024,Mujeres,Con discapacidad,Guanajuato,60+,Bañarse o vestirse,12243.0,29869.0,48.0,ENIGH (INEGI),Personas de 18 años o más,enigh
hogar,Es jefa o jefe del hogar,2024,Mujeres,Con discapacidad,Guanajuato,60+,Brazos o manos,19165.0,48223.0,85.0,ENIGH (INEGI),Personas de 18 años o más,enigh
hogar,Es jefa o jefe del hogar,2024,Mujeres,Con discapacidad,Guanajuato,60+,Caminar,49180.0,94053.0,161.0,ENIGH (INEGI),Personas de 18 años o más,enigh
hogar,Es jefa o jefe del hogar,2024,Mujeres,Con discapacidad,Guanajuato,60+,Hablar o comunicarse,4261.0,13320.0,20.0,ENIGH (INEGI),Personas de 18 años o más,enigh
hogar,Es jefa o jefe del hogar,2024,Mujeres,Con discapacidad,Guanajuato,60+,Mental,9255.0,23501.0,38.0,ENIGH (INEGI),Personas de 18 años o más,enigh
hogar,Es jefa o jefe del hogar,2024,Mujeres,Con discapacidad,Guanajuato,60+,Oír,13649.0,38503.0,64.0,ENIGH (INEGI),Personas de 18 años o más,enigh
hogar,Es jefa o jefe del hogar,2024,Mujeres,Con discapacidad,Guanajuato,60+,Recordar o concentrarse,13907.0,39585.0,65.0,ENIGH (INEGI),Personas de 18 años o más,enigh
hogar,Es jefa o jefe del hogar,2024,Mujeres,Con discapacidad,Guanajuato,60+,Ver,29331.0,67157.0,117.0,ENIGH (INEGI),Personas de 18 años o más,enigh
hogar,Es jefa o jefe del hogar,2024,Mujeres,Con discapacidad,Guerrero,18-29,Bañarse o vestirse,0.0,1578.0,3.0,ENIGH (INEGI),Personas de 18 años o más,enigh
hogar,Es jefa o jefe del hogar,2024,Mujeres,Con discapacidad,Guerrero,18-29,Brazos o manos,0.0,1312.0,3.0,ENIGH (INEGI),Personas de 18 años o más,enigh
hogar,Es jefa o jefe del hogar,2024,Mujeres,Con discapacidad,Guerrero,18-29,Caminar,0.0,1481.0,3.0,ENIGH (INEGI),Personas de 18 años o más,enigh
hogar,Es jefa o jefe del hogar,2024,Mujeres,Con discapacidad,Guerrero,18-29,Hablar o comunicarse,0.0,2111.0,5.0,ENIGH (INEGI),Personas de 18 años o más,enigh
hogar,Es jefa o jefe del hogar,2024,Mujeres,Con discapacidad,Guerrero,18-29,Mental,512.0,2222.0,5.0,ENIGH (INEGI),Personas de 18 años o más,enigh
hogar,Es jefa o jefe del hogar,2024,Mujeres,Con discapacidad,Guerrero,18-29,Oír,0.0,1468.0,3.0,ENIGH (INEGI),Personas de 18 años o más,enigh
hogar,Es jefa o jefe del hogar,2024,Mujeres,Con discapacidad,Guerrero,18-29,Recordar o concentrarse,335.0,2590.0,6.0,ENIGH (INEGI),Personas de 18 años o más,enigh
hogar,Es jefa o jefe del hogar,2024,Mujeres,Con discapacidad,Guerrero,18-29,Ver,0.0,2995.0,6.0,ENIGH (INEGI),Personas de 18 años o más,enigh
hogar,Es jefa o jefe del hogar,2024,Mujeres,Con discapacidad,Guerrero,30-44,Bañarse o vestirse,0.0,1477.0,5.0,ENIGH (INEGI),Personas de 18 años o más,enigh
hogar,Es jefa o jefe del hogar,2024,Mujeres,Con discapacidad,Guerrero,30-44,Brazos o manos,0.0,2437.0,7.0,ENIGH (INEGI),Personas de 18 años o más,enigh
hogar,Es jefa o jefe del hogar,2024,Mujeres,Con discapacidad,Guerrero,30-44,Caminar,544.0,3299.0,9.0,ENIGH (INEGI),Personas de 18 años o más,enigh
hogar,Es jefa o jefe del hogar,2024,Mujeres,Con discapacidad,Guerrero,30-44,Hablar o comunicarse,393.0,2779.0,8.0,ENIGH (INEGI),Personas de 18 años o más,enigh
hogar,Es jefa o jefe del hogar,2024,Mujeres,Con discapacidad,Guerrero,30-44,Mental,0.0,1681.0,5.0,ENIGH (INEGI),Personas de 18 años o más,enigh
hogar,Es jefa o jefe del hogar,2024,Mujeres,Con discapacidad,Guerrero,30-44,Oír,393.0,2702.0,7.0,ENIGH (INEGI),Personas de 18 años o más,enigh
hogar,Es jefa o jefe del hogar,2024,Mujeres,Con discapacidad,Guerrero,30-44,Recordar o concentrarse,1355.0,4532.0,12.0,ENIGH (INEGI),Personas de 18 años o más,enigh
hogar,Es jefa o jefe del hogar,2024,Mujeres,Con discapacidad,Guerrero,30-44,Ver,1133.0,3865.0,11.0,ENIGH (INEGI),Personas de 18 años o más,enigh
hogar,Es jefa o jefe del hogar,2024,Mujeres,Con discapacidad,Guerrero,45-59,Bañarse o vestirse,672.0,4808.0,11.0,ENIGH (INEGI),Personas de 18 años o más,enigh
hogar,Es jefa o jefe del hogar,2024,Mujeres,Con discapacidad,Guerrero,45-59,Brazos o manos,1424.0,4402.0,11.0,ENIGH (INEGI),Personas de 18 años o más,enigh
hogar,Es jefa o jefe del hogar,2024,Mujeres,Con discapacidad,Guerrero,45-59,Caminar,3018.0,9399.0,19.0,ENIGH (INEGI),Personas de 18 años o más,enigh
hogar,Es jefa o jefe del hogar,2024,Mujeres,Con discapacidad,Guerrero,45-59,Hablar o comunicarse,576.0,3000.0,6.0,ENIGH (INEGI),Personas de 18 años o más,enigh
hogar,Es jefa o jefe del hogar,2024,Mujeres,Con discapacidad,Guerrero,45-59,Mental,1731.0,6262.0,14.0,ENIGH (INEGI),Personas de 18 años o más,enigh
hogar,Es jefa o jefe del hogar,2024,Mujeres,Con discapacidad,Guerrero,45-59,Oír,505.0,4738.0,10.0,ENIGH (INEGI),Personas de 18 años o más,enigh
hogar,Es jefa o jefe del hogar,2024,Mujeres,Con discapacidad,Guerrero,45-59,Recordar o concentrarse,2141.0,6255.0,14.0,ENIGH (INEGI),Personas de 18 años o más,enigh
hogar,Es jefa o jefe del hogar,2024,Mujeres,Con discapacidad,Guerrero,45-59,Ver,5352.0,11689.0,27.0,ENIGH (INEGI),Personas de 18 años o más,enigh
hogar,Es jefa o jefe del hogar,2024,Mujeres,Con discapacidad,Guerrero,60+,Bañarse o vestirse,8544.0,18513.0,44.0,ENIGH (INEGI),Personas de 18 años o más,enigh
hogar,Es jefa o jefe del hogar,2024,Mujeres,Con discapacidad,Guerrero,60+,Brazos o manos,7609.0,13225.0,33.0,ENIGH (INEGI),Personas de 18 años o más,enigh
hogar,Es jefa o jefe del hogar,2024,Mujeres,Con discapacidad,Guerrero,60+,Caminar,19470.0,42983.0,106.0,ENIGH (INEGI),Personas de 18 años o más,enigh
hogar,Es jefa o jefe del hogar,2024,Mujeres,Con discapacidad,Guerrero,60+,Hablar o comunicarse,2992.0,7758.0,22.0,ENIGH (INEGI),Personas de 18 años o más,enigh
hogar,Es jefa o jefe del hogar,2024,Mujeres,Con discapacidad,Guerrero,60+,Mental,9749.0,19687.0,49.0,ENIGH (INEGI),Personas de 18 años o más,enigh
hogar,Es jefa o jefe del hogar,2024,Mujeres,Con discapacidad,Guerrero,60+,Oír,7374.0,14639.0,40.0,ENIGH (INEGI),Personas de 18 años o más,enigh
hogar,Es jefa o jefe del hogar,2024,Mujeres,Con discapacidad,Guerrero,60+,Recordar o concentrarse,11477.0,25586.0,66.0,ENIGH (INEGI),Personas de 18 años o más,enigh
hogar,Es jefa o jefe del hogar,2024,Mujeres,Con discapacidad,Guerrero,60+,Ver,13499.0,25293.0,60.0,ENIGH (INEGI),Personas de 18 años o más,enigh
hogar,Es jefa o jefe del hogar,2024,Mujeres,Con discapacidad,Hidalgo,18-29,Caminar,0.0,352.0,1.0,ENIGH (INEGI),Personas de 18 años o más,enigh
hogar,Es jefa o jefe del hogar,2024,Mujeres,Con discapacidad,Hidalgo,18-29,Hablar o comunicarse,0.0,942.0,3.0,ENIGH (INEGI),Personas de 18 años o más,enigh
hogar,Es jefa o jefe del hogar,2024,Mujeres,Con discapacidad,Hidalgo,18-29,Mental,0.0,338.0,1.0,ENIGH (INEGI),Personas de 18 años o más,enigh
hogar,Es jefa o jefe del hogar,2024,Mujeres,Con discapacidad,Hidalgo,18-29,Oír,0.0,314.0,1.0,ENIGH (INEGI),Personas de 18 años o más,enigh
hogar,Es jefa o jefe del hogar,2024,Mujeres,Con discapacidad,Hidalgo,18-29,Recordar o concentrarse,479.0,1169.0,3.0,ENIGH (INEGI),Personas de 18 años o más,enigh
hogar,Es jefa o jefe del hogar,2024,Mujeres,Con discapacidad,Hidalgo,18-29,Ver,406.0,3490.0,8.0,ENIGH (INEGI),Personas de 18 años o más,enigh
hogar,Es jefa o jefe del hogar,2024,Mujeres,Con discapacidad,Hidalgo,30-44,Bañarse o vestirse,0.0,2065.0,5.0,ENIGH (INEGI),Personas de 18 años o más,enigh
hogar,Es jefa o jefe del hogar,2024,Mujeres,Con discapacidad,Hidalgo,30-44,Brazos o manos,522.0,2128.0,5.0,ENIGH (INEGI),Personas de 18 años o más,enigh
hogar,Es jefa o jefe del hogar,2024,Mujeres,Con discapacidad,Hidalgo,30-44,Caminar,1294.0,4339.0,9.0,ENIGH (INEGI),Personas de 18 años o más,enigh
hogar,Es jefa o jefe del hogar,2024,Mujeres,Con discapacidad,Hidalgo,30-44,Hablar o comunicarse,433.0,3922.0,10.0,ENIGH (INEGI),Personas de 18 años o más,enigh
hogar,Es jefa o jefe del hogar,2024,Mujeres,Con discapacidad,Hidalgo,30-44,Mental,411.0,3164.0,8.0,ENIGH (INEGI),Personas de 18 años o más,enigh
hogar,Es jefa o jefe del hogar,2024,Mujeres,Con discapacidad,Hidalgo,30-44,Oír,433.0,2111.0,5.0,ENIGH (INEGI),Personas de 18 años o más,enigh
hogar,Es jefa o jefe del hogar,2024,Mujeres,Con discapacidad,Hidalgo,30-44,Recordar o concentrarse,932.0,4084.0,10.0,ENIGH (INEGI),Personas de 18 años o más,enigh
hogar,Es jefa o jefe del hogar,2024,Mujeres,Con discapacidad,Hidalgo,30-44,Ver,2417.0,5967.0,14.0,ENIGH (INEGI),Personas de 18 años o más,enigh
hogar,Es jefa o jefe del hogar,2024,Mujeres,Con discapacidad,Hidalgo,45-59,Bañarse o vestirse,164.0,603.0,2.0,ENIGH (INEGI),Personas de 18 años o más,enigh
hogar,Es jefa o jefe del hogar,2024,Mujeres,Con discapacidad,Hidalgo,45-59,Brazos o manos,814.0,3386.0,8.0,ENIGH (INEGI),Personas de 18 años o más,enigh
hogar,Es jefa o jefe del hogar,2024,Mujeres,Con discapacidad,Hidalgo,45-59,Caminar,5037.0,11043.0,27.0,ENIGH (INEGI),Personas de 18 años o más,enigh
hogar,Es jefa o jefe del hogar,2024,Mujeres,Con discapacidad,Hidalgo,45-59,Hablar o comunicarse,0.0,1553.0,4.0,ENIGH (INEGI),Personas de 18 años o más,enigh
hogar,Es jefa o jefe del hogar,2024,Mujeres,Con discapacidad,Hidalgo,45-59,Mental,1343.0,3656.0,9.0,ENIGH (INEGI),Personas de 18 años o más,enigh
hogar,Es jefa o jefe del hogar,2024,Mujeres,Con discapacidad,Hidalgo,45-59,Oír,2071.0,5104.0,12.0,ENIGH (INEGI),Personas de 18 años o más,enigh
hogar,Es jefa o jefe del hogar,2024,Mujeres,Con discapacidad,Hidalgo,45-59,Recordar o concentrarse,969.0,3336.0,8.0,ENIGH (INEGI),Personas de 18 años o más,enigh
hogar,Es jefa o jefe del hogar,2024,Mujeres,Con discapacidad,Hidalgo,45-59,Ver,6442.0,15320.0,32.0,ENIGH (INEGI),Personas de 18 años o más,enigh
hogar,Es jefa o jefe del hogar,2024,Mujeres,Con discapacidad,Hidalgo,60+,Bañarse o vestirse,7614.0,15574.0,34.0,ENIGH (INEGI),Personas de 18 años o más,enigh
hogar,Es jefa o jefe del hogar,2024,Mujeres,Con discapacidad,Hidalgo,60+,Brazos o manos,10127.0,20971.0,50.0,ENIGH (INEGI),Personas de 18 años o más,enigh
hogar,Es jefa o jefe del hogar,2024,Mujeres,Con discapacidad,Hidalgo,60+,Caminar,20193.0,42611.0,101.0,ENIGH (INEGI),Personas de 18 años o más,enigh
hogar,Es jefa o jefe del hogar,2024,Mujeres,Con discapacidad,Hidalgo,60+,Hablar o comunicarse,1470.0,6602.0,17.0,ENIGH (INEGI),Personas de 18 años o más,enigh
hogar,Es jefa o jefe del hogar,2024,Mujeres,Con discapacidad,Hidalgo,60+,Mental,5234.0,13770.0,33.0,ENIGH (INEGI),Personas de 18 años o más,enigh
hogar,Es jefa o jefe del hogar,2024,Mujeres,Con discapacidad,Hidalgo,60+,Oír,8154.0,18176.0,45.0,ENIGH (INEGI),Personas de 18 años o más,enigh
hogar,Es jefa o jefe del hogar,2024,Mujeres,Con discapacidad,Hidalgo,60+,Recordar o concentrarse,8333.0,18608.0,44.0,ENIGH (INEGI),Personas de 18 años o más,enigh
hogar,Es jefa o jefe del hogar,2024,Mujeres,Con discapacidad,Hidalgo,60+,Ver,14908.0,31285.0,78.0,ENIGH (INEGI),Personas de 18 años o más,enigh
hogar,Es jefa o jefe del hogar,2024,Mujeres,Con discapacidad,Jalisco,18-29,Bañarse o vestirse,0.0,545.0,1.0,ENIGH (INEGI),Personas de 18 años o más,enigh
hogar,Es jefa o jefe del hogar,2024,Mujeres,Con discapacidad,Jalisco,18-29,Brazos o manos,0.0,2650.0,1.0,ENIGH (INEGI),Personas de 18 años o más,enigh
hogar,Es jefa o jefe del hogar,2024,Mujeres,Con discapacidad,Jalisco,18-29,Caminar,0.0,1977.0,2.0,ENIGH (INEGI),Personas de 18 años o más,enigh
hogar,Es jefa o jefe del hogar,2024,Mujeres,Con discapacidad,Jalisco,18-29,Hablar o comunicarse,0.0,1358.0,1.0,ENIGH (INEGI),Personas de 18 años o más,enigh
hogar,Es jefa o jefe del hogar,2024,Mujeres,Con discapacidad,Jalisco,18-29,Mental,0.0,1358.0,1.0,ENIGH (INEGI),Personas de 18 años o más,enigh
hogar,Es jefa o jefe del hogar,2024,Mujeres,Con discapacidad,Jalisco,18-29,Oír,0.0,6285.0,5.0,ENIGH (INEGI),Personas de 18 años o más,enigh
hogar,Es jefa o jefe del hogar,2024,Mujeres,Con discapacidad,Jalisco,18-29,Recordar o concentrarse,0.0,1358.0,1.0,ENIGH (INEGI),Personas de 18 años o más,enigh
hogar,Es jefa o jefe del hogar,2024,Mujeres,Con discapacidad,Jalisco,18-29,Ver,0.0,5599.0,8.0,ENIGH (INEGI),Personas de 18 años o más,enigh
hogar,Es jefa o jefe del hogar,2024,Mujeres,Con discapacidad,Jalisco,30-44,Bañarse o vestirse,0.0,3557.0,4.0,ENIGH (INEGI),Personas de 18 años o más,enigh
hogar,Es jefa o jefe del hogar,2024,Mujeres,Con discapacidad,Jalisco,30-44,Brazos o manos,2463.0,8422.0,9.0,ENIGH (INEGI),Personas de 18 años o más,enigh
hogar,Es jefa o jefe del hogar,2024,Mujeres,Con discapacidad,Jalisco,30-44,Caminar,430.0,9617.0,11.0,ENIGH (INEGI),Personas de 18 años o más,enigh
hogar,Es jefa o jefe del hogar,2024,Mujeres,Con discapacidad,Jalisco,30-44,Hablar o comunicarse,693.0,3137.0,5.0,ENIGH (INEGI),Personas de 18 años o más,enigh
hogar,Es jefa o jefe del hogar,2024,Mujeres,Con discapacidad,Jalisco,30-44,Mental,9265.0,16068.0,12.0,ENIGH (INEGI),Personas de 18 años o más,enigh
hogar,Es jefa o jefe del hogar,2024,Mujeres,Con discapacidad,Jalisco,30-44,Oír,0.0,1670.0,2.0,ENIGH (INEGI),Personas de 18 años o más,enigh
hogar,Es jefa o jefe del hogar,2024,Mujeres,Con discapacidad,Jalisco,30-44,Recordar o concentrarse,3730.0,10332.0,12.0,ENIGH (INEGI),Personas de 18 años o más,enigh
hogar,Es jefa o jefe del hogar,2024,Mujeres,Con discapacidad,Jalisco,30-44,Ver,14392.0,30908.0,26.0,ENIGH (INEGI),Personas de 18 años o más,enigh
hogar,Es jefa o jefe del hogar,2024,Mujeres,Con discapacidad,Jalisco,45-59,Bañarse o vestirse,2071.0,5813.0,6.0,ENIGH (INEGI),Personas de 18 años o más,enigh
hogar,Es jefa o jefe del hogar,2024,Mujeres,Con discapacidad,Jalisco,45-59,Brazos o manos,4753.0,8952.0,10.0,ENIGH (INEGI),Personas de 18 años o más,enigh
hogar,Es jefa o jefe del hogar,2024,Mujeres,Con discapacidad,Jalisco,45-59,Caminar,11634.0,22302.0,26.0,ENIGH (INEGI),Personas de 18 años o más,enigh
hogar,Es jefa o jefe del hogar,2024,Mujeres,Con discapacidad,Jalisco,45-59,Hablar o comunicarse,365.0,2615.0,4.0,ENIGH (INEGI),Personas de 18 años o más,enigh
hogar,Es jefa o jefe del hogar,2024,Mujeres,Con discapacidad,Jalisco,45-59,Mental,1161.0,7623.0,6.0,ENIGH (INEGI),Personas de 18 años o más,enigh
hogar,Es jefa o jefe del hogar,2024,Mujeres,Con discapacidad,Jalisco,45-59,Oír,2326.0,7153.0,6.0,ENIGH (INEGI),Personas de 18 años o más,enigh
hogar,Es jefa o jefe del hogar,2024,Mujeres,Con discapacidad,Jalisco,45-59,Recordar o concentrarse,610.0,6939.0,8.0,ENIGH (INEGI),Personas de 18 años o más,enigh
hogar,Es jefa o jefe del hogar,2024,Mujeres,Con discapacidad,Jalisco,45-59,Ver,22336.0,36573.0,42.0,ENIGH (INEGI),Personas de 18 años o más,enigh
hogar,Es jefa o jefe del hogar,2024,Mujeres,Con discapacidad,Jalisco,60+,Bañarse o vestirse,17404.0,28536.0,31.0,ENIGH (INEGI),Personas de 18 años o más,enigh
hogar,Es jefa o jefe del hogar,2024,Mujeres,Con discapacidad,Jalisco,60+,Brazos o manos,27793.0,52859.0,59.0,ENIGH (INEGI),Personas de 18 años o más,enigh
hogar,Es jefa o jefe del hogar,2024,Mujeres,Con discapacidad,Jalisco,60+,Caminar,64950.0,110054.0,117.0,ENIGH (INEGI),Personas de 18 años o más,enigh
hogar,Es jefa o jefe del hogar,2024,Mujeres,Con discapacidad,Jalisco,60+,Hablar o comunicarse,8701.0,13862.0,16.0,ENIGH (INEGI),Personas de 18 años o más,enigh
hogar,Es jefa o jefe del hogar,2024,Mujeres,Con discapacidad,Jalisco,60+,Mental,13847.0,28344.0,32.0,ENIGH (INEGI),Personas de 18 años o más,enigh
hogar,Es jefa o jefe del hogar,2024,Mujeres,Con discapacidad,Jalisco,60+,Oír,20655.0,45666.0,48.0,ENIGH (INEGI),Personas de 18 años o más,enigh
hogar,Es jefa o jefe del hogar,2024,Mujeres,Con discapacidad,Jalisco,60+,Recordar o concentrarse,19193.0,38549.0,40.0,ENIGH (INEGI),Personas de 18 años o más,enigh
hogar,Es jefa o jefe del hogar,2024,Mujeres,Con discapacidad,Jalisco,60+,Ver,38781.0,80523.0,95.0,ENIGH (INEGI),Personas de 18 años o más,enigh
hogar,Es jefa o jefe del hogar,2024,Mujeres,Con discapacidad,Michoacán,18-29,Bañarse o vestirse,0.0,1203.0,2.0,ENIGH (INEGI),Personas de 18 años o más,enigh
hogar,Es jefa o jefe del hogar,2024,Mujeres,Con discapacidad,Michoacán,18-29,Caminar,794.0,2439.0,3.0,ENIGH (INEGI),Personas de 18 años o más,enigh
hogar,Es jefa o jefe del hogar,2024,Mujeres,Con discapacidad,Michoacán,18-29,Hablar o comunicarse,0.0,1720.0,3.0,ENIGH (INEGI),Personas de 18 años o más,enigh
hogar,Es jefa o jefe del hogar,2024,Mujeres,Con discapacidad,Michoacán,18-29,Mental,1448.0,5729.0,9.0,ENIGH (INEGI),Personas de 18 años o más,enigh
hogar,Es jefa o jefe del hogar,2024,Mujeres,Con discapacidad,Michoacán,18-29,Recordar o concentrarse,840.0,2595.0,4.0,ENIGH (INEGI),Personas de 18 años o más,enigh
hogar,Es jefa o jefe del hogar,2024,Mujeres,Con discapacidad,Michoacán,18-29,Ver,0.0,7927.0,12.0,ENIGH (INEGI),Personas de 18 años o más,enigh
hogar,Es jefa o jefe del hogar,2024,Mujeres,Con discapacidad,Michoacán,30-44,Bañarse o vestirse,0.0,673.0,1.0,ENIGH (INEGI),Personas de 18 años o más,enigh
hogar,Es jefa o jefe del hogar,2024,Mujeres,Con discapacidad,Michoacán,30-44,Brazos o manos,749.0,3123.0,4.0,ENIGH (INEGI),Personas de 18 años o más,enigh
hogar,Es jefa o jefe del hogar,2024,Mujeres,Con discapacidad,Michoacán,30-44,Caminar,749.0,2238.0,3.0,ENIGH (INEGI),Personas de 18 años o más,enigh
hogar,Es jefa o jefe del hogar,2024,Mujeres,Con discapacidad,Michoacán,30-44,Hablar o comunicarse,0.0,1244.0,2.0,ENIGH (INEGI),Personas de 18 años o más,enigh
hogar,Es jefa o jefe del hogar,2024,Mujeres,Con discapacidad,Michoacán,30-44,Mental,1693.0,5009.0,5.0,ENIGH (INEGI),Personas de 18 años o más,enigh
hogar,Es jefa o jefe del hogar,2024,Mujeres,Con discapacidad,Michoacán,30-44,Oír,493.0,3057.0,5.0,ENIGH (INEGI),Personas de 18 años o más,enigh
hogar,Es jefa o jefe del hogar,2024,Mujeres,Con discapacidad,Michoacán,30-44,Recordar o concentrarse,821.0,821.0,1.0,ENIGH (INEGI),Personas de 18 años o más,enigh
hogar,Es jefa o jefe del hogar,2024,Mujeres,Con discapacidad,Michoacán,30-44,Ver,1002.0,6573.0,11.0,ENIGH (INEGI),Personas de 18 años o más,enigh
hogar,Es jefa o jefe del hogar,2024,Mujeres,Con discapacidad,Michoacán,45-59,Bañarse o vestirse,608.0,1954.0,3.0,ENIGH (INEGI),Personas de 18 años o más,enigh
hogar,Es jefa o jefe del hogar,2024,Mujeres,Con discapacidad,Michoacán,45-59,Brazos o manos,3712.0,7706.0,12.0,ENIGH (INEGI),Personas de 18 años o más,enigh
hogar,Es jefa o jefe del hogar,2024,Mujeres,Con discapacidad,Michoacán,45-59,Caminar,7889.0,16693.0,25.0,ENIGH (INEGI),Personas de 18 años o más,enigh
hogar,Es jefa o jefe del hogar,2024,Mujeres,Con discapacidad,Michoacán,45-59,Hablar o comunicarse,0.0,1346.0,2.0,ENIGH (INEGI),Personas de 18 años o más,enigh
hogar,Es jefa o jefe del hogar,2024,Mujeres,Con discapacidad,Michoacán,45-59,Mental,5339.0,9741.0,14.0,ENIGH (INEGI),Personas de 18 años o más,enigh
hogar,Es jefa o jefe del hogar,2024,Mujeres,Con discapacidad,Michoacán,45-59,Oír,3273.0,5672.0,9.0,ENIGH (INEGI),Personas de 18 años o más,enigh
hogar,Es jefa o jefe del hogar,2024,Mujeres,Con discapacidad,Michoacán,45-59,Recordar o concentrarse,5229.0,10307.0,16.0,ENIGH (INEGI),Personas de 18 años o más,enigh
hogar,Es jefa o jefe del hogar,2024,Mujeres,Con discapacidad,Michoacán,45-59,Ver,6819.0,19354.0,27.0,ENIGH (INEGI),Personas de 18 años o más,enigh
hogar,Es jefa o jefe del hogar,2024,Mujeres,Con discapacidad,Michoacán,60+,Bañarse o vestirse,8532.0,15780.0,24.0,ENIGH (INEGI),Personas de 18 años o más,enigh
hogar,Es jefa o jefe del hogar,2024,Mujeres,Con discapacidad,Michoacán,60+,Brazos o manos,14774.0,26752.0,44.0,ENIGH (INEGI),Personas de 18 años o más,enigh
hogar,Es jefa o jefe del hogar,2024,Mujeres,Con discapacidad,Michoacán,60+,Caminar,38197.0,62612.0,97.0,ENIGH (INEGI),Personas de 18 años o más,enigh
hogar,Es jefa o jefe del hogar,2024,Mujeres,Con discapacidad,Michoacán,60+,Hablar o comunicarse,3236.0,8704.0,13.0,ENIGH (INEGI),Personas de 18 años o más,enigh
hogar,Es jefa o jefe del hogar,2024,Mujeres,Con discapacidad,Michoacán,60+,Mental,4661.0,9867.0,16.0,ENIGH (INEGI),Personas de 18 años o más,enigh
hogar,Es jefa o jefe del hogar,2024,Mujeres,Con discapacidad,Michoacán,60+,Oír,16742.0,28826.0,45.0,ENIGH (INEGI),Personas de 18 años o más,enigh
hogar,Es jefa o jefe del hogar,2024,Mujeres,Con discapacidad,Michoacán,60+,Recordar o concentrarse,11974.0,22423.0,35.0,ENIGH (INEGI),Personas de 18 años o más,enigh
hogar,Es jefa o jefe del hogar,2024,Mujeres,Con discapacidad,Michoacán,60+,Ver,24215.0,49643.0,75.0,ENIGH (INEGI),Personas de 18 años o más,enigh
hogar,Es jefa o jefe del hogar,2024,Mujeres,Con discapacidad,Morelos,18-29,Bañarse o vestirse,0.0,1442.0,3.0,ENIGH (INEGI),Personas de 18 años o más,enigh
hogar,Es jefa o jefe del hogar,2024,Mujeres,Con discapacidad,Morelos,18-29,Brazos o manos,0.0,1241.0,3.0,ENIGH (INEGI),Personas de 18 años o más,enigh
hogar,Es jefa o jefe del hogar,2024,Mujeres,Con discapacidad,Morelos,18-29,Caminar,0.0,1332.0,4.0,ENIGH (INEGI),Personas de 18 años o más,enigh
hogar,Es jefa o jefe del hogar,2024,Mujeres,Con discapacidad,Morelos,18-29,Hablar o comunicarse,0.0,2465.0,7.0,ENIGH (INEGI),Personas de 18 años o más,enigh
hogar,Es jefa o jefe del hogar,2024,Mujeres,Con discapacidad,Morelos,18-29,Mental,0.0,2455.0,8.0,ENIGH (INEGI),Personas de 18 años o más,enigh
hogar,Es jefa o jefe del hogar,2024,Mujeres,Con discapacidad,Morelos,18-29,Oír,0.0,2040.0,5.0,ENIGH (INEGI),Personas de 18 años o más,enigh
hogar,Es jefa o jefe del hogar,2024,Mujeres,Con discapacidad,Morelos,18-29,Recordar o concentrarse,237.0,2204.0,7.0,ENIGH (INEGI),Personas de 18 años o más,enigh
hogar,Es jefa o jefe del hogar,2024,Mujeres,Con discapacidad,Morelos,18-29,Ver,0.0,2788.0,10.0,ENIGH (INEGI),Personas de 18 años o más,enigh
hogar,Es jefa o jefe del hogar,2024,Mujeres,Con discapacidad,Morelos,30-44,Bañarse o vestirse,0.0,554.0,3.0,ENIGH (INEGI),Personas de 18 años o más,enigh
hogar,Es jefa o jefe del hogar,2024,Mujeres,Con discapacidad,Morelos,30-44,Brazos o manos,1047.0,1944.0,8.0,ENIGH (INEGI),Personas de 18 años o más,enigh
hogar,Es jefa o jefe del hogar,2024,Mujeres,Con discapacidad,Morelos,30-44,Caminar,551.0,1701.0,7.0,ENIGH (INEGI),Personas de 18 años o más,enigh
hogar,Es jefa o jefe del hogar,2024,Mujeres,Con discapacidad,Morelos,30-44,Hablar o comunicarse,0.0,711.0,4.0,ENIGH (INEGI),Personas de 18 años o más,enigh
hogar,Es jefa o jefe del hogar,2024,Mujeres,Con discapacidad,Morelos,30-44,Mental,739.0,1358.0,6.0,ENIGH (INEGI),Personas de 18 años o más,enigh
hogar,Es jefa o jefe del hogar,2024,Mujeres,Con discapacidad,Morelos,30-44,Oír,1073.0,1889.0,6.0,ENIGH (INEGI),Personas de 18 años o más,enigh
hogar,Es jefa o jefe del hogar,2024,Mujeres,Con discapacidad,Morelos,30-44,Recordar o concentrarse,577.0,1395.0,7.0,ENIGH (INEGI),Personas de 18 años o más,enigh
hogar,Es jefa o jefe del hogar,2024,Mujeres,Con discapacidad,Morelos,30-44,Ver,595.0,3236.0,15.0,ENIGH (INEGI),Personas de 18 años o más,enigh
hogar,Es jefa o jefe del hogar,2024,Mujeres,Con discapacidad,Morelos,45-59,Bañarse o vestirse,287.0,544.0,2.0,ENIGH (INEGI),Personas de 18 años o más,enigh
hogar,Es jefa o jefe del hogar,2024,Mujeres,Con discapacidad,Morelos,45-59,Brazos o manos,1583.0,1680.0,6.0,ENIGH (INEGI),Personas de 18 años o más,enigh
hogar,Es jefa o jefe del hogar,2024,Mujeres,Con discapacidad,Morelos,45-59,Caminar,2915.0,6536.0,29.0,ENIGH (INEGI),Personas de 18 años o más,enigh
hogar,Es jefa o jefe del hogar,2024,Mujeres,Con discapacidad,Morelos,45-59,Hablar o comunicarse,0.0,338.0,2.0,ENIGH (INEGI),Personas de 18 años o más,enigh
hogar,Es jefa o jefe del hogar,2024,Mujeres,Con discapacidad,Morelos,45-59,Mental,287.0,1314.0,5.0,ENIGH (INEGI),Personas de 18 años o más,enigh
hogar,Es jefa o jefe del hogar,2024,Mujeres,Con discapacidad,Morelos,45-59,Oír,470.0,956.0,5.0,ENIGH (INEGI),Personas de 18 años o más,enigh
hogar,Es jefa o jefe del hogar,2024,Mujeres,Con discapacidad,Morelos,45-59,Recordar o concentrarse,1553.0,2767.0,12.0,ENIGH (INEGI),Personas de 18 años o más,enigh
hogar,Es jefa o jefe del hogar,2024,Mujeres,Con discapacidad,Morelos,45-59,Ver,4137.0,8691.0,36.0,ENIGH (INEGI),Personas de 18 años o más,enigh
hogar,Es jefa o jefe del hogar,2024,Mujeres,Con discapacidad,Morelos,60+,Bañarse o vestirse,4910.0,8785.0,36.0,ENIGH (INEGI),Personas de 18 años o más,enigh
hogar,Es jefa o jefe del hogar,2024,Mujeres,Con discapacidad,Morelos,60+,Brazos o manos,7551.0,12593.0,55.0,ENIGH (INEGI),Personas de 18 años o más,enigh
hogar,Es jefa o jefe del hogar,2024,Mujeres,Con discapacidad,Morelos,60+,Caminar,18021.0,28900.0,125.0,ENIGH (INEGI),Personas de 18 años o más,enigh
hogar,Es jefa o jefe del hogar,2024,Mujeres,Con discapacidad,Morelos,60+,Hablar o comunicarse,1017.0,2470.0,9.0,ENIGH (INEGI),Personas de 18 años o más,enigh
hogar,Es jefa o jefe del hogar,2024,Mujeres,Con discapacidad,Morelos,60+,Mental,3921.0,6701.0,29.0,ENIGH (INEGI),Personas de 18 años o más,enigh
hogar,Es jefa o jefe del hogar,2024,Mujeres,Con discapacidad,Morelos,60+,Oír,5943.0,10211.0,52.0,ENIGH (INEGI),Personas de 18 años o más,enigh
hogar,Es jefa o jefe del hogar,2024,Mujeres,Con discapacidad,Morelos,60+,Recordar o concentrarse,3890.0,7595.0,34.0,ENIGH (INEGI),Personas de 18 años o más,enigh
hogar,Es jefa o jefe del hogar,2024,Mujeres,Con discapacidad,Morelos,60+,Ver,13340.0,21886.0,99.0,ENIGH (INEGI),Personas de 18 años o más,enigh
hogar,Es jefa o jefe del hogar,2024,Mujeres,Con discapacidad,México,18-29,Bañarse o vestirse,0.0,2782.0,3.0,ENIGH (INEGI),Personas de 18 años o más,enigh
hogar,Es jefa o jefe del hogar,2024,Mujeres,Con discapacidad,México,18-29,Brazos o manos,0.0,5604.0,4.0,ENIGH (INEGI),Personas de 18 años o más,enigh
hogar,Es jefa o jefe del hogar,2024,Mujeres,Con discapacidad,México,18-29,Caminar,0.0,4766.0,5.0,ENIGH (INEGI),Personas de 18 años o más,enigh
hogar,Es jefa o jefe del hogar,2024,Mujeres,Con discapacidad,México,18-29,Hablar o comunicarse,0.0,3271.0,5.0,ENIGH (INEGI),Personas de 18 años o más,enigh
hogar,Es jefa o jefe del hogar,2024,Mujeres,Con discapacidad,México,18-29,Mental,2079.0,6994.0,6.0,ENIGH (INEGI),Personas de 18 años o más,enigh
hogar,Es jefa o jefe del hogar,2024,Mujeres,Con discapacidad,México,18-29,Oír,0.0,4203.0,5.0,ENIGH (INEGI),Personas de 18 años o más,enigh
hogar,Es jefa o jefe del hogar,2024,Mujeres,Con discapacidad,México,18-29,Recordar o concentrarse,0.0,6294.0,7.0,ENIGH (INEGI),Personas de 18 años o más,enigh
hogar,Es jefa o jefe del hogar,2024,Mujeres,Con discapacidad,México,18-29,Ver,2079.0,33843.0,20.0,ENIGH (INEGI),Personas de 18 años o más,enigh
hogar,Es jefa o jefe del hogar,2024,Mujeres,Con discapacidad,México,30-44,Bañarse o vestirse,566.0,10574.0,11.0,ENIGH (INEGI),Personas de 18 años o más,enigh
hogar,Es jefa o jefe del hogar,2024,Mujeres,Con discapacidad,México,30-44,Brazos o manos,566.0,17824.0,16.0,ENIGH (INEGI),Personas de 18 años o más,enigh
hogar,Es jefa o jefe del hogar,2024,Mujeres,Con discapacidad,México,30-44,Caminar,566.0,19738.0,16.0,ENIGH (INEGI),Personas de 18 años o más,enigh
hogar,Es jefa o jefe del hogar,2024,Mujeres,Con discapacidad,México,30-44,Hablar o comunicarse,0.0,9912.0,9.0,ENIGH (INEGI),Personas de 18 años o más,enigh
hogar,Es jefa o jefe del hogar,2024,Mujeres,Con discapacidad,México,30-44,Mental,0.0,19834.0,15.0,ENIGH (INEGI),Personas de 18 años o más,enigh
hogar,Es jefa o jefe del hogar,2024,Mujeres,Con discapacidad,México,30-44,Oír,0.0,2358.0,3.0,ENIGH (INEGI),Personas de 18 años o más,enigh
hogar,Es jefa o jefe del hogar,2024,Mujeres,Con discapacidad,México,30-44,Recordar o concentrarse,1780.0,13490.0,14.0,ENIGH (INEGI),Personas de 18 años o más,enigh
hogar,Es jefa o jefe del hogar,2024,Mujeres,Con discapacidad,México,30-44,Ver,5492.0,19512.0,20.0,ENIGH (INEGI),Personas de 18 años o más,enigh
hogar,Es jefa o jefe del hogar,2024,Mujeres,Con discapacidad,México,45-59,Bañarse o vestirse,2681.0,13600.0,9.0,ENIGH (INEGI),Personas de 18 años o más,enigh
hogar,Es jefa o jefe del hogar,2024,Mujeres,Con discapacidad,México,45-59,Brazos o manos,10725.0,24177.0,15.0,ENIGH (INEGI),Personas de 18 años o más,enigh
hogar,Es jefa o jefe del hogar,2024,Mujeres,Con discapacidad,México,45-59,Caminar,17954.0,59404.0,38.0,ENIGH (INEGI),Personas de 18 años o más,enigh
hogar,Es jefa o jefe del hogar,2024,Mujeres,Con discapacidad,México,45-59,Hablar o comunicarse,0.0,8888.0,8.0,ENIGH (INEGI),Personas de 18 años o más,enigh
hogar,Es jefa o jefe del hogar,2024,Mujeres,Con discapacidad,México,45-59,Mental,3971.0,23326.0,16.0,ENIGH (INEGI),Personas de 18 años o más,enigh
hogar,Es jefa o jefe del hogar,2024,Mujeres,Con discapacidad,México,45-59,Oír,6639.0,15445.0,11.0,ENIGH (INEGI),Personas de 18 años o más,enigh
hogar,Es jefa o jefe del hogar,2024,Mujeres,Con discapacidad,México,45-59,Recordar o concentrarse,4369.0,20519.0,13.0,ENIGH (INEGI),Personas de 18 años o más,enigh
hogar,Es jefa o jefe del hogar,2024,Mujeres,Con discapacidad,México,45-59,Ver,24325.0,66611.0,51.0,ENIGH (INEGI),Personas de 18 años o más,enigh
hogar,Es jefa o jefe del hogar,2024,Mujeres,Con discapacidad,México,60+,Bañarse o vestirse,15264.0,58064.0,44.0,ENIGH (INEGI),Personas de 18 años o más,enigh
hogar,Es jefa o jefe del hogar,2024,Mujeres,Con discapacidad,México,60+,Brazos o manos,34313.0,101773.0,66.0,ENIGH (INEGI),Personas de 18 años o más,enigh
hogar,Es jefa o jefe del hogar,2024,Mujeres,Con discapacidad,México,60+,Caminar,75900.0,213360.0,148.0,ENIGH (INEGI),Personas de 18 años o más,enigh
hogar,Es jefa o jefe del hogar,2024,Mujeres,Con discapacidad,México,60+,Hablar o comunicarse,1863.0,21632.0,14.0,ENIGH (INEGI),Personas de 18 años o más,enigh
hogar,Es jefa o jefe del hogar,2024,Mujeres,Con discapacidad,México,60+,Mental,9450.0,33396.0,26.0,ENIGH (INEGI),Personas de 18 años o más,enigh
hogar,Es jefa o jefe del hogar,2024,Mujeres,Con discapacidad,México,60+,Oír,39168.0,89210.0,71.0,ENIGH (INEGI),Personas de 18 años o más,enigh
hogar,Es jefa o jefe del hogar,2024,Mujeres,Con discapacidad,México,60+,Recordar o concentrarse,21015.0,62202.0,43.0,ENIGH (INEGI),Personas de 18 años o más,enigh
hogar,Es jefa o jefe del hogar,2024,Mujeres,Con discapacidad,México,60+,Ver,75039.0,155895.0,108.0,ENIGH (INEGI),Personas de 18 años o más,enigh
hogar,Es jefa o jefe del hogar,2024,Mujeres,Con discapacidad,Nayarit,18-29,Bañarse o vestirse,0.0,198.0,1.0,ENIGH (INEGI),Personas de 18 años o más,enigh
hogar,Es jefa o jefe del hogar,2024,Mujeres,Con discapacidad,Nayarit,18-29,Brazos o manos,0.0,198.0,1.0,ENIGH (INEGI),Personas de 18 años o más,enigh
hogar,Es jefa o jefe del hogar,2024,Mujeres,Con discapacidad,Nayarit,18-29,Caminar,219.0,762.0,4.0,ENIGH (INEGI),Personas de 18 años o más,enigh
hogar,Es jefa o jefe del hogar,2024,Mujeres,Con discapacidad,Nayarit,18-29,Hablar o comunicarse,0.0,394.0,2.0,ENIGH (INEGI),Personas de 18 años o más,enigh
hogar,Es jefa o jefe del hogar,2024,Mujeres,Con discapacidad,Nayarit,18-29,Mental,0.0,548.0,3.0,ENIGH (INEGI),Personas de 18 años o más,enigh
hogar,Es jefa o jefe del hogar,2024,Mujeres,Con discapacidad,Nayarit,18-29,Oír,0.0,387.0,2.0,ENIGH (INEGI),Personas de 18 años o más,enigh
hogar,Es jefa o jefe del hogar,2024,Mujeres,Con discapacidad,Nayarit,18-29,Recordar o concentrarse,219.0,613.0,3.0,ENIGH (INEGI),Personas de 18 años o más,enigh
hogar,Es jefa o jefe del hogar,2024,Mujeres,Con discapacidad,Nayarit,18-29,Ver,0.0,944.0,5.0,ENIGH (INEGI),Personas de 18 años o más,enigh
hogar,Es jefa o jefe del hogar,2024,Mujeres,Con discapacidad,Nayarit,30-44,Bañarse o vestirse,0.0,724.0,4.0,ENIGH (INEGI),Personas de 18 años o más,enigh
hogar,Es jefa o jefe del hogar,2024,Mujeres,Con discapacidad,Nayarit,30-44,Brazos o manos,188.0,381.0,2.0,ENIGH (INEGI),Personas de 18 años o más,enigh
hogar,Es jefa o jefe del hogar,2024,Mujeres,Con discapacidad,Nayarit,30-44,Caminar,573.0,1245.0,6.0,ENIGH (INEGI),Personas de 18 años o más,enigh
hogar,Es jefa o jefe del hogar,2024,Mujeres,Con discapacidad,Nayarit,30-44,Hablar o comunicarse,0.0,771.0,4.0,ENIGH (INEGI),Personas de 18 años o más,enigh
hogar,Es jefa o jefe del hogar,2024,Mujeres,Con discapacidad,Nayarit,30-44,Mental,678.0,1404.0,7.0,ENIGH (INEGI),Personas de 18 años o más,enigh
hogar,Es jefa o jefe del hogar,2024,Mujeres,Con discapacidad,Nayarit,30-44,Oír,246.0,1003.0,5.0,ENIGH (INEGI),Personas de 18 años o más,enigh
hogar,Es jefa o jefe del hogar,2024,Mujeres,Con discapacidad,Nayarit,30-44,Recordar o concentrarse,188.0,903.0,5.0,ENIGH (INEGI),Personas de 18 años o más,enigh
hogar,Es jefa o jefe del hogar,2024,Mujeres,Con discapacidad,Nayarit,30-44,Ver,1707.0,2555.0,13.0,ENIGH (INEGI),Personas de 18 años o más,enigh
hogar,Es jefa o jefe del hogar,2024,Mujeres,Con discapacidad,Nayarit,45-59,Bañarse o vestirse,586.0,1562.0,8.0,ENIGH (INEGI),Personas de 18 años o más,enigh
hogar,Es jefa o jefe del hogar,2024,Mujeres,Con discapacidad,Nayarit,45-59,Brazos o manos,1308.0,2714.0,15.0,ENIGH (INEGI),Personas de 18 años o más,enigh
hogar,Es jefa o jefe del hogar,2024,Mujeres,Con discapacidad,Nayarit,45-59,Caminar,2697.0,5238.0,29.0,ENIGH (INEGI),Personas de 18 años o más,enigh
hogar,Es jefa o jefe del hogar,2024,Mujeres,Con discapacidad,Nayarit,45-59,Mental,890.0,1664.0,9.0,ENIGH (INEGI),Personas de 18 años o más,enigh
hogar,Es jefa o jefe del hogar,2024,Mujeres,Con discapacidad,Nayarit,45-59,Oír,386.0,1403.0,8.0,ENIGH (INEGI),Personas de 18 años o más,enigh
hogar,Es jefa o jefe del hogar,2024,Mujeres,Con discapacidad,Nayarit,45-59,Recordar o concentrarse,584.0,1621.0,9.0,ENIGH (INEGI),Personas de 18 años o más,enigh
hogar,Es jefa o jefe del hogar,2024,Mujeres,Con discapacidad,Nayarit,45-59,Ver,3487.0,6407.0,37.0,ENIGH (INEGI),Personas de 18 años o más,enigh
hogar,Es jefa o jefe del hogar,2024,Mujeres,Con discapacidad,Nayarit,60+,Bañarse o vestirse,2285.0,3430.0,20.0,ENIGH (INEGI),Personas de 18 años o más,enigh
hogar,Es jefa o jefe del hogar,2024,Mujeres,Con discapacidad,Nayarit,60+,Brazos o manos,1984.0,3593.0,21.0,ENIGH (INEGI),Personas de 18 años o más,enigh
hogar,Es jefa o jefe del hogar,2024,Mujeres,Con discapacidad,Nayarit,60+,Caminar,7296.0,11715.0,66.0,ENIGH (INEGI),Personas de 18 años o más,enigh
hogar,Es jefa o jefe del hogar,2024,Mujeres,Con discapacidad,Nayarit,60+,Hablar o comunicarse,378.0,1052.0,6.0,ENIGH (INEGI),Personas de 18 años o más,enigh
hogar,Es jefa o jefe del hogar,2024,Mujeres,Con discapacidad,Nayarit,60+,Mental,1012.0,1887.0,11.0,ENIGH (INEGI),Personas de 18 años o más,enigh
hogar,Es jefa o jefe del hogar,2024,Mujeres,Con discapacidad,Nayarit,60+,Oír,2873.0,4350.0,26.0,ENIGH (INEGI),Personas de 18 años o más,enigh
hogar,Es jefa o jefe del hogar,2024,Mujeres,Con discapacidad,Nayarit,60+,Recordar o concentrarse,3064.0,4876.0,28.0,ENIGH (INEGI),Personas de 18 años o más,enigh
hogar,Es jefa o jefe del hogar,2024,Mujeres,Con discapacidad,Nayarit,60+,Ver,6569.0,10469.0,59.0,ENIGH (INEGI),Personas de 18 años o más,enigh
hogar,Es jefa o jefe del hogar,2024,Mujeres,Con discapacidad,Nuevo León,18-29,Bañarse o vestirse,0.0,824.0,3.0,ENIGH (INEGI),Personas de 18 años o más,enigh
hogar,Es jefa o jefe del hogar,2024,Mujeres,Con discapacidad,Nuevo León,18-29,Brazos o manos,0.0,737.0,2.0,ENIGH (INEGI),Personas de 18 años o más,enigh
hogar,Es jefa o jefe del hogar,2024,Mujeres,Con discapacidad,Nuevo León,18-29,Caminar,0.0,1595.0,6.0,ENIGH (INEGI),Personas de 18 años o más,enigh
hogar,Es jefa o jefe del hogar,2024,Mujeres,Con discapacidad,Nuevo León,18-29,Hablar o comunicarse,0.0,832.0,3.0,ENIGH (INEGI),Personas de 18 años o más,enigh
hogar,Es jefa o jefe del hogar,2024,Mujeres,Con discapacidad,Nuevo León,18-29,Mental,0.0,2467.0,5.0,ENIGH (INEGI),Personas de 18 años o más,enigh
hogar,Es jefa o jefe del hogar,2024,Mujeres,Con discapacidad,Nuevo León,18-29,Oír,0.0,917.0,2.0,ENIGH (INEGI),Personas de 18 años o más,enigh
hogar,Es jefa o jefe del hogar,2024,Mujeres,Con discapacidad,Nuevo León,18-29,Recordar o concentrarse,0.0,845.0,2.0,ENIGH (INEGI),Personas de 18 años o más,enigh
hogar,Es jefa o jefe del hogar,2024,Mujeres,Con discapacidad,Nuevo León,18-29,Ver,286.0,10621.0,15.0,ENIGH (INEGI),Personas de 18 años o más,enigh
hogar,Es jefa o jefe del hogar,2024,Mujeres,Con discapacidad,Nuevo León,30-44,Bañarse o vestirse,0.0,891.0,1.0,ENIGH (INEGI),Personas de 18 años o más,enigh
hogar,Es jefa o jefe del hogar,2024,Mujeres,Con discapacidad,Nuevo León,30-44,Brazos o manos,39.0,39.0,1.0,ENIGH (INEGI),Personas de 18 años o más,enigh
hogar,Es jefa o jefe del hogar,2024,Mujeres,Con discapacidad,Nuevo León,30-44,Caminar,45.0,6359.0,10.0,ENIGH (INEGI),Personas de 18 años o más,enigh
hogar,Es jefa o jefe del hogar,2024,Mujeres,Con discapacidad,Nuevo León,30-44,Hablar o comunicarse,0.0,1723.0,3.0,ENIGH (INEGI),Personas de 18 años o más,enigh
hogar,Es jefa o jefe del hogar,2024,Mujeres,Con discapacidad,Nuevo León,30-44,Mental,1191.0,3483.0,7.0,ENIGH (INEGI),Personas de 18 años o más,enigh
hogar,Es jefa o jefe del hogar,2024,Mujeres,Con discapacidad,Nuevo León,30-44,Oír,34.0,1617.0,5.0,ENIGH (INEGI),Personas de 18 años o más,enigh
hogar,Es jefa o jefe del hogar,2024,Mujeres,Con discapacidad,Nuevo León,30-44,Recordar o concentrarse,1811.0,2729.0,7.0,ENIGH (INEGI),Personas de 18 años o más,enigh
hogar,Es jefa o jefe del hogar,2024,Mujeres,Con discapacidad,Nuevo León,30-44,Ver,1597.0,3366.0,9.0,ENIGH (INEGI),Personas de 18 años o más,enigh
hogar,Es jefa o jefe del hogar,2024,Mujeres,Con discapacidad,Nuevo León,45-59,Bañarse o vestirse,1980.0,3808.0,7.0,ENIGH (INEGI),Personas de 18 años o más,enigh
hogar,Es jefa o jefe del hogar,2024,Mujeres,Con discapacidad,Nuevo León,45-59,Brazos o manos,1911.0,7801.0,22.0,ENIGH (INEGI),Personas de 18 años o más,enigh
hogar,Es jefa o jefe del hogar,2024,Mujeres,Con discapacidad,Nuevo León,45-59,Caminar,4377.0,16072.0,34.0,ENIGH (INEGI),Personas de 18 años o más,enigh
hogar,Es jefa o jefe del hogar,2024,Mujeres,Con discapacidad,Nuevo León,45-59,Hablar o comunicarse,42.0,77.0,2.0,ENIGH (INEGI),Personas de 18 años o más,enigh
hogar,Es jefa o jefe del hogar,2024,Mujeres,Con discapacidad,Nuevo León,45-59,Mental,780.0,2052.0,4.0,ENIGH (INEGI),Personas de 18 años o más,enigh
hogar,Es jefa o jefe del hogar,2024,Mujeres,Con discapacidad,Nuevo León,45-59,Oír,1174.0,2264.0,8.0,ENIGH (INEGI),Personas de 18 años o más,enigh
hogar,Es jefa o jefe del hogar,2024,Mujeres,Con discapacidad,Nuevo León,45-59,Recordar o concentrarse,1861.0,3711.0,10.0,ENIGH (INEGI),Personas de 18 años o más,enigh
hogar,Es jefa o jefe del hogar,2024,Mujeres,Con discapacidad,Nuevo León,45-59,Ver,3647.0,8666.0,37.0,ENIGH (INEGI),Personas de 18 años o más,enigh
hogar,Es jefa o jefe del hogar,2024,Mujeres,Con discapacidad,Nuevo León,60+,Bañarse o vestirse,5752.0,18812.0,57.0,ENIGH (INEGI),Personas de 18 años o más,enigh
hogar,Es jefa o jefe del hogar,2024,Mujeres,Con discapacidad,Nuevo León,60+,Brazos o manos,6945.0,21534.0,63.0,ENIGH (INEGI),Personas de 18 años o más,enigh
hogar,Es jefa o jefe del hogar,2024,Mujeres,Con discapacidad,Nuevo León,60+,Caminar,25559.0,60606.0,152.0,ENIGH (INEGI),Personas de 18 años o más,enigh
hogar,Es jefa o jefe del hogar,2024,Mujeres,Con discapacidad,Nuevo León,60+,Hablar o comunicarse,2089.0,7265.0,30.0,ENIGH (INEGI),Personas de 18 años o más,enigh
hogar,Es jefa o jefe del hogar,2024,Mujeres,Con discapacidad,Nuevo León,60+,Mental,6244.0,14996.0,50.0,ENIGH (INEGI),Personas de 18 años o más,enigh
hogar,Es jefa o jefe del hogar,2024,Mujeres,Con discapacidad,Nuevo León,60+,Oír,7483.0,16183.0,65.0,ENIGH (INEGI),Personas de 18 años o más,enigh
hogar,Es jefa o jefe del hogar,2024,Mujeres,Con discapacidad,Nuevo León,60+,Recordar o concentrarse,4061.0,13838.0,53.0,ENIGH (INEGI),Personas de 18 años o más,enigh
hogar,Es jefa o jefe del hogar,2024,Mujeres,Con discapacidad,Nuevo León,60+,Ver,12998.0,26746.0,114.0,ENIGH (INEGI),Personas de 18 años o más,enigh
hogar,Es jefa o jefe del hogar,2024,Mujeres,Con discapacidad,Oaxaca,18-29,Bañarse o vestirse,0.0,741.0,2.0,ENIGH (INEGI),Personas de 18 años o más,enigh
hogar,Es jefa o jefe del hogar,2024,Mujeres,Con discapacidad,Oaxaca,18-29,Brazos o manos,0.0,1096.0,3.0,ENIGH (INEGI),Personas de 18 años o más,enigh
hogar,Es jefa o jefe del hogar,2024,Mujeres,Con discapacidad,Oaxaca,18-29,Caminar,0.0,2029.0,6.0,ENIGH (INEGI),Personas de 18 años o más,enigh
hogar,Es jefa o jefe del hogar,2024,Mujeres,Con discapacidad,Oaxaca,18-29,Hablar o comunicarse,0.0,3444.0,7.0,ENIGH (INEGI),Personas de 18 años o más,enigh
hogar,Es jefa o jefe del hogar,2024,Mujeres,Con discapacidad,Oaxaca,18-29,Mental,0.0,3147.0,6.0,ENIGH (INEGI),Personas de 18 años o más,enigh
hogar,Es jefa o jefe del hogar,2024,Mujeres,Con discapacidad,Oaxaca,18-29,Oír,0.0,1328.0,4.0,ENIGH (INEGI),Personas de 18 años o más,enigh
hogar,Es jefa o jefe del hogar,2024,Mujeres,Con discapacidad,Oaxaca,18-29,Recordar o concentrarse,0.0,1852.0,5.0,ENIGH (INEGI),Personas de 18 años o más,enigh
hogar,Es jefa o jefe del hogar,2024,Mujeres,Con discapacidad,Oaxaca,18-29,Ver,0.0,3880.0,8.0,ENIGH (INEGI),Personas de 18 años o más,enigh
hogar,Es jefa o jefe del hogar,2024,Mujeres,Con discapacidad,Oaxaca,30-44,Bañarse o vestirse,0.0,3916.0,8.0,ENIGH (INEGI),Personas de 18 años o más,enigh
hogar,Es jefa o jefe del hogar,2024,Mujeres,Con discapacidad,Oaxaca,30-44,Brazos o manos,738.0,4585.0,10.0,ENIGH (INEGI),Personas de 18 años o más,enigh
hogar,Es jefa o jefe del hogar,2024,Mujeres,Con discapacidad,Oaxaca,30-44,Caminar,1345.0,7555.0,16.0,ENIGH (INEGI),Personas de 18 años o más,enigh
hogar,Es jefa o jefe del hogar,2024,Mujeres,Con discapacidad,Oaxaca,30-44,Hablar o comunicarse,0.0,5235.0,11.0,ENIGH (INEGI),Personas de 18 años o más,enigh
hogar,Es jefa o jefe del hogar,2024,Mujeres,Con discapacidad,Oaxaca,30-44,Mental,1184.0,5816.0,12.0,ENIGH (INEGI),Personas de 18 años o más,enigh
hogar,Es jefa o jefe del hogar,2024,Mujeres,Con discapacidad,Oaxaca,30-44,Oír,351.0,3537.0,10.0,ENIGH (INEGI),Personas de 18 años o más,enigh
hogar,Es jefa o jefe del hogar,2024,Mujeres,Con discapacidad,Oaxaca,30-44,Recordar o concentrarse,1462.0,3871.0,9.0,ENIGH (INEGI),Personas de 18 años o más,enigh
hogar,Es jefa o jefe del hogar,2024,Mujeres,Con discapacidad,Oaxaca,30-44,Ver,906.0,3708.0,8.0,ENIGH (INEGI),Personas de 18 años o más,enigh
hogar,Es jefa o jefe del hogar,2024,Mujeres,Con discapacidad,Oaxaca,45-59,Bañarse o vestirse,1177.0,3622.0,9.0,ENIGH (INEGI),Personas de 18 años o más,enigh
hogar,Es jefa o jefe del hogar,2024,Mujeres,Con discapacidad,Oaxaca,45-59,Brazos o manos,3496.0,9620.0,24.0,ENIGH (INEGI),Personas de 18 años o más,enigh
hogar,Es jefa o jefe del hogar,2024,Mujeres,Con discapacidad,Oaxaca,45-59,Caminar,10203.0,21171.0,49.0,ENIGH (INEGI),Personas de 18 años o más,enigh
hogar,Es jefa o jefe del hogar,2024,Mujeres,Con discapacidad,Oaxaca,45-59,Hablar o comunicarse,666.0,3333.0,9.0,ENIGH (INEGI),Personas de 18 años o más,enigh
hogar,Es jefa o jefe del hogar,2024,Mujeres,Con discapacidad,Oaxaca,45-59,Mental,1067.0,4938.0,12.0,ENIGH (INEGI),Personas de 18 años o más,enigh
hogar,Es jefa o jefe del hogar,2024,Mujeres,Con discapacidad,Oaxaca,45-59,Oír,1822.0,4716.0,12.0,ENIGH (INEGI),Personas de 18 años o más,enigh
hogar,Es jefa o jefe del hogar,2024,Mujeres,Con discapacidad,Oaxaca,45-59,Recordar o concentrarse,4035.0,8472.0,20.0,ENIGH (INEGI),Personas de 18 años o más,enigh
hogar,Es jefa o jefe del hogar,2024,Mujeres,Con discapacidad,Oaxaca,45-59,Ver,13585.0,29802.0,66.0,ENIGH (INEGI),Personas de 18 años o más,enigh
hogar,Es jefa o jefe del hogar,2024,Mujeres,Con discapacidad,Oaxaca,60+,Bañarse o vestirse,4347.0,15722.0,33.0,ENIGH (INEGI),Personas de 18 años o más,enigh
hogar,Es jefa o jefe del hogar,2024,Mujeres,Con discapacidad,Oaxaca,60+,Brazos o manos,11843.0,26639.0,59.0,ENIGH (INEGI),Personas de 18 años o más,enigh
hogar,Es jefa o jefe del hogar,2024,Mujeres,Con discapacidad,Oaxaca,60+,Caminar,31708.0,70282.0,158.0,ENIGH (INEGI),Personas de 18 años o más,enigh
hogar,Es jefa o jefe del hogar,2024,Mujeres,Con discapacidad,Oaxaca,60+,Hablar o comunicarse,4345.0,11794.0,26.0,ENIGH (INEGI),Personas de 18 años o más,enigh
hogar,Es jefa o jefe del hogar,2024,Mujeres,Con discapacidad,Oaxaca,60+,Mental,6309.0,12702.0,28.0,ENIGH (INEGI),Personas de 18 años o más,enigh
hogar,Es jefa o jefe del hogar,2024,Mujeres,Con discapacidad,Oaxaca,60+,Oír,15029.0,31588.0,74.0,ENIGH (INEGI),Personas de 18 años o más,enigh
hogar,Es jefa o jefe del hogar,2024,Mujeres,Con discapacidad,Oaxaca,60+,Recordar o concentrarse,11829.0,25295.0,59.0,ENIGH (INEGI),Personas de 18 años o más,enigh
hogar,Es jefa o jefe del hogar,2024,Mujeres,Con discapacidad,Oaxaca,60+,Ver,26619.0,62385.0,143.0,ENIGH (INEGI),Personas de 18 años o más,enigh
hogar,Es jefa o jefe del hogar,2024,Mujeres,Con discapacidad,Puebla,18-29,Bañarse o vestirse,0.0,1933.0,2.0,ENIGH (INEGI),Personas de 18 años o más,enigh
hogar,Es jefa o jefe del hogar,2024,Mujeres,Con discapacidad,Puebla,18-29,Brazos o manos,0.0,3207.0,3.0,ENIGH (INEGI),Personas de 18 años o más,enigh
hogar,Es jefa o jefe del hogar,2024,Mujeres,Con discapacidad,Puebla,18-29,Caminar,0.0,4612.0,5.0,ENIGH (INEGI),Personas de 18 años o más,enigh
hogar,Es jefa o jefe del hogar,2024,Mujeres,Con discapacidad,Puebla,18-29,Hablar o comunicarse,0.0,2912.0,3.0,ENIGH (INEGI),Personas de 18 años o más,enigh
hogar,Es jefa o jefe del hogar,2024,Mujeres,Con discapacidad,Puebla,18-29,Mental,0.0,5459.0,6.0,ENIGH (INEGI),Personas de 18 años o más,enigh
hogar,Es jefa o jefe del hogar,2024,Mujeres,Con discapacidad,Puebla,18-29,Oír,0.0,5467.0,5.0,ENIGH (INEGI),Personas de 18 años o más,enigh
hogar,Es jefa o jefe del hogar,2024,Mujeres,Con discapacidad,Puebla,18-29,Recordar o concentrarse,0.0,2163.0,2.0,ENIGH (INEGI),Personas de 18 años o más,enigh
hogar,Es jefa o jefe del hogar,2024,Mujeres,Con discapacidad,Puebla,18-29,Ver,0.0,7789.0,8.0,ENIGH (INEGI),Personas de 18 años o más,enigh
hogar,Es jefa o jefe del hogar,2024,Mujeres,Con discapacidad,Puebla,30-44,Bañarse o vestirse,0.0,771.0,1.0,ENIGH (INEGI),Personas de 18 años o más,enigh
hogar,Es jefa o jefe del hogar,2024,Mujeres,Con discapacidad,Puebla,30-44,Brazos o manos,0.0,952.0,1.0,ENIGH (INEGI),Personas de 18 años o más,enigh
hogar,Es jefa o jefe del hogar,2024,Mujeres,Con discapacidad,Puebla,30-44,Caminar,2593.0,3545.0,4.0,ENIGH (INEGI),Personas de 18 años o más,enigh
hogar,Es jefa o jefe del hogar,2024,Mujeres,Con discapacidad,Puebla,30-44,Mental,2468.0,6633.0,8.0,ENIGH (INEGI),Personas de 18 años o más,enigh
hogar,Es jefa o jefe del hogar,2024,Mujeres,Con discapacidad,Puebla,30-44,Oír,0.0,2629.0,3.0,ENIGH (INEGI),Personas de 18 años o más,enigh
hogar,Es jefa o jefe del hogar,2024,Mujeres,Con discapacidad,Puebla,30-44,Recordar o concentrarse,0.0,2537.0,3.0,ENIGH (INEGI),Personas de 18 años o más,enigh
hogar,Es jefa o jefe del hogar,2024,Mujeres,Con discapacidad,Puebla,30-44,Ver,0.0,1657.0,2.0,ENIGH (INEGI),Personas de 18 años o más,enigh
hogar,Es jefa o jefe del hogar,2024,Mujeres,Con discapacidad,Puebla,45-59,Bañarse o vestirse,3869.0,8685.0,11.0,ENIGH (INEGI),Personas de 18 años o más,enigh
hogar,Es jefa o jefe del hogar,2024,Mujeres,Con discapacidad,Puebla,45-59,Brazos o manos,1785.0,3158.0,4.0,ENIGH (INEGI),Personas de 18 años o más,enigh
hogar,Es jefa o jefe del hogar,2024,Mujeres,Con discapacidad,Puebla,45-59,Caminar,851.0,5089.0,6.0,ENIGH (INEGI),Personas de 18 años o más,enigh
hogar,Es jefa o jefe del hogar,2024,Mujeres,Con discapacidad,Puebla,45-59,Hablar o comunicarse,868.0,8708.0,10.0,ENIGH (INEGI),Personas de 18 años o más,enigh
hogar,Es jefa o jefe del hogar,2024,Mujeres,Con discapacidad,Puebla,45-59,Mental,12738.0,26735.0,32.0,ENIGH (INEGI),Personas de 18 años o más,enigh
hogar,Es jefa o jefe del hogar,2024,Mujeres,Con discapacidad,Puebla,45-59,Oír,1113.0,3346.0,4.0,ENIGH (INEGI),Personas de 18 años o más,enigh
hogar,Es jefa o jefe del hogar,2024,Mujeres,Con discapacidad,Puebla,45-59,Recordar o concentrarse,7775.0,20465.0,24.0,ENIGH (INEGI),Personas de 18 años o más,enigh
hogar,Es jefa o jefe del hogar,2024,Mujeres,Con discapacidad,Puebla,45-59,Ver,0.0,3263.0,4.0,ENIGH (INEGI),Personas de 18 años o más,enigh
hogar,Es jefa o jefe del hogar,2024,Mujeres,Con discapacidad,Puebla,60+,Bañarse o vestirse,14145.0,35023.0,42.0,ENIGH (INEGI),Personas de 18 años o más,enigh
hogar,Es jefa o jefe del hogar,2024,Mujeres,Con discapacidad,Puebla,60+,Brazos o manos,14666.0,31646.0,37.0,ENIGH (INEGI),Personas de 18 años o más,enigh
hogar,Es jefa o jefe del hogar,2024,Mujeres,Con discapacidad,Puebla,60+,Caminar,14850.0,33577.0,40.0,ENIGH (INEGI),Personas de 18 años o más,enigh
hogar,Es jefa o jefe del hogar,2024,Mujeres,Con discapacidad,Puebla,60+,Hablar o comunicarse,16861.0,39063.0,46.0,ENIGH (INEGI),Personas de 18 años o más,enigh
hogar,Es jefa o jefe del hogar,2024,Mujeres,Con discapacidad,Puebla,60+,Mental,22132.0,52569.0,62.0,ENIGH (INEGI),Personas de 18 años o más,enigh
hogar,Es jefa o jefe del hogar,2024,Mujeres,Con discapacidad,Puebla,60+,Oír,4268.0,11816.0,14.0,ENIGH (INEGI),Personas de 18 años o más,enigh
hogar,Es jefa o jefe del hogar,2024,Mujeres,Con discapacidad,Puebla,60+,Recordar o concentrarse,32905.0,68720.0,82.0,ENIGH (INEGI),Personas de 18 años o más,enigh
hogar,Es jefa o jefe del hogar,2024,Mujeres,Con discapacidad,Puebla,60+,Ver,7360.0,22405.0,26.0,ENIGH (INEGI),Personas de 18 años o más,enigh
hogar,Es jefa o jefe del hogar,2024,Mujeres,Con discapacidad,Querétaro,18-29,Bañarse o vestirse,0.0,739.0,5.0,ENIGH (INEGI),Personas de 18 años o más,enigh
hogar,Es jefa o jefe del hogar,2024,Mujeres,Con discapacidad,Querétaro,18-29,Brazos o manos,0.0,682.0,4.0,ENIGH (INEGI),Personas de 18 años o más,enigh
hogar,Es jefa o jefe del hogar,2024,Mujeres,Con discapacidad,Querétaro,18-29,Caminar,58.0,1136.0,7.0,ENIGH (INEGI),Personas de 18 años o más,enigh
hogar,Es jefa o jefe del hogar,2024,Mujeres,Con discapacidad,Querétaro,18-29,Hablar o comunicarse,0.0,1472.0,10.0,ENIGH (INEGI),Personas de 18 años o más,enigh
hogar,Es jefa o jefe del hogar,2024,Mujeres,Con discapacidad,Querétaro,18-29,Mental,0.0,1656.0,9.0,ENIGH (INEGI),Personas de 18 años o más,enigh
hogar,Es jefa o jefe del hogar,2024,Mujeres,Con discapacidad,Querétaro,18-29,Oír,0.0,787.0,6.0,ENIGH (INEGI),Personas de 18 años o más,enigh
hogar,Es jefa o jefe del hogar,2024,Mujeres,Con discapacidad,Querétaro,18-29,Recordar o concentrarse,56.0,1036.0,7.0,ENIGH (INEGI),Personas de 18 años o más,enigh
hogar,Es jefa o jefe del hogar,2024,Mujeres,Con discapacidad,Querétaro,18-29,Ver,774.0,2846.0,16.0,ENIGH (INEGI),Personas de 18 años o más,enigh
hogar,Es jefa o jefe del hogar,2024,Mujeres,Con discapacidad,Querétaro,30-44,Bañarse o vestirse,0.0,1115.0,6.0,ENIGH (INEGI),Personas de 18 años o más,enigh
hogar,Es jefa o jefe del hogar,2024,Mujeres,Con discapacidad,Querétaro,30-44,Brazos o manos,78.0,1540.0,8.0,ENIGH (INEGI),Personas de 18 años o más,enigh
hogar,Es jefa o jefe del hogar,2024,Mujeres,Con discapacidad,Querétaro,30-44,Caminar,85.0,2229.0,13.0,ENIGH (INEGI),Personas de 18 años o más,enigh
hogar,Es jefa o jefe del hogar,2024,Mujeres,Con discapacidad,Querétaro,30-44,Hablar o comunicarse,0.0,1762.0,9.0,ENIGH (INEGI),Personas de 18 años o más,enigh
hogar,Es jefa o jefe del hogar,2024,Mujeres,Con discapacidad,Querétaro,30-44,Mental,0.0,1184.0,6.0,ENIGH (INEGI),Personas de 18 años o más,enigh
hogar,Es jefa o jefe del hogar,2024,Mujeres,Con discapacidad,Querétaro,30-44,Oír,0.0,1361.0,5.0,ENIGH (INEGI),Personas de 18 años o más,enigh
hogar,Es jefa o jefe del hogar,2024,Mujeres,Con discapacidad,Querétaro,30-44,Recordar o concentrarse,142.0,2234.0,11.0,ENIGH (INEGI),Personas de 18 años o más,enigh
hogar,Es jefa o jefe del hogar,2024,Mujeres,Con discapacidad,Querétaro,30-44,Ver,1657.0,3154.0,17.0,ENIGH (INEGI),Personas de 18 años o más,enigh
hogar,Es jefa o jefe del hogar,2024,Mujeres,Con discapacidad,Querétaro,45-59,Bañarse o vestirse,0.0,3136.0,8.0,ENIGH (INEGI),Personas de 18 años o más,enigh
hogar,Es jefa o jefe del hogar,2024,Mujeres,Con discapacidad,Querétaro,45-59,Brazos o manos,1457.0,3610.0,19.0,ENIGH (INEGI),Personas de 18 años o más,enigh
hogar,Es jefa o jefe del hogar,2024,Mujeres,Con discapacidad,Querétaro,45-59,Caminar,2795.0,7091.0,31.0,ENIGH (INEGI),Personas de 18 años o más,enigh
hogar,Es jefa o jefe del hogar,2024,Mujeres,Con discapacidad,Querétaro,45-59,Hablar o comunicarse,0.0,760.0,2.0,ENIGH (INEGI),Personas de 18 años o más,enigh
hogar,Es jefa o jefe del hogar,2024,Mujeres,Con discapacidad,Querétaro,45-59,Mental,481.0,1513.0,9.0,ENIGH (INEGI),Personas de 18 años o más,enigh
hogar,Es jefa o jefe del hogar,2024,Mujeres,Con discapacidad,Querétaro,45-59,Oír,477.0,2152.0,12.0,ENIGH (INEGI),Personas de 18 años o más,enigh
hogar,Es jefa o jefe del hogar,2024,Mujeres,Con discapacidad,Querétaro,45-59,Recordar o concentrarse,861.0,2551.0,13.0,ENIGH (INEGI),Personas de 18 años o más,enigh
hogar,Es jefa o jefe del hogar,2024,Mujeres,Con discapacidad,Querétaro,45-59,Ver,2958.0,6553.0,40.0,ENIGH (INEGI),Personas de 18 años o más,enigh
hogar,Es jefa o jefe del hogar,2024,Mujeres,Con discapacidad,Querétaro,60+,Bañarse o vestirse,3450.0,8981.0,45.0,ENIGH (INEGI),Personas de 18 años o más,enigh
hogar,Es jefa o jefe del hogar,2024,Mujeres,Con discapacidad,Querétaro,60+,Brazos o manos,4483.0,10703.0,56.0,ENIGH (INEGI),Personas de 18 años o más,enigh
hogar,Es jefa o jefe del hogar,2024,Mujeres,Con discapacidad,Querétaro,60+,Caminar,8766.0,18053.0,107.0,ENIGH (INEGI),Personas de 18 años o más,enigh
hogar,Es jefa o jefe del hogar,2024,Mujeres,Con discapacidad,Querétaro,60+,Hablar o comunicarse,206.0,4129.0,19.0,ENIGH (INEGI),Personas de 18 años o más,enigh
hogar,Es jefa o jefe del hogar,2024,Mujeres,Con discapacidad,Querétaro,60+,Mental,919.0,5921.0,35.0,ENIGH (INEGI),Personas de 18 años o más,enigh
hogar,Es jefa o jefe del hogar,2024,Mujeres,Con discapacidad,Querétaro,60+,Oír,3792.0,8271.0,57.0,ENIGH (INEGI),Personas de 18 años o más,enigh
hogar,Es jefa o jefe del hogar,2024,Mujeres,Con discapacidad,Querétaro,60+,Recordar o concentrarse,3456.0,9633.0,52.0,ENIGH (INEGI),Personas de 18 años o más,enigh
hogar,Es jefa o jefe del hogar,2024,Mujeres,Con discapacidad,Querétaro,60+,Ver,5415.0,12395.0,90.0,ENIGH (INEGI),Personas de 18 años o más,enigh
hogar,Es jefa o jefe del hogar,2024,Mujeres,Con discapacidad,Quintana Roo,18-29,Bañarse o vestirse,0.0,554.0,2.0,ENIGH (INEGI),Personas de 18 años o más,enigh
hogar,Es jefa o jefe del hogar,2024,Mujeres,Con discapacidad,Quintana Roo,18-29,Brazos o manos,0.0,571.0,2.0,ENIGH (INEGI),Personas de 18 años o más,enigh
hogar,Es jefa o jefe del hogar,2024,Mujeres,Con discapacidad,Quintana Roo,18-29,Caminar,258.0,829.0,3.0,ENIGH (INEGI),Personas de 18 años o más,enigh
hogar,Es jefa o jefe del hogar,2024,Mujeres,Con discapacidad,Quintana Roo,18-29,Hablar o comunicarse,0.0,1098.0,4.0,ENIGH (INEGI),Personas de 18 años o más,enigh
hogar,Es jefa o jefe del hogar,2024,Mujeres,Con discapacidad,Quintana Roo,18-29,Mental,357.0,1719.0,5.0,ENIGH (INEGI),Personas de 18 años o más,enigh
hogar,Es jefa o jefe del hogar,2024,Mujeres,Con discapacidad,Quintana Roo,18-29,Oír,0.0,491.0,2.0,ENIGH (INEGI),Personas de 18 años o más,enigh
hogar,Es jefa o jefe del hogar,2024,Mujeres,Con discapacidad,Quintana Roo,18-29,Recordar o concentrarse,0.0,1121.0,4.0,ENIGH (INEGI),Personas de 18 años o más,enigh
hogar,Es jefa o jefe del hogar,2024,Mujeres,Con discapacidad,Quintana Roo,18-29,Ver,357.0,4706.0,17.0,ENIGH (INEGI),Personas de 18 años o más,enigh
hogar,Es jefa o jefe del hogar,2024,Mujeres,Con discapacidad,Quintana Roo,30-44,Bañarse o vestirse,406.0,1282.0,6.0,ENIGH (INEGI),Personas de 18 años o más,enigh
hogar,Es jefa o jefe del hogar,2024,Mujeres,Con discapacidad,Quintana Roo,30-44,Brazos o manos,775.0,1087.0,5.0,ENIGH (INEGI),Personas de 18 años o más,enigh
hogar,Es jefa o jefe del hogar,2024,Mujeres,Con discapacidad,Quintana Roo,30-44,Caminar,576.0,2084.0,8.0,ENIGH (INEGI),Personas de 18 años o más,enigh
hogar,Es jefa o jefe del hogar,2024,Mujeres,Con discapacidad,Quintana Roo,30-44,Hablar o comunicarse,406.0,1506.0,6.0,ENIGH (INEGI),Personas de 18 años o más,enigh
hogar,Es jefa o jefe del hogar,2024,Mujeres,Con discapacidad,Quintana Roo,30-44,Mental,812.0,2407.0,10.0,ENIGH (INEGI),Personas de 18 años o más,enigh
hogar,Es jefa o jefe del hogar,2024,Mujeres,Con discapacidad,Quintana Roo,30-44,Oír,237.0,871.0,4.0,ENIGH (INEGI),Personas de 18 años o más,enigh
hogar,Es jefa o jefe del hogar,2024,Mujeres,Con discapacidad,Quintana Roo,30-44,Recordar o concentrarse,776.0,2041.0,8.0,ENIGH (INEGI),Personas de 18 años o más,enigh
hogar,Es jefa o jefe del hogar,2024,Mujeres,Con discapacidad,Quintana Roo,30-44,Ver,1056.0,2528.0,11.0,ENIGH (INEGI),Personas de 18 años o más,enigh
hogar,Es jefa o jefe del hogar,2024,Mujeres,Con discapacidad,Quintana Roo,45-59,Bañarse o vestirse,0.0,685.0,3.0,ENIGH (INEGI),Personas de 18 años o más,enigh
hogar,Es jefa o jefe del hogar,2024,Mujeres,Con discapacidad,Quintana Roo,45-59,Brazos o manos,681.0,2821.0,11.0,ENIGH (INEGI),Personas de 18 años o más,enigh
hogar,Es jefa o jefe del hogar,2024,Mujeres,Con discapacidad,Quintana Roo,45-59,Caminar,2093.0,6166.0,27.0,ENIGH (INEGI),Personas de 18 años o más,enigh
hogar,Es jefa o jefe del hogar,2024,Mujeres,Con discapacidad,Quintana Roo,45-59,Mental,0.0,600.0,3.0,ENIGH (INEGI),Personas de 18 años o más,enigh
hogar,Es jefa o jefe del hogar,2024,Mujeres,Con discapacidad,Quintana Roo,45-59,Oír,1315.0,1827.0,7.0,ENIGH (INEGI),Personas de 18 años o más,enigh
hogar,Es jefa o jefe del hogar,2024,Mujeres,Con discapacidad,Quintana Roo,45-59,Recordar o concentrarse,284.0,1279.0,4.0,ENIGH (INEGI),Personas de 18 años o más,enigh
hogar,Es jefa o jefe del hogar,2024,Mujeres,Con discapacidad,Quintana Roo,45-59,Ver,3840.0,7145.0,30.0,ENIGH (INEGI),Personas de 18 años o más,enigh
hogar,Es jefa o jefe del hogar,2024,Mujeres,Con discapacidad,Quintana Roo,60+,Bañarse o vestirse,552.0,5687.0,25.0,ENIGH (INEGI),Personas de 18 años o más,enigh
hogar,Es jefa o jefe del hogar,2024,Mujeres,Con discapacidad,Quintana Roo,60+,Brazos o manos,1692.0,8418.0,35.0,ENIGH (INEGI),Personas de 18 años o más,enigh
hogar,Es jefa o jefe del hogar,2024,Mujeres,Con discapacidad,Quintana Roo,60+,Caminar,5254.0,17542.0,74.0,ENIGH (INEGI),Personas de 18 años o más,enigh
hogar,Es jefa o jefe del hogar,2024,Mujeres,Con discapacidad,Quintana Roo,60+,Hablar o comunicarse,0.0,3929.0,17.0,ENIGH (INEGI),Personas de 18 años o más,enigh
hogar,Es jefa o jefe del hogar,2024,Mujeres,Con discapacidad,Quintana Roo,60+,Mental,1047.0,4924.0,22.0,ENIGH (INEGI),Personas de 18 años o más,enigh
hogar,Es jefa o jefe del hogar,2024,Mujeres,Con discapacidad,Quintana Roo,60+,Oír,2834.0,6704.0,26.0,ENIGH (INEGI),Personas de 18 años o más,enigh
hogar,Es jefa o jefe del hogar,2024,Mujeres,Con discapacidad,Quintana Roo,60+,Recordar o concentrarse,582.0,7627.0,32.0,ENIGH (INEGI),Personas de 18 años o más,enigh
hogar,Es jefa o jefe del hogar,2024,Mujeres,Con discapacidad,Quintana Roo,60+,Ver,3780.0,12249.0,49.0,ENIGH (INEGI),Personas de 18 años o más,enigh
hogar,Es jefa o jefe del hogar,2024,Mujeres,Con discapacidad,San Luis Potosí,18-29,Caminar,0.0,825.0,4.0,ENIGH (INEGI),Personas de 18 años o más,enigh
hogar,Es jefa o jefe del hogar,2024,Mujeres,Con discapacidad,San Luis Potosí,18-29,Hablar o comunicarse,0.0,648.0,2.0,ENIGH (INEGI),Personas de 18 años o más,enigh
hogar,Es jefa o jefe del hogar,2024,Mujeres,Con discapacidad,San Luis Potosí,18-29,Mental,644.0,1752.0,7.0,ENIGH (INEGI),Personas de 18 años o más,enigh
hogar,Es jefa o jefe del hogar,2024,Mujeres,Con discapacidad,San Luis Potosí,18-29,Oír,0.0,825.0,4.0,ENIGH (INEGI),Personas de 18 años o más,enigh
hogar,Es jefa o jefe del hogar,2024,Mujeres,Con discapacidad,San Luis Potosí,18-29,Ver,0.0,1355.0,6.0,ENIGH (INEGI),Personas de 18 años o más,enigh
hogar,Es jefa o jefe del hogar,2024,Mujeres,Con discapacidad,San Luis Potosí,30-44,Bañarse o vestirse,418.0,2722.0,7.0,ENIGH (INEGI),Personas de 18 años o más,enigh
hogar,Es jefa o jefe del hogar,2024,Mujeres,Con discapacidad,San Luis Potosí,30-44,Brazos o manos,0.0,1726.0,4.0,ENIGH (INEGI),Personas de 18 años o más,enigh
hogar,Es jefa o jefe del hogar,2024,Mujeres,Con discapacidad,San Luis Potosí,30-44,Caminar,0.0,1950.0,5.0,ENIGH (INEGI),Personas de 18 años o más,enigh
hogar,Es jefa o jefe del hogar,2024,Mujeres,Con discapacidad,San Luis Potosí,30-44,Hablar o comunicarse,413.0,2365.0,8.0,ENIGH (INEGI),Personas de 18 años o más,enigh
hogar,Es jefa o jefe del hogar,2024,Mujeres,Con discapacidad,San Luis Potosí,30-44,Mental,1056.0,4012.0,11.0,ENIGH (INEGI),Personas de 18 años o más,enigh
hogar,Es jefa o jefe del hogar,2024,Mujeres,Con discapacidad,San Luis Potosí,30-44,Oír,231.0,2774.0,8.0,ENIGH (INEGI),Personas de 18 años o más,enigh
hogar,Es jefa o jefe del hogar,2024,Mujeres,Con discapacidad,San Luis Potosí,30-44,Recordar o concentrarse,226.0,2754.0,9.0,ENIGH (INEGI),Personas de 18 años o más,enigh
hogar,Es jefa o jefe del hogar,2024,Mujeres,Con discapacidad,San Luis Potosí,30-44,Ver,0.0,3337.0,9.0,ENIGH (INEGI),Personas de 18 años o más,enigh
hogar,Es jefa o jefe del hogar,2024,Mujeres,Con discapacidad,San Luis Potosí,45-59,Bañarse o vestirse,906.0,2278.0,7.0,ENIGH (INEGI),Personas de 18 años o más,enigh
hogar,Es jefa o jefe del hogar,2024,Mujeres,Con discapacidad,San Luis Potosí,45-59,Brazos o manos,303.0,896.0,4.0,ENIGH (INEGI),Personas de 18 años o más,enigh
hogar,Es jefa o jefe del hogar,2024,Mujeres,Con discapacidad,San Luis Potosí,45-59,Caminar,998.0,2717.0,9.0,ENIGH (INEGI),Personas de 18 años o más,enigh
hogar,Es jefa o jefe del hogar,2024,Mujeres,Con discapacidad,San Luis Potosí,45-59,Hablar o comunicarse,935.0,2673.0,8.0,ENIGH (INEGI),Personas de 18 años o más,enigh
hogar,Es jefa o jefe del hogar,2024,Mujeres,Con discapacidad,San Luis Potosí,45-59,Mental,3269.0,8405.0,28.0,ENIGH (INEGI),Personas de 18 años o más,enigh
hogar,Es jefa o jefe del hogar,2024,Mujeres,Con discapacidad,San Luis Potosí,45-59,Oír,0.0,926.0,4.0,ENIGH (INEGI),Personas de 18 años o más,enigh
hogar,Es jefa o jefe del hogar,2024,Mujeres,Con discapacidad,San Luis Potosí,45-59,Recordar o concentrarse,2414.0,7318.0,24.0,ENIGH (INEGI),Personas de 18 años o más,enigh
hogar,Es jefa o jefe del hogar,2024,Mujeres,Con discapacidad,San Luis Potosí,45-59,Ver,0.0,1176.0,4.0,ENIGH (INEGI),Personas de 18 años o más,enigh
hogar,Es jefa o jefe del hogar,2024,Mujeres,Con discapacidad,San Luis Potosí,60+,Bañarse o vestirse,5201.0,14036.0,45.0,ENIGH (INEGI),Personas de 18 años o más,enigh
hogar,Es jefa o jefe del hogar,2024,Mujeres,Con discapacidad,San Luis Potosí,60+,Brazos o manos,3031.0,10833.0,36.0,ENIGH (INEGI),Personas de 18 años o más,enigh
hogar,Es jefa o jefe del hogar,2024,Mujeres,Con discapacidad,San Luis Potosí,60+,Caminar,5331.0,13095.0,45.0,ENIGH (INEGI),Personas de 18 años o más,enigh
hogar,Es jefa o jefe del hogar,2024,Mujeres,Con discapacidad,San Luis Potosí,60+,Hablar o comunicarse,6719.0,16686.0,59.0,ENIGH (INEGI),Personas de 18 años o más,enigh
hogar,Es jefa o jefe del hogar,2024,Mujeres,Con discapacidad,San Luis Potosí,60+,Mental,11389.0,24549.0,83.0,ENIGH (INEGI),Personas de 18 años o más,enigh
hogar,Es jefa o jefe del hogar,2024,Mujeres,Con discapacidad,San Luis Potosí,60+,Oír,1804.0,5747.0,19.0,ENIGH (INEGI),Personas de 18 años o más,enigh
hogar,Es jefa o jefe del hogar,2024,Mujeres,Con discapacidad,San Luis Potosí,60+,Recordar o concentrarse,15494.0,33175.0,108.0,ENIGH (INEGI),Personas de 18 años o más,enigh
hogar,Es jefa o jefe del hogar,2024,Mujeres,Con discapacidad,San Luis Potosí,60+,Ver,2279.0,8192.0,28.0,ENIGH (INEGI),Personas de 18 años o más,enigh
hogar,Es jefa o jefe del hogar,2024,Mujeres,Con discapacidad,Sinaloa,18-29,Bañarse o vestirse,0.0,1172.0,4.0,ENIGH (INEGI),Personas de 18 años o más,enigh
hogar,Es jefa o jefe del hogar,2024,Mujeres,Con discapacidad,Sinaloa,18-29,Brazos o manos,0.0,632.0,2.0,ENIGH (INEGI),Personas de 18 años o más,enigh
hogar,Es jefa o jefe del hogar,2024,Mujeres,Con discapacidad,Sinaloa,18-29,Caminar,0.0,1792.0,6.0,ENIGH (INEGI),Personas de 18 años o más,enigh
hogar,Es jefa o jefe del hogar,2024,Mujeres,Con discapacidad,Sinaloa,18-29,Hablar o comunicarse,0.0,1003.0,3.0,ENIGH (INEGI),Personas de 18 años o más,enigh
hogar,Es jefa o jefe del hogar,2024,Mujeres,Con discapacidad,Sinaloa,18-29,Mental,464.0,2553.0,9.0,ENIGH (INEGI),Personas de 18 años o más,enigh
hogar,Es jefa o jefe del hogar,2024,Mujeres,Con discapacidad,Sinaloa,18-29,Oír,0.0,298.0,1.0,ENIGH (INEGI),Personas de 18 años o más,enigh
hogar,Es jefa o jefe del hogar,2024,Mujeres,Con discapacidad,Sinaloa,18-29,Recordar o concentrarse,231.0,2335.0,8.0,ENIGH (INEGI),Personas de 18 años o más,enigh
hogar,Es jefa o jefe del hogar,2024,Mujeres,Con discapacidad,Sinaloa,18-29,Ver,212.0,2119.0,8.0,ENIGH (INEGI),Personas de 18 años o más,enigh
hogar,Es jefa o jefe del hogar,2024,Mujeres,Con discapacidad,Sinaloa,30-44,Bañarse o vestirse,0.0,1598.0,5.0,ENIGH (INEGI),Personas de 18 años o más,enigh
hogar,Es jefa o jefe del hogar,2024,Mujeres,Con discapacidad,Sinaloa,30-44,Brazos o manos,609.0,1144.0,4.0,ENIGH (INEGI),Personas de 18 años o más,enigh
hogar,Es jefa o jefe del hogar,2024,Mujeres,Con discapacidad,Sinaloa,30-44,Caminar,1123.0,4018.0,15.0,ENIGH (INEGI),Personas de 18 años o más,enigh
hogar,Es jefa o jefe del hogar,2024,Mujeres,Con discapacidad,Sinaloa,30-44,Hablar o comunicarse,0.0,2195.0,8.0,ENIGH (INEGI),Personas de 18 años o más,enigh
hogar,Es jefa o jefe del hogar,2024,Mujeres,Con discapacidad,Sinaloa,30-44,Mental,854.0,2538.0,9.0,ENIGH (INEGI),Personas de 18 años o más,enigh
hogar,Es jefa o jefe del hogar,2024,Mujeres,Con discapacidad,Sinaloa,30-44,Oír,275.0,934.0,3.0,ENIGH (INEGI),Personas de 18 años o más,enigh
hogar,Es jefa o jefe del hogar,2024,Mujeres,Con discapacidad,Sinaloa,30-44,Recordar o concentrarse,551.0,2812.0,10.0,ENIGH (INEGI),Personas de 18 años o más,enigh
hogar,Es jefa o jefe del hogar,2024,Mujeres,Con discapacidad,Sinaloa,30-44,Ver,1273.0,3406.0,12.0,ENIGH (INEGI),Personas de 18 años o más,enigh
hogar,Es jefa o jefe del hogar,2024,Mujeres,Con discapacidad,Sinaloa,45-59,Bañarse o vestirse,197.0,908.0,4.0,ENIGH (INEGI),Personas de 18 años o más,enigh
hogar,Es jefa o jefe del hogar,2024,Mujeres,Con discapacidad,Sinaloa,45-59,Brazos o manos,1938.0,5123.0,19.0,ENIGH (INEGI),Personas de 18 años o más,enigh
hogar,Es jefa o jefe del hogar,2024,Mujeres,Con discapacidad,Sinaloa,45-59,Caminar,3088.0,8017.0,29.0,ENIGH (INEGI),Personas de 18 años o más,enigh
hogar,Es jefa o jefe del hogar,2024,Mujeres,Con discapacidad,Sinaloa,45-59,Hablar o comunicarse,343.0,847.0,3.0,ENIGH (INEGI),Personas de 18 años o más,enigh
hogar,Es jefa o jefe del hogar,2024,Mujeres,Con discapacidad,Sinaloa,45-59,Mental,0.0,1501.0,6.0,ENIGH (INEGI),Personas de 18 años o más,enigh
hogar,Es jefa o jefe del hogar,2024,Mujeres,Con discapacidad,Sinaloa,45-59,Oír,257.0,786.0,3.0,ENIGH (INEGI),Personas de 18 años o más,enigh
hogar,Es jefa o jefe del hogar,2024,Mujeres,Con discapacidad,Sinaloa,45-59,Recordar o concentrarse,575.0,2107.0,8.0,ENIGH (INEGI),Personas de 18 años o más,enigh
hogar,Es jefa o jefe del hogar,2024,Mujeres,Con discapacidad,Sinaloa,45-59,Ver,2974.0,7889.0,29.0,ENIGH (INEGI),Personas de 18 años o más,enigh
hogar,Es jefa o jefe del hogar,2024,Mujeres,Con discapacidad,Sinaloa,60+,Bañarse o vestirse,7770.0,13089.0,48.0,ENIGH (INEGI),Personas de 18 años o más,enigh
hogar,Es jefa o jefe del hogar,2024,Mujeres,Con discapacidad,Sinaloa,60+,Brazos o manos,7761.0,12587.0,46.0,ENIGH (INEGI),Personas de 18 años o más,enigh
hogar,Es jefa o jefe del hogar,2024,Mujeres,Con discapacidad,Sinaloa,60+,Caminar,19991.0,36415.0,134.0,ENIGH (INEGI),Personas de 18 años o más,enigh
hogar,Es jefa o jefe del hogar,2024,Mujeres,Con discapacidad,Sinaloa,60+,Hablar o comunicarse,1751.0,3714.0,14.0,ENIGH (INEGI),Personas de 18 años o más,enigh
hogar,Es jefa o jefe del hogar,2024,Mujeres,Con discapacidad,Sinaloa,60+,Mental,2479.0,7375.0,28.0,ENIGH (INEGI),Personas de 18 años o más,enigh
hogar,Es jefa o jefe del hogar,2024,Mujeres,Con discapacidad,Sinaloa,60+,Oír,2833.0,9443.0,34.0,ENIGH (INEGI),Personas de 18 años o más,enigh
hogar,Es jefa o jefe del hogar,2024,Mujeres,Con discapacidad,Sinaloa,60+,Recordar o concentrarse,5308.0,11635.0,43.0,ENIGH (INEGI),Personas de 18 años o más,enigh
hogar,Es jefa o jefe del hogar,2024,Mujeres,Con discapacidad,Sinaloa,60+,Ver,8433.0,16518.0,62.0,ENIGH (INEGI),Personas de 18 años o más,enigh
hogar,Es jefa o jefe del hogar,2024,Mujeres,Con discapacidad,Sonora,18-29,Bañarse o vestirse,403.0,403.0,1.0,ENIGH (INEGI),Personas de 18 años o más,enigh
hogar,Es jefa o jefe del hogar,2024,Mujeres,Con discapacidad,Sonora,18-29,Brazos o manos,0.0,608.0,2.0,ENIGH (INEGI),Personas de 18 años o más,enigh
hogar,Es jefa o jefe del hogar,2024,Mujeres,Con discapacidad,Sonora,18-29,Caminar,884.0,1393.0,4.0,ENIGH (INEGI),Personas de 18 años o más,enigh
hogar,Es jefa o jefe del hogar,2024,Mujeres,Con discapacidad,Sonora,18-29,Mental,478.0,1651.0,4.0,ENIGH (INEGI),Personas de 18 años o más,enigh
hogar,Es jefa o jefe del hogar,2024,Mujeres,Con discapacidad,Sonora,18-29,Recordar o concentrarse,0.0,1085.0,3.0,ENIGH (INEGI),Personas de 18 años o más,enigh
hogar,Es jefa o jefe del hogar,2024,Mujeres,Con discapacidad,Sonora,18-29,Ver,403.0,1098.0,3.0,ENIGH (INEGI),Personas de 18 años o más,enigh
hogar,Es jefa o jefe del hogar,2024,Mujeres,Con discapacidad,Sonora,30-44,Bañarse o vestirse,379.0,1867.0,5.0,ENIGH (INEGI),Personas de 18 años o más,enigh
hogar,Es jefa o jefe del hogar,2024,Mujeres,Con discapacidad,Sonora,30-44,Brazos o manos,379.0,1538.0,5.0,ENIGH (INEGI),Personas de 18 años o más,enigh
hogar,Es jefa o jefe del hogar,2024,Mujeres,Con discapacidad,Sonora,30-44,Caminar,2428.0,4205.0,12.0,ENIGH (INEGI),Personas de 18 años o más,enigh
hogar,Es jefa o jefe del hogar,2024,Mujeres,Con discapacidad,Sonora,30-44,Hablar o comunicarse,477.0,1381.0,3.0,ENIGH (INEGI),Personas de 18 años o más,enigh
hogar,Es jefa o jefe del hogar,2024,Mujeres,Con discapacidad,Sonora,30-44,Mental,1766.0,5244.0,14.0,ENIGH (INEGI),Personas de 18 años o más,enigh
hogar,Es jefa o jefe del hogar,2024,Mujeres,Con discapacidad,Sonora,30-44,Oír,0.0,1678.0,5.0,ENIGH (INEGI),Personas de 18 años o más,enigh
hogar,Es jefa o jefe del hogar,2024,Mujeres,Con discapacidad,Sonora,30-44,Recordar o concentrarse,1256.0,3659.0,11.0,ENIGH (INEGI),Personas de 18 años o más,enigh
hogar,Es jefa o jefe del hogar,2024,Mujeres,Con discapacidad,Sonora,30-44,Ver,379.0,2365.0,7.0,ENIGH (INEGI),Personas de 18 años o más,enigh
hogar,Es jefa o jefe del hogar,2024,Mujeres,Con discapacidad,Sonora,45-59,Bañarse o vestirse,3710.0,7604.0,20.0,ENIGH (INEGI),Personas de 18 años o más,enigh
hogar,Es jefa o jefe del hogar,2024,Mujeres,Con discapacidad,Sonora,45-59,Brazos o manos,1437.0,2679.0,7.0,ENIGH (INEGI),Personas de 18 años o más,enigh
hogar,Es jefa o jefe del hogar,2024,Mujeres,Con discapacidad,Sonora,45-59,Caminar,886.0,1616.0,6.0,ENIGH (INEGI),Personas de 18 años o más,enigh
hogar,Es jefa o jefe del hogar,2024,Mujeres,Con discapacidad,Sonora,45-59,Hablar o comunicarse,760.0,1820.0,5.0,ENIGH (INEGI),Personas de 18 años o más,enigh
hogar,Es jefa o jefe del hogar,2024,Mujeres,Con discapacidad,Sonora,45-59,Mental,5322.0,10145.0,31.0,ENIGH (INEGI),Personas de 18 años o más,enigh
hogar,Es jefa o jefe del hogar,2024,Mujeres,Con discapacidad,Sonora,45-59,Oír,472.0,2092.0,5.0,ENIGH (INEGI),Personas de 18 años o más,enigh
hogar,Es jefa o jefe del hogar,2024,Mujeres,Con discapacidad,Sonora,45-59,Recordar o concentrarse,5897.0,10981.0,28.0,ENIGH (INEGI),Personas de 18 años o más,enigh
hogar,Es jefa o jefe del hogar,2024,Mujeres,Con discapacidad,Sonora,45-59,Ver,838.0,2744.0,7.0,ENIGH (INEGI),Personas de 18 años o más,enigh
hogar,Es jefa o jefe del hogar,2024,Mujeres,Con discapacidad,Sonora,60+,Bañarse o vestirse,8600.0,16823.0,47.0,ENIGH (INEGI),Personas de 18 años o más,enigh
hogar,Es jefa o jefe del hogar,2024,Mujeres,Con discapacidad,Sonora,60+,Brazos o manos,4421.0,11922.0,33.0,ENIGH (INEGI),Personas de 18 años o más,enigh
hogar,Es jefa o jefe del hogar,2024,Mujeres,Con discapacidad,Sonora,60+,Caminar,8276.0,15172.0,44.0,ENIGH (INEGI),Personas de 18 años o más,enigh
hogar,Es jefa o jefe del hogar,2024,Mujeres,Con discapacidad,Sonora,60+,Hablar o comunicarse,3631.0,7802.0,27.0,ENIGH (INEGI),Personas de 18 años o más,enigh
hogar,Es jefa o jefe del hogar,2024,Mujeres,Con discapacidad,Sonora,60+,Mental,12838.0,23741.0,74.0,ENIGH (INEGI),Personas de 18 años o más,enigh
hogar,Es jefa o jefe del hogar,2024,Mujeres,Con discapacidad,Sonora,60+,Oír,1046.0,2584.0,8.0,ENIGH (INEGI),Personas de 18 años o más,enigh
hogar,Es jefa o jefe del hogar,2024,Mujeres,Con discapacidad,Sonora,60+,Recordar o concentrarse,20037.0,33256.0,101.0,ENIGH (INEGI),Personas de 18 años o más,enigh
hogar,Es jefa o jefe del hogar,2024,Mujeres,Con discapacidad,Sonora,60+,Ver,4394.0,8283.0,23.0,ENIGH (INEGI),Personas de 18 años o más,enigh
hogar,Es jefa o jefe del hogar,2024,Mujeres,Con discapacidad,Tabasco,18-29,Bañarse o vestirse,0.0,212.0,1.0,ENIGH (INEGI),Personas de 18 años o más,enigh
hogar,Es jefa o jefe del hogar,2024,Mujeres,Con discapacidad,Tabasco,18-29,Brazos o manos,0.0,416.0,2.0,ENIGH (INEGI),Personas de 18 años o más,enigh
hogar,Es jefa o jefe del hogar,2024,Mujeres,Con discapacidad,Tabasco,18-29,Caminar,0.0,691.0,3.0,ENIGH (INEGI),Personas de 18 años o más,enigh
hogar,Es jefa o jefe del hogar,2024,Mujeres,Con discapacidad,Tabasco,18-29,Hablar o comunicarse,0.0,1048.0,3.0,ENIGH (INEGI),Personas de 18 años o más,enigh
hogar,Es jefa o jefe del hogar,2024,Mujeres,Con discapacidad,Tabasco,18-29,Mental,0.0,1669.0,5.0,ENIGH (INEGI),Personas de 18 años o más,enigh
hogar,Es jefa o jefe del hogar,2024,Mujeres,Con discapacidad,Tabasco,18-29,Oír,0.0,775.0,2.0,ENIGH (INEGI),Personas de 18 años o más,enigh
hogar,Es jefa o jefe del hogar,2024,Mujeres,Con discapacidad,Tabasco,18-29,Recordar o concentrarse,0.0,623.0,2.0,ENIGH (INEGI),Personas de 18 años o más,enigh
hogar,Es jefa o jefe del hogar,2024,Mujeres,Con discapacidad,Tabasco,18-29,Ver,424.0,2362.0,7.0,ENIGH (INEGI),Personas de 18 años o más,enigh
hogar,Es jefa o jefe del hogar,2024,Mujeres,Con discapacidad,Tabasco,30-44,Bañarse o vestirse,0.0,146.0,1.0,ENIGH (INEGI),Personas de 18 años o más,enigh
hogar,Es jefa o jefe del hogar,2024,Mujeres,Con discapacidad,Tabasco,30-44,Brazos o manos,0.0,1614.0,5.0,ENIGH (INEGI),Personas de 18 años o más,enigh
hogar,Es jefa o jefe del hogar,2024,Mujeres,Con discapacidad,Tabasco,30-44,Caminar,0.0,2186.0,8.0,ENIGH (INEGI),Personas de 18 años o más,enigh
hogar,Es jefa o jefe del hogar,2024,Mujeres,Con discapacidad,Tabasco,30-44,Hablar o comunicarse,0.0,1551.0,4.0,ENIGH (INEGI),Personas de 18 años o más,enigh
hogar,Es jefa o jefe del hogar,2024,Mujeres,Con discapacidad,Tabasco,30-44,Mental,861.0,1835.0,5.0,ENIGH (INEGI),Personas de 18 años o más,enigh
hogar,Es jefa o jefe del hogar,2024,Mujeres,Con discapacidad,Tabasco,30-44,Oír,1216.0,1939.0,5.0,ENIGH (INEGI),Personas de 18 años o más,enigh
hogar,Es jefa o jefe del hogar,2024,Mujeres,Con discapacidad,Tabasco,30-44,Recordar o concentrarse,715.0,2332.0,7.0,ENIGH (INEGI),Personas de 18 años o más,enigh
hogar,Es jefa o jefe del hogar,2024,Mujeres,Con discapacidad,Tabasco,30-44,Ver,999.0,3987.0,13.0,ENIGH (INEGI),Personas de 18 años o más,enigh
hogar,Es jefa o jefe del hogar,2024,Mujeres,Con discapacidad,Tabasco,45-59,Bañarse o vestirse,0.0,2506.0,7.0,ENIGH (INEGI),Personas de 18 años o más,enigh
hogar,Es jefa o jefe del hogar,2024,Mujeres,Con discapacidad,Tabasco,45-59,Brazos o manos,4066.0,9807.0,25.0,ENIGH (INEGI),Personas de 18 años o más,enigh
hogar,Es jefa o jefe del hogar,2024,Mujeres,Con discapacidad,Tabasco,45-59,Caminar,5648.0,14391.0,40.0,ENIGH (INEGI),Personas de 18 años o más,enigh
hogar,Es jefa o jefe del hogar,2024,Mujeres,Con discapacidad,Tabasco,45-59,Hablar o comunicarse,393.0,2587.0,6.0,ENIGH (INEGI),Personas de 18 años o más,enigh
hogar,Es jefa o jefe del hogar,2024,Mujeres,Con discapacidad,Tabasco,45-59,Mental,517.0,3263.0,10.0,ENIGH (INEGI),Personas de 18 años o más,enigh
hogar,Es jefa o jefe del hogar,2024,Mujeres,Con discapacidad,Tabasco,45-59,Oír,0.0,3339.0,7.0,ENIGH (INEGI),Personas de 18 años o más,enigh
hogar,Es jefa o jefe del hogar,2024,Mujeres,Con discapacidad,Tabasco,45-59,Recordar o concentrarse,1180.0,5276.0,15.0,ENIGH (INEGI),Personas de 18 años o más,enigh
hogar,Es jefa o jefe del hogar,2024,Mujeres,Con discapacidad,Tabasco,45-59,Ver,8643.0,23745.0,65.0,ENIGH (INEGI),Personas de 18 años o más,enigh
hogar,Es jefa o jefe del hogar,2024,Mujeres,Con discapacidad,Tabasco,60+,Bañarse o vestirse,4874.0,10747.0,37.0,ENIGH (INEGI),Personas de 18 años o más,enigh
hogar,Es jefa o jefe del hogar,2024,Mujeres,Con discapacidad,Tabasco,60+,Brazos o manos,6674.0,11252.0,38.0,ENIGH (INEGI),Personas de 18 años o más,enigh
hogar,Es jefa o jefe del hogar,2024,Mujeres,Con discapacidad,Tabasco,60+,Caminar,13290.0,27108.0,87.0,ENIGH (INEGI),Personas de 18 años o más,enigh
hogar,Es jefa o jefe del hogar,2024,Mujeres,Con discapacidad,Tabasco,60+,Hablar o comunicarse,823.0,2541.0,10.0,ENIGH (INEGI),Personas de 18 años o más,enigh
hogar,Es jefa o jefe del hogar,2024,Mujeres,Con discapacidad,Tabasco,60+,Mental,3105.0,7878.0,26.0,ENIGH (INEGI),Personas de 18 años o más,enigh
hogar,Es jefa o jefe del hogar,2024,Mujeres,Con discapacidad,Tabasco,60+,Oír,4145.0,11579.0,34.0,ENIGH (INEGI),Personas de 18 años o más,enigh
hogar,Es jefa o jefe del hogar,2024,Mujeres,Con discapacidad,Tabasco,60+,Recordar o concentrarse,5382.0,11243.0,34.0,ENIGH (INEGI),Personas de 18 años o más,enigh
hogar,Es jefa o jefe del hogar,2024,Mujeres,Con discapacidad,Tabasco,60+,Ver,10372.0,24741.0,79.0,ENIGH (INEGI),Personas de 18 años o más,enigh
hogar,Es jefa o jefe del hogar,2024,Mujeres,Con discapacidad,Tamaulipas,18-29,Bañarse o vestirse,0.0,945.0,3.0,ENIGH (INEGI),Personas de 18 años o más,enigh
hogar,Es jefa o jefe del hogar,2024,Mujeres,Con discapacidad,Tamaulipas,18-29,Brazos o manos,0.0,1368.0,3.0,ENIGH (INEGI),Personas de 18 años o más,enigh
hogar,Es jefa o jefe del hogar,2024,Mujeres,Con discapacidad,Tamaulipas,18-29,Caminar,0.0,1575.0,4.0,ENIGH (INEGI),Personas de 18 años o más,enigh
hogar,Es jefa o jefe del hogar,2024,Mujeres,Con discapacidad,Tamaulipas,18-29,Hablar o comunicarse,0.0,1582.0,6.0,ENIGH (INEGI),Personas de 18 años o más,enigh
hogar,Es jefa o jefe del hogar,2024,Mujeres,Con discapacidad,Tamaulipas,18-29,Mental,526.0,1655.0,5.0,ENIGH (INEGI),Personas de 18 años o más,enigh
hogar,Es jefa o jefe del hogar,2024,Mujeres,Con discapacidad,Tamaulipas,18-29,Oír,0.0,637.0,3.0,ENIGH (INEGI),Personas de 18 años o más,enigh
hogar,Es jefa o jefe del hogar,2024,Mujeres,Con discapacidad,Tamaulipas,18-29,Recordar o concentrarse,0.0,1129.0,4.0,ENIGH (INEGI),Personas de 18 años o más,enigh
hogar,Es jefa o jefe del hogar,2024,Mujeres,Con discapacidad,Tamaulipas,18-29,Ver,504.0,2153.0,6.0,ENIGH (INEGI),Personas de 18 años o más,enigh
hogar,Es jefa o jefe del hogar,2024,Mujeres,Con discapacidad,Tamaulipas,30-44,Bañarse o vestirse,0.0,434.0,1.0,ENIGH (INEGI),Personas de 18 años o más,enigh
hogar,Es jefa o jefe del hogar,2024,Mujeres,Con discapacidad,Tamaulipas,30-44,Caminar,0.0,1151.0,2.0,ENIGH (INEGI),Personas de 18 años o más,enigh
hogar,Es jefa o jefe del hogar,2024,Mujeres,Con discapacidad,Tamaulipas,30-44,Mental,0.0,407.0,1.0,ENIGH (INEGI),Personas de 18 años o más,enigh
hogar,Es jefa o jefe del hogar,2024,Mujeres,Con discapacidad,Tamaulipas,30-44,Oír,0.0,1065.0,3.0,ENIGH (INEGI),Personas de 18 años o más,enigh
hogar,Es jefa o jefe del hogar,2024,Mujeres,Con discapacidad,Tamaulipas,30-44,Recordar o concentrarse,1050.0,1918.0,4.0,ENIGH (INEGI),Personas de 18 años o más,enigh
hogar,Es jefa o jefe del hogar,2024,Mujeres,Con discapacidad,Tamaulipas,30-44,Ver,1068.0,4044.0,9.0,ENIGH (INEGI),Personas de 18 años o más,enigh
hogar,Es jefa o jefe del hogar,2024,Mujeres,Con discapacidad,Tamaulipas,45-59,Bañarse o vestirse,766.0,3631.0,7.0,ENIGH (INEGI),Personas de 18 años o más,enigh
hogar,Es jefa o jefe del hogar,2024,Mujeres,Con discapacidad,Tamaulipas,45-59,Brazos o manos,2036.0,4282.0,9.0,ENIGH (INEGI),Personas de 18 años o más,enigh
hogar,Es jefa o jefe del hogar,2024,Mujeres,Con discapacidad,Tamaulipas,45-59,Caminar,1682.0,7726.0,18.0,ENIGH (INEGI),Personas de 18 años o más,enigh
hogar,Es jefa o jefe del hogar,2024,Mujeres,Con discapacidad,Tamaulipas,45-59,Hablar o comunicarse,0.0,1921.0,4.0,ENIGH (INEGI),Personas de 18 años o más,enigh
hogar,Es jefa o jefe del hogar,2024,Mujeres,Con discapacidad,Tamaulipas,45-59,Mental,0.0,4975.0,8.0,ENIGH (INEGI),Personas de 18 años o más,enigh
hogar,Es jefa o jefe del hogar,2024,Mujeres,Con discapacidad,Tamaulipas,45-59,Oír,563.0,1940.0,4.0,ENIGH (INEGI),Personas de 18 años o más,enigh
hogar,Es jefa o jefe del hogar,2024,Mujeres,Con discapacidad,Tamaulipas,45-59,Recordar o concentrarse,1836.0,5878.0,9.0,ENIGH (INEGI),Personas de 18 años o más,enigh
hogar,Es jefa o jefe del hogar,2024,Mujeres,Con discapacidad,Tamaulipas,45-59,Ver,5970.0,14693.0,29.0,ENIGH (INEGI),Personas de 18 años o más,enigh
hogar,Es jefa o jefe del hogar,2024,Mujeres,Con discapacidad,Tamaulipas,60+,Bañarse o vestirse,9965.0,20628.0,43.0,ENIGH (INEGI),Personas de 18 años o más,enigh
hogar,Es jefa o jefe del hogar,2024,Mujeres,Con discapacidad,Tamaulipas,60+,Brazos o manos,9472.0,17005.0,38.0,ENIGH (INEGI),Personas de 18 años o más,enigh
hogar,Es jefa o jefe del hogar,2024,Mujeres,Con discapacidad,Tamaulipas,60+,Caminar,23685.0,39489.0,88.0,ENIGH (INEGI),Personas de 18 años o más,enigh
hogar,Es jefa o jefe del hogar,2024,Mujeres,Con discapacidad,Tamaulipas,60+,Hablar o comunicarse,3123.0,6835.0,16.0,ENIGH (INEGI),Personas de 18 años o más,enigh
hogar,Es jefa o jefe del hogar,2024,Mujeres,Con discapacidad,Tamaulipas,60+,Mental,5079.0,10078.0,21.0,ENIGH (INEGI),Personas de 18 años o más,enigh
hogar,Es jefa o jefe del hogar,2024,Mujeres,Con discapacidad,Tamaulipas,60+,Oír,8570.0,16609.0,37.0,ENIGH (INEGI),Personas de 18 años o más,enigh
hogar,Es jefa o jefe del hogar,2024,Mujeres,Con discapacidad,Tamaulipas,60+,Recordar o concentrarse,8930.0,18355.0,37.0,ENIGH (INEGI),Personas de 18 años o más,enigh
hogar,Es jefa o jefe del hogar,2024,Mujeres,Con discapacidad,Tamaulipas,60+,Ver,14316.0,28953.0,62.0,ENIGH (INEGI),Personas de 18 años o más,enigh
hogar,Es jefa o jefe del hogar,2024,Mujeres,Con discapacidad,Tlaxcala,18-29,Bañarse o vestirse,0.0,591.0,3.0,ENIGH (INEGI),Personas de 18 años o más,enigh
hogar,Es jefa o jefe del hogar,2024,Mujeres,Con discapacidad,Tlaxcala,18-29,Brazos o manos,0.0,793.0,6.0,ENIGH (INEGI),Personas de 18 años o más,enigh
hogar,Es jefa o jefe del hogar,2024,Mujeres,Con discapacidad,Tlaxcala,18-29,Caminar,0.0,438.0,2.0,ENIGH (INEGI),Personas de 18 años o más,enigh
hogar,Es jefa o jefe del hogar,2024,Mujeres,Con discapacidad,Tlaxcala,18-29,Hablar o comunicarse,0.0,211.0,1.0,ENIGH (INEGI),Personas de 18 años o más,enigh
hogar,Es jefa o jefe del hogar,2024,Mujeres,Con discapacidad,Tlaxcala,18-29,Mental,0.0,986.0,6.0,ENIGH (INEGI),Personas de 18 años o más,enigh
hogar,Es jefa o jefe del hogar,2024,Mujeres,Con discapacidad,Tlaxcala,18-29,Oír,0.0,84.0,1.0,ENIGH (INEGI),Personas de 18 años o más,enigh
hogar,Es jefa o jefe del hogar,2024,Mujeres,Con discapacidad,Tlaxcala,18-29,Recordar o concentrarse,218.0,1057.0,6.0,ENIGH (INEGI),Personas de 18 años o más,enigh
hogar,Es jefa o jefe del hogar,2024,Mujeres,Con discapacidad,Tlaxcala,18-29,Ver,190.0,1338.0,9.0,ENIGH (INEGI),Personas de 18 años o más,enigh
hogar,Es jefa o jefe del hogar,2024,Mujeres,Con discapacidad,Tlaxcala,30-44,Bañarse o vestirse,0.0,1090.0,7.0,ENIGH (INEGI),Personas de 18 años o más,enigh
hogar,Es jefa o jefe del hogar,2024,Mujeres,Con discapacidad,Tlaxcala,30-44,Brazos o manos,0.0,603.0,4.0,ENIGH (INEGI),Personas de 18 años o más,enigh
hogar,Es jefa o jefe del hogar,2024,Mujeres,Con discapacidad,Tlaxcala,30-44,Caminar,0.0,719.0,4.0,ENIGH (INEGI),Personas de 18 años o más,enigh
hogar,Es jefa o jefe del hogar,2024,Mujeres,Con discapacidad,Tlaxcala,30-44,Hablar o comunicarse,0.0,851.0,4.0,ENIGH (INEGI),Personas de 18 años o más,enigh
hogar,Es jefa o jefe del hogar,2024,Mujeres,Con discapacidad,Tlaxcala,30-44,Mental,0.0,851.0,4.0,ENIGH (INEGI),Personas de 18 años o más,enigh
hogar,Es jefa o jefe del hogar,2024,Mujeres,Con discapacidad,Tlaxcala,30-44,Oír,0.0,195.0,2.0,ENIGH (INEGI),Personas de 18 años o más,enigh
hogar,Es jefa o jefe del hogar,2024,Mujeres,Con discapacidad,Tlaxcala,30-44,Recordar o concentrarse,227.0,1256.0,7.0,ENIGH (INEGI),Personas de 18 años o más,enigh
hogar,Es jefa o jefe del hogar,2024,Mujeres,Con discapacidad,Tlaxcala,30-44,Ver,390.0,2511.0,14.0,ENIGH (INEGI),Personas de 18 años o más,enigh
hogar,Es jefa o jefe del hogar,2024,Mujeres,Con discapacidad,Tlaxcala,45-59,Bañarse o vestirse,307.0,1435.0,8.0,ENIGH (INEGI),Personas de 18 años o más,enigh
hogar,Es jefa o jefe del hogar,2024,Mujeres,Con discapacidad,Tlaxcala,45-59,Brazos o manos,265.0,2265.0,14.0,ENIGH (INEGI),Personas de 18 años o más,enigh
hogar,Es jefa o jefe del hogar,2024,Mujeres,Con discapacidad,Tlaxcala,45-59,Caminar,854.0,3936.0,24.0,ENIGH (INEGI),Personas de 18 años o más,enigh
hogar,Es jefa o jefe del hogar,2024,Mujeres,Con discapacidad,Tlaxcala,45-59,Hablar o comunicarse,152.0,473.0,3.0,ENIGH (INEGI),Personas de 18 años o más,enigh
hogar,Es jefa o jefe del hogar,2024,Mujeres,Con discapacidad,Tlaxcala,45-59,Mental,1688.0,3173.0,17.0,ENIGH (INEGI),Personas de 18 años o más,enigh
hogar,Es jefa o jefe del hogar,2024,Mujeres,Con discapacidad,Tlaxcala,45-59,Oír,175.0,593.0,3.0,ENIGH (INEGI),Personas de 18 años o más,enigh
hogar,Es jefa o jefe del hogar,2024,Mujeres,Con discapacidad,Tlaxcala,45-59,Recordar o concentrarse,167.0,958.0,7.0,ENIGH (INEGI),Personas de 18 años o más,enigh
hogar,Es jefa o jefe del hogar,2024,Mujeres,Con discapacidad,Tlaxcala,45-59,Ver,1563.0,3903.0,21.0,ENIGH (INEGI),Personas de 18 años o más,enigh
hogar,Es jefa o jefe del hogar,2024,Mujeres,Con discapacidad,Tlaxcala,60+,Bañarse o vestirse,2160.0,4799.0,28.0,ENIGH (INEGI),Personas de 18 años o más,enigh
hogar,Es jefa o jefe del hogar,2024,Mujeres,Con discapacidad,Tlaxcala,60+,Brazos o manos,2041.0,5590.0,29.0,ENIGH (INEGI),Personas de 18 años o más,enigh
hogar,Es jefa o jefe del hogar,2024,Mujeres,Con discapacidad,Tlaxcala,60+,Caminar,5432.0,11770.0,63.0,ENIGH (INEGI),Personas de 18 años o más,enigh
hogar,Es jefa o jefe del hogar,2024,Mujeres,Con discapacidad,Tlaxcala,60+,Hablar o comunicarse,895.0,2435.0,13.0,ENIGH (INEGI),Personas de 18 años o más,enigh
hogar,Es jefa o jefe del hogar,2024,Mujeres,Con discapacidad,Tlaxcala,60+,Mental,2688.0,5219.0,29.0,ENIGH (INEGI),Personas de 18 años o más,enigh
hogar,Es jefa o jefe del hogar,2024,Mujeres,Con discapacidad,Tlaxcala,60+,Oír,2611.0,6961.0,39.0,ENIGH (INEGI),Personas de 18 años o más,enigh
hogar,Es jefa o jefe del hogar,2024,Mujeres,Con discapacidad,Tlaxcala,60+,Recordar o concentrarse,3772.0,6096.0,32.0,ENIGH (INEGI),Personas de 18 años o más,enigh
hogar,Es jefa o jefe del hogar,2024,Mujeres,Con discapacidad,Tlaxcala,60+,Ver,4813.0,9719.0,53.0,ENIGH (INEGI),Personas de 18 años o más,enigh
hogar,Es jefa o jefe del hogar,2024,Mujeres,Con discapacidad,Veracruz,18-29,Bañarse o vestirse,0.0,2419.0,3.0,ENIGH (INEGI),Personas de 18 años o más,enigh
hogar,Es jefa o jefe del hogar,2024,Mujeres,Con discapacidad,Veracruz,18-29,Brazos o manos,569.0,1202.0,2.0,ENIGH (INEGI),Personas de 18 años o más,enigh
hogar,Es jefa o jefe del hogar,2024,Mujeres,Con discapacidad,Veracruz,18-29,Caminar,0.0,1134.0,2.0,ENIGH (INEGI),Personas de 18 años o más,enigh
hogar,Es jefa o jefe del hogar,2024,Mujeres,Con discapacidad,Veracruz,18-29,Hablar o comunicarse,0.0,9069.0,10.0,ENIGH (INEGI),Personas de 18 años o más,enigh
hogar,Es jefa o jefe del hogar,2024,Mujeres,Con discapacidad,Veracruz,18-29,Mental,606.0,6722.0,8.0,ENIGH (INEGI),Personas de 18 años o más,enigh
hogar,Es jefa o jefe del hogar,2024,Mujeres,Con discapacidad,Veracruz,18-29,Oír,0.0,3373.0,3.0,ENIGH (INEGI),Personas de 18 años o más,enigh
hogar,Es jefa o jefe del hogar,2024,Mujeres,Con discapacidad,Veracruz,18-29,Recordar o concentrarse,606.0,5083.0,6.0,ENIGH (INEGI),Personas de 18 años o más,enigh
hogar,Es jefa o jefe del hogar,2024,Mujeres,Con discapacidad,Veracruz,18-29,Ver,1546.0,12910.0,11.0,ENIGH (INEGI),Personas de 18 años o más,enigh
hogar,Es jefa o jefe del hogar,2024,Mujeres,Con discapacidad,Veracruz,30-44,Bañarse o vestirse,0.0,3263.0,4.0,ENIGH (INEGI),Personas de 18 años o más,enigh
hogar,Es jefa o jefe del hogar,2024,Mujeres,Con discapacidad,Veracruz,30-44,Brazos o manos,1186.0,3652.0,5.0,ENIGH (INEGI),Personas de 18 años o más,enigh
hogar,Es jefa o jefe del hogar,2024,Mujeres,Con discapacidad,Veracruz,30-44,Caminar,661.0,3430.0,4.0,ENIGH (INEGI),Personas de 18 años o más,enigh
hogar,Es jefa o jefe del hogar,2024,Mujeres,Con discapacidad,Veracruz,30-44,Hablar o comunicarse,0.0,5512.0,6.0,ENIGH (INEGI),Personas de 18 años o más,enigh
hogar,Es jefa o jefe del hogar,2024,Mujeres,Con discapacidad,Veracruz,30-44,Mental,0.0,7317.0,9.0,ENIGH (INEGI),Personas de 18 años o más,enigh
hogar,Es jefa o jefe del hogar,2024,Mujeres,Con discapacidad,Veracruz,30-44,Oír,943.0,2746.0,3.0,ENIGH (INEGI),Personas de 18 años o más,enigh
hogar,Es jefa o jefe del hogar,2024,Mujeres,Con discapacidad,Veracruz,30-44,Recordar o concentrarse,0.0,5909.0,8.0,ENIGH (INEGI),Personas de 18 años o más,enigh
hogar,Es jefa o jefe del hogar,2024,Mujeres,Con discapacidad,Veracruz,30-44,Ver,7598.0,14380.0,15.0,ENIGH (INEGI),Personas de 18 años o más,enigh
hogar,Es jefa o jefe del hogar,2024,Mujeres,Con discapacidad,Veracruz,45-59,Bañarse o vestirse,4343.0,6800.0,5.0,ENIGH (INEGI),Personas de 18 años o más,enigh
hogar,Es jefa o jefe del hogar,2024,Mujeres,Con discapacidad,Veracruz,45-59,Brazos o manos,5305.0,13956.0,14.0,ENIGH (INEGI),Personas de 18 años o más,enigh
hogar,Es jefa o jefe del hogar,2024,Mujeres,Con discapacidad,Veracruz,45-59,Caminar,8207.0,21921.0,24.0,ENIGH (INEGI),Personas de 18 años o más,enigh
hogar,Es jefa o jefe del hogar,2024,Mujeres,Con discapacidad,Veracruz,45-59,Hablar o comunicarse,0.0,4378.0,6.0,ENIGH (INEGI),Personas de 18 años o más,enigh
hogar,Es jefa o jefe del hogar,2024,Mujeres,Con discapacidad,Veracruz,45-59,Mental,1011.0,5181.0,7.0,ENIGH (INEGI),Personas de 18 años o más,enigh
hogar,Es jefa o jefe del hogar,2024,Mujeres,Con discapacidad,Veracruz,45-59,Oír,2380.0,5818.0,8.0,ENIGH (INEGI),Personas de 18 años o más,enigh
hogar,Es jefa o jefe del hogar,2024,Mujeres,Con discapacidad,Veracruz,45-59,Recordar o concentrarse,6414.0,10155.0,10.0,ENIGH (INEGI),Personas de 18 años o más,enigh
hogar,Es jefa o jefe del hogar,2024,Mujeres,Con discapacidad,Veracruz,45-59,Ver,16964.0,35149.0,37.0,ENIGH (INEGI),Personas de 18 años o más,enigh
hogar,Es jefa o jefe del hogar,2024,Mujeres,Con discapacidad,Veracruz,60+,Bañarse o vestirse,11670.0,41485.0,49.0,ENIGH (INEGI),Personas de 18 años o más,enigh
hogar,Es jefa o jefe del hogar,2024,Mujeres,Con discapacidad,Veracruz,60+,Brazos o manos,20625.0,48726.0,53.0,ENIGH (INEGI),Personas de 18 años o más,enigh
hogar,Es jefa o jefe del hogar,2024,Mujeres,Con discapacidad,Veracruz,60+,Caminar,55463.0,115590.0,129.0,ENIGH (INEGI),Personas de 18 años o más,enigh
hogar,Es jefa o jefe del hogar,2024,Mujeres,Con discapacidad,Veracruz,60+,Hablar o comunicarse,2823.0,13422.0,15.0,ENIGH (INEGI),Personas de 18 años o más,enigh
hogar,Es jefa o jefe del hogar,2024,Mujeres,Con discapacidad,Veracruz,60+,Mental,5898.0,20905.0,24.0,ENIGH (INEGI),Personas de 18 años o más,enigh
hogar,Es jefa o jefe del hogar,2024,Mujeres,Con discapacidad,Veracruz,60+,Oír,21745.0,47200.0,56.0,ENIGH (INEGI),Personas de 18 años o más,enigh
hogar,Es jefa o jefe del hogar,2024,Mujeres,Con discapacidad,Veracruz,60+,Recordar o concentrarse,14853.0,36624.0,41.0,ENIGH (INEGI),Personas de 18 años o más,enigh
hogar,Es jefa o jefe del hogar,2024,Mujeres,Con discapacidad,Veracruz,60+,Ver,41553.0,86740.0,103.0,ENIGH (INEGI),Personas de 18 años o más,enigh
hogar,Es jefa o jefe del hogar,2024,Mujeres,Con discapacidad,Yucatán,18-29,Bañarse o vestirse,0.0,94.0,1.0,ENIGH (INEGI),Personas de 18 años o más,enigh
hogar,Es jefa o jefe del hogar,2024,Mujeres,Con discapacidad,Yucatán,18-29,Caminar,0.0,975.0,4.0,ENIGH (INEGI),Personas de 18 años o más,enigh
hogar,Es jefa o jefe del hogar,2024,Mujeres,Con discapacidad,Yucatán,18-29,Hablar o comunicarse,0.0,826.0,3.0,ENIGH (INEGI),Personas de 18 años o más,enigh
hogar,Es jefa o jefe del hogar,2024,Mujeres,Con discapacidad,Yucatán,18-29,Mental,0.0,1828.0,7.0,ENIGH (INEGI),Personas de 18 años o más,enigh
hogar,Es jefa o jefe del hogar,2024,Mujeres,Con discapacidad,Yucatán,18-29,Oír,0.0,450.0,2.0,ENIGH (INEGI),Personas de 18 años o más,enigh
hogar,Es jefa o jefe del hogar,2024,Mujeres,Con discapacidad,Yucatán,18-29,Recordar o concentrarse,0.0,847.0,5.0,ENIGH (INEGI),Personas de 18 años o más,enigh
hogar,Es jefa o jefe del hogar,2024,Mujeres,Con discapacidad,Yucatán,18-29,Ver,579.0,2197.0,6.0,ENIGH (INEGI),Personas de 18 años o más,enigh
hogar,Es jefa o jefe del hogar,2024,Mujeres,Con discapacidad,Yucatán,30-44,Bañarse o vestirse,0.0,1424.0,5.0,ENIGH (INEGI),Personas de 18 años o más,enigh
hogar,Es jefa o jefe del hogar,2024,Mujeres,Con discapacidad,Yucatán,30-44,Brazos o manos,294.0,2058.0,7.0,ENIGH (INEGI),Personas de 18 años o más,enigh
hogar,Es jefa o jefe del hogar,2024,Mujeres,Con discapacidad,Yucatán,30-44,Caminar,769.0,3378.0,14.0,ENIGH (INEGI),Personas de 18 años o más,enigh
hogar,Es jefa o jefe del hogar,2024,Mujeres,Con discapacidad,Yucatán,30-44,Hablar o comunicarse,74.0,2198.0,9.0,ENIGH (INEGI),Personas de 18 años o más,enigh
hogar,Es jefa o jefe del hogar,2024,Mujeres,Con discapacidad,Yucatán,30-44,Mental,701.0,3899.0,12.0,ENIGH (INEGI),Personas de 18 años o más,enigh
hogar,Es jefa o jefe del hogar,2024,Mujeres,Con discapacidad,Yucatán,30-44,Oír,682.0,1886.0,6.0,ENIGH (INEGI),Personas de 18 años o más,enigh
hogar,Es jefa o jefe del hogar,2024,Mujeres,Con discapacidad,Yucatán,30-44,Recordar o concentrarse,1031.0,3996.0,19.0,ENIGH (INEGI),Personas de 18 años o más,enigh
hogar,Es jefa o jefe del hogar,2024,Mujeres,Con discapacidad,Yucatán,30-44,Ver,516.0,3763.0,13.0,ENIGH (INEGI),Personas de 18 años o más,enigh
hogar,Es jefa o jefe del hogar,2024,Mujeres,Con discapacidad,Yucatán,45-59,Bañarse o vestirse,1858.0,4996.0,16.0,ENIGH (INEGI),Personas de 18 años o más,enigh
hogar,Es jefa o jefe del hogar,2024,Mujeres,Con discapacidad,Yucatán,45-59,Brazos o manos,2276.0,5976.0,23.0,ENIGH (INEGI),Personas de 18 años o más,enigh
hogar,Es jefa o jefe del hogar,2024,Mujeres,Con discapacidad,Yucatán,45-59,Caminar,4649.0,12347.0,49.0,ENIGH (INEGI),Personas de 18 años o más,enigh
hogar,Es jefa o jefe del hogar,2024,Mujeres,Con discapacidad,Yucatán,45-59,Hablar o comunicarse,391.0,1935.0,4.0,ENIGH (INEGI),Personas de 18 años o más,enigh
hogar,Es jefa o jefe del hogar,2024,Mujeres,Con discapacidad,Yucatán,45-59,Mental,1056.0,2204.0,8.0,ENIGH (INEGI),Personas de 18 años o más,enigh
hogar,Es jefa o jefe del hogar,2024,Mujeres,Con discapacidad,Yucatán,45-59,Oír,719.0,1648.0,5.0,ENIGH (INEGI),Personas de 18 años o más,enigh
hogar,Es jefa o jefe del hogar,2024,Mujeres,Con discapacidad,Yucatán,45-59,Recordar o concentrarse,2119.0,4529.0,12.0,ENIGH (INEGI),Personas de 18 años o más,enigh
hogar,Es jefa o jefe del hogar,2024,Mujeres,Con discapacidad,Yucatán,45-59,Ver,5807.0,12493.0,52.0,ENIGH (INEGI),Personas de 18 años o más,enigh
hogar,Es jefa o jefe del hogar,2024,Mujeres,Con discapacidad,Yucatán,60+,Bañarse o vestirse,3482.0,10630.0,40.0,ENIGH (INEGI),Personas de 18 años o más,enigh
hogar,Es jefa o jefe del hogar,2024,Mujeres,Con discapacidad,Yucatán,60+,Brazos o manos,5780.0,16723.0,57.0,ENIGH (INEGI),Personas de 18 años o más,enigh
hogar,Es jefa o jefe del hogar,2024,Mujeres,Con discapacidad,Yucatán,60+,Caminar,15072.0,40251.0,143.0,ENIGH (INEGI),Personas de 18 años o más,enigh
hogar,Es jefa o jefe del hogar,2024,Mujeres,Con discapacidad,Yucatán,60+,Hablar o comunicarse,1168.0,5676.0,20.0,ENIGH (INEGI),Personas de 18 años o más,enigh
hogar,Es jefa o jefe del hogar,2024,Mujeres,Con discapacidad,Yucatán,60+,Mental,1733.0,9739.0,32.0,ENIGH (INEGI),Personas de 18 años o más,enigh
hogar,Es jefa o jefe del hogar,2024,Mujeres,Con discapacidad,Yucatán,60+,Oír,3445.0,11241.0,42.0,ENIGH (INEGI),Personas de 18 años o más,enigh
hogar,Es jefa o jefe del hogar,2024,Mujeres,Con discapacidad,Yucatán,60+,Recordar o concentrarse,4203.0,14914.0,49.0,ENIGH (INEGI),Personas de 18 años o más,enigh
hogar,Es jefa o jefe del hogar,2024,Mujeres,Con discapacidad,Yucatán,60+,Ver,9540.0,29998.0,103.0,ENIGH (INEGI),Personas de 18 años o más,enigh
hogar,Es jefa o jefe del hogar,2024,Mujeres,Con discapacidad,Zacatecas,18-29,Bañarse o vestirse,0.0,350.0,2.0,ENIGH (INEGI),Personas de 18 años o más,enigh
hogar,Es jefa o jefe del hogar,2024,Mujeres,Con discapacidad,Zacatecas,18-29,Brazos o manos,0.0,175.0,1.0,ENIGH (INEGI),Personas de 18 años o más,enigh
hogar,Es jefa o jefe del hogar,2024,Mujeres,Con discapacidad,Zacatecas,18-29,Caminar,236.0,954.0,5.0,ENIGH (INEGI),Personas de 18 años o más,enigh
hogar,Es jefa o jefe del hogar,2024,Mujeres,Con discapacidad,Zacatecas,18-29,Hablar o comunicarse,0.0,1380.0,7.0,ENIGH (INEGI),Personas de 18 años o más,enigh
hogar,Es jefa o jefe del hogar,2024,Mujeres,Con discapacidad,Zacatecas,18-29,Mental,391.0,2708.0,14.0,ENIGH (INEGI),Personas de 18 años o más,enigh
hogar,Es jefa o jefe del hogar,2024,Mujeres,Con discapacidad,Zacatecas,18-29,Recordar o concentrarse,0.0,536.0,3.0,ENIGH (INEGI),Personas de 18 años o más,enigh
hogar,Es jefa o jefe del hogar,2024,Mujeres,Con discapacidad,Zacatecas,18-29,Ver,0.0,789.0,4.0,ENIGH (INEGI),Personas de 18 años o más,enigh
hogar,Es jefa o jefe del hogar,2024,Mujeres,Con discapacidad,Zacatecas,30-44,Bañarse o vestirse,351.0,1067.0,6.0,ENIGH (INEGI),Personas de 18 años o más,enigh
hogar,Es jefa o jefe del hogar,2024,Mujeres,Con discapacidad,Zacatecas,30-44,Brazos o manos,0.0,494.0,3.0,ENIGH (INEGI),Personas de 18 años o más,enigh
hogar,Es jefa o jefe del hogar,2024,Mujeres,Con discapacidad,Zacatecas,30-44,Caminar,350.0,849.0,5.0,ENIGH (INEGI),Personas de 18 años o más,enigh
hogar,Es jefa o jefe del hogar,2024,Mujeres,Con discapacidad,Zacatecas,30-44,Hablar o comunicarse,164.0,845.0,5.0,ENIGH (INEGI),Personas de 18 años o más,enigh
hogar,Es jefa o jefe del hogar,2024,Mujeres,Con discapacidad,Zacatecas,30-44,Mental,1212.0,4115.0,22.0,ENIGH (INEGI),Personas de 18 años o más,enigh
hogar,Es jefa o jefe del hogar,2024,Mujeres,Con discapacidad,Zacatecas,30-44,Oír,186.0,1057.0,6.0,ENIGH (INEGI),Personas de 18 años o más,enigh
hogar,Es jefa o jefe del hogar,2024,Mujeres,Con discapacidad,Zacatecas,30-44,Recordar o concentrarse,576.0,1428.0,8.0,ENIGH (INEGI),Personas de 18 años o más,enigh
hogar,Es jefa o jefe del hogar,2024,Mujeres,Con discapacidad,Zacatecas,30-44,Ver,350.0,1534.0,8.0,ENIGH (INEGI),Personas de 18 años o más,enigh
hogar,Es jefa o jefe del hogar,2024,Mujeres,Con discapacidad,Zacatecas,45-59,Bañarse o vestirse,1033.0,3066.0,17.0,ENIGH (INEGI),Personas de 18 años o más,enigh
hogar,Es jefa o jefe del hogar,2024,Mujeres,Con discapacidad,Zacatecas,45-59,Brazos o manos,722.0,1602.0,9.0,ENIGH (INEGI),Personas de 18 años o más,enigh
hogar,Es jefa o jefe del hogar,2024,Mujeres,Con discapacidad,Zacatecas,45-59,Caminar,733.0,2508.0,14.0,ENIGH (INEGI),Personas de 18 años o más,enigh
hogar,Es jefa o jefe del hogar,2024,Mujeres,Con discapacidad,Zacatecas,45-59,Hablar o comunicarse,579.0,1778.0,9.0,ENIGH (INEGI),Personas de 18 años o más,enigh
hogar,Es jefa o jefe del hogar,2024,Mujeres,Con discapacidad,Zacatecas,45-59,Mental,1972.0,5475.0,30.0,ENIGH (INEGI),Personas de 18 años o más,enigh
hogar,Es jefa o jefe del hogar,2024,Mujeres,Con discapacidad,Zacatecas,45-59,Oír,165.0,857.0,5.0,ENIGH (INEGI),Personas de 18 años o más,enigh
hogar,Es jefa o jefe del hogar,2024,Mujeres,Con discapacidad,Zacatecas,45-59,Recordar o concentrarse,1625.0,5291.0,29.0,ENIGH (INEGI),Personas de 18 años o más,enigh
hogar,Es jefa o jefe del hogar,2024,Mujeres,Con discapacidad,Zacatecas,45-59,Ver,590.0,1845.0,10.0,ENIGH (INEGI),Personas de 18 años o más,enigh
hogar,Es jefa o jefe del hogar,2024,Mujeres,Con discapacidad,Zacatecas,60+,Bañarse o vestirse,3883.0,9736.0,53.0,ENIGH (INEGI),Personas de 18 años o más,enigh
hogar,Es jefa o jefe del hogar,2024,Mujeres,Con discapacidad,Zacatecas,60+,Brazos o manos,1951.0,6990.0,40.0,ENIGH (INEGI),Personas de 18 años o más,enigh
hogar,Es jefa o jefe del hogar,2024,Mujeres,Con discapacidad,Zacatecas,60+,Caminar,3366.0,7349.0,41.0,ENIGH (INEGI),Personas de 18 años o más,enigh
hogar,Es jefa o jefe del hogar,2024,Mujeres,Con discapacidad,Zacatecas,60+,Hablar o comunicarse,2852.0,7068.0,39.0,ENIGH (INEGI),Personas de 18 años o más,enigh
hogar,Es jefa o jefe del hogar,2024,Mujeres,Con discapacidad,Zacatecas,60+,Mental,7309.0,13739.0,75.0,ENIGH (INEGI),Personas de 18 años o más,enigh
hogar,Es jefa o jefe del hogar,2024,Mujeres,Con discapacidad,Zacatecas,60+,Oír,916.0,2741.0,15.0,ENIGH (INEGI),Personas de 18 años o más,enigh
hogar,Es jefa o jefe del hogar,2024,Mujeres,Con discapacidad,Zacatecas,60+,Recordar o concentrarse,8960.0,20125.0,110.0,ENIGH (INEGI),Personas de 18 años o más,enigh
hogar,Es jefa o jefe del hogar,2024,Mujeres,Con discapacidad,Zacatecas,60+,Ver,2739.0,5944.0,33.0,ENIGH (INEGI),Personas de 18 años o más,enigh
